时间戳,绝对时间,相对时间(s),功能码,参数,校验通过,MagNorm,Mx,My,Mz
16:34:40.345,16:34:40.345,20.005,0x8A,0x00,True,4,3.19,3.8,-0.39
16:35:10.398,16:35:10.398,50.058,0x8A,0x00,True,4,3.18,3.79,-0.4
16:35:40.420,16:35:40.420,80.08,0x8A,0x00,True,4,3.17,3.77,-0.44
16:36:10.440,16:36:10.440,110.1,0x8A,0x00,True,4,3.2,3.8,-0.38
16:36:40.485,16:36:40.485,140.145,0x8A,0x00,True,4,3.18,3.83,-0.31
16:37:10.510,16:37:10.510,170.17,0x8A,0x00,True,4,3.17,3.79,-0.39
16:37:40.540,16:37:40.540,200.2,0x8A,0x00,True,4,3.15,3.83,-0.42
16:38:10.574,16:38:10.574,230.234,0x8A,0x00,True,4,3.17,3.77,-0.42
16:38:40.601,16:38:40.601,260.261,0x8A,0x00,True,4,3.17,3.75,-0.42
16:39:10.630,16:39:10.630,290.29,0x8A,0x00,True,4,3.14,3.78,-0.37
16:39:40.660,16:39:40.660,320.32,0x8A,0x00,True,4,3.17,3.83,-0.42
16:40:10.695,16:40:10.695,350.355,0x8A,0x00,True,4,3.16,3.79,-0.4
16:40:40.715,16:40:40.715,380.375,0x8A,0x00,True,4,3.19,3.81,-0.39
16:41:10.745,16:41:10.745,410.405,0x8A,0x00,True,5,3.18,3.85,-0.38
16:41:40.770,16:41:40.770,440.43,0x8A,0x00,True,4,3.21,3.79,-0.41
16:42:10.814,16:42:10.814,470.474,0x8A,0x00,True,4,3.19,3.76,-0.39
16:42:40.835,16:42:40.835,500.495,0x8A,0x00,True,4,3.18,3.76,-0.41
16:43:10.875,16:43:10.875,530.535,0x8A,0x00,True,4,3.2,3.8,-0.39
16:43:40.910,16:43:40.910,560.57,0x8A,0x00,True,4,3.17,3.82,-0.42
16:44:10.931,16:44:10.931,590.591,0x8A,0x00,True,4,3.18,3.81,-0.4
16:44:40.970,16:44:40.970,620.63,0x8A,0x00,True,4,3.19,3.8,-0.43
16:45:11.000,16:45:11.000,650.66,0x8A,0x00,True,4,3.14,3.83,-0.39
16:45:41.021,16:45:41.021,680.681,0x8A,0x00,True,4,3.17,3.77,-0.42
16:46:11.060,16:46:11.060,710.72,0x8A,0x00,True,4,3.15,3.81,-0.44
16:46:41.095,16:46:41.095,740.755,0x8A,0x00,True,5,3.21,3.82,-0.42
16:47:11.125,16:47:11.125,770.785,0x8A,0x00,True,4,3.18,3.81,-0.41
16:47:41.145,16:47:41.145,800.805,0x8A,0x00,True,4,3.21,3.8,-0.41
16:48:11.190,16:48:11.190,830.85,0x8A,0x00,True,4,3.16,3.8,-0.4
16:48:41.220,16:48:41.220,860.88,0x8A,0x00,True,4,3.2,3.79,-0.38
16:49:11.235,16:49:11.235,890.895,0x8A,0x00,True,4,3.18,3.8,-0.38
16:49:41.280,16:49:41.280,920.94,0x8A,0x00,True,4,3.17,3.8,-0.42
16:50:11.320,16:50:11.320,950.98,0x8A,0x00,True,5,3.18,3.84,-0.36
16:50:41.345,16:50:41.345,981.005,0x8A,0x00,True,4,3.19,3.8,-0.4
16:51:11.380,16:51:11.380,1011.04,0x8A,0x00,True,4,3.17,3.78,-0.41
16:51:41.391,16:51:41.391,1041.051,0x8A,0x00,True,5,3.19,3.82,-0.45
16:52:11.436,16:52:11.436,1071.096,0x8A,0x00,True,4,3.18,3.81,-0.41
16:52:41.460,16:52:41.460,1101.12,0x8A,0x00,True,4,3.17,3.78,-0.39
16:53:11.495,16:53:11.495,1131.155,0x8A,0x00,True,4,3.17,3.79,-0.39
16:53:41.521,16:53:41.521,1161.181,0x8A,0x00,True,4,3.17,3.82,-0.44
16:54:11.545,16:54:11.545,1191.205,0x8A,0x00,True,4,3.17,3.83,-0.35
16:54:41.580,16:54:41.580,1221.24,0x8A,0x00,True,5,3.18,3.84,-0.44
16:55:11.605,16:55:11.605,1251.265,0x8A,0x00,True,4,3.17,3.8,-0.41
16:55:41.620,16:55:41.620,1281.28,0x8A,0x00,True,4,3.17,3.77,-0.44
16:56:11.655,16:56:11.655,1311.315,0x8A,0x00,True,4,3.17,3.78,-0.39
16:56:41.665,16:56:41.665,1341.325,0x8A,0x00,True,4,3.16,3.81,-0.38
16:57:11.700,16:57:11.700,1371.36,0x8A,0x00,True,5,3.18,3.84,-0.4
16:57:41.729,16:57:41.729,1401.389,0x8A,0x00,True,4,3.19,3.78,-0.4
16:58:11.750,16:58:11.750,1431.41,0x8A,0x00,True,4,3.18,3.76,-0.39
16:58:41.783,16:58:41.783,1461.443,0x8A,0x00,True,4,3.17,3.77,-0.45
16:59:11.801,16:59:11.801,1491.461,0x8A,0x00,True,4,3.16,3.8,-0.38
16:59:41.825,16:59:41.825,1521.485,0x8A,0x00,True,4,3.15,3.8,-0.37
17:00:11.845,17:00:11.845,1551.505,0x8A,0x00,True,4,3.17,3.82,-0.34
17:00:41.865,17:00:41.865,1581.525,0x8A,0x00,True,4,3.19,3.81,-0.45
17:01:11.885,17:01:11.885,1611.545,0x8A,0x00,True,4,3.19,3.81,-0.41
17:01:41.925,17:01:41.925,1641.585,0x8A,0x00,True,4,3.2,3.8,-0.38
17:02:11.955,17:02:11.955,1671.615,0x8A,0x00,True,4,3.19,3.81,-0.43
17:02:41.960,17:02:41.960,1701.62,0x8A,0x00,True,4,3.21,3.78,-0.43
17:03:12.000,17:03:12.000,1731.66,0x8A,0x00,True,4,3.18,3.78,-0.4
17:03:42.020,17:03:42.020,1761.68,0x8A,0x00,True,5,3.18,3.83,-0.4
17:04:12.043,17:04:12.043,1791.703,0x8A,0x00,True,4,3.17,3.81,-0.37
17:04:42.075,17:04:42.075,1821.735,0x8A,0x00,True,4,3.19,3.8,-0.42
17:05:12.100,17:05:12.100,1851.76,0x8A,0x00,True,4,3.2,3.8,-0.41
17:05:42.110,17:05:42.110,1881.77,0x8A,0x00,True,4,3.17,3.81,-0.4
17:06:12.163,17:06:12.163,1911.823,0x8A,0x00,True,5,3.2,3.85,-0.41
17:06:42.155,17:06:42.155,1941.815,0x8A,0x00,True,4,3.16,3.8,-0.41
17:07:12.190,17:07:12.190,1971.85,0x8A,0x00,True,5,3.2,3.83,-0.41
17:07:42.205,17:07:42.205,2001.865,0x8A,0x00,True,4,3.2,3.78,-0.42
17:08:12.243,17:08:12.243,2031.903,0x8A,0x00,True,4,3.18,3.79,-0.4
17:08:42.277,17:08:42.277,2061.937,0x8A,0x00,True,4,3.18,3.82,-0.39
17:09:12.280,17:09:12.280,2091.94,0x8A,0x00,True,4,3.18,3.81,-0.43
17:09:42.320,17:09:42.320,2121.98,0x8A,0x00,True,4,3.19,3.8,-0.41
17:10:12.340,17:10:12.340,2152.0,0x8A,0x00,True,4,3.17,3.78,-0.42
17:10:42.365,17:10:42.365,2182.025,0x8A,0x00,True,4,3.18,3.81,-0.44
17:11:12.390,17:11:12.390,2212.05,0x8A,0x00,True,4,3.16,3.81,-0.38
17:11:42.421,17:11:42.421,2242.081,0x8A,0x00,True,4,3.19,3.77,-0.37
17:12:12.425,17:12:12.425,2272.085,0x8A,0x00,True,4,3.2,3.8,-0.42
17:12:42.445,17:12:42.445,2302.105,0x8A,0x00,True,4,3.19,3.79,-0.42
17:13:12.490,17:13:12.490,2332.15,0x8A,0x00,True,4,3.16,3.83,-0.38
17:13:42.510,17:13:42.510,2362.17,0x8A,0x00,True,4,3.18,3.82,-0.41
17:14:12.515,17:14:12.515,2392.175,0x8A,0x00,True,4,3.21,3.79,-0.41
17:14:42.561,17:14:42.561,2422.221,0x8A,0x00,True,4,3.18,3.81,-0.4
17:15:12.575,17:15:12.575,2452.235,0x8A,0x00,True,4,3.16,3.8,-0.41
17:15:42.585,17:15:42.585,2482.245,0x8A,0x00,True,4,3.17,3.82,-0.42
17:16:12.625,17:16:12.625,2512.285,0x8A,0x00,True,4,3.21,3.78,-0.39
17:16:42.640,17:16:42.640,2542.3,0x8A,0x00,True,5,3.18,3.83,-0.4
17:17:12.665,17:17:12.665,2572.325,0x8A,0x00,True,4,3.2,3.8,-0.4
17:17:42.670,17:17:42.670,2602.33,0x8A,0x00,True,4,3.2,3.77,-0.4
17:18:12.705,17:18:12.705,2632.365,0x8A,0x00,True,5,3.22,3.84,-0.42
17:18:42.759,17:18:42.759,2662.419,0x8A,0x00,True,4,3.2,3.79,-0.41
17:19:12.735,17:19:12.735,2692.395,0x8A,0x00,True,4,3.17,3.8,-0.4
17:19:42.766,17:19:42.766,2722.426,0x8A,0x00,True,5,3.21,3.81,-0.39
17:20:12.795,17:20:12.795,2752.455,0x8A,0x00,True,4,3.2,3.8,-0.39
17:20:42.815,17:20:42.815,2782.475,0x8A,0x00,True,4,3.2,3.8,-0.42
17:21:12.830,17:21:12.830,2812.49,0x8A,0x00,True,4,3.2,3.79,-0.43
17:21:42.845,17:21:42.845,2842.505,0x8A,0x00,True,4,3.18,3.79,-0.43
17:22:12.875,17:22:12.875,2872.535,0x8A,0x00,True,4,3.18,3.83,-0.41
17:22:42.895,17:22:42.895,2902.555,0x8A,0x00,True,4,3.2,3.8,-0.44
17:23:12.905,17:23:12.905,2932.565,0x8A,0x00,True,5,3.21,3.83,-0.44
17:23:42.936,17:23:42.936,2962.596,0x8A,0x00,True,5,3.19,3.83,-0.46
17:24:12.955,17:24:12.955,2992.615,0x8A,0x00,True,4,3.18,3.81,-0.39
17:24:42.975,17:24:42.975,3022.635,0x8A,0x00,True,4,3.2,3.81,-0.39
17:25:12.994,17:25:12.994,3052.654,0x8A,0x00,True,5,3.18,3.84,-0.37
17:25:43.016,17:25:43.016,3082.676,0x8A,0x00,True,4,3.2,3.79,-0.41
17:26:13.038,17:26:13.038,3112.698,0x8A,0x00,True,4,3.19,3.79,-0.43
17:26:43.050,17:26:43.050,3142.71,0x8A,0x00,True,5,3.24,3.87,-0.41
17:27:13.065,17:27:13.065,3172.725,0x8A,0x00,True,5,3.18,3.88,-0.4
17:27:43.070,17:27:43.070,3202.73,0x8A,0x00,True,4,3.19,3.8,-0.38
17:28:13.105,17:28:13.105,3232.765,0x8A,0x00,True,5,3.22,3.83,-0.39
17:28:43.110,17:28:43.110,3262.77,0x8A,0x00,True,4,3.21,3.77,-0.43
17:29:13.141,17:29:13.141,3292.801,0x8A,0x00,True,5,3.19,3.83,-0.47
17:29:43.165,17:29:43.165,3322.825,0x8A,0x00,True,5,3.2,3.81,-0.42
17:30:13.170,17:30:13.170,3352.83,0x8A,0x00,True,4,3.19,3.81,-0.41
17:30:43.205,17:30:43.205,3382.865,0x8A,0x00,True,4,3.2,3.81,-0.41
17:31:13.210,17:31:13.210,3412.87,0x8A,0x00,True,5,3.21,3.82,-0.42
17:31:43.230,17:31:43.230,3442.89,0x8A,0x00,True,5,3.2,3.82,-0.41
17:32:13.261,17:32:13.261,3472.921,0x8A,0x00,True,5,3.18,3.83,-0.41
17:32:43.285,17:32:43.285,3502.945,0x8A,0x00,True,4,3.21,3.8,-0.43
17:33:13.289,17:33:13.289,3532.949,0x8A,0x00,True,4,3.18,3.79,-0.46
17:33:43.305,17:33:43.305,3562.965,0x8A,0x00,True,5,3.21,3.81,-0.41
17:34:13.315,17:34:13.315,3592.975,0x8A,0x00,True,5,3.21,3.84,-0.4
17:34:43.350,17:34:43.350,3623.01,0x8A,0x00,True,4,3.18,3.81,-0.37
17:35:13.371,17:35:13.371,3653.031,0x8A,0x00,True,5,3.22,3.84,-0.41
17:35:43.380,17:35:43.380,3683.04,0x8A,0x00,True,4,3.19,3.82,-0.37
17:36:13.405,17:36:13.405,3713.065,0x8A,0x00,True,4,3.2,3.79,-0.42
17:36:43.425,17:36:43.425,3743.085,0x8A,0x00,True,5,3.21,3.8,-0.41
17:37:13.445,17:37:13.445,3773.105,0x8A,0x00,True,4,3.18,3.78,-0.42
17:37:43.445,17:37:43.445,3803.105,0x8A,0x00,True,4,3.18,3.8,-0.41
17:38:13.465,17:38:13.465,3833.125,0x8A,0x00,True,5,3.2,3.83,-0.42
17:38:43.476,17:38:43.476,3863.136,0x8A,0x00,True,5,3.21,3.81,-0.4
17:39:13.490,17:39:13.490,3893.15,0x8A,0x00,True,5,3.18,3.83,-0.42
17:39:43.521,17:39:43.521,3923.181,0x8A,0x00,True,4,3.19,3.77,-0.38
17:40:13.535,17:40:13.535,3953.195,0x8A,0x00,True,4,3.18,3.81,-0.41
17:40:43.540,17:40:43.540,3983.2,0x8A,0x00,True,4,3.18,3.8,-0.43
17:41:13.565,17:41:13.565,4013.225,0x8A,0x00,True,5,3.21,3.81,-0.41
17:41:43.580,17:41:43.580,4043.24,0x8A,0x00,True,4,3.17,3.81,-0.41
17:42:13.590,17:42:13.590,4073.25,0x8A,0x00,True,5,3.19,3.85,-0.43
17:42:43.590,17:42:43.590,4103.25,0x8A,0x00,True,5,3.16,3.85,-0.43
17:43:13.615,17:43:13.615,4133.275,0x8A,0x00,True,5,3.2,3.84,-0.4
17:43:43.630,17:43:43.630,4163.29,0x8A,0x00,True,5,3.21,3.83,-0.43
17:44:13.630,17:44:13.630,4193.29,0x8A,0x00,True,4,3.19,3.81,-0.38
17:44:43.666,17:44:43.666,4223.326,0x8A,0x00,True,5,3.17,3.85,-0.43
17:45:13.684,17:45:13.684,4253.344,0x8A,0x00,True,4,3.17,3.82,-0.39
17:45:43.686,17:45:43.686,4283.346,0x8A,0x00,True,4,3.18,3.8,-0.45
17:46:13.700,17:46:13.700,4313.36,0x8A,0x00,True,4,3.17,3.82,-0.4
17:46:43.705,17:46:43.705,4343.365,0x8A,0x00,True,4,3.16,3.83,-0.44
17:47:13.735,17:47:13.735,4373.395,0x8A,0x00,True,4,3.14,3.82,-0.39
17:47:43.750,17:47:43.750,4403.41,0x8A,0x00,True,4,3.18,3.82,-0.39
17:48:13.766,17:48:13.766,4433.426,0x8A,0x00,True,4,3.18,3.81,-0.36
17:48:43.785,17:48:43.785,4463.445,0x8A,0x00,True,4,3.16,3.8,-0.38
17:49:13.790,17:49:13.790,4493.45,0x8A,0x00,True,5,3.2,3.81,-0.38
17:49:43.811,17:49:43.811,4523.471,0x8A,0x00,True,5,3.16,3.84,-0.42
17:50:13.841,17:50:13.841,4553.501,0x8A,0x00,True,5,3.17,3.85,-0.39
17:50:43.840,17:50:43.840,4583.5,0x8A,0x00,True,5,3.17,3.86,-0.43
17:51:13.850,17:51:13.850,4613.51,0x8A,0x00,True,4,3.2,3.77,-0.4
17:51:43.865,17:51:43.865,4643.525,0x8A,0x00,True,5,3.19,3.82,-0.42
17:52:13.870,17:52:13.870,4673.53,0x8A,0x00,True,5,3.22,3.8,-0.41
17:52:43.900,17:52:43.900,4703.56,0x8A,0x00,True,5,3.2,3.81,-0.42
17:53:13.921,17:53:13.921,4733.581,0x8A,0x00,True,4,3.17,3.8,-0.4
17:53:43.940,17:53:43.940,4763.6,0x8A,0x00,True,5,3.2,3.86,-0.39
17:54:13.950,17:54:13.950,4793.61,0x8A,0x00,True,4,3.2,3.8,-0.39
17:54:43.980,17:54:43.980,4823.64,0x8A,0x00,True,5,3.21,3.81,-0.41
17:55:14.000,17:55:14.000,4853.66,0x8A,0x00,True,4,3.2,3.8,-0.41
17:55:44.016,17:55:44.016,4883.676,0x8A,0x00,True,4,3.2,3.78,-0.37
17:56:14.035,17:56:14.035,4913.695,0x8A,0x00,True,5,3.2,3.82,-0.44
17:56:44.035,17:56:44.035,4943.695,0x8A,0x00,True,4,3.19,3.79,-0.43
17:57:14.075,17:57:14.075,4973.735,0x8A,0x00,True,4,3.17,3.81,-0.41
17:57:44.100,17:57:44.100,5003.76,0x8A,0x00,True,4,3.19,3.81,-0.41
17:58:14.101,17:58:14.101,5033.761,0x8A,0x00,True,5,3.17,3.84,-0.42
17:58:44.125,17:58:44.125,5063.785,0x8A,0x00,True,4,3.19,3.81,-0.41
17:59:14.150,17:59:14.150,5093.81,0x8A,0x00,True,4,3.16,3.82,-0.41
17:59:44.165,17:59:44.165,5123.825,0x8A,0x00,True,4,3.17,3.81,-0.41
18:00:14.200,18:00:14.200,5153.86,0x8A,0x00,True,5,3.21,3.81,-0.42
18:00:44.213,18:00:44.213,5183.873,0x8A,0x00,True,5,3.18,3.83,-0.44
18:01:14.235,18:01:14.235,5213.895,0x8A,0x00,True,4,3.17,3.81,-0.43
18:01:44.245,18:01:44.245,5243.905,0x8A,0x00,True,4,3.17,3.81,-0.39
18:02:14.265,18:02:14.265,5273.925,0x8A,0x00,True,5,3.19,3.83,-0.45
18:02:44.300,18:02:44.300,5303.96,0x8A,0x00,True,4,3.19,3.8,-0.41
18:03:14.310,18:03:14.310,5333.97,0x8A,0x00,True,4,3.19,3.8,-0.42
18:03:44.335,18:03:44.335,5363.995,0x8A,0x00,True,4,3.2,3.81,-0.41
18:04:14.335,18:04:14.335,5393.995,0x8A,0x00,True,5,3.24,3.81,-0.41
18:04:44.351,18:04:44.351,5424.011,0x8A,0x00,True,4,3.18,3.82,-0.41
18:05:14.380,18:05:14.380,5454.04,0x8A,0x00,True,4,3.17,3.8,-0.43
18:05:44.413,18:05:44.413,5484.073,0x8A,0x00,True,4,3.17,3.81,-0.38
18:06:14.415,18:06:14.415,5514.075,0x8A,0x00,True,5,3.18,3.83,-0.4
18:06:44.430,18:06:44.430,5544.09,0x8A,0x00,True,4,3.17,3.8,-0.42
18:56:05.588,18:56:05.588,8505.248,0x8A,0x00,True,4,3.17,3.8,-0.46
18:56:05.588,18:56:05.588,8505.248,0x8A,0x00,True,4,3.17,3.8,-0.44
18:56:05.588,18:56:05.588,8505.248,0x8A,0x00,True,4,3.15,3.78,-0.5
18:56:05.588,18:56:05.588,8505.248,0x8A,0x00,True,4,3.13,3.8,-0.43
18:56:05.588,18:56:05.588,8505.248,0x8A,0x00,True,4,3.15,3.8,-0.46
18:56:05.588,18:56:05.588,8505.248,0x8A,0x00,True,4,3.16,3.77,-0.48
18:56:05.588,18:56:05.588,8505.248,0x8A,0x00,True,4,3.14,3.81,-0.46
18:56:15.574,18:56:15.574,8515.234,0x8A,0x00,True,4,3.16,3.83,-0.45
18:56:45.584,18:56:45.584,8545.244,0x8A,0x00,True,4,3.14,3.8,-0.48
18:57:15.569,18:57:15.569,8575.229,0x8A,0x00,True,4,3.18,3.79,-0.47
18:57:45.579,18:57:45.579,8605.239,0x8A,0x00,True,4,3.16,3.78,-0.46
18:58:15.555,18:58:15.555,8635.215,0x8A,0x00,True,4,3.14,3.79,-0.44
18:58:45.569,18:58:45.569,8665.229,0x8A,0x00,True,4,3.12,3.8,-0.44
18:59:15.550,18:59:15.550,8695.21,0x8A,0x00,True,4,3.14,3.83,-0.49
18:59:45.545,18:59:45.545,8725.205,0x8A,0x00,True,4,3.16,3.83,-0.49
19:00:15.545,19:00:15.545,8755.205,0x8A,0x00,True,4,3.17,3.8,-0.43
19:00:45.535,19:00:45.535,8785.195,0x8A,0x00,True,4,3.16,3.8,-0.49
19:01:15.545,19:01:15.545,8815.205,0x8A,0x00,True,4,3.13,3.82,-0.48
19:01:45.535,19:01:45.535,8845.195,0x8A,0x00,True,4,3.11,3.81,-0.49
19:02:15.535,19:02:15.535,8875.195,0x8A,0x00,True,4,3.15,3.8,-0.46
19:02:45.520,19:02:45.520,8905.18,0x8A,0x00,True,4,3.17,3.8,-0.49
19:03:15.510,19:03:15.510,8935.17,0x8A,0x00,True,4,3.14,3.83,-0.53
19:03:45.510,19:03:45.510,8965.17,0x8A,0x00,True,4,3.14,3.81,-0.49
19:04:15.495,19:04:15.495,8995.155,0x8A,0x00,True,4,3.18,3.81,-0.51
19:04:45.475,19:04:45.475,9025.135,0x8A,0x00,True,4,3.12,3.8,-0.52
19:05:15.485,19:05:15.485,9055.145,0x8A,0x00,True,4,3.17,3.79,-0.48
19:05:45.470,19:05:45.470,9085.13,0x8A,0x00,True,4,3.17,3.79,-0.49
19:06:15.470,19:06:15.470,9115.13,0x8A,0x00,True,4,3.16,3.79,-0.46
19:06:45.460,19:06:45.460,9145.12,0x8A,0x00,True,4,3.14,3.82,-0.46
19:07:15.455,19:07:15.455,9175.115,0x8A,0x00,True,4,3.17,3.79,-0.51
19:07:45.455,19:07:45.455,9205.115,0x8A,0x00,True,4,3.17,3.81,-0.52
19:08:15.425,19:08:15.425,9235.085,0x8A,0x00,True,4,3.18,3.81,-0.5
19:08:45.439,19:08:45.439,9265.099,0x8A,0x00,True,4,3.14,3.82,-0.44
19:09:15.415,19:09:15.415,9295.075,0x8A,0x00,True,4,3.16,3.81,-0.48
19:09:45.420,19:09:45.420,9325.08,0x8A,0x00,True,4,3.17,3.79,-0.46
19:10:15.400,19:10:15.400,9355.06,0x8A,0x00,True,4,3.14,3.79,-0.48
19:10:45.376,19:10:45.376,9385.036,0x8A,0x00,True,4,3.17,3.8,-0.51
19:11:15.385,19:11:15.385,9415.045,0x8A,0x00,True,4,3.16,3.78,-0.45
19:11:45.390,19:11:45.390,9445.05,0x8A,0x00,True,4,3.16,3.8,-0.43
19:12:15.380,19:12:15.380,9475.04,0x8A,0x00,True,4,3.16,3.81,-0.43
19:12:45.370,19:12:45.370,9505.03,0x8A,0x00,True,4,3.14,3.83,-0.53
19:13:15.359,19:13:15.359,9535.019,0x8A,0x00,True,4,3.18,3.76,-0.42
19:13:45.360,19:13:45.360,9565.02,0x8A,0x00,True,5,3.19,3.85,-0.48
19:14:15.345,19:14:15.345,9595.005,0x8A,0x00,True,4,3.16,3.8,-0.52
19:14:45.320,19:14:45.320,9624.98,0x8A,0x00,True,4,3.16,3.79,-0.51
19:15:15.324,19:15:15.324,9654.984,0x8A,0x00,True,4,3.17,3.82,-0.44
19:15:45.305,19:15:45.305,9684.965,0x8A,0x00,True,4,3.17,3.79,-0.51
19:16:15.290,19:16:15.290,9714.95,0x8A,0x00,True,4,3.17,3.83,-0.46
19:16:45.294,19:16:45.294,9744.954,0x8A,0x00,True,4,3.14,3.83,-0.5
19:17:15.285,19:17:15.285,9774.945,0x8A,0x00,True,4,3.16,3.83,-0.5
19:17:45.274,19:17:45.274,9804.934,0x8A,0x00,True,4,3.16,3.78,-0.44
19:18:15.244,19:18:15.244,9834.904,0x8A,0x00,True,4,3.15,3.78,-0.45
19:18:45.240,19:18:45.240,9864.9,0x8A,0x00,True,4,3.16,3.79,-0.49
19:19:15.225,19:19:15.225,9894.885,0x8A,0x00,True,4,3.18,3.81,-0.49
19:19:45.229,19:19:45.229,9924.889,0x8A,0x00,True,4,3.16,3.78,-0.43
19:20:15.215,19:20:15.215,9954.875,0x8A,0x00,True,5,3.19,3.83,-0.43
19:20:45.204,19:20:45.204,9984.864,0x8A,0x00,True,4,3.15,3.81,-0.44
19:21:15.195,19:21:15.195,10014.855,0x8A,0x00,True,4,3.17,3.82,-0.52
19:21:45.154,19:21:45.154,10044.814,0x8A,0x00,True,4,3.16,3.81,-0.47
19:22:15.163,19:22:15.163,10074.823,0x8A,0x00,True,4,3.16,3.79,-0.51
19:22:45.145,19:22:45.145,10104.805,0x8A,0x00,True,4,3.18,3.78,-0.48
19:23:15.145,19:23:15.145,10134.805,0x8A,0x00,True,4,3.16,3.77,-0.51
19:23:45.125,19:23:45.125,10164.785,0x8A,0x00,True,4,3.16,3.82,-0.51
19:24:15.115,19:24:15.115,10194.775,0x8A,0x00,True,5,3.17,3.83,-0.52
19:24:45.100,19:24:45.100,10224.76,0x8A,0x00,True,4,3.14,3.82,-0.5
19:25:15.075,19:25:15.075,10254.735,0x8A,0x00,True,4,3.17,3.81,-0.45
19:25:45.064,19:25:45.064,10284.724,0x8A,0x00,True,4,3.18,3.81,-0.52
19:26:15.072,19:26:15.072,10314.732,0x8A,0x00,True,4,3.15,3.79,-0.49
19:26:45.055,19:26:45.055,10344.715,0x8A,0x00,True,4,3.19,3.79,-0.54
19:27:15.039,19:27:15.039,10374.699,0x8A,0x00,True,4,3.16,3.82,-0.47
19:27:45.029,19:27:45.029,10404.689,0x8A,0x00,True,5,3.17,3.84,-0.49
19:28:15.005,19:28:15.005,10434.665,0x8A,0x00,True,4,3.16,3.8,-0.51
19:28:44.990,19:28:44.990,10464.65,0x8A,0x00,True,4,3.15,3.81,-0.51
19:29:14.984,19:29:14.984,10494.644,0x8A,0x00,True,4,3.18,3.81,-0.44
19:29:44.985,19:29:44.985,10524.645,0x8A,0x00,True,5,3.19,3.82,-0.53
19:30:14.954,19:30:14.954,10554.614,0x8A,0x00,True,5,3.17,3.86,-0.5
19:30:44.955,19:30:44.955,10584.615,0x8A,0x00,True,4,3.18,3.79,-0.49
19:31:14.925,19:31:14.925,10614.585,0x8A,0x00,True,4,3.17,3.8,-0.48
19:31:44.910,19:31:44.910,10644.57,0x8A,0x00,True,5,3.18,3.83,-0.47
19:32:14.900,19:32:14.900,10674.56,0x8A,0x00,True,4,3.16,3.81,-0.46
19:32:44.899,19:32:44.899,10704.559,0x8A,0x00,True,4,3.17,3.79,-0.45
19:33:14.890,19:33:14.890,10734.55,0x8A,0x00,True,4,3.16,3.82,-0.52
19:33:44.875,19:33:44.875,10764.535,0x8A,0x00,True,4,3.15,3.78,-0.43
19:34:14.870,19:34:14.870,10794.53,0x8A,0x00,True,4,3.17,3.77,-0.47
19:34:44.840,19:34:44.840,10824.5,0x8A,0x00,True,4,3.14,3.81,-0.46
19:35:14.828,19:35:14.828,10854.488,0x8A,0x00,True,4,3.17,3.82,-0.47
19:35:44.825,19:35:44.825,10884.485,0x8A,0x00,True,4,3.14,3.83,-0.47
19:36:14.820,19:36:14.820,10914.48,0x8A,0x00,True,4,3.16,3.78,-0.45
19:36:44.814,19:36:44.814,10944.474,0x8A,0x00,True,4,3.17,3.82,-0.44
19:37:14.790,19:37:14.790,10974.45,0x8A,0x00,True,4,3.17,3.81,-0.52
19:37:44.785,19:37:44.785,11004.445,0x8A,0x00,True,4,3.15,3.8,-0.46
19:38:14.760,19:38:14.760,11034.42,0x8A,0x00,True,4,3.16,3.83,-0.45
19:38:44.750,19:38:44.750,11064.41,0x8A,0x00,True,4,3.17,3.77,-0.51
19:39:14.740,19:39:14.740,11094.4,0x8A,0x00,True,5,3.17,3.83,-0.49
19:39:44.715,19:39:44.715,11124.375,0x8A,0x00,True,4,3.16,3.8,-0.55
19:40:14.725,19:40:14.725,11154.385,0x8A,0x00,True,4,3.17,3.77,-0.48
19:40:44.705,19:40:44.705,11184.365,0x8A,0x00,True,4,3.18,3.82,-0.44
19:41:14.680,19:41:14.680,11214.34,0x8A,0x00,True,5,3.2,3.81,-0.52
19:41:44.665,19:41:44.665,11244.325,0x8A,0x00,True,5,3.17,3.83,-0.53
19:42:14.660,19:42:14.660,11274.32,0x8A,0x00,True,4,3.17,3.83,-0.47
19:42:44.650,19:42:44.650,11304.31,0x8A,0x00,True,4,3.17,3.83,-0.46
19:43:14.635,19:43:14.635,11334.295,0x8A,0x00,True,5,3.21,3.83,-0.45
19:43:44.630,19:43:44.630,11364.29,0x8A,0x00,True,5,3.17,3.84,-0.47
19:44:14.595,19:44:14.595,11394.255,0x8A,0x00,True,5,3.21,3.85,-0.5
19:44:44.605,19:44:44.605,11424.265,0x8A,0x00,True,4,3.18,3.81,-0.48
19:45:14.584,19:45:14.584,11454.244,0x8A,0x00,True,5,3.18,3.84,-0.5
19:45:44.575,19:45:44.575,11484.235,0x8A,0x00,True,4,3.16,3.81,-0.44
19:46:14.560,19:46:14.560,11514.22,0x8A,0x00,True,4,3.16,3.81,-0.45
19:46:44.550,19:46:44.550,11544.21,0x8A,0x00,True,4,3.18,3.8,-0.5
19:47:14.515,19:47:14.515,11574.175,0x8A,0x00,True,4,3.16,3.81,-0.44
19:47:44.510,19:47:44.510,11604.17,0x8A,0x00,True,5,3.2,3.82,-0.52
19:48:14.510,19:48:14.510,11634.17,0x8A,0x00,True,5,3.21,3.8,-0.52
19:48:44.490,19:48:44.490,11664.15,0x8A,0x00,True,5,3.2,3.81,-0.5
19:49:14.479,19:49:14.479,11694.139,0x8A,0x00,True,5,3.16,3.84,-0.51
19:49:44.465,19:49:44.465,11724.125,0x8A,0x00,True,4,3.16,3.84,-0.45
19:50:14.439,19:50:14.439,11754.099,0x8A,0x00,True,4,3.15,3.83,-0.47
19:50:44.439,19:50:44.439,11784.099,0x8A,0x00,True,4,3.18,3.81,-0.49
19:51:14.420,19:51:14.420,11814.08,0x8A,0x00,True,4,3.18,3.82,-0.44
19:51:44.405,19:51:44.405,11844.065,0x8A,0x00,True,5,3.2,3.84,-0.45
19:52:14.399,19:52:14.399,11874.059,0x8A,0x00,True,4,3.16,3.79,-0.43
19:52:44.375,19:52:44.375,11904.035,0x8A,0x00,True,5,3.17,3.83,-0.5
19:53:14.359,19:53:14.359,11934.019,0x8A,0x00,True,4,3.16,3.79,-0.51
19:53:44.340,19:53:44.340,11964.0,0x8A,0x00,True,5,3.2,3.85,-0.51
19:54:14.325,19:54:14.325,11993.985,0x8A,0x00,True,4,3.17,3.81,-0.51
19:54:44.310,19:54:44.310,12023.97,0x8A,0x00,True,4,3.16,3.81,-0.54
19:55:14.274,19:55:14.274,12053.934,0x8A,0x00,True,4,3.17,3.81,-0.48
19:55:44.265,19:55:44.265,12083.925,0x8A,0x00,True,4,3.17,3.79,-0.44
19:56:14.260,19:56:14.260,12113.92,0x8A,0x00,True,5,3.21,3.82,-0.51
19:56:44.240,19:56:44.240,12143.9,0x8A,0x00,True,5,3.18,3.84,-0.53
19:57:14.226,19:57:14.226,12173.886,0x8A,0x00,True,4,3.17,3.81,-0.54
19:57:44.194,19:57:44.194,12203.854,0x8A,0x00,True,4,3.17,3.83,-0.46
19:58:14.180,19:58:14.180,12233.84,0x8A,0x00,True,4,3.16,3.8,-0.51
19:59:24.155,19:59:24.155,12303.815,0x8A,0x00,True,4,3.14,3.84,-0.53
19:59:24.155,19:59:24.155,12303.815,0x8A,0x00,True,4,3.18,3.8,-0.38
19:59:44.122,19:59:44.122,12323.782,0x8A,0x00,True,5,3.16,3.84,-0.51
20:00:14.107,20:00:14.107,12353.767,0x8A,0x00,True,5,3.18,3.83,-0.46
20:00:44.107,20:00:44.107,12383.767,0x8A,0x00,True,5,3.21,3.8,-0.45
20:01:14.098,20:01:14.098,12413.758,0x8A,0x00,True,5,3.18,3.82,-0.53
20:01:44.072,20:01:44.072,12443.732,0x8A,0x00,True,4,3.19,3.79,-0.49
20:02:14.058,20:02:14.058,12473.718,0x8A,0x00,True,5,3.18,3.83,-0.42
20:02:44.032,20:02:44.032,12503.692,0x8A,0x00,True,4,3.16,3.78,-0.49
20:03:14.022,20:03:14.022,12533.682,0x8A,0x00,True,5,3.2,3.83,-0.47
20:03:44.008,20:03:44.008,12563.668,0x8A,0x00,True,5,3.18,3.83,-0.53
20:04:13.992,20:04:13.992,12593.652,0x8A,0x00,True,4,3.18,3.81,-0.44
20:04:43.978,20:04:43.978,12623.638,0x8A,0x00,True,4,3.14,3.8,-0.48
20:05:13.947,20:05:13.947,12653.607,0x8A,0x00,True,4,3.19,3.79,-0.46
20:05:43.932,20:05:43.932,12683.592,0x8A,0x00,True,4,3.19,3.79,-0.49
20:06:13.933,20:06:13.933,12713.593,0x8A,0x00,True,4,3.17,3.8,-0.47
20:06:43.917,20:06:43.917,12743.577,0x8A,0x00,True,4,3.16,3.77,-0.42
20:07:13.897,20:07:13.897,12773.557,0x8A,0x00,True,4,3.15,3.8,-0.47
20:07:43.872,20:07:43.872,12803.532,0x8A,0x00,True,4,3.17,3.79,-0.49
20:08:13.862,20:08:13.862,12833.522,0x8A,0x00,True,4,3.16,3.81,-0.45
20:08:43.848,20:08:43.848,12863.508,0x8A,0x00,True,5,3.18,3.84,-0.54
20:09:13.832,20:09:13.832,12893.492,0x8A,0x00,True,5,3.2,3.82,-0.5
20:09:43.825,20:09:43.825,12923.485,0x8A,0x00,True,4,3.17,3.8,-0.54
20:10:13.792,20:10:13.792,12953.452,0x8A,0x00,True,5,3.17,3.83,-0.47
20:10:43.787,20:10:43.787,12983.447,0x8A,0x00,True,4,3.16,3.79,-0.43
20:11:13.772,20:11:13.772,13013.432,0x8A,0x00,True,4,3.17,3.77,-0.48
20:11:43.758,20:11:43.758,13043.418,0x8A,0x00,True,4,3.15,3.81,-0.54
20:12:13.755,20:12:13.755,13073.415,0x8A,0x00,True,5,3.17,3.84,-0.47
20:12:43.732,20:12:43.732,13103.392,0x8A,0x00,True,5,3.18,3.81,-0.57
20:13:13.718,20:13:13.718,13133.378,0x8A,0x00,True,4,3.16,3.79,-0.48
20:13:43.697,20:13:43.697,13163.357,0x8A,0x00,True,4,3.19,3.79,-0.43
20:14:13.688,20:14:13.688,13193.348,0x8A,0x00,True,4,3.16,3.77,-0.5
20:14:43.678,20:14:43.678,13223.338,0x8A,0x00,True,4,3.14,3.85,-0.51
20:15:13.662,20:15:13.662,13253.322,0x8A,0x00,True,4,3.15,3.82,-0.52
20:15:43.652,20:15:43.652,13283.312,0x8A,0x00,True,4,3.17,3.8,-0.46
20:16:13.633,20:16:13.633,13313.293,0x8A,0x00,True,4,3.2,3.79,-0.48
20:16:43.622,20:16:43.622,13343.282,0x8A,0x00,True,4,3.17,3.81,-0.51
20:17:13.607,20:17:13.607,13373.267,0x8A,0x00,True,4,3.14,3.82,-0.52
20:17:43.592,20:17:43.592,13403.252,0x8A,0x00,True,4,3.13,3.76,-0.53
20:18:13.577,20:18:13.577,13433.237,0x8A,0x00,True,5,3.18,3.83,-0.44
20:18:43.553,20:18:43.553,13463.213,0x8A,0x00,True,4,3.17,3.8,-0.5
20:19:13.537,20:19:13.537,13493.197,0x8A,0x00,True,4,3.17,3.8,-0.45
20:19:43.532,20:19:43.532,13523.192,0x8A,0x00,True,4,3.15,3.76,-0.5
20:20:13.518,20:20:13.518,13553.178,0x8A,0x00,True,4,3.16,3.8,-0.48
20:20:43.502,20:20:43.502,13583.162,0x8A,0x00,True,4,3.15,3.78,-0.5
20:21:13.473,20:21:13.473,13613.133,0x8A,0x00,True,4,3.16,3.79,-0.43
20:21:43.457,20:21:43.457,13643.117,0x8A,0x00,True,5,3.19,3.82,-0.47
20:22:13.452,20:22:13.452,13673.112,0x8A,0x00,True,4,3.19,3.8,-0.47
20:22:43.428,20:22:43.428,13703.088,0x8A,0x00,True,4,3.17,3.82,-0.47
20:23:13.423,20:23:13.423,13733.083,0x8A,0x00,True,4,3.18,3.82,-0.47
20:23:43.397,20:23:43.397,13763.057,0x8A,0x00,True,5,3.18,3.82,-0.51
20:24:13.393,20:24:13.393,13793.053,0x8A,0x00,True,4,3.2,3.79,-0.47
20:24:43.372,20:24:43.372,13823.032,0x8A,0x00,True,4,3.16,3.8,-0.47
20:25:13.343,20:25:13.343,13853.003,0x8A,0x00,True,4,3.17,3.79,-0.48
20:25:43.337,20:25:43.337,13882.997,0x8A,0x00,True,4,3.17,3.79,-0.5
20:26:13.308,20:26:13.308,13912.968,0x8A,0x00,True,4,3.17,3.77,-0.47
20:26:43.293,20:26:43.293,13942.953,0x8A,0x00,True,4,3.18,3.81,-0.48
20:27:13.287,20:27:13.287,13972.947,0x8A,0x00,True,4,3.17,3.81,-0.51
20:27:43.272,20:27:43.272,14002.932,0x8A,0x00,True,5,3.2,3.8,-0.52
20:28:13.262,20:28:13.262,14032.922,0x8A,0x00,True,4,3.18,3.81,-0.48
20:28:43.232,20:28:43.232,14062.892,0x8A,0x00,True,5,3.17,3.85,-0.49
20:29:13.228,20:29:13.228,14092.888,0x8A,0x00,True,5,3.17,3.83,-0.49
20:29:43.197,20:29:43.197,14122.857,0x8A,0x00,True,4,3.17,3.78,-0.52
20:30:13.192,20:30:13.192,14152.852,0x8A,0x00,True,4,3.15,3.83,-0.5
20:30:43.178,20:30:43.178,14182.838,0x8A,0x00,True,4,3.16,3.78,-0.48
20:31:13.152,20:31:13.152,14212.812,0x8A,0x00,True,4,3.19,3.77,-0.47
20:31:43.143,20:31:43.143,14242.803,0x8A,0x00,True,4,3.16,3.8,-0.48
20:32:13.127,20:32:13.127,14272.787,0x8A,0x00,True,4,3.2,3.79,-0.47
20:32:43.098,20:32:43.098,14302.758,0x8A,0x00,True,5,3.18,3.84,-0.47
20:33:13.097,20:33:13.097,14332.757,0x8A,0x00,True,4,3.17,3.81,-0.48
20:33:43.072,20:33:43.072,14362.732,0x8A,0x00,True,4,3.17,3.81,-0.5
20:34:13.062,20:34:13.062,14392.722,0x8A,0x00,True,4,3.18,3.81,-0.46
20:34:43.047,20:34:43.047,14422.707,0x8A,0x00,True,4,3.19,3.81,-0.41
20:35:13.032,20:35:13.032,14452.692,0x8A,0x00,True,5,3.19,3.82,-0.45
20:35:43.018,20:35:43.018,14482.678,0x8A,0x00,True,4,3.14,3.79,-0.46
20:36:12.992,20:36:12.992,14512.652,0x8A,0x00,True,5,3.18,3.85,-0.49
20:36:42.993,20:36:42.993,14542.653,0x8A,0x00,True,4,3.15,3.79,-0.49
20:37:12.978,20:37:12.978,14572.638,0x8A,0x00,True,4,3.17,3.79,-0.49
20:37:42.958,20:37:42.958,14602.618,0x8A,0x00,True,4,3.15,3.81,-0.48
20:38:12.947,20:38:12.947,14632.607,0x8A,0x00,True,5,3.18,3.83,-0.44
20:38:42.917,20:38:42.917,14662.577,0x8A,0x00,True,4,3.16,3.8,-0.46
20:39:12.902,20:39:12.902,14692.562,0x8A,0x00,True,5,3.18,3.82,-0.53
20:39:42.902,20:39:42.902,14722.562,0x8A,0x00,True,4,3.15,3.81,-0.55
20:40:12.888,20:40:12.888,14752.548,0x8A,0x00,True,4,3.17,3.8,-0.48
20:40:42.867,20:40:42.867,14782.527,0x8A,0x00,True,4,3.18,3.79,-0.47
20:41:12.862,20:41:12.862,14812.522,0x8A,0x00,True,4,3.19,3.78,-0.54
20:41:42.848,20:41:42.848,14842.508,0x8A,0x00,True,5,3.18,3.83,-0.48
20:42:12.823,20:42:12.823,14872.483,0x8A,0x00,True,4,3.16,3.82,-0.54
20:42:42.815,20:42:42.815,14902.475,0x8A,0x00,True,4,3.19,3.8,-0.49
20:43:12.793,20:43:12.793,14932.453,0x8A,0x00,True,4,3.15,3.79,-0.43
20:43:42.762,20:43:42.762,14962.422,0x8A,0x00,True,5,3.22,3.8,-0.52
20:44:12.763,20:44:12.763,14992.423,0x8A,0x00,True,5,3.17,3.83,-0.52
20:44:42.742,20:44:42.742,15022.402,0x8A,0x00,True,4,3.17,3.83,-0.48
20:45:12.732,20:45:12.732,15052.392,0x8A,0x00,True,4,3.14,3.83,-0.44
20:45:42.702,20:45:42.702,15082.362,0x8A,0x00,True,5,3.2,3.86,-0.47
20:46:12.687,20:46:12.687,15112.347,0x8A,0x00,True,5,3.17,3.85,-0.52
20:46:42.668,20:46:42.668,15142.328,0x8A,0x00,True,4,3.17,3.78,-0.48
20:47:12.665,20:47:12.665,15172.325,0x8A,0x00,True,4,3.16,3.79,-0.44
20:47:42.643,20:47:42.643,15202.303,0x8A,0x00,True,4,3.15,3.82,-0.48
20:48:12.627,20:48:12.627,15232.287,0x8A,0x00,True,5,3.16,3.84,-0.49
20:48:42.598,20:48:42.598,15262.258,0x8A,0x00,True,5,3.18,3.82,-0.46
20:49:12.582,20:49:12.582,15292.242,0x8A,0x00,True,4,3.17,3.81,-0.52
20:49:42.572,20:49:42.572,15322.232,0x8A,0x00,True,4,3.17,3.81,-0.42
20:50:12.558,20:50:12.558,15352.218,0x8A,0x00,True,4,3.18,3.78,-0.52
20:50:42.546,20:50:42.546,15382.206,0x8A,0x00,True,4,3.17,3.82,-0.47
20:51:12.512,20:51:12.512,15412.172,0x8A,0x00,True,4,3.15,3.82,-0.51
20:51:42.507,20:51:42.507,15442.167,0x8A,0x00,True,4,3.15,3.83,-0.45
20:52:12.492,20:52:12.492,15472.152,0x8A,0x00,True,4,3.17,3.82,-0.5
20:52:42.467,20:52:42.467,15502.127,0x8A,0x00,True,5,3.19,3.84,-0.47
20:53:12.458,20:53:12.458,15532.118,0x8A,0x00,True,4,3.16,3.81,-0.52
20:53:42.433,20:53:42.433,15562.093,0x8A,0x00,True,5,3.18,3.83,-0.47
20:54:12.433,20:54:12.433,15592.093,0x8A,0x00,True,4,3.18,3.8,-0.48
20:54:42.431,20:54:42.431,15622.091,0x8A,0x00,True,4,3.17,3.81,-0.46
20:55:12.402,20:55:12.402,15652.062,0x8A,0x00,True,4,3.16,3.82,-0.47
20:55:42.382,20:55:42.382,15682.042,0x8A,0x00,True,5,3.19,3.82,-0.5
20:56:12.383,20:56:12.383,15712.043,0x8A,0x00,True,4,3.14,3.8,-0.43
20:56:42.362,20:56:42.362,15742.022,0x8A,0x00,True,4,3.18,3.82,-0.45
20:57:12.337,20:57:12.337,15771.997,0x8A,0x00,True,5,3.18,3.84,-0.53
20:57:42.317,20:57:42.317,15801.977,0x8A,0x00,True,5,3.17,3.85,-0.49
20:58:12.317,20:58:12.317,15831.977,0x8A,0x00,True,5,3.23,3.8,-0.52
20:58:42.315,20:58:42.315,15861.975,0x8A,0x00,True,5,3.18,3.84,-0.48
20:59:12.277,20:59:12.277,15891.937,0x8A,0x00,True,4,3.17,3.81,-0.51
20:59:42.268,20:59:42.268,15921.928,0x8A,0x00,True,5,3.18,3.82,-0.5
21:00:12.268,21:00:12.268,15951.928,0x8A,0x00,True,5,3.17,3.84,-0.51
21:00:42.248,21:00:42.248,15981.908,0x8A,0x00,True,4,3.16,3.77,-0.51
21:01:12.232,21:01:12.232,16011.892,0x8A,0x00,True,4,3.16,3.84,-0.45
21:01:42.228,21:01:42.228,16041.888,0x8A,0x00,True,5,3.17,3.84,-0.48
21:02:12.197,21:02:12.197,16071.857,0x8A,0x00,True,4,3.16,3.82,-0.5
21:02:42.183,21:02:42.183,16101.843,0x8A,0x00,True,4,3.18,3.81,-0.45
21:03:12.178,21:03:12.178,16131.838,0x8A,0x00,True,4,3.15,3.79,-0.48
21:03:42.173,21:03:42.173,16161.833,0x8A,0x00,True,4,3.19,3.8,-0.52
21:04:12.157,21:04:12.157,16191.817,0x8A,0x00,True,4,3.18,3.82,-0.49
21:04:42.138,21:04:42.138,16221.798,0x8A,0x00,True,5,3.18,3.82,-0.53
21:05:12.107,21:05:12.107,16251.767,0x8A,0x00,True,4,3.17,3.82,-0.5
21:05:42.097,21:05:42.097,16281.757,0x8A,0x00,True,4,3.17,3.81,-0.42
21:06:12.098,21:06:12.098,16311.758,0x8A,0x00,True,5,3.17,3.84,-0.47
21:06:42.077,21:06:42.077,16341.737,0x8A,0x00,True,4,3.16,3.82,-0.46
21:07:12.073,21:07:12.073,16371.733,0x8A,0x00,True,4,3.18,3.75,-0.5
21:07:42.065,21:07:42.065,16401.725,0x8A,0x00,True,4,3.17,3.82,-0.48
21:08:12.027,21:08:12.027,16431.687,0x8A,0x00,True,4,3.15,3.79,-0.49
21:08:42.018,21:08:42.018,16461.678,0x8A,0x00,True,4,3.15,3.79,-0.47
21:09:12.025,21:09:12.025,16491.685,0x8A,0x00,True,4,3.16,3.82,-0.47
21:09:42.002,21:09:42.002,16521.662,0x8A,0x00,True,5,3.2,3.81,-0.47
21:10:11.987,21:10:11.987,16551.647,0x8A,0x00,True,5,3.18,3.84,-0.46
21:10:41.982,21:10:41.982,16581.642,0x8A,0x00,True,5,3.2,3.85,-0.51
21:11:11.968,21:11:11.968,16611.628,0x8A,0x00,True,4,3.16,3.84,-0.47
21:11:41.936,21:11:41.936,16641.596,0x8A,0x00,True,5,3.17,3.84,-0.5
21:12:11.928,21:12:11.928,16671.588,0x8A,0x00,True,4,3.19,3.78,-0.49
21:12:41.917,21:12:41.917,16701.577,0x8A,0x00,True,4,3.17,3.83,-0.48
21:13:11.913,21:13:11.913,16731.573,0x8A,0x00,True,5,3.18,3.84,-0.53
21:13:41.886,21:13:41.886,16761.546,0x8A,0x00,True,4,3.15,3.83,-0.5
21:14:11.873,21:14:11.873,16791.533,0x8A,0x00,True,5,3.19,3.83,-0.48
21:14:41.857,21:14:41.857,16821.517,0x8A,0x00,True,5,3.17,3.83,-0.48
21:15:11.865,21:15:11.865,16851.525,0x8A,0x00,True,5,3.21,3.85,-0.43
21:15:41.837,21:15:41.837,16881.497,0x8A,0x00,True,5,3.17,3.85,-0.5
21:16:11.822,21:16:11.822,16911.482,0x8A,0x00,True,4,3.17,3.82,-0.45
21:16:41.793,21:16:41.793,16941.453,0x8A,0x00,True,4,3.19,3.78,-0.46
21:17:11.788,21:17:11.788,16971.448,0x8A,0x00,True,4,3.2,3.8,-0.49
21:17:41.777,21:17:41.777,17001.437,0x8A,0x00,True,4,3.18,3.79,-0.51
21:18:11.758,21:18:11.758,17031.418,0x8A,0x00,True,4,3.17,3.82,-0.47
21:18:41.737,21:18:41.737,17061.397,0x8A,0x00,True,5,3.19,3.84,-0.46
21:19:11.712,21:19:11.712,17091.372,0x8A,0x00,True,5,3.19,3.84,-0.48
21:19:41.697,21:19:41.697,17121.357,0x8A,0x00,True,4,3.18,3.78,-0.46
21:20:11.697,21:20:11.697,17151.357,0x8A,0x00,True,5,3.2,3.82,-0.5
21:20:41.678,21:20:41.678,17181.338,0x8A,0x00,True,5,3.19,3.81,-0.47
21:21:11.667,21:21:11.667,17211.327,0x8A,0x00,True,5,3.21,3.81,-0.49
21:21:41.647,21:21:41.647,17241.307,0x8A,0x00,True,5,3.17,3.84,-0.47
21:22:11.638,21:22:11.638,17271.298,0x8A,0x00,True,4,3.17,3.82,-0.52
21:22:41.622,21:22:41.622,17301.282,0x8A,0x00,True,4,3.18,3.81,-0.47
21:23:11.607,21:23:11.607,17331.267,0x8A,0x00,True,4,3.18,3.81,-0.5
21:23:41.587,21:23:41.587,17361.247,0x8A,0x00,True,5,3.21,3.84,-0.46
21:24:11.587,21:24:11.587,17391.247,0x8A,0x00,True,5,3.21,3.84,-0.47
21:24:41.577,21:24:41.577,17421.237,0x8A,0x00,True,5,3.17,3.83,-0.5
21:25:11.547,21:25:11.547,17451.207,0x8A,0x00,True,5,3.15,3.86,-0.49
21:25:41.548,21:25:41.548,17481.208,0x8A,0x00,True,4,3.16,3.82,-0.49
21:26:11.532,21:26:11.532,17511.192,0x8A,0x00,True,4,3.18,3.81,-0.45
21:26:41.522,21:26:41.522,17541.182,0x8A,0x00,True,4,3.17,3.8,-0.5
21:27:11.507,21:27:11.507,17571.167,0x8A,0x00,True,4,3.16,3.8,-0.49
21:27:41.492,21:27:41.492,17601.152,0x8A,0x00,True,5,3.18,3.83,-0.45
21:28:11.482,21:28:11.482,17631.142,0x8A,0x00,True,4,3.18,3.81,-0.48
21:28:41.457,21:28:41.457,17661.117,0x8A,0x00,True,4,3.21,3.8,-0.47
21:29:11.457,21:29:11.457,17691.117,0x8A,0x00,True,5,3.18,3.83,-0.53
21:29:41.447,21:29:41.447,17721.107,0x8A,0x00,True,5,3.22,3.83,-0.48
21:30:11.445,21:30:11.445,17751.105,0x8A,0x00,True,4,3.15,3.83,-0.53
21:30:41.422,21:30:41.422,17781.082,0x8A,0x00,True,4,3.17,3.8,-0.48
21:31:11.402,21:31:11.402,17811.062,0x8A,0x00,True,5,3.2,3.83,-0.48
21:31:41.402,21:31:41.402,17841.062,0x8A,0x00,True,4,3.15,3.8,-0.5
21:32:11.391,21:32:11.391,17871.051,0x8A,0x00,True,4,3.17,3.8,-0.49
21:32:41.378,21:32:41.378,17901.038,0x8A,0x00,True,5,3.19,3.83,-0.51
21:33:11.353,21:33:11.353,17931.013,0x8A,0x00,True,4,3.17,3.77,-0.49
21:33:41.343,21:33:41.343,17961.003,0x8A,0x00,True,5,3.17,3.83,-0.5
21:34:11.342,21:34:11.342,17991.002,0x8A,0x00,True,4,3.16,3.8,-0.5
21:34:41.322,21:34:41.322,18020.982,0x8A,0x00,True,4,3.18,3.8,-0.48
21:35:11.325,21:35:11.325,18050.985,0x8A,0x00,True,4,3.17,3.83,-0.43
21:35:41.298,21:35:41.298,18080.958,0x8A,0x00,True,4,3.2,3.79,-0.48
21:36:11.287,21:36:11.287,18110.947,0x8A,0x00,True,5,3.22,3.8,-0.49
21:36:41.272,21:36:41.272,18140.932,0x8A,0x00,True,5,3.18,3.82,-0.54
21:37:11.263,21:37:11.263,18170.923,0x8A,0x00,True,5,3.22,3.83,-0.46
21:37:41.247,21:37:41.247,18200.907,0x8A,0x00,True,4,3.21,3.79,-0.46
21:38:11.232,21:38:11.232,18230.892,0x8A,0x00,True,4,3.16,3.79,-0.47
21:38:41.218,21:38:41.218,18260.878,0x8A,0x00,True,5,3.21,3.83,-0.4
21:39:11.213,21:39:11.213,18290.873,0x8A,0x00,True,5,3.18,3.87,-0.45
21:39:41.194,21:39:41.194,18320.854,0x8A,0x00,True,4,3.15,3.78,-0.45
21:40:11.187,21:40:11.187,18350.847,0x8A,0x00,True,4,3.16,3.83,-0.51
21:40:41.178,21:40:41.178,18380.838,0x8A,0x00,True,4,3.2,3.79,-0.52
21:41:11.162,21:41:11.162,18410.822,0x8A,0x00,True,5,3.21,3.81,-0.51
21:41:41.138,21:41:41.138,18440.798,0x8A,0x00,True,5,3.17,3.86,-0.46
21:42:11.128,21:42:11.128,18470.788,0x8A,0x00,True,4,3.16,3.82,-0.47
21:42:41.127,21:42:41.127,18500.787,0x8A,0x00,True,4,3.19,3.78,-0.46
21:43:11.112,21:43:11.112,18530.772,0x8A,0x00,True,4,3.16,3.8,-0.52
21:43:41.103,21:43:41.103,18560.763,0x8A,0x00,True,4,3.16,3.83,-0.54
21:44:11.077,21:44:11.077,18590.737,0x8A,0x00,True,4,3.17,3.81,-0.42
21:44:41.078,21:44:41.078,18620.738,0x8A,0x00,True,4,3.18,3.81,-0.52
21:45:11.057,21:45:11.057,18650.717,0x8A,0x00,True,4,3.19,3.81,-0.45
21:45:41.048,21:45:41.048,18680.708,0x8A,0x00,True,5,3.2,3.81,-0.42
21:46:11.037,21:46:11.037,18710.697,0x8A,0x00,True,4,3.17,3.81,-0.46
21:46:41.022,21:46:41.022,18740.682,0x8A,0x00,True,4,3.19,3.81,-0.43
21:47:11.013,21:47:11.013,18770.673,0x8A,0x00,True,5,3.2,3.82,-0.53
21:47:40.987,21:47:40.987,18800.647,0x8A,0x00,True,5,3.2,3.82,-0.5
21:48:10.987,21:48:10.987,18830.647,0x8A,0x00,True,4,3.17,3.82,-0.47
21:48:40.963,21:48:40.963,18860.623,0x8A,0x00,True,4,3.17,3.8,-0.44
21:49:10.968,21:49:10.968,18890.628,0x8A,0x00,True,4,3.18,3.79,-0.53
21:49:40.947,21:49:40.947,18920.607,0x8A,0x00,True,5,3.18,3.83,-0.46
21:50:10.922,21:50:10.922,18950.582,0x8A,0x00,True,5,3.14,3.87,-0.54
21:50:40.907,21:50:40.907,18980.567,0x8A,0x00,True,4,3.17,3.82,-0.47
21:51:10.897,21:51:10.897,19010.557,0x8A,0x00,True,4,3.15,3.82,-0.47
21:51:40.897,21:51:40.897,19040.557,0x8A,0x00,True,4,3.16,3.83,-0.5
21:52:10.893,21:52:10.893,19070.553,0x8A,0x00,True,4,3.2,3.81,-0.44
21:52:40.877,21:52:40.877,19100.537,0x8A,0x00,True,4,3.17,3.81,-0.51
21:53:10.857,21:53:10.857,19130.517,0x8A,0x00,True,4,3.16,3.77,-0.45
21:53:40.837,21:53:40.837,19160.497,0x8A,0x00,True,4,3.19,3.79,-0.46
21:54:10.823,21:54:10.823,19190.483,0x8A,0x00,True,4,3.17,3.8,-0.52
21:54:40.822,21:54:40.822,19220.482,0x8A,0x00,True,4,3.2,3.8,-0.46
21:55:10.812,21:55:10.812,19250.472,0x8A,0x00,True,4,3.17,3.83,-0.46
21:55:40.787,21:55:40.787,19280.447,0x8A,0x00,True,5,3.19,3.81,-0.52
21:56:10.793,21:56:10.793,19310.453,0x8A,0x00,True,4,3.17,3.8,-0.48
21:56:40.782,21:56:40.782,19340.442,0x8A,0x00,True,5,3.19,3.84,-0.53
21:57:10.753,21:57:10.753,19370.413,0x8A,0x00,True,4,3.15,3.79,-0.49
21:57:40.738,21:57:40.738,19400.398,0x8A,0x00,True,4,3.18,3.79,-0.49
21:58:10.737,21:58:10.737,19430.397,0x8A,0x00,True,5,3.19,3.81,-0.48
21:58:40.718,21:58:40.718,19460.378,0x8A,0x00,True,4,3.16,3.82,-0.48
21:59:10.709,21:59:10.709,19490.369,0x8A,0x00,True,5,3.2,3.81,-0.45
21:59:40.697,21:59:40.697,19520.357,0x8A,0x00,True,4,3.18,3.81,-0.46
22:00:10.683,22:00:10.683,19550.343,0x8A,0x00,True,4,3.17,3.8,-0.49
22:00:40.662,22:00:40.662,19580.322,0x8A,0x00,True,4,3.17,3.8,-0.53
22:01:10.657,22:01:10.657,19610.317,0x8A,0x00,True,4,3.19,3.81,-0.47
22:01:40.637,22:01:40.637,19640.297,0x8A,0x00,True,5,3.21,3.81,-0.4
22:02:10.627,22:02:10.627,19670.287,0x8A,0x00,True,4,3.17,3.82,-0.44
22:02:40.607,22:02:40.607,19700.267,0x8A,0x00,True,4,3.16,3.83,-0.47
22:03:10.582,22:03:10.582,19730.242,0x8A,0x00,True,4,3.16,3.82,-0.47
22:03:40.577,22:03:40.577,19760.237,0x8A,0x00,True,4,3.14,3.81,-0.51
22:04:10.562,22:04:10.562,19790.222,0x8A,0x00,True,4,3.16,3.78,-0.48
22:04:40.538,22:04:40.538,19820.198,0x8A,0x00,True,4,3.14,3.79,-0.51
22:05:10.527,22:05:10.527,19850.187,0x8A,0x00,True,5,3.2,3.81,-0.49
22:05:40.502,22:05:40.502,19880.162,0x8A,0x00,True,4,3.17,3.83,-0.43
22:06:10.498,22:06:10.498,19910.158,0x8A,0x00,True,5,3.19,3.83,-0.43
22:06:40.482,22:06:40.482,19940.142,0x8A,0x00,True,5,3.18,3.82,-0.5
22:07:10.470,22:07:10.470,19970.13,0x8A,0x00,True,4,3.16,3.8,-0.51
22:07:40.470,22:07:40.470,20000.13,0x8A,0x00,True,4,3.16,3.82,-0.51
22:08:10.433,22:08:10.433,20030.093,0x8A,0x00,True,5,3.2,3.81,-0.5
22:08:40.422,22:08:40.422,20060.082,0x8A,0x00,True,4,3.15,3.8,-0.52
22:09:10.412,22:09:10.412,20090.072,0x8A,0x00,True,4,3.14,3.79,-0.43
22:09:40.393,22:09:40.393,20120.053,0x8A,0x00,True,4,3.19,3.8,-0.49
22:10:10.362,22:10:10.362,20150.022,0x8A,0x00,True,4,3.17,3.79,-0.49
22:10:40.348,22:10:40.348,20180.008,0x8A,0x00,True,4,3.16,3.79,-0.51
22:11:10.332,22:11:10.332,20209.992,0x8A,0x00,True,4,3.18,3.81,-0.45
22:11:40.327,22:11:40.327,20239.987,0x8A,0x00,True,4,3.16,3.82,-0.5
22:12:10.313,22:12:10.313,20269.973,0x8A,0x00,True,4,3.18,3.8,-0.44
22:12:40.287,22:12:40.287,20299.947,0x8A,0x00,True,4,3.18,3.82,-0.42
22:13:10.272,22:13:10.272,20329.932,0x8A,0x00,True,4,3.16,3.78,-0.45
22:13:40.272,22:13:40.272,20359.932,0x8A,0x00,True,4,3.15,3.79,-0.45
22:14:10.247,22:14:10.247,20389.907,0x8A,0x00,True,4,3.16,3.8,-0.49
22:14:40.253,22:14:40.253,20419.913,0x8A,0x00,True,4,3.18,3.81,-0.49
22:15:10.237,22:15:10.237,20449.897,0x8A,0x00,True,4,3.18,3.81,-0.45
22:15:40.223,22:15:40.223,20479.883,0x8A,0x00,True,4,3.16,3.81,-0.42
22:16:10.213,22:16:10.213,20509.873,0x8A,0x00,True,5,3.21,3.81,-0.46
22:16:40.192,22:16:40.192,20539.852,0x8A,0x00,True,4,3.14,3.83,-0.48
22:17:10.192,22:17:10.192,20569.852,0x8A,0x00,True,4,3.2,3.8,-0.47
22:17:40.168,22:17:40.168,20599.828,0x8A,0x00,True,4,3.17,3.81,-0.5
22:18:10.162,22:18:10.162,20629.822,0x8A,0x00,True,4,3.18,3.82,-0.45
22:18:40.147,22:18:40.147,20659.807,0x8A,0x00,True,4,3.14,3.8,-0.49
22:19:10.122,22:19:10.122,20689.782,0x8A,0x00,True,4,3.14,3.79,-0.52
22:19:40.123,22:19:40.123,20719.783,0x8A,0x00,True,4,3.16,3.81,-0.41
22:20:10.105,22:20:10.105,20749.765,0x8A,0x00,True,4,3.19,3.81,-0.5
22:20:40.093,22:20:40.093,20779.753,0x8A,0x00,True,4,3.18,3.81,-0.48
22:21:10.077,22:21:10.077,20809.737,0x8A,0x00,True,4,3.19,3.78,-0.48
22:21:40.067,22:21:40.067,20839.727,0x8A,0x00,True,4,3.2,3.79,-0.47
22:22:10.058,22:22:10.058,20869.718,0x8A,0x00,True,4,3.19,3.79,-0.46
22:22:40.027,22:22:40.027,20899.687,0x8A,0x00,True,4,3.13,3.77,-0.45
22:23:10.032,22:23:10.032,20929.692,0x8A,0x00,True,4,3.16,3.83,-0.47
22:23:40.018,22:23:40.018,20959.678,0x8A,0x00,True,4,3.16,3.8,-0.44
22:24:10.002,22:24:10.002,20989.662,0x8A,0x00,True,4,3.18,3.81,-0.45
22:24:40.000,22:24:40.000,21019.66,0x8A,0x00,True,5,3.17,3.83,-0.48
22:25:09.968,22:25:09.968,21049.628,0x8A,0x00,True,4,3.18,3.81,-0.44
22:25:39.973,22:25:39.973,21079.633,0x8A,0x00,True,5,3.19,3.83,-0.44
22:26:09.942,22:26:09.942,21109.602,0x8A,0x00,True,4,3.17,3.8,-0.47
22:26:39.942,22:26:39.942,21139.602,0x8A,0x00,True,4,3.2,3.8,-0.45
22:27:09.933,22:27:09.933,21169.593,0x8A,0x00,True,5,3.18,3.84,-0.45
22:27:39.902,22:27:39.902,21199.562,0x8A,0x00,True,4,3.13,3.83,-0.45
22:28:09.902,22:28:09.902,21229.562,0x8A,0x00,True,4,3.19,3.8,-0.46
22:28:39.878,22:28:39.878,21259.538,0x8A,0x00,True,5,3.17,3.84,-0.49
22:29:09.868,22:29:09.868,21289.528,0x8A,0x00,True,5,3.18,3.86,-0.54
22:29:39.856,22:29:39.856,21319.516,0x8A,0x00,True,4,3.16,3.81,-0.48
22:30:09.857,22:30:09.857,21349.517,0x8A,0x00,True,4,3.18,3.79,-0.54
22:30:39.843,22:30:39.843,21379.503,0x8A,0x00,True,5,3.18,3.83,-0.53
22:31:09.822,22:31:09.822,21409.482,0x8A,0x00,True,5,3.18,3.84,-0.54
22:31:39.818,22:31:39.818,21439.478,0x8A,0x00,True,4,3.18,3.81,-0.49
22:32:09.803,22:32:09.803,21469.463,0x8A,0x00,True,4,3.17,3.78,-0.43
22:32:39.782,22:32:39.782,21499.442,0x8A,0x00,True,4,3.16,3.81,-0.44
22:33:09.777,22:33:09.777,21529.437,0x8A,0x00,True,4,3.18,3.82,-0.48
22:33:39.767,22:33:39.767,21559.427,0x8A,0x00,True,4,3.16,3.83,-0.47
22:34:09.755,22:34:09.755,21589.415,0x8A,0x00,True,4,3.17,3.81,-0.52
22:34:39.732,22:34:39.732,21619.392,0x8A,0x00,True,5,3.17,3.84,-0.51
22:35:09.732,22:35:09.732,21649.392,0x8A,0x00,True,4,3.15,3.81,-0.45
22:35:39.708,22:35:39.708,21679.368,0x8A,0x00,True,4,3.15,3.81,-0.49
22:36:09.708,22:36:09.708,21709.368,0x8A,0x00,True,4,3.17,3.81,-0.49
22:36:39.718,22:36:39.718,21739.378,0x8A,0x00,True,5,3.21,3.82,-0.45
22:37:09.683,22:37:09.683,21769.343,0x8A,0x00,True,4,3.17,3.8,-0.44
22:37:39.667,22:37:39.667,21799.327,0x8A,0x00,True,4,3.19,3.79,-0.48
22:38:09.643,22:38:09.643,21829.303,0x8A,0x00,True,5,3.21,3.82,-0.53
22:38:39.633,22:38:39.633,21859.293,0x8A,0x00,True,5,3.16,3.84,-0.48
22:39:09.617,22:39:09.617,21889.277,0x8A,0x00,True,4,3.21,3.77,-0.5
22:39:39.626,22:39:39.626,21919.286,0x8A,0x00,True,4,3.18,3.79,-0.43
22:40:09.603,22:40:09.603,21949.263,0x8A,0x00,True,5,3.19,3.81,-0.46
22:40:39.577,22:40:39.577,21979.237,0x8A,0x00,True,4,3.16,3.81,-0.49
22:41:09.577,22:41:09.577,22009.237,0x8A,0x00,True,4,3.18,3.78,-0.48
22:41:39.548,22:41:39.548,22039.208,0x8A,0x00,True,4,3.15,3.77,-0.43
22:42:09.543,22:42:09.543,22069.203,0x8A,0x00,True,4,3.17,3.79,-0.5
22:42:39.527,22:42:39.527,22099.187,0x8A,0x00,True,4,3.17,3.8,-0.48
22:43:09.512,22:43:09.512,22129.172,0x8A,0x00,True,4,3.16,3.81,-0.48
22:43:39.482,22:43:39.482,22159.142,0x8A,0x00,True,4,3.16,3.79,-0.48
22:44:09.473,22:44:09.473,22189.133,0x8A,0x00,True,4,3.17,3.82,-0.47
22:44:39.457,22:44:39.457,22219.117,0x8A,0x00,True,4,3.17,3.8,-0.46
22:45:09.455,22:45:09.455,22249.115,0x8A,0x00,True,4,3.19,3.8,-0.52
22:45:39.433,22:45:39.433,22279.093,0x8A,0x00,True,4,3.14,3.8,-0.47
22:46:09.428,22:46:09.428,22309.088,0x8A,0x00,True,4,3.17,3.82,-0.5
22:46:39.405,22:46:39.405,22339.065,0x8A,0x00,True,5,3.22,3.84,-0.48
22:47:09.395,22:47:09.395,22369.055,0x8A,0x00,True,5,3.18,3.82,-0.5
22:47:39.372,22:47:39.372,22399.032,0x8A,0x00,True,4,3.18,3.77,-0.47
22:48:09.362,22:48:09.362,22429.022,0x8A,0x00,True,4,3.17,3.81,-0.44
22:48:39.348,22:48:39.348,22459.008,0x8A,0x00,True,4,3.16,3.79,-0.46
22:49:09.322,22:49:09.322,22488.982,0x8A,0x00,True,4,3.17,3.79,-0.51
22:49:39.317,22:49:39.317,22518.977,0x8A,0x00,True,5,3.19,3.84,-0.49
22:50:09.297,22:50:09.297,22548.957,0x8A,0x00,True,5,3.18,3.83,-0.42
22:50:39.282,22:50:39.282,22578.942,0x8A,0x00,True,4,3.18,3.8,-0.46
22:51:09.275,22:51:09.275,22608.935,0x8A,0x00,True,5,3.21,3.84,-0.51
22:51:39.242,22:51:39.242,22638.902,0x8A,0x00,True,4,3.17,3.8,-0.52
22:52:09.228,22:52:09.228,22668.888,0x8A,0x00,True,5,3.19,3.83,-0.47
22:52:39.223,22:52:39.223,22698.883,0x8A,0x00,True,5,3.19,3.84,-0.47
22:53:09.197,22:53:09.197,22728.857,0x8A,0x00,True,4,3.17,3.83,-0.42
22:53:39.187,22:53:39.187,22758.847,0x8A,0x00,True,4,3.2,3.79,-0.54
22:54:09.162,22:54:09.162,22788.822,0x8A,0x00,True,5,3.18,3.82,-0.51
22:54:39.157,22:54:39.157,22818.817,0x8A,0x00,True,5,3.21,3.82,-0.5
22:55:09.138,22:55:09.138,22848.798,0x8A,0x00,True,5,3.18,3.83,-0.47
22:55:39.128,22:55:39.128,22878.788,0x8A,0x00,True,4,3.16,3.8,-0.46
22:56:09.097,22:56:09.097,22908.757,0x8A,0x00,True,4,3.17,3.8,-0.41
22:56:39.105,22:56:39.105,22938.765,0x8A,0x00,True,4,3.15,3.82,-0.48
22:57:09.077,22:57:09.077,22968.737,0x8A,0x00,True,4,3.18,3.81,-0.47
22:57:39.062,22:57:39.062,22998.722,0x8A,0x00,True,4,3.18,3.79,-0.43
22:58:09.047,22:58:09.047,23028.707,0x8A,0x00,True,5,3.21,3.81,-0.47
22:58:39.032,22:58:39.032,23058.692,0x8A,0x00,True,5,3.21,3.8,-0.49
22:59:09.002,22:59:09.002,23088.662,0x8A,0x00,True,4,3.17,3.79,-0.46
22:59:38.997,22:59:38.997,23118.657,0x8A,0x00,True,4,3.17,3.8,-0.48
23:00:08.985,23:00:08.985,23148.645,0x8A,0x00,True,4,3.17,3.79,-0.46
23:00:38.968,23:00:38.968,23178.628,0x8A,0x00,True,4,3.17,3.8,-0.51
23:01:08.952,23:01:08.952,23208.612,0x8A,0x00,True,4,3.16,3.8,-0.41
23:01:38.937,23:01:38.937,23238.597,0x8A,0x00,True,5,3.18,3.83,-0.54
23:02:08.902,23:02:08.902,23268.562,0x8A,0x00,True,4,3.17,3.79,-0.49
23:02:38.897,23:02:38.897,23298.557,0x8A,0x00,True,5,3.16,3.85,-0.5
23:03:08.888,23:03:08.888,23328.548,0x8A,0x00,True,4,3.16,3.82,-0.46
23:03:38.880,23:03:38.880,23358.54,0x8A,0x00,True,4,3.17,3.8,-0.49
23:04:08.852,23:04:08.852,23388.512,0x8A,0x00,True,5,3.14,3.86,-0.47
23:04:38.848,23:04:38.848,23418.508,0x8A,0x00,True,4,3.13,3.81,-0.52
23:05:08.822,23:05:08.822,23448.482,0x8A,0x00,True,4,3.18,3.8,-0.44
23:05:38.822,23:05:38.822,23478.482,0x8A,0x00,True,4,3.14,3.79,-0.48
23:06:08.808,23:06:08.808,23508.468,0x8A,0x00,True,4,3.17,3.8,-0.51
23:06:38.797,23:06:38.797,23538.457,0x8A,0x00,True,4,3.18,3.77,-0.51
23:07:08.782,23:07:08.782,23568.442,0x8A,0x00,True,5,3.2,3.85,-0.47
23:07:38.766,23:07:38.766,23598.426,0x8A,0x00,True,4,3.17,3.78,-0.46
23:08:08.750,23:08:08.750,23628.41,0x8A,0x00,True,4,3.18,3.8,-0.5
23:08:38.737,23:08:38.737,23658.397,0x8A,0x00,True,4,3.17,3.8,-0.47
23:09:08.713,23:09:08.713,23688.373,0x8A,0x00,True,4,3.17,3.82,-0.44
23:09:38.713,23:09:38.713,23718.373,0x8A,0x00,True,5,3.17,3.83,-0.5
23:10:08.702,23:10:08.702,23748.362,0x8A,0x00,True,4,3.18,3.8,-0.51
23:10:38.692,23:10:38.692,23778.352,0x8A,0x00,True,5,3.18,3.83,-0.52
23:11:08.671,23:11:08.671,23808.331,0x8A,0x00,True,4,3.16,3.77,-0.45
23:11:38.652,23:11:38.652,23838.312,0x8A,0x00,True,4,3.17,3.83,-0.47
23:12:08.633,23:12:08.633,23868.293,0x8A,0x00,True,4,3.15,3.79,-0.46
23:12:38.633,23:12:38.633,23898.293,0x8A,0x00,True,4,3.12,3.8,-0.47
23:13:08.623,23:13:08.623,23928.283,0x8A,0x00,True,4,3.17,3.79,-0.46
23:13:38.598,23:13:38.598,23958.258,0x8A,0x00,True,4,3.19,3.78,-0.48
23:14:08.598,23:14:08.598,23988.258,0x8A,0x00,True,5,3.19,3.83,-0.49
23:14:38.577,23:14:38.577,24018.237,0x8A,0x00,True,5,3.17,3.84,-0.48
23:15:08.558,23:15:08.558,24048.218,0x8A,0x00,True,4,3.17,3.82,-0.52
23:15:38.553,23:15:38.553,24078.213,0x8A,0x00,True,4,3.17,3.81,-0.47
23:16:08.532,23:16:08.532,24108.192,0x8A,0x00,True,4,3.17,3.79,-0.46
23:16:38.513,23:16:38.513,24138.173,0x8A,0x00,True,4,3.18,3.8,-0.45
23:17:08.503,23:17:08.503,24168.163,0x8A,0x00,True,5,3.18,3.82,-0.5
23:17:38.487,23:17:38.487,24198.147,0x8A,0x00,True,5,3.18,3.84,-0.48
23:18:08.487,23:18:08.487,24228.147,0x8A,0x00,True,5,3.17,3.83,-0.5
23:18:38.468,23:18:38.468,24258.128,0x8A,0x00,True,4,3.15,3.8,-0.48
23:19:08.452,23:19:08.452,24288.112,0x8A,0x00,True,4,3.14,3.82,-0.52
23:19:38.428,23:19:38.428,24318.088,0x8A,0x00,True,4,3.16,3.8,-0.45
23:20:08.428,23:20:08.428,24348.088,0x8A,0x00,True,4,3.15,3.8,-0.54
23:20:38.412,23:20:38.412,24378.072,0x8A,0x00,True,5,3.17,3.84,-0.41
23:21:08.402,23:21:08.402,24408.062,0x8A,0x00,True,5,3.19,3.84,-0.48
23:21:38.388,23:21:38.388,24438.048,0x8A,0x00,True,4,3.16,3.81,-0.47
23:22:08.357,23:22:08.357,24468.017,0x8A,0x00,True,4,3.16,3.81,-0.49
23:22:38.343,23:22:38.343,24498.003,0x8A,0x00,True,4,3.19,3.79,-0.5
23:23:08.338,23:23:08.338,24527.998,0x8A,0x00,True,4,3.17,3.8,-0.53
23:23:38.322,23:23:38.322,24557.982,0x8A,0x00,True,4,3.17,3.8,-0.47
23:24:08.312,23:24:08.312,24587.972,0x8A,0x00,True,4,3.18,3.79,-0.46
23:24:38.282,23:24:38.282,24617.942,0x8A,0x00,True,4,3.17,3.81,-0.52
23:25:08.268,23:25:08.268,24647.928,0x8A,0x00,True,4,3.14,3.8,-0.45
23:25:38.258,23:25:38.258,24677.918,0x8A,0x00,True,4,3.18,3.8,-0.45
23:26:08.253,23:26:08.253,24707.913,0x8A,0x00,True,4,3.16,3.82,-0.53
23:26:38.237,23:26:38.237,24737.897,0x8A,0x00,True,4,3.2,3.8,-0.45
23:27:08.213,23:27:08.213,24767.873,0x8A,0x00,True,4,3.18,3.81,-0.42
23:27:38.202,23:27:38.202,24797.862,0x8A,0x00,True,5,3.17,3.84,-0.45
23:28:08.192,23:28:08.192,24827.852,0x8A,0x00,True,4,3.16,3.81,-0.51
23:28:38.192,23:28:38.192,24857.852,0x8A,0x00,True,4,3.18,3.77,-0.49
23:29:08.186,23:29:08.186,24887.846,0x8A,0x00,True,4,3.16,3.8,-0.5
23:29:38.168,23:29:38.168,24917.828,0x8A,0x00,True,4,3.18,3.8,-0.46
23:30:08.162,23:30:08.162,24947.822,0x8A,0x00,True,4,3.18,3.8,-0.49
23:30:38.138,23:30:38.138,24977.798,0x8A,0x00,True,4,3.17,3.8,-0.51
23:31:08.147,23:31:08.147,25007.807,0x8A,0x00,True,4,3.17,3.82,-0.44
23:31:38.123,23:31:38.123,25037.783,0x8A,0x00,True,4,3.12,3.83,-0.43
23:32:08.117,23:32:08.117,25067.777,0x8A,0x00,True,4,3.16,3.77,-0.45
23:32:38.098,23:32:38.098,25097.758,0x8A,0x00,True,4,3.17,3.77,-0.47
23:33:08.107,23:33:08.107,25127.767,0x8A,0x00,True,4,3.15,3.84,-0.48
23:33:38.093,23:33:38.093,25157.753,0x8A,0x00,True,4,3.17,3.8,-0.47
23:34:08.087,23:34:08.087,25187.747,0x8A,0x00,True,4,3.14,3.81,-0.51
23:34:38.072,23:34:38.072,25217.732,0x8A,0x00,True,4,3.17,3.79,-0.45
23:35:08.067,23:35:08.067,25247.727,0x8A,0x00,True,4,3.17,3.78,-0.45
23:35:38.038,23:35:38.038,25277.698,0x8A,0x00,True,4,3.13,3.81,-0.52
23:36:08.027,23:36:08.027,25307.687,0x8A,0x00,True,5,3.2,3.83,-0.43
23:36:38.022,23:36:38.022,25337.682,0x8A,0x00,True,4,3.13,3.81,-0.47
23:37:08.018,23:37:08.018,25367.678,0x8A,0x00,True,4,3.17,3.8,-0.49
23:37:38.002,23:37:38.002,25397.662,0x8A,0x00,True,4,3.13,3.82,-0.5
23:38:07.992,23:38:07.992,25427.652,0x8A,0x00,True,4,3.15,3.8,-0.48
23:38:37.973,23:38:37.973,25457.633,0x8A,0x00,True,4,3.17,3.77,-0.54
23:39:07.973,23:39:07.973,25487.633,0x8A,0x00,True,4,3.17,3.81,-0.52
23:39:37.952,23:39:37.952,25517.612,0x8A,0x00,True,4,3.18,3.77,-0.44
23:40:07.942,23:40:07.942,25547.602,0x8A,0x00,True,5,3.18,3.83,-0.53
23:40:37.937,23:40:37.937,25577.597,0x8A,0x00,True,4,3.18,3.8,-0.43
23:41:07.922,23:41:07.922,25607.582,0x8A,0x00,True,4,3.16,3.8,-0.46
23:41:37.912,23:41:37.912,25637.572,0x8A,0x00,True,4,3.16,3.78,-0.48
23:42:07.907,23:42:07.907,25667.567,0x8A,0x00,True,5,3.19,3.83,-0.46
23:42:37.893,23:42:37.893,25697.553,0x8A,0x00,True,4,3.17,3.8,-0.51
23:43:07.873,23:43:07.873,25727.533,0x8A,0x00,True,4,3.18,3.8,-0.5
23:43:37.862,23:43:37.862,25757.522,0x8A,0x00,True,4,3.17,3.8,-0.46
23:44:07.848,23:44:07.848,25787.508,0x8A,0x00,True,4,3.16,3.77,-0.5
23:44:37.853,23:44:37.853,25817.513,0x8A,0x00,True,4,3.19,3.79,-0.49
23:45:07.838,23:45:07.838,25847.498,0x8A,0x00,True,4,3.14,3.84,-0.47
23:45:37.812,23:45:37.812,25877.472,0x8A,0x00,True,4,3.14,3.8,-0.51
23:46:07.817,23:46:07.817,25907.477,0x8A,0x00,True,4,3.15,3.79,-0.49
23:46:37.798,23:46:37.798,25937.458,0x8A,0x00,True,4,3.16,3.83,-0.48
23:47:07.777,23:47:07.777,25967.437,0x8A,0x00,True,4,3.16,3.83,-0.5
23:47:37.777,23:47:37.777,25997.437,0x8A,0x00,True,4,3.14,3.79,-0.48
23:48:07.747,23:48:07.747,26027.407,0x8A,0x00,True,4,3.18,3.82,-0.41
23:48:37.748,23:48:37.748,26057.408,0x8A,0x00,True,4,3.17,3.82,-0.47
23:49:07.723,23:49:07.723,26087.383,0x8A,0x00,True,4,3.17,3.82,-0.49
23:49:37.728,23:49:37.728,26117.388,0x8A,0x00,True,4,3.12,3.8,-0.45
23:50:07.702,23:50:07.702,26147.362,0x8A,0x00,True,4,3.14,3.79,-0.56
23:50:37.692,23:50:37.692,26177.352,0x8A,0x00,True,4,3.14,3.84,-0.44
23:51:07.678,23:51:07.678,26207.338,0x8A,0x00,True,4,3.14,3.81,-0.5
23:51:37.668,23:51:37.668,26237.328,0x8A,0x00,True,4,3.16,3.8,-0.45
23:52:07.663,23:52:07.663,26267.323,0x8A,0x00,True,4,3.15,3.8,-0.52
23:52:37.638,23:52:37.638,26297.298,0x8A,0x00,True,4,3.12,3.78,-0.53
23:53:07.632,23:53:07.632,26327.292,0x8A,0x00,True,4,3.18,3.79,-0.46
23:53:37.612,23:53:37.612,26357.272,0x8A,0x00,True,4,3.12,3.81,-0.49
23:54:07.603,23:54:07.603,26387.263,0x8A,0x00,True,4,3.14,3.79,-0.45
23:54:37.603,23:54:37.603,26417.263,0x8A,0x00,True,4,3.16,3.82,-0.45
23:55:07.588,23:55:07.588,26447.248,0x8A,0x00,True,4,3.16,3.83,-0.44
23:55:37.582,23:55:37.582,26477.242,0x8A,0x00,True,4,3.14,3.81,-0.46
23:56:07.548,23:56:07.548,26507.208,0x8A,0x00,True,4,3.15,3.8,-0.49
23:56:37.542,23:56:37.542,26537.202,0x8A,0x00,True,4,3.16,3.78,-0.45
23:57:07.538,23:57:07.538,26567.198,0x8A,0x00,True,5,3.2,3.82,-0.44
23:57:37.522,23:57:37.522,26597.182,0x8A,0x00,True,4,3.17,3.79,-0.46
23:58:07.508,23:58:07.508,26627.168,0x8A,0x00,True,4,3.17,3.8,-0.46
23:58:37.478,23:58:37.478,26657.138,0x8A,0x00,True,4,3.16,3.8,-0.45
23:59:07.478,23:59:07.478,26687.138,0x8A,0x00,True,4,3.16,3.77,-0.5
23:59:37.457,23:59:37.457,26717.117,0x8A,0x00,True,4,3.21,3.79,-0.52
00:00:07.452,00:00:07.452,26747.112,0x8A,0x00,True,5,3.19,3.82,-0.48
00:00:37.433,00:00:37.433,26777.093,0x8A,0x00,True,4,3.17,3.82,-0.5
00:01:07.428,00:01:07.428,26807.088,0x8A,0x00,True,4,3.17,3.8,-0.52
00:01:37.412,00:01:37.412,26837.072,0x8A,0x00,True,4,3.17,3.81,-0.48
00:02:07.393,00:02:07.393,26867.053,0x8A,0x00,True,4,3.17,3.78,-0.46
00:02:37.383,00:02:37.383,26897.043,0x8A,0x00,True,4,3.17,3.79,-0.51
00:03:07.377,00:03:07.377,26927.037,0x8A,0x00,True,4,3.17,3.75,-0.49
00:03:37.370,00:03:37.370,26957.03,0x8A,0x00,True,4,3.16,3.78,-0.42
00:04:07.337,00:04:07.337,26986.997,0x8A,0x00,True,4,3.14,3.78,-0.51
00:04:37.333,00:04:37.333,27016.993,0x8A,0x00,True,4,3.18,3.79,-0.53
00:05:07.322,00:05:07.322,27046.982,0x8A,0x00,True,4,3.17,3.8,-0.48
00:05:37.306,00:05:37.306,27076.966,0x8A,0x00,True,4,3.17,3.8,-0.5
00:06:07.284,00:06:07.284,27106.944,0x8A,0x00,True,4,3.15,3.8,-0.54
00:06:37.289,00:06:37.289,27136.949,0x8A,0x00,True,4,3.14,3.82,-0.52
00:07:07.272,00:07:07.272,27166.932,0x8A,0x00,True,4,3.17,3.8,-0.51
00:07:37.253,00:07:37.253,27196.913,0x8A,0x00,True,4,3.18,3.78,-0.5
00:08:07.238,00:08:07.238,27226.898,0x8A,0x00,True,4,3.16,3.82,-0.43
00:08:37.242,00:08:37.242,27256.902,0x8A,0x00,True,4,3.17,3.8,-0.48
00:09:07.228,00:09:07.228,27286.888,0x8A,0x00,True,4,3.16,3.81,-0.44
00:09:37.212,00:09:37.212,27316.872,0x8A,0x00,True,4,3.17,3.81,-0.48
00:10:07.202,00:10:07.202,27346.862,0x8A,0x00,True,4,3.16,3.82,-0.47
00:10:37.183,00:10:37.183,27376.843,0x8A,0x00,True,4,3.16,3.81,-0.46
00:11:07.178,00:11:07.178,27406.838,0x8A,0x00,True,4,3.14,3.81,-0.48
00:11:37.157,00:11:37.157,27436.817,0x8A,0x00,True,5,3.18,3.83,-0.48
00:12:07.147,00:12:07.147,27466.807,0x8A,0x00,True,4,3.17,3.77,-0.52
00:12:37.138,00:12:37.138,27496.798,0x8A,0x00,True,4,3.15,3.79,-0.49
00:13:07.118,00:13:07.118,27526.778,0x8A,0x00,True,5,3.2,3.82,-0.47
00:13:37.107,00:13:37.107,27556.767,0x8A,0x00,True,4,3.19,3.78,-0.48
00:14:07.112,00:14:07.112,27586.772,0x8A,0x00,True,4,3.17,3.8,-0.5
00:14:37.087,00:14:37.087,27616.747,0x8A,0x00,True,4,3.15,3.81,-0.47
00:15:07.077,00:15:07.077,27646.737,0x8A,0x00,True,4,3.17,3.8,-0.44
00:15:37.072,00:15:37.072,27676.732,0x8A,0x00,True,4,3.18,3.79,-0.48
00:16:07.062,00:16:07.062,27706.722,0x8A,0x00,True,4,3.16,3.79,-0.46
00:16:37.038,00:16:37.038,27736.698,0x8A,0x00,True,4,3.17,3.78,-0.5
00:17:07.037,00:17:07.037,27766.697,0x8A,0x00,True,4,3.16,3.81,-0.44
00:17:37.022,00:17:37.022,27796.682,0x8A,0x00,True,4,3.16,3.81,-0.54
00:18:07.003,00:18:07.003,27826.663,0x8A,0x00,True,4,3.18,3.81,-0.48
00:18:36.982,00:18:36.982,27856.642,0x8A,0x00,True,4,3.17,3.76,-0.45
00:19:06.978,00:19:06.978,27886.638,0x8A,0x00,True,4,3.18,3.78,-0.47
00:19:36.980,00:19:36.980,27916.64,0x8A,0x00,True,4,3.16,3.79,-0.5
00:20:06.962,00:20:06.962,27946.622,0x8A,0x00,True,4,3.18,3.8,-0.43
00:20:36.947,00:20:36.947,27976.607,0x8A,0x00,True,4,3.15,3.81,-0.47
00:21:06.937,00:21:06.937,28006.597,0x8A,0x00,True,4,3.17,3.82,-0.49
00:21:36.917,00:21:36.917,28036.577,0x8A,0x00,True,4,3.19,3.8,-0.46
00:22:06.908,00:22:06.908,28066.568,0x8A,0x00,True,4,3.16,3.8,-0.46
00:22:36.907,00:22:36.907,28096.567,0x8A,0x00,True,5,3.17,3.83,-0.5
00:23:06.893,00:23:06.893,28126.553,0x8A,0x00,True,4,3.17,3.8,-0.43
00:23:36.878,00:23:36.878,28156.538,0x8A,0x00,True,4,3.17,3.81,-0.5
00:24:06.857,00:24:06.857,28186.517,0x8A,0x00,True,4,3.15,3.8,-0.46
00:24:36.843,00:24:36.843,28216.503,0x8A,0x00,True,4,3.17,3.8,-0.47
00:25:06.836,00:25:06.836,28246.496,0x8A,0x00,True,4,3.14,3.83,-0.55
00:25:36.817,00:25:36.817,28276.477,0x8A,0x00,True,5,3.18,3.85,-0.51
00:26:06.817,00:26:06.817,28306.477,0x8A,0x00,True,5,3.2,3.81,-0.46
00:26:36.808,00:26:36.808,28336.468,0x8A,0x00,True,4,3.16,3.84,-0.48
00:27:06.798,00:27:06.798,28366.458,0x8A,0x00,True,4,3.18,3.81,-0.48
00:27:36.782,00:27:36.782,28396.442,0x8A,0x00,True,4,3.16,3.78,-0.48
00:28:06.757,00:28:06.757,28426.417,0x8A,0x00,True,4,3.17,3.83,-0.45
00:28:36.752,00:28:36.752,28456.412,0x8A,0x00,True,5,3.17,3.83,-0.5
00:29:06.737,00:29:06.737,28486.397,0x8A,0x00,True,4,3.18,3.81,-0.46
00:29:36.748,00:29:36.748,28516.408,0x8A,0x00,True,5,3.2,3.83,-0.48
00:30:06.728,00:30:06.728,28546.388,0x8A,0x00,True,4,3.17,3.8,-0.52
00:30:36.718,00:30:36.718,28576.378,0x8A,0x00,True,4,3.15,3.79,-0.54
00:31:06.707,00:31:06.707,28606.367,0x8A,0x00,True,4,3.17,3.77,-0.48
00:31:36.697,00:31:36.697,28636.357,0x8A,0x00,True,4,3.17,3.81,-0.43
00:32:06.693,00:32:06.693,28666.353,0x8A,0x00,True,4,3.17,3.8,-0.45
00:32:36.668,00:32:36.668,28696.328,0x8A,0x00,True,5,3.19,3.82,-0.47
00:33:06.668,00:33:06.668,28726.328,0x8A,0x00,True,4,3.18,3.8,-0.53
00:33:36.663,00:33:36.663,28756.323,0x8A,0x00,True,4,3.17,3.79,-0.46
00:34:06.648,00:34:06.648,28786.308,0x8A,0x00,True,4,3.16,3.8,-0.44
00:34:36.645,00:34:36.645,28816.305,0x8A,0x00,True,5,3.21,3.83,-0.49
00:35:06.617,00:35:06.617,28846.277,0x8A,0x00,True,4,3.18,3.81,-0.53
00:35:36.622,00:35:36.622,28876.282,0x8A,0x00,True,4,3.17,3.79,-0.45
00:36:06.605,00:36:06.605,28906.265,0x8A,0x00,True,4,3.17,3.81,-0.49
00:36:36.598,00:36:36.598,28936.258,0x8A,0x00,True,5,3.15,3.84,-0.51
00:37:06.583,00:37:06.583,28966.243,0x8A,0x00,True,4,3.14,3.83,-0.51
00:37:36.585,00:37:36.585,28996.245,0x8A,0x00,True,4,3.16,3.76,-0.46
00:38:06.572,00:38:06.572,29026.232,0x8A,0x00,True,4,3.17,3.76,-0.47
00:38:36.567,00:38:36.567,29056.227,0x8A,0x00,True,5,3.2,3.82,-0.47
00:39:06.553,00:39:06.553,29086.213,0x8A,0x00,True,4,3.13,3.82,-0.47
00:39:36.547,00:39:36.547,29116.207,0x8A,0x00,True,4,3.16,3.79,-0.5
00:40:06.537,00:40:06.537,29146.197,0x8A,0x00,True,4,3.14,3.8,-0.49
00:40:36.518,00:40:36.518,29176.178,0x8A,0x00,True,4,3.15,3.81,-0.45
00:41:06.507,00:41:06.507,29206.167,0x8A,0x00,True,4,3.17,3.81,-0.49
00:41:36.498,00:41:36.498,29236.158,0x8A,0x00,True,4,3.18,3.8,-0.47
00:42:06.487,00:42:06.487,29266.147,0x8A,0x00,True,4,3.17,3.81,-0.43
00:42:36.482,00:42:36.482,29296.142,0x8A,0x00,True,4,3.16,3.8,-0.46
00:43:06.487,00:43:06.487,29326.147,0x8A,0x00,True,4,3.17,3.82,-0.5
00:43:36.478,00:43:36.478,29356.138,0x8A,0x00,True,4,3.18,3.8,-0.47
00:44:06.457,00:44:06.457,29386.117,0x8A,0x00,True,4,3.18,3.79,-0.5
00:44:36.462,00:44:36.462,29416.122,0x8A,0x00,True,5,3.17,3.84,-0.5
00:45:06.437,00:45:06.437,29446.097,0x8A,0x00,True,4,3.16,3.77,-0.5
00:45:36.442,00:45:36.442,29476.102,0x8A,0x00,True,4,3.15,3.84,-0.49
00:46:06.423,00:46:06.423,29506.083,0x8A,0x00,True,4,3.17,3.79,-0.48
00:46:36.423,00:46:36.423,29536.083,0x8A,0x00,True,4,3.19,3.8,-0.45
00:47:06.413,00:47:06.413,29566.073,0x8A,0x00,True,4,3.16,3.8,-0.46
00:47:36.402,00:47:36.402,29596.062,0x8A,0x00,True,4,3.15,3.8,-0.43
00:48:06.393,00:48:06.393,29626.053,0x8A,0x00,True,4,3.17,3.78,-0.47
00:48:36.373,00:48:36.373,29656.033,0x8A,0x00,True,5,3.17,3.83,-0.49
00:49:06.386,00:49:06.386,29686.046,0x8A,0x00,True,4,3.18,3.82,-0.49
00:49:36.360,00:49:36.360,29716.02,0x8A,0x00,True,4,3.15,3.78,-0.49
00:50:06.343,00:50:06.343,29746.003,0x8A,0x00,True,5,3.2,3.83,-0.44
00:50:36.343,00:50:36.343,29776.003,0x8A,0x00,True,4,3.17,3.83,-0.43
00:51:06.338,00:51:06.338,29805.998,0x8A,0x00,True,5,3.21,3.8,-0.47
00:51:36.327,00:51:36.327,29835.987,0x8A,0x00,True,5,3.2,3.81,-0.48
00:52:06.322,00:52:06.322,29865.982,0x8A,0x00,True,4,3.15,3.79,-0.57
00:52:36.312,00:52:36.312,29895.972,0x8A,0x00,True,4,3.17,3.8,-0.46
00:53:06.298,00:53:06.298,29925.958,0x8A,0x00,True,4,3.17,3.77,-0.5
00:53:36.277,00:53:36.277,29955.937,0x8A,0x00,True,4,3.19,3.8,-0.44
00:54:06.275,00:54:06.275,29985.935,0x8A,0x00,True,5,3.23,3.81,-0.49
00:54:36.258,00:54:36.258,30015.918,0x8A,0x00,True,4,3.19,3.77,-0.51
00:55:06.258,00:55:06.258,30045.918,0x8A,0x00,True,4,3.18,3.82,-0.47
00:55:36.245,00:55:36.245,30075.905,0x8A,0x00,True,4,3.19,3.8,-0.44
00:56:06.237,00:56:06.237,30105.897,0x8A,0x00,True,4,3.2,3.81,-0.44
00:56:36.228,00:56:36.228,30135.888,0x8A,0x00,True,4,3.18,3.81,-0.44
00:57:06.223,00:57:06.223,30165.883,0x8A,0x00,True,4,3.15,3.8,-0.52
00:57:36.202,00:57:36.202,30195.862,0x8A,0x00,True,4,3.17,3.8,-0.46
00:58:06.208,00:58:06.208,30225.868,0x8A,0x00,True,4,3.17,3.82,-0.44
00:58:36.192,00:58:36.192,30255.852,0x8A,0x00,True,4,3.17,3.81,-0.44
00:59:06.187,00:59:06.187,30285.847,0x8A,0x00,True,4,3.18,3.81,-0.48
00:59:36.178,00:59:36.178,30315.838,0x8A,0x00,True,4,3.16,3.82,-0.44
01:00:06.167,01:00:06.167,30345.827,0x8A,0x00,True,5,3.2,3.82,-0.47
01:00:36.162,01:00:36.162,30375.822,0x8A,0x00,True,4,3.18,3.8,-0.43
01:01:06.147,01:01:06.147,30405.807,0x8A,0x00,True,4,3.18,3.81,-0.46
01:01:36.143,01:01:36.143,30435.803,0x8A,0x00,True,5,3.19,3.83,-0.46
01:02:06.123,01:02:06.123,30465.783,0x8A,0x00,True,4,3.18,3.8,-0.46
01:02:36.118,01:02:36.118,30495.778,0x8A,0x00,True,4,3.18,3.82,-0.47
01:03:06.093,01:03:06.093,30525.753,0x8A,0x00,True,4,3.2,3.79,-0.52
01:03:36.098,01:03:36.098,30555.758,0x8A,0x00,True,5,3.19,3.83,-0.48
01:04:06.072,01:04:06.072,30585.732,0x8A,0x00,True,4,3.16,3.82,-0.48
01:04:36.077,01:04:36.077,30615.737,0x8A,0x00,True,4,3.16,3.8,-0.47
01:05:06.067,01:05:06.067,30645.727,0x8A,0x00,True,4,3.16,3.78,-0.47
01:05:36.058,01:05:36.058,30675.718,0x8A,0x00,True,4,3.18,3.79,-0.42
01:06:06.042,01:06:06.042,30705.702,0x8A,0x00,True,4,3.2,3.75,-0.47
01:06:36.022,01:06:36.022,30735.682,0x8A,0x00,True,4,3.16,3.83,-0.47
01:07:06.018,01:07:06.018,30765.678,0x8A,0x00,True,4,3.16,3.81,-0.48
01:07:36.008,01:07:36.008,30795.668,0x8A,0x00,True,4,3.14,3.79,-0.43
01:08:05.993,01:08:05.993,30825.653,0x8A,0x00,True,4,3.17,3.79,-0.53
01:08:35.978,01:08:35.978,30855.638,0x8A,0x00,True,4,3.17,3.8,-0.48
01:09:05.958,01:09:05.958,30885.618,0x8A,0x00,True,4,3.16,3.83,-0.51
01:09:35.963,01:09:35.963,30915.623,0x8A,0x00,True,4,3.17,3.82,-0.49
01:10:05.937,01:10:05.937,30945.597,0x8A,0x00,True,4,3.18,3.8,-0.45
01:10:35.937,01:10:35.937,30975.597,0x8A,0x00,True,4,3.16,3.82,-0.51
01:11:05.933,01:11:05.933,31005.593,0x8A,0x00,True,4,3.17,3.8,-0.46
01:11:35.917,01:11:35.917,31035.577,0x8A,0x00,True,4,3.14,3.78,-0.45
01:12:05.907,01:12:05.907,31065.567,0x8A,0x00,True,4,3.17,3.78,-0.48
01:12:35.897,01:12:35.897,31095.557,0x8A,0x00,True,4,3.17,3.83,-0.47
01:13:05.877,01:13:05.877,31125.537,0x8A,0x00,True,4,3.17,3.81,-0.48
01:13:35.862,01:13:35.862,31155.522,0x8A,0x00,True,4,3.16,3.78,-0.51
01:14:05.862,01:14:05.862,31185.522,0x8A,0x00,True,4,3.16,3.81,-0.44
01:14:35.853,01:14:35.853,31215.513,0x8A,0x00,True,4,3.14,3.81,-0.49
01:15:05.843,01:15:05.843,31245.503,0x8A,0x00,True,4,3.17,3.77,-0.45
01:15:35.838,01:15:35.838,31275.498,0x8A,0x00,True,4,3.15,3.79,-0.42
01:16:05.823,01:16:05.823,31305.483,0x8A,0x00,True,4,3.16,3.8,-0.47
01:16:35.803,01:16:35.803,31335.463,0x8A,0x00,True,4,3.17,3.81,-0.49
01:17:05.788,01:17:05.788,31365.448,0x8A,0x00,True,4,3.16,3.81,-0.46
01:17:35.788,01:17:35.788,31395.448,0x8A,0x00,True,4,3.15,3.81,-0.45
01:18:05.778,01:18:05.778,31425.438,0x8A,0x00,True,5,3.17,3.83,-0.46
01:18:35.772,01:18:35.772,31455.432,0x8A,0x00,True,5,3.17,3.84,-0.47
01:19:05.758,01:19:05.758,31485.418,0x8A,0x00,True,4,3.19,3.77,-0.47
01:19:35.732,01:19:35.732,31515.392,0x8A,0x00,True,4,3.17,3.81,-0.46
01:20:05.732,01:20:05.732,31545.392,0x8A,0x00,True,4,3.16,3.8,-0.47
01:20:35.713,01:20:35.713,31575.373,0x8A,0x00,True,5,3.16,3.84,-0.48
01:21:05.707,01:21:05.707,31605.367,0x8A,0x00,True,4,3.14,3.82,-0.46
01:21:35.702,01:21:35.702,31635.362,0x8A,0x00,True,4,3.15,3.81,-0.47
01:22:05.678,01:22:05.678,31665.338,0x8A,0x00,True,4,3.16,3.81,-0.49
01:22:35.678,01:22:35.678,31695.338,0x8A,0x00,True,4,3.17,3.78,-0.48
01:23:05.668,01:23:05.668,31725.328,0x8A,0x00,True,4,3.21,3.79,-0.51
01:23:35.652,01:23:35.652,31755.312,0x8A,0x00,True,4,3.18,3.81,-0.49
01:24:05.628,01:24:05.628,31785.288,0x8A,0x00,True,4,3.18,3.77,-0.45
01:24:35.628,01:24:35.628,31815.288,0x8A,0x00,True,4,3.18,3.79,-0.53
01:25:05.612,01:25:05.612,31845.272,0x8A,0x00,True,4,3.14,3.78,-0.49
01:25:35.588,01:25:35.588,31875.248,0x8A,0x00,True,4,3.16,3.79,-0.46
01:26:05.593,01:26:05.593,31905.253,0x8A,0x00,True,4,3.15,3.78,-0.43
01:26:35.577,01:26:35.577,31935.237,0x8A,0x00,True,4,3.19,3.8,-0.51
01:27:05.568,01:27:05.568,31965.228,0x8A,0x00,True,4,3.16,3.76,-0.53
01:27:35.547,01:27:35.547,31995.207,0x8A,0x00,True,4,3.17,3.81,-0.44
01:28:05.543,01:28:05.543,32025.203,0x8A,0x00,True,4,3.17,3.82,-0.48
01:28:35.533,01:28:35.533,32055.193,0x8A,0x00,True,5,3.19,3.83,-0.44
01:29:05.518,01:29:05.518,32085.178,0x8A,0x00,True,4,3.18,3.81,-0.49
01:29:35.497,01:29:35.497,32115.157,0x8A,0x00,True,4,3.16,3.78,-0.49
01:30:05.498,01:30:05.498,32145.158,0x8A,0x00,True,5,3.18,3.83,-0.47
01:30:35.482,01:30:35.482,32175.142,0x8A,0x00,True,4,3.16,3.79,-0.48
01:31:05.462,01:31:05.462,32205.122,0x8A,0x00,True,4,3.2,3.8,-0.5
01:31:35.448,01:31:35.448,32235.108,0x8A,0x00,True,4,3.15,3.84,-0.42
01:32:05.465,01:32:05.465,32265.125,0x8A,0x00,True,4,3.16,3.79,-0.46
01:32:35.448,01:32:35.448,32295.108,0x8A,0x00,True,4,3.13,3.78,-0.48
01:33:05.446,01:33:05.446,32325.106,0x8A,0x00,True,4,3.16,3.81,-0.44
01:33:35.428,01:33:35.428,32355.088,0x8A,0x00,True,4,3.16,3.79,-0.48
01:34:05.423,01:34:05.423,32385.083,0x8A,0x00,True,4,3.18,3.78,-0.43
01:34:35.397,01:34:35.397,32415.057,0x8A,0x00,True,4,3.15,3.77,-0.48
01:35:05.397,01:35:05.397,32445.057,0x8A,0x00,True,4,3.15,3.78,-0.48
01:35:35.378,01:35:35.378,32475.038,0x8A,0x00,True,4,3.17,3.82,-0.48
01:36:05.368,01:36:05.368,32505.028,0x8A,0x00,True,5,3.2,3.83,-0.48
01:36:35.367,01:36:35.367,32535.027,0x8A,0x00,True,4,3.17,3.81,-0.43
01:37:05.357,01:37:05.357,32565.017,0x8A,0x00,True,4,3.19,3.79,-0.44
01:37:35.353,01:37:35.353,32595.013,0x8A,0x00,True,5,3.18,3.83,-0.52
01:38:05.338,01:38:05.338,32624.998,0x8A,0x00,True,4,3.16,3.79,-0.49
01:38:35.317,01:38:35.317,32654.977,0x8A,0x00,True,4,3.18,3.79,-0.46
01:39:05.312,01:39:05.312,32684.972,0x8A,0x00,True,4,3.17,3.8,-0.49
01:39:35.308,01:39:35.308,32714.968,0x8A,0x00,True,4,3.16,3.79,-0.46
01:40:05.303,01:40:05.303,32744.963,0x8A,0x00,True,4,3.16,3.8,-0.46
01:40:35.287,01:40:35.287,32774.947,0x8A,0x00,True,4,3.15,3.81,-0.47
01:41:05.285,01:41:05.285,32804.945,0x8A,0x00,True,4,3.16,3.79,-0.49
01:41:35.268,01:41:35.268,32834.928,0x8A,0x00,True,4,3.16,3.8,-0.46
01:42:05.253,01:42:05.253,32864.913,0x8A,0x00,True,4,3.18,3.76,-0.47
01:42:35.232,01:42:35.232,32894.892,0x8A,0x00,True,5,3.18,3.83,-0.47
01:43:05.228,01:43:05.228,32924.888,0x8A,0x00,True,4,3.19,3.79,-0.46
01:43:35.223,01:43:35.223,32954.883,0x8A,0x00,True,4,3.19,3.8,-0.47
01:44:05.212,01:44:05.212,32984.872,0x8A,0x00,True,4,3.2,3.77,-0.44
01:44:35.198,01:44:35.198,33014.858,0x8A,0x00,True,4,3.18,3.8,-0.49
01:45:05.187,01:45:05.187,33044.847,0x8A,0x00,True,4,3.17,3.77,-0.5
01:45:35.162,01:45:35.162,33074.822,0x8A,0x00,True,5,3.19,3.83,-0.5
01:46:05.166,01:46:05.166,33104.826,0x8A,0x00,True,4,3.15,3.78,-0.45
01:46:35.147,01:46:35.147,33134.807,0x8A,0x00,True,4,3.16,3.79,-0.46
01:47:05.143,01:47:05.143,33164.803,0x8A,0x00,True,4,3.15,3.8,-0.49
01:47:35.137,01:47:35.137,33194.797,0x8A,0x00,True,4,3.18,3.8,-0.48
01:48:05.128,01:48:05.128,33224.788,0x8A,0x00,True,4,3.18,3.8,-0.45
01:48:35.117,01:48:35.117,33254.777,0x8A,0x00,True,4,3.17,3.82,-0.51
01:49:05.112,01:49:05.112,33284.772,0x8A,0x00,True,5,3.18,3.82,-0.52
01:49:35.103,01:49:35.103,33314.763,0x8A,0x00,True,4,3.18,3.8,-0.43
01:50:05.083,01:50:05.083,33344.743,0x8A,0x00,True,4,3.2,3.74,-0.56
01:50:35.078,01:50:35.078,33374.738,0x8A,0x00,True,4,3.16,3.83,-0.47
01:51:05.072,01:51:05.072,33404.732,0x8A,0x00,True,4,3.18,3.82,-0.46
01:51:35.065,01:51:35.065,33434.725,0x8A,0x00,True,4,3.15,3.79,-0.49
01:52:05.062,01:52:05.062,33464.722,0x8A,0x00,True,4,3.15,3.78,-0.52
01:52:35.053,01:52:35.053,33494.713,0x8A,0x00,True,4,3.18,3.82,-0.47
01:53:05.042,01:53:05.042,33524.702,0x8A,0x00,True,5,3.22,3.79,-0.52
01:53:35.032,01:53:35.032,33554.692,0x8A,0x00,True,4,3.15,3.79,-0.5
01:54:05.018,01:54:05.018,33584.678,0x8A,0x00,True,4,3.17,3.79,-0.46
01:54:35.021,01:54:35.021,33614.681,0x8A,0x00,True,4,3.16,3.81,-0.48
01:55:05.002,01:55:05.002,33644.662,0x8A,0x00,True,5,3.18,3.83,-0.48
01:55:34.998,01:55:34.998,33674.658,0x8A,0x00,True,5,3.19,3.83,-0.47
01:56:04.978,01:56:04.978,33704.638,0x8A,0x00,True,4,3.16,3.79,-0.46
01:56:34.968,01:56:34.968,33734.628,0x8A,0x00,True,4,3.19,3.77,-0.47
01:57:04.968,01:57:04.968,33764.628,0x8A,0x00,True,4,3.17,3.8,-0.45
01:57:34.957,01:57:34.957,33794.617,0x8A,0x00,True,4,3.17,3.81,-0.42
01:58:04.952,01:58:04.952,33824.612,0x8A,0x00,True,5,3.18,3.84,-0.52
01:58:34.945,01:58:34.945,33854.605,0x8A,0x00,True,4,3.15,3.81,-0.47
01:59:04.941,01:59:04.941,33884.601,0x8A,0x00,True,4,3.18,3.82,-0.44
01:59:34.912,01:59:34.912,33914.572,0x8A,0x00,True,5,3.18,3.83,-0.48
02:00:04.912,02:00:04.912,33944.572,0x8A,0x00,True,4,3.18,3.8,-0.48
02:00:34.902,02:00:34.902,33974.562,0x8A,0x00,True,4,3.17,3.79,-0.51
02:01:04.893,02:01:04.893,34004.553,0x8A,0x00,True,4,3.18,3.76,-0.45
02:01:34.893,02:01:34.893,34034.553,0x8A,0x00,True,4,3.19,3.79,-0.46
02:02:04.888,02:02:04.888,34064.548,0x8A,0x00,True,4,3.17,3.79,-0.45
02:02:34.883,02:02:34.883,34094.543,0x8A,0x00,True,4,3.16,3.8,-0.51
02:03:04.873,02:03:04.873,34124.533,0x8A,0x00,True,4,3.16,3.81,-0.52
02:03:34.868,02:03:34.868,34154.528,0x8A,0x00,True,4,3.17,3.78,-0.51
02:04:04.857,02:04:04.857,34184.517,0x8A,0x00,True,4,3.16,3.78,-0.51
02:04:34.838,02:04:34.838,34214.498,0x8A,0x00,True,5,3.16,3.87,-0.55
02:05:04.833,02:05:04.833,34244.493,0x8A,0x00,True,4,3.18,3.79,-0.48
02:05:34.838,02:05:34.838,34274.498,0x8A,0x00,True,4,3.17,3.79,-0.47
02:06:04.817,02:06:04.817,34304.477,0x8A,0x00,True,4,3.15,3.8,-0.44
02:06:34.817,02:06:34.817,34334.477,0x8A,0x00,True,4,3.17,3.81,-0.46
02:07:04.812,02:07:04.812,34364.472,0x8A,0x00,True,4,3.14,3.8,-0.48
02:07:34.798,02:07:34.798,34394.458,0x8A,0x00,True,4,3.15,3.79,-0.44
02:08:04.798,02:08:04.798,34424.458,0x8A,0x00,True,4,3.15,3.75,-0.5
02:08:34.785,02:08:34.785,34454.445,0x8A,0x00,True,5,3.18,3.83,-0.5
02:09:04.783,02:09:04.783,34484.443,0x8A,0x00,True,4,3.16,3.78,-0.47
02:09:34.763,02:09:34.763,34514.423,0x8A,0x00,True,4,3.18,3.81,-0.47
02:10:04.768,02:10:04.768,34544.428,0x8A,0x00,True,4,3.17,3.79,-0.57
02:10:34.747,02:10:34.747,34574.407,0x8A,0x00,True,5,3.17,3.85,-0.51
02:11:04.752,02:11:04.752,34604.412,0x8A,0x00,True,4,3.2,3.8,-0.5
02:11:34.732,02:11:34.732,34634.392,0x8A,0x00,True,4,3.17,3.79,-0.45
02:12:04.737,02:12:04.737,34664.397,0x8A,0x00,True,4,3.16,3.83,-0.46
02:12:34.737,02:12:34.737,34694.397,0x8A,0x00,True,4,3.17,3.79,-0.48
02:13:04.728,02:13:04.728,34724.388,0x8A,0x00,True,5,3.18,3.83,-0.43
02:13:34.723,02:13:34.723,34754.383,0x8A,0x00,True,4,3.16,3.81,-0.49
02:14:04.713,02:14:04.713,34784.373,0x8A,0x00,True,4,3.16,3.81,-0.55
02:14:34.707,02:14:34.707,34814.367,0x8A,0x00,True,4,3.17,3.79,-0.46
02:15:04.683,02:15:04.683,34844.343,0x8A,0x00,True,5,3.17,3.85,-0.55
02:15:34.678,02:15:34.678,34874.338,0x8A,0x00,True,4,3.15,3.79,-0.48
02:16:04.673,02:16:04.673,34904.333,0x8A,0x00,True,4,3.18,3.8,-0.46
02:16:34.678,02:16:34.678,34934.338,0x8A,0x00,True,4,3.17,3.82,-0.47
02:17:04.662,02:17:04.662,34964.322,0x8A,0x00,True,4,3.19,3.81,-0.46
02:17:34.668,02:17:34.668,34994.328,0x8A,0x00,True,5,3.18,3.82,-0.52
02:18:04.663,02:18:04.663,35024.323,0x8A,0x00,True,5,3.17,3.83,-0.47
02:18:34.648,02:18:34.648,35054.308,0x8A,0x00,True,5,3.21,3.83,-0.52
02:19:04.647,02:19:04.647,35084.307,0x8A,0x00,True,5,3.17,3.83,-0.5
02:19:34.643,02:19:34.643,35114.303,0x8A,0x00,True,4,3.16,3.81,-0.49
02:20:04.623,02:20:04.623,35144.283,0x8A,0x00,True,4,3.16,3.83,-0.44
02:20:34.627,02:20:34.627,35174.287,0x8A,0x00,True,4,3.2,3.79,-0.48
02:21:04.617,02:21:04.617,35204.277,0x8A,0x00,True,5,3.2,3.81,-0.45
02:21:34.593,02:21:34.593,35234.253,0x8A,0x00,True,4,3.18,3.81,-0.49
02:22:04.597,02:22:04.597,35264.257,0x8A,0x00,True,4,3.16,3.79,-0.46
02:22:34.586,02:22:34.586,35294.246,0x8A,0x00,True,4,3.16,3.77,-0.48
02:23:04.563,02:23:04.563,35324.223,0x8A,0x00,True,4,3.17,3.8,-0.46
02:23:34.581,02:23:34.581,35354.241,0x8A,0x00,True,4,3.15,3.81,-0.52
02:24:04.562,02:24:04.562,35384.222,0x8A,0x00,True,4,3.17,3.8,-0.47
02:24:34.553,02:24:34.553,35414.213,0x8A,0x00,True,4,3.19,3.8,-0.49
02:25:04.542,02:25:04.542,35444.202,0x8A,0x00,True,5,3.18,3.81,-0.54
02:25:34.527,02:25:34.527,35474.187,0x8A,0x00,True,5,3.19,3.81,-0.5
02:26:04.518,02:26:04.518,35504.178,0x8A,0x00,True,4,3.18,3.79,-0.47
02:26:34.503,02:26:34.503,35534.163,0x8A,0x00,True,4,3.17,3.82,-0.5
02:27:04.502,02:27:04.502,35564.162,0x8A,0x00,True,4,3.16,3.8,-0.45
02:27:34.497,02:27:34.497,35594.157,0x8A,0x00,True,4,3.18,3.81,-0.49
02:28:04.487,02:28:04.487,35624.147,0x8A,0x00,True,4,3.15,3.81,-0.49
02:28:34.482,02:28:34.482,35654.142,0x8A,0x00,True,4,3.15,3.84,-0.44
02:29:04.463,02:29:04.463,35684.123,0x8A,0x00,True,4,3.14,3.83,-0.5
02:29:34.447,02:29:34.447,35714.107,0x8A,0x00,True,4,3.16,3.8,-0.47
02:30:04.437,02:30:04.437,35744.097,0x8A,0x00,True,5,3.19,3.81,-0.47
02:30:34.428,02:30:34.428,35774.088,0x8A,0x00,True,4,3.16,3.79,-0.49
02:31:04.437,02:31:04.437,35804.097,0x8A,0x00,True,5,3.18,3.83,-0.47
02:31:34.426,02:31:34.426,35834.086,0x8A,0x00,True,4,3.18,3.81,-0.49
02:32:04.403,02:32:04.403,35864.063,0x8A,0x00,True,4,3.15,3.83,-0.46
02:32:34.407,02:32:34.407,35894.067,0x8A,0x00,True,5,3.2,3.84,-0.5
02:33:04.403,02:33:04.403,35924.063,0x8A,0x00,True,4,3.16,3.8,-0.46
02:33:34.377,02:33:34.377,35954.037,0x8A,0x00,True,5,3.17,3.83,-0.46
02:34:04.388,02:34:04.388,35984.048,0x8A,0x00,True,5,3.18,3.84,-0.48
02:34:34.373,02:34:34.373,36014.033,0x8A,0x00,True,4,3.16,3.79,-0.47
02:35:04.358,02:35:04.358,36044.018,0x8A,0x00,True,5,3.17,3.84,-0.45
02:35:34.357,02:35:34.357,36074.017,0x8A,0x00,True,4,3.17,3.8,-0.47
02:36:04.348,02:36:04.348,36104.008,0x8A,0x00,True,4,3.15,3.78,-0.48
02:36:34.343,02:36:34.343,36134.003,0x8A,0x00,True,4,3.15,3.81,-0.53
02:37:04.343,02:37:04.343,36164.003,0x8A,0x00,True,4,3.18,3.79,-0.49
02:37:34.333,02:37:34.333,36193.993,0x8A,0x00,True,4,3.18,3.81,-0.52
02:38:04.328,02:38:04.328,36223.988,0x8A,0x00,True,4,3.14,3.79,-0.51
02:38:34.312,02:38:34.312,36253.972,0x8A,0x00,True,4,3.17,3.79,-0.46
02:39:04.298,02:39:04.298,36283.958,0x8A,0x00,True,4,3.18,3.79,-0.51
02:39:34.303,02:39:34.303,36313.963,0x8A,0x00,True,4,3.16,3.79,-0.51
02:40:04.282,02:40:04.282,36343.942,0x8A,0x00,True,5,3.2,3.83,-0.51
02:40:34.268,02:40:34.268,36373.928,0x8A,0x00,True,4,3.17,3.81,-0.47
02:41:04.263,02:41:04.263,36403.923,0x8A,0x00,True,4,3.17,3.8,-0.5
02:41:34.258,02:41:34.258,36433.918,0x8A,0x00,True,4,3.17,3.8,-0.51
02:42:04.253,02:42:04.253,36463.913,0x8A,0x00,True,5,3.21,3.81,-0.5
02:42:34.253,02:42:34.253,36493.913,0x8A,0x00,True,4,3.17,3.83,-0.43
02:43:04.237,02:43:04.237,36523.897,0x8A,0x00,True,4,3.16,3.81,-0.55
02:43:34.228,02:43:34.228,36553.888,0x8A,0x00,True,4,3.15,3.81,-0.48
02:44:04.213,02:44:04.213,36583.873,0x8A,0x00,True,5,3.18,3.82,-0.56
02:44:34.213,02:44:34.213,36613.873,0x8A,0x00,True,4,3.17,3.77,-0.51
02:45:04.197,02:45:04.197,36643.857,0x8A,0x00,True,4,3.18,3.78,-0.43
02:45:34.197,02:45:34.197,36673.857,0x8A,0x00,True,4,3.16,3.8,-0.47
02:46:04.183,02:46:04.183,36703.843,0x8A,0x00,True,4,3.17,3.77,-0.49
02:46:34.173,02:46:34.173,36733.833,0x8A,0x00,True,4,3.17,3.8,-0.46
02:47:04.152,02:47:04.152,36763.812,0x8A,0x00,True,5,3.18,3.83,-0.54
02:47:34.147,02:47:34.147,36793.807,0x8A,0x00,True,4,3.17,3.79,-0.46
02:48:04.143,02:48:04.143,36823.803,0x8A,0x00,True,4,3.17,3.81,-0.48
02:48:34.123,02:48:34.123,36853.783,0x8A,0x00,True,4,3.21,3.79,-0.5
02:49:04.128,02:49:04.128,36883.788,0x8A,0x00,True,4,3.16,3.84,-0.41
02:49:34.103,02:49:34.103,36913.763,0x8A,0x00,True,4,3.15,3.83,-0.47
02:50:04.107,02:50:04.107,36943.767,0x8A,0x00,True,4,3.16,3.83,-0.45
02:50:34.093,02:50:34.093,36973.753,0x8A,0x00,True,4,3.18,3.79,-0.5
02:51:04.082,02:51:04.082,37003.742,0x8A,0x00,True,4,3.18,3.8,-0.49
02:51:34.072,02:51:34.072,37033.732,0x8A,0x00,True,4,3.17,3.81,-0.47
02:52:04.068,02:52:04.068,37063.728,0x8A,0x00,True,4,3.14,3.76,-0.5
02:52:34.053,02:52:34.053,37093.713,0x8A,0x00,True,4,3.17,3.8,-0.5
02:53:04.033,02:53:04.033,37123.693,0x8A,0x00,True,4,3.17,3.82,-0.41
02:53:34.023,02:53:34.023,37153.683,0x8A,0x00,True,4,3.15,3.79,-0.51
02:54:04.022,02:54:04.022,37183.682,0x8A,0x00,True,4,3.18,3.78,-0.43
02:54:34.018,02:54:34.018,37213.678,0x8A,0x00,True,4,3.17,3.79,-0.54
02:55:04.007,02:55:04.007,37243.667,0x8A,0x00,True,4,3.14,3.84,-0.5
02:55:34.008,02:55:34.008,37273.668,0x8A,0x00,True,4,3.14,3.79,-0.49
02:56:03.987,02:56:03.987,37303.647,0x8A,0x00,True,4,3.13,3.78,-0.43
02:56:33.973,02:56:33.973,37333.633,0x8A,0x00,True,4,3.17,3.79,-0.51
02:57:03.978,02:57:03.978,37363.638,0x8A,0x00,True,4,3.18,3.77,-0.46
02:57:33.952,02:57:33.952,37393.612,0x8A,0x00,True,4,3.16,3.81,-0.49
02:58:03.959,02:58:03.959,37423.619,0x8A,0x00,True,4,3.16,3.8,-0.49
02:58:33.942,02:58:33.942,37453.602,0x8A,0x00,True,4,3.14,3.8,-0.46
02:59:03.937,02:59:03.937,37483.597,0x8A,0x00,True,4,3.16,3.79,-0.49
02:59:33.928,02:59:33.928,37513.588,0x8A,0x00,True,4,3.16,3.81,-0.49
03:00:03.923,03:00:03.923,37543.583,0x8A,0x00,True,4,3.2,3.78,-0.47
03:00:33.907,03:00:33.907,37573.567,0x8A,0x00,True,4,3.15,3.83,-0.48
03:01:03.897,03:01:03.897,37603.557,0x8A,0x00,True,4,3.16,3.79,-0.48
03:01:33.878,03:01:33.878,37633.538,0x8A,0x00,True,4,3.16,3.84,-0.46
03:02:03.873,03:02:03.873,37663.533,0x8A,0x00,True,4,3.15,3.82,-0.45
03:02:33.867,03:02:33.867,37693.527,0x8A,0x00,True,4,3.16,3.78,-0.42
03:03:03.857,03:03:03.857,37723.517,0x8A,0x00,True,4,3.16,3.76,-0.49
03:03:33.848,03:03:33.848,37753.508,0x8A,0x00,True,5,3.19,3.83,-0.51
03:04:03.857,03:04:03.857,37783.517,0x8A,0x00,True,4,3.2,3.79,-0.47
03:04:33.843,03:04:33.843,37813.503,0x8A,0x00,True,4,3.16,3.79,-0.43
03:05:03.832,03:05:03.832,37843.492,0x8A,0x00,True,4,3.14,3.79,-0.48
03:05:33.827,03:05:33.827,37873.487,0x8A,0x00,True,4,3.18,3.8,-0.5
03:06:03.822,03:06:03.822,37903.482,0x8A,0x00,True,4,3.15,3.81,-0.47
03:06:33.798,03:06:33.798,37933.458,0x8A,0x00,True,4,3.18,3.79,-0.46
03:07:03.793,03:07:03.793,37963.453,0x8A,0x00,True,4,3.18,3.79,-0.42
03:07:33.782,03:07:33.782,37993.442,0x8A,0x00,True,5,3.22,3.82,-0.47
03:08:03.787,03:08:03.787,38023.447,0x8A,0x00,True,5,3.23,3.79,-0.48
03:08:33.786,03:08:33.786,38053.446,0x8A,0x00,True,5,3.22,3.81,-0.48
03:09:03.772,03:09:03.772,38083.432,0x8A,0x00,True,4,3.15,3.8,-0.41
03:09:33.768,03:09:33.768,38113.428,0x8A,0x00,True,4,3.18,3.76,-0.52
03:10:03.757,03:10:03.757,38143.417,0x8A,0x00,True,4,3.17,3.81,-0.47
03:10:33.747,03:10:33.747,38173.407,0x8A,0x00,True,4,3.15,3.8,-0.48
03:11:03.747,03:11:03.747,38203.407,0x8A,0x00,True,5,3.2,3.82,-0.44
03:11:33.732,03:11:33.732,38233.392,0x8A,0x00,True,4,3.19,3.81,-0.47
03:12:03.718,03:12:03.718,38263.378,0x8A,0x00,True,4,3.17,3.8,-0.49
03:12:33.723,03:12:33.723,38293.383,0x8A,0x00,True,5,3.2,3.81,-0.44
03:13:03.702,03:13:03.702,38323.362,0x8A,0x00,True,5,3.2,3.81,-0.46
03:13:33.702,03:13:33.702,38353.362,0x8A,0x00,True,5,3.2,3.8,-0.47
03:14:03.698,03:14:03.698,38383.358,0x8A,0x00,True,4,3.18,3.82,-0.44
03:14:33.705,03:14:33.705,38413.365,0x8A,0x00,True,4,3.18,3.81,-0.52
03:15:03.687,03:15:03.687,38443.347,0x8A,0x00,True,4,3.17,3.8,-0.49
03:15:33.687,03:15:33.687,38473.347,0x8A,0x00,True,5,3.19,3.83,-0.49
03:16:03.683,03:16:03.683,38503.343,0x8A,0x00,True,4,3.19,3.79,-0.49
03:16:33.673,03:16:33.673,38533.333,0x8A,0x00,True,4,3.16,3.78,-0.44
03:17:03.667,03:17:03.667,38563.327,0x8A,0x00,True,4,3.13,3.79,-0.48
03:17:33.657,03:17:33.657,38593.317,0x8A,0x00,True,5,3.21,3.81,-0.5
03:18:03.652,03:18:03.652,38623.312,0x8A,0x00,True,4,3.18,3.8,-0.44
03:18:33.638,03:18:33.638,38653.298,0x8A,0x00,True,5,3.18,3.82,-0.5
03:19:03.643,03:19:03.643,38683.303,0x8A,0x00,True,4,3.18,3.79,-0.48
03:19:33.623,03:19:33.623,38713.283,0x8A,0x00,True,4,3.16,3.77,-0.43
03:20:03.628,03:20:03.628,38743.288,0x8A,0x00,True,4,3.15,3.8,-0.48
03:20:33.621,03:20:33.621,38773.281,0x8A,0x00,True,4,3.16,3.78,-0.41
03:21:03.603,03:21:03.603,38803.263,0x8A,0x00,True,4,3.17,3.82,-0.47
03:21:33.607,03:21:33.607,38833.267,0x8A,0x00,True,4,3.17,3.76,-0.45
03:22:03.603,03:22:03.603,38863.263,0x8A,0x00,True,4,3.15,3.8,-0.46
03:22:33.588,03:22:33.588,38893.248,0x8A,0x00,True,5,3.21,3.81,-0.49
03:23:03.572,03:23:03.572,38923.232,0x8A,0x00,True,4,3.16,3.8,-0.45
03:23:33.577,03:23:33.577,38953.237,0x8A,0x00,True,4,3.16,3.8,-0.49
03:24:03.558,03:24:03.558,38983.218,0x8A,0x00,True,4,3.17,3.8,-0.52
03:24:33.553,03:24:33.553,39013.213,0x8A,0x00,True,4,3.14,3.78,-0.44
03:25:03.548,03:25:03.548,39043.208,0x8A,0x00,True,4,3.15,3.8,-0.45
03:25:33.553,03:25:33.553,39073.213,0x8A,0x00,True,4,3.16,3.79,-0.46
03:26:03.546,03:26:03.546,39103.206,0x8A,0x00,True,4,3.11,3.83,-0.48
03:26:33.543,03:26:33.543,39133.203,0x8A,0x00,True,4,3.18,3.81,-0.49
03:27:03.532,03:27:03.532,39163.192,0x8A,0x00,True,4,3.16,3.8,-0.49
03:27:33.532,03:27:33.532,39193.192,0x8A,0x00,True,4,3.16,3.76,-0.44
03:28:03.522,03:28:03.522,39223.182,0x8A,0x00,True,4,3.17,3.76,-0.5
03:28:33.513,03:28:33.513,39253.173,0x8A,0x00,True,4,3.18,3.8,-0.46
03:29:03.497,03:29:03.497,39283.157,0x8A,0x00,True,4,3.16,3.81,-0.44
03:29:33.502,03:29:33.502,39313.162,0x8A,0x00,True,4,3.15,3.8,-0.44
03:30:03.498,03:30:03.498,39343.158,0x8A,0x00,True,5,3.21,3.82,-0.52
03:30:33.485,03:30:33.485,39373.145,0x8A,0x00,True,4,3.2,3.8,-0.5
03:31:03.482,03:31:03.482,39403.142,0x8A,0x00,True,4,3.15,3.8,-0.5
03:31:33.468,03:31:33.468,39433.128,0x8A,0x00,True,4,3.17,3.83,-0.5
03:32:03.463,03:32:03.463,39463.123,0x8A,0x00,True,5,3.2,3.81,-0.47
03:32:33.457,03:32:33.457,39493.117,0x8A,0x00,True,4,3.17,3.77,-0.5
03:33:03.453,03:33:03.453,39523.113,0x8A,0x00,True,4,3.17,3.77,-0.49
03:33:33.442,03:33:33.442,39553.102,0x8A,0x00,True,4,3.16,3.82,-0.47
03:34:03.428,03:34:03.428,39583.088,0x8A,0x00,True,4,3.17,3.77,-0.46
03:34:33.433,03:34:33.433,39613.093,0x8A,0x00,True,4,3.16,3.8,-0.47
03:35:03.423,03:35:03.423,39643.083,0x8A,0x00,True,4,3.12,3.81,-0.41
03:35:33.426,03:35:33.426,39673.086,0x8A,0x00,True,4,3.16,3.81,-0.47
03:36:03.402,03:36:03.402,39703.062,0x8A,0x00,True,5,3.15,3.85,-0.51
03:36:33.415,03:36:33.415,39733.075,0x8A,0x00,True,4,3.15,3.8,-0.43
03:37:03.388,03:37:03.388,39763.048,0x8A,0x00,True,4,3.16,3.8,-0.52
03:37:33.393,03:37:33.393,39793.053,0x8A,0x00,True,4,3.15,3.8,-0.49
03:38:03.378,03:38:03.378,39823.038,0x8A,0x00,True,4,3.19,3.81,-0.44
03:38:33.362,03:38:33.362,39853.022,0x8A,0x00,True,4,3.17,3.81,-0.45
03:39:03.373,03:39:03.373,39883.033,0x8A,0x00,True,4,3.17,3.8,-0.47
03:39:33.353,03:39:33.353,39913.013,0x8A,0x00,True,4,3.17,3.8,-0.47
03:40:03.353,03:40:03.353,39943.013,0x8A,0x00,True,4,3.16,3.79,-0.45
03:40:33.343,03:40:33.343,39973.003,0x8A,0x00,True,4,3.18,3.81,-0.48
03:41:03.338,03:41:03.338,40002.998,0x8A,0x00,True,4,3.17,3.79,-0.53
03:41:33.323,03:41:33.323,40032.983,0x8A,0x00,True,5,3.18,3.83,-0.46
03:42:03.322,03:42:03.322,40062.982,0x8A,0x00,True,4,3.19,3.79,-0.46
03:42:33.317,03:42:33.317,40092.977,0x8A,0x00,True,4,3.19,3.81,-0.44
03:43:03.303,03:43:03.303,40122.963,0x8A,0x00,True,4,3.17,3.83,-0.45
03:43:33.303,03:43:33.303,40152.963,0x8A,0x00,True,5,3.22,3.89,-0.52
03:44:03.308,03:44:03.308,40182.968,0x8A,0x00,True,4,3.17,3.81,-0.45
03:44:33.303,03:44:33.303,40212.963,0x8A,0x00,True,5,3.19,3.82,-0.49
03:45:03.297,03:45:03.297,40242.957,0x8A,0x00,True,5,3.19,3.82,-0.47
03:45:33.282,03:45:33.282,40272.942,0x8A,0x00,True,4,3.16,3.81,-0.49
03:46:03.282,03:46:03.282,40302.942,0x8A,0x00,True,4,3.19,3.8,-0.49
03:46:33.272,03:46:33.272,40332.932,0x8A,0x00,True,4,3.17,3.82,-0.45
03:47:03.268,03:47:03.268,40362.928,0x8A,0x00,True,4,3.18,3.81,-0.47
03:47:33.258,03:47:33.258,40392.918,0x8A,0x00,True,4,3.17,3.81,-0.49
03:48:03.238,03:48:03.238,40422.898,0x8A,0x00,True,4,3.17,3.81,-0.44
03:48:33.243,03:48:33.243,40452.903,0x8A,0x00,True,4,3.16,3.8,-0.49
03:49:03.223,03:49:03.223,40482.883,0x8A,0x00,True,5,3.16,3.83,-0.49
03:49:33.217,03:49:33.217,40512.877,0x8A,0x00,True,4,3.16,3.82,-0.47
03:50:03.226,03:50:03.226,40542.886,0x8A,0x00,True,4,3.17,3.82,-0.51
03:50:33.202,03:50:33.202,40572.862,0x8A,0x00,True,4,3.17,3.79,-0.49
03:51:03.208,03:51:03.208,40602.868,0x8A,0x00,True,4,3.2,3.81,-0.43
03:51:33.197,03:51:33.197,40632.857,0x8A,0x00,True,5,3.21,3.83,-0.47
03:52:03.193,03:52:03.193,40662.853,0x8A,0x00,True,4,3.17,3.81,-0.47
03:52:33.187,03:52:33.187,40692.847,0x8A,0x00,True,4,3.16,3.84,-0.48
03:53:03.178,03:53:03.178,40722.838,0x8A,0x00,True,4,3.21,3.79,-0.43
03:53:33.158,03:53:33.158,40752.818,0x8A,0x00,True,4,3.18,3.8,-0.49
03:54:03.152,03:54:03.152,40782.812,0x8A,0x00,True,4,3.17,3.81,-0.52
03:54:33.143,03:54:33.143,40812.803,0x8A,0x00,True,4,3.15,3.82,-0.47
03:55:03.147,03:55:03.147,40842.807,0x8A,0x00,True,4,3.2,3.79,-0.5
03:55:33.127,03:55:33.127,40872.787,0x8A,0x00,True,4,3.2,3.79,-0.52
03:56:03.146,03:56:03.146,40902.806,0x8A,0x00,True,4,3.16,3.83,-0.5
03:56:33.128,03:56:33.128,40932.788,0x8A,0x00,True,5,3.16,3.84,-0.47
03:57:03.126,03:57:03.126,40962.786,0x8A,0x00,True,4,3.18,3.79,-0.48
03:57:33.112,03:57:33.112,40992.772,0x8A,0x00,True,4,3.18,3.8,-0.46
03:58:03.121,03:58:03.121,41022.781,0x8A,0x00,True,4,3.18,3.8,-0.48
03:58:33.103,03:58:33.103,41052.763,0x8A,0x00,True,4,3.17,3.82,-0.5
03:59:03.082,03:59:03.082,41082.742,0x8A,0x00,True,4,3.15,3.79,-0.49
03:59:33.088,03:59:33.088,41112.748,0x8A,0x00,True,4,3.15,3.8,-0.47
04:00:03.068,04:00:03.068,41142.728,0x8A,0x00,True,4,3.17,3.79,-0.48
04:00:33.063,04:00:33.063,41172.723,0x8A,0x00,True,4,3.16,3.81,-0.46
04:01:03.065,04:01:03.065,41202.725,0x8A,0x00,True,4,3.16,3.82,-0.43
04:01:33.053,04:01:33.053,41232.713,0x8A,0x00,True,4,3.18,3.81,-0.5
04:02:03.053,04:02:03.053,41262.713,0x8A,0x00,True,4,3.16,3.81,-0.52
04:02:33.047,04:02:33.047,41292.707,0x8A,0x00,True,5,3.18,3.83,-0.45
04:03:03.048,04:03:03.048,41322.708,0x8A,0x00,True,4,3.16,3.79,-0.43
04:03:33.043,04:03:33.043,41352.703,0x8A,0x00,True,4,3.18,3.77,-0.48
04:04:03.032,04:04:03.032,41382.692,0x8A,0x00,True,5,3.19,3.85,-0.48
04:04:33.013,04:04:33.013,41412.673,0x8A,0x00,True,4,3.17,3.78,-0.47
04:05:03.018,04:05:03.018,41442.678,0x8A,0x00,True,4,3.17,3.8,-0.49
04:05:32.998,04:05:32.998,41472.658,0x8A,0x00,True,4,3.14,3.76,-0.43
04:06:02.992,04:06:02.992,41502.652,0x8A,0x00,True,4,3.18,3.79,-0.46
04:06:32.988,04:06:32.988,41532.648,0x8A,0x00,True,4,3.18,3.81,-0.47
04:07:02.992,04:07:02.992,41562.652,0x8A,0x00,True,5,3.2,3.8,-0.53
04:07:32.978,04:07:32.978,41592.638,0x8A,0x00,True,4,3.17,3.81,-0.44
04:08:02.973,04:08:02.973,41622.633,0x8A,0x00,True,4,3.18,3.81,-0.47
04:08:32.973,04:08:32.973,41652.633,0x8A,0x00,True,4,3.18,3.81,-0.48
04:09:02.968,04:09:02.968,41682.628,0x8A,0x00,True,4,3.19,3.8,-0.48
04:09:32.958,04:09:32.958,41712.618,0x8A,0x00,True,4,3.18,3.79,-0.5
04:10:02.947,04:10:02.947,41742.607,0x8A,0x00,True,4,3.17,3.79,-0.46
04:10:32.936,04:10:32.936,41772.596,0x8A,0x00,True,4,3.15,3.83,-0.47
04:11:02.933,04:11:02.933,41802.593,0x8A,0x00,True,4,3.18,3.81,-0.5
04:11:32.933,04:11:32.933,41832.593,0x8A,0x00,True,4,3.17,3.79,-0.49
04:12:02.908,04:12:02.908,41862.568,0x8A,0x00,True,4,3.17,3.81,-0.49
04:12:32.903,04:12:32.903,41892.563,0x8A,0x00,True,4,3.15,3.81,-0.44
04:13:02.906,04:13:02.906,41922.566,0x8A,0x00,True,4,3.17,3.81,-0.49
04:13:32.894,04:13:32.894,41952.554,0x8A,0x00,True,4,3.19,3.81,-0.45
04:14:02.888,04:14:02.888,41982.548,0x8A,0x00,True,4,3.16,3.81,-0.45
04:14:32.868,04:14:32.868,42012.528,0x8A,0x00,True,4,3.2,3.75,-0.45
04:15:02.873,04:15:02.873,42042.533,0x8A,0x00,True,4,3.18,3.81,-0.47
04:15:32.867,04:15:32.867,42072.527,0x8A,0x00,True,4,3.16,3.8,-0.48
04:16:02.853,04:16:02.853,42102.513,0x8A,0x00,True,4,3.18,3.81,-0.47
04:16:32.837,04:16:32.837,42132.497,0x8A,0x00,True,4,3.17,3.8,-0.49
04:17:02.838,04:17:02.838,42162.498,0x8A,0x00,True,5,3.18,3.83,-0.49
04:17:32.827,04:17:32.827,42192.487,0x8A,0x00,True,4,3.17,3.81,-0.53
04:18:02.833,04:18:02.833,42222.493,0x8A,0x00,True,5,3.16,3.86,-0.46
04:18:32.808,04:18:32.808,42252.468,0x8A,0x00,True,5,3.19,3.83,-0.42
04:19:02.818,04:19:02.818,42282.478,0x8A,0x00,True,5,3.21,3.79,-0.48
04:19:32.808,04:19:32.808,42312.468,0x8A,0x00,True,4,3.19,3.8,-0.5
04:20:02.803,04:20:02.803,42342.463,0x8A,0x00,True,4,3.2,3.78,-0.5
04:20:32.798,04:20:32.798,42372.458,0x8A,0x00,True,4,3.18,3.81,-0.48
04:21:02.797,04:21:02.797,42402.457,0x8A,0x00,True,4,3.17,3.81,-0.46
04:21:32.782,04:21:32.782,42432.442,0x8A,0x00,True,5,3.19,3.83,-0.48
04:22:02.777,04:22:02.777,42462.437,0x8A,0x00,True,4,3.15,3.79,-0.46
04:22:32.780,04:22:32.780,42492.44,0x8A,0x00,True,4,3.17,3.8,-0.49
04:23:02.753,04:23:02.753,42522.413,0x8A,0x00,True,5,3.2,3.82,-0.47
04:23:32.747,04:23:32.747,42552.407,0x8A,0x00,True,5,3.21,3.79,-0.5
04:24:02.742,04:24:02.742,42582.402,0x8A,0x00,True,4,3.15,3.79,-0.49
04:24:32.747,04:24:32.747,42612.407,0x8A,0x00,True,4,3.14,3.77,-0.47
04:25:02.737,04:25:02.737,42642.397,0x8A,0x00,True,5,3.19,3.81,-0.47
04:25:32.737,04:25:32.737,42672.397,0x8A,0x00,True,4,3.17,3.82,-0.46
04:26:02.732,04:26:02.732,42702.392,0x8A,0x00,True,4,3.2,3.8,-0.44
04:26:32.735,04:26:32.735,42732.395,0x8A,0x00,True,5,3.2,3.82,-0.5
04:27:02.708,04:27:02.708,42762.368,0x8A,0x00,True,4,3.18,3.8,-0.46
04:27:32.708,04:27:32.708,42792.368,0x8A,0x00,True,5,3.21,3.86,-0.49
04:28:02.708,04:28:02.708,42822.368,0x8A,0x00,True,4,3.14,3.84,-0.5
04:28:32.697,04:28:32.697,42852.357,0x8A,0x00,True,4,3.16,3.79,-0.48
04:29:02.678,04:29:02.678,42882.338,0x8A,0x00,True,5,3.2,3.82,-0.49
04:29:32.668,04:29:32.668,42912.328,0x8A,0x00,True,5,3.2,3.83,-0.47
04:30:02.672,04:30:02.672,42942.332,0x8A,0x00,True,4,3.17,3.8,-0.52
04:30:32.666,04:30:32.666,42972.326,0x8A,0x00,True,4,3.15,3.81,-0.44
04:31:02.657,04:31:02.657,43002.317,0x8A,0x00,True,4,3.14,3.82,-0.47
04:31:32.647,04:31:32.647,43032.307,0x8A,0x00,True,4,3.21,3.78,-0.47
04:32:02.638,04:32:02.638,43062.298,0x8A,0x00,True,4,3.17,3.82,-0.45
04:32:32.633,04:32:32.633,43092.293,0x8A,0x00,True,4,3.16,3.8,-0.46
04:33:02.622,04:33:02.622,43122.282,0x8A,0x00,True,4,3.14,3.83,-0.5
04:33:32.618,04:33:32.618,43152.278,0x8A,0x00,True,4,3.14,3.8,-0.52
04:34:02.598,04:34:02.598,43182.258,0x8A,0x00,True,4,3.16,3.81,-0.46
04:34:32.588,04:34:32.588,43212.248,0x8A,0x00,True,5,3.15,3.84,-0.5
04:35:02.591,04:35:02.591,43242.251,0x8A,0x00,True,4,3.2,3.79,-0.55
04:35:32.588,04:35:32.588,43272.248,0x8A,0x00,True,4,3.17,3.8,-0.49
04:36:02.578,04:36:02.578,43302.238,0x8A,0x00,True,4,3.15,3.8,-0.45
04:36:32.562,04:36:32.562,43332.222,0x8A,0x00,True,4,3.17,3.79,-0.5
04:37:02.573,04:37:02.573,43362.233,0x8A,0x00,True,4,3.16,3.82,-0.46
04:37:32.562,04:37:32.562,43392.222,0x8A,0x00,True,4,3.18,3.78,-0.48
04:38:02.558,04:38:02.558,43422.218,0x8A,0x00,True,4,3.14,3.83,-0.53
04:38:32.553,04:38:32.553,43452.213,0x8A,0x00,True,4,3.18,3.78,-0.45
04:39:02.543,04:39:02.543,43482.203,0x8A,0x00,True,4,3.18,3.79,-0.46
04:39:32.537,04:39:32.537,43512.197,0x8A,0x00,True,4,3.16,3.81,-0.5
04:40:02.533,04:40:02.533,43542.193,0x8A,0x00,True,4,3.18,3.79,-0.46
04:40:32.513,04:40:32.513,43572.173,0x8A,0x00,True,4,3.16,3.8,-0.49
04:41:02.503,04:41:02.503,43602.163,0x8A,0x00,True,5,3.17,3.83,-0.51
04:41:32.502,04:41:32.502,43632.162,0x8A,0x00,True,5,3.18,3.83,-0.54
04:42:02.508,04:42:02.508,43662.168,0x8A,0x00,True,5,3.21,3.79,-0.46
04:42:32.503,04:42:32.503,43692.163,0x8A,0x00,True,4,3.16,3.81,-0.47
04:43:02.482,04:43:02.482,43722.142,0x8A,0x00,True,4,3.2,3.76,-0.47
04:43:32.473,04:43:32.473,43752.133,0x8A,0x00,True,5,3.18,3.82,-0.49
04:44:02.473,04:44:02.473,43782.133,0x8A,0x00,True,4,3.18,3.78,-0.48
04:44:32.468,04:44:32.468,43812.128,0x8A,0x00,True,5,3.2,3.81,-0.51
04:45:02.464,04:45:02.464,43842.124,0x8A,0x00,True,5,3.18,3.84,-0.48
04:45:32.448,04:45:32.448,43872.108,0x8A,0x00,True,4,3.18,3.8,-0.44
04:46:02.437,04:46:02.437,43902.097,0x8A,0x00,True,4,3.18,3.8,-0.48
04:46:32.423,04:46:32.423,43932.083,0x8A,0x00,True,4,3.18,3.81,-0.48
04:47:02.423,04:47:02.423,43962.083,0x8A,0x00,True,5,3.19,3.82,-0.52
04:47:32.423,04:47:32.423,43992.083,0x8A,0x00,True,4,3.19,3.8,-0.43
04:48:02.418,04:48:02.418,44022.078,0x8A,0x00,True,5,3.18,3.83,-0.47
04:48:32.402,04:48:32.402,44052.062,0x8A,0x00,True,5,3.17,3.84,-0.43
04:49:02.402,04:49:02.402,44082.062,0x8A,0x00,True,4,3.18,3.79,-0.49
04:49:32.377,04:49:32.377,44112.037,0x8A,0x00,True,5,3.2,3.84,-0.55
04:50:02.372,04:50:02.372,44142.032,0x8A,0x00,True,5,3.2,3.83,-0.49
04:50:32.357,04:50:32.357,44172.017,0x8A,0x00,True,4,3.16,3.76,-0.47
04:51:02.348,04:51:02.348,44202.008,0x8A,0x00,True,4,3.17,3.8,-0.43
04:51:32.338,04:51:32.338,44231.998,0x8A,0x00,True,4,3.18,3.78,-0.54
04:52:02.343,04:52:02.343,44262.003,0x8A,0x00,True,4,3.13,3.81,-0.48
04:52:32.317,04:52:32.317,44291.977,0x8A,0x00,True,5,3.2,3.83,-0.48
04:53:02.317,04:53:02.317,44321.977,0x8A,0x00,True,4,3.16,3.8,-0.55
04:53:32.312,04:53:32.312,44351.972,0x8A,0x00,True,4,3.14,3.8,-0.46
04:54:02.308,04:54:02.308,44381.968,0x8A,0x00,True,5,3.19,3.84,-0.48
04:54:32.293,04:54:32.293,44411.953,0x8A,0x00,True,5,3.18,3.83,-0.48
04:55:02.282,04:55:02.282,44441.942,0x8A,0x00,True,4,3.2,3.79,-0.49
04:55:32.272,04:55:32.272,44471.932,0x8A,0x00,True,4,3.18,3.79,-0.46
04:56:02.268,04:56:02.268,44501.928,0x8A,0x00,True,4,3.18,3.82,-0.44
04:56:32.288,04:56:32.288,44531.948,0x8A,0x00,True,5,3.17,3.82,-0.52
04:57:02.263,04:57:02.263,44561.923,0x8A,0x00,True,4,3.14,3.81,-0.44
04:57:32.243,04:57:32.243,44591.903,0x8A,0x00,True,4,3.18,3.81,-0.42
04:58:02.242,04:58:02.242,44621.902,0x8A,0x00,True,4,3.16,3.81,-0.52
04:58:32.242,04:58:32.242,44651.902,0x8A,0x00,True,5,3.18,3.84,-0.53
04:59:02.232,04:59:02.232,44681.892,0x8A,0x00,True,4,3.19,3.8,-0.43
04:59:32.223,04:59:32.223,44711.883,0x8A,0x00,True,4,3.18,3.8,-0.52
05:00:02.223,05:00:02.223,44741.883,0x8A,0x00,True,5,3.2,3.81,-0.5
05:00:32.197,05:00:32.197,44771.857,0x8A,0x00,True,5,3.17,3.83,-0.5
05:01:02.208,05:01:02.208,44801.868,0x8A,0x00,True,4,3.15,3.82,-0.44
05:01:32.183,05:01:32.183,44831.843,0x8A,0x00,True,4,3.21,3.8,-0.44
05:02:02.187,05:02:02.187,44861.847,0x8A,0x00,True,4,3.18,3.81,-0.47
05:02:32.183,05:02:32.183,44891.843,0x8A,0x00,True,4,3.17,3.79,-0.47
05:03:02.173,05:03:02.173,44921.833,0x8A,0x00,True,4,3.14,3.81,-0.45
05:03:32.173,05:03:32.173,44951.833,0x8A,0x00,True,4,3.16,3.79,-0.48
05:04:02.168,05:04:02.168,44981.828,0x8A,0x00,True,4,3.17,3.81,-0.52
05:04:32.158,05:04:32.158,45011.818,0x8A,0x00,True,4,3.18,3.8,-0.54
05:05:02.147,05:05:02.147,45041.807,0x8A,0x00,True,5,3.19,3.84,-0.5
05:05:32.143,05:05:32.143,45071.803,0x8A,0x00,True,4,3.17,3.8,-0.46
05:06:02.128,05:06:02.128,45101.788,0x8A,0x00,True,5,3.17,3.83,-0.47
05:06:32.128,05:06:32.128,45131.788,0x8A,0x00,True,4,3.2,3.79,-0.46
05:07:02.107,05:07:02.107,45161.767,0x8A,0x00,True,5,3.17,3.83,-0.46
05:07:32.103,05:07:32.103,45191.763,0x8A,0x00,True,4,3.19,3.78,-0.45
05:08:02.098,05:08:02.098,45221.758,0x8A,0x00,True,5,3.17,3.83,-0.47
05:08:32.098,05:08:32.098,45251.758,0x8A,0x00,True,5,3.16,3.83,-0.5
05:09:02.078,05:09:02.078,45281.738,0x8A,0x00,True,4,3.16,3.79,-0.46
05:09:32.088,05:09:32.088,45311.748,0x8A,0x00,True,5,3.17,3.84,-0.49
05:10:02.067,05:10:02.067,45341.727,0x8A,0x00,True,5,3.18,3.82,-0.47
05:10:32.058,05:10:32.058,45371.718,0x8A,0x00,True,4,3.17,3.79,-0.46
05:11:02.067,05:11:02.067,45401.727,0x8A,0x00,True,5,3.17,3.82,-0.52
05:11:32.058,05:11:32.058,45431.718,0x8A,0x00,True,4,3.17,3.79,-0.44
05:12:02.055,05:12:02.055,45461.715,0x8A,0x00,True,5,3.2,3.82,-0.5
05:12:32.027,05:12:32.027,45491.687,0x8A,0x00,True,4,3.14,3.83,-0.46
05:13:02.038,05:13:02.038,45521.698,0x8A,0x00,True,5,3.17,3.86,-0.45
05:13:32.022,05:13:32.022,45551.682,0x8A,0x00,True,5,3.18,3.81,-0.49
05:14:02.022,05:14:02.022,45581.682,0x8A,0x00,True,4,3.18,3.81,-0.49
05:14:32.018,05:14:32.018,45611.678,0x8A,0x00,True,4,3.17,3.82,-0.48
05:15:02.013,05:15:02.013,45641.673,0x8A,0x00,True,4,3.15,3.79,-0.49
05:15:32.008,05:15:32.008,45671.668,0x8A,0x00,True,4,3.17,3.8,-0.46
05:16:02.008,05:16:02.008,45701.668,0x8A,0x00,True,4,3.18,3.8,-0.49
05:16:31.997,05:16:31.997,45731.657,0x8A,0x00,True,4,3.14,3.81,-0.47
05:17:02.003,05:17:02.003,45761.663,0x8A,0x00,True,4,3.15,3.79,-0.44
05:17:31.998,05:17:31.998,45791.658,0x8A,0x00,True,4,3.15,3.83,-0.47
05:18:01.992,05:18:01.992,45821.652,0x8A,0x00,True,4,3.16,3.81,-0.46
05:18:31.982,05:18:31.982,45851.642,0x8A,0x00,True,4,3.14,3.77,-0.5
05:19:01.985,05:19:01.985,45881.645,0x8A,0x00,True,4,3.15,3.79,-0.41
05:19:31.973,05:19:31.973,45911.633,0x8A,0x00,True,4,3.17,3.79,-0.42
05:20:01.958,05:20:01.958,45941.618,0x8A,0x00,True,4,3.14,3.77,-0.51
05:20:31.947,05:20:31.947,45971.607,0x8A,0x00,True,4,3.18,3.8,-0.5
05:21:01.942,05:21:01.942,46001.602,0x8A,0x00,True,5,3.17,3.83,-0.5
05:21:31.933,05:21:31.933,46031.593,0x8A,0x00,True,4,3.17,3.81,-0.51
05:22:01.928,05:22:01.928,46061.588,0x8A,0x00,True,4,3.14,3.78,-0.48
05:22:31.937,05:22:31.937,46091.597,0x8A,0x00,True,4,3.16,3.81,-0.45
05:23:01.933,05:23:01.933,46121.593,0x8A,0x00,True,4,3.15,3.81,-0.45
05:23:31.926,05:23:31.926,46151.586,0x8A,0x00,True,4,3.16,3.81,-0.53
05:24:01.923,05:24:01.923,46181.583,0x8A,0x00,True,4,3.15,3.81,-0.5
05:24:31.897,05:24:31.897,46211.557,0x8A,0x00,True,4,3.17,3.78,-0.5
05:25:01.908,05:25:01.908,46241.568,0x8A,0x00,True,4,3.15,3.82,-0.45
05:25:31.897,05:25:31.897,46271.557,0x8A,0x00,True,4,3.18,3.8,-0.47
05:26:01.882,05:26:01.882,46301.542,0x8A,0x00,True,4,3.15,3.77,-0.48
05:26:31.872,05:26:31.872,46331.532,0x8A,0x00,True,5,3.17,3.83,-0.51
05:27:01.873,05:27:01.873,46361.533,0x8A,0x00,True,4,3.18,3.79,-0.53
05:27:31.857,05:27:31.857,46391.517,0x8A,0x00,True,4,3.13,3.81,-0.46
05:28:01.876,05:28:01.876,46421.536,0x8A,0x00,True,4,3.17,3.81,-0.42
05:28:31.860,05:28:31.860,46451.52,0x8A,0x00,True,4,3.17,3.81,-0.52
05:29:01.838,05:29:01.838,46481.498,0x8A,0x00,True,4,3.18,3.8,-0.53
05:29:31.832,05:29:31.832,46511.492,0x8A,0x00,True,4,3.17,3.8,-0.43
05:30:01.843,05:30:01.843,46541.503,0x8A,0x00,True,4,3.17,3.8,-0.46
05:30:31.836,05:30:31.836,46571.496,0x8A,0x00,True,4,3.17,3.8,-0.48
05:31:01.827,05:31:01.827,46601.487,0x8A,0x00,True,5,3.2,3.81,-0.47
05:31:31.812,05:31:31.812,46631.472,0x8A,0x00,True,4,3.17,3.8,-0.48
05:32:01.798,05:32:01.798,46661.458,0x8A,0x00,True,5,3.22,3.83,-0.5
05:32:31.806,05:32:31.806,46691.466,0x8A,0x00,True,4,3.17,3.83,-0.49
05:33:01.782,05:33:01.782,46721.442,0x8A,0x00,True,5,3.18,3.82,-0.55
05:33:31.787,05:33:31.787,46751.447,0x8A,0x00,True,4,3.2,3.8,-0.46
05:34:01.785,05:34:01.785,46781.445,0x8A,0x00,True,5,3.18,3.84,-0.48
05:34:31.762,05:34:31.762,46811.422,0x8A,0x00,True,4,3.18,3.81,-0.45
05:35:01.758,05:35:01.758,46841.418,0x8A,0x00,True,4,3.18,3.81,-0.48
05:35:31.737,05:35:31.737,46871.397,0x8A,0x00,True,4,3.17,3.82,-0.5
05:36:01.728,05:36:01.728,46901.388,0x8A,0x00,True,4,3.14,3.82,-0.47
05:36:31.723,05:36:31.723,46931.383,0x8A,0x00,True,4,3.17,3.8,-0.48
05:37:01.708,05:37:01.708,46961.368,0x8A,0x00,True,4,3.16,3.81,-0.54
05:37:31.702,05:37:31.702,46991.362,0x8A,0x00,True,4,3.17,3.8,-0.49
05:38:01.707,05:38:01.707,47021.367,0x8A,0x00,True,4,3.18,3.81,-0.52
05:38:31.697,05:38:31.697,47051.357,0x8A,0x00,True,4,3.16,3.79,-0.51
05:39:01.683,05:39:01.683,47081.343,0x8A,0x00,True,4,3.14,3.83,-0.5
05:39:31.678,05:39:31.678,47111.338,0x8A,0x00,True,5,3.17,3.84,-0.42
05:40:01.662,05:40:01.662,47141.322,0x8A,0x00,True,4,3.16,3.8,-0.48
05:40:31.657,05:40:31.657,47171.317,0x8A,0x00,True,4,3.18,3.8,-0.46
05:41:01.638,05:41:01.638,47201.298,0x8A,0x00,True,4,3.17,3.83,-0.47
05:41:31.643,05:41:31.643,47231.303,0x8A,0x00,True,4,3.17,3.8,-0.46
05:42:01.625,05:42:01.625,47261.285,0x8A,0x00,True,4,3.17,3.8,-0.43
05:42:31.613,05:42:31.613,47291.273,0x8A,0x00,True,5,3.2,3.85,-0.5
05:43:01.612,05:43:01.612,47321.272,0x8A,0x00,True,5,3.16,3.84,-0.48
05:43:31.598,05:43:31.598,47351.258,0x8A,0x00,True,4,3.14,3.79,-0.46
05:44:01.598,05:44:01.598,47381.258,0x8A,0x00,True,4,3.15,3.8,-0.5
05:44:31.583,05:44:31.583,47411.243,0x8A,0x00,True,4,3.16,3.79,-0.49
05:45:01.582,05:45:01.582,47441.242,0x8A,0x00,True,4,3.14,3.85,-0.46
05:45:31.578,05:45:31.578,47471.238,0x8A,0x00,True,4,3.16,3.79,-0.53
05:46:01.570,05:46:01.570,47501.23,0x8A,0x00,True,4,3.18,3.79,-0.44
05:46:31.553,05:46:31.553,47531.213,0x8A,0x00,True,4,3.14,3.79,-0.46
05:47:01.542,05:47:01.542,47561.202,0x8A,0x00,True,4,3.18,3.79,-0.4
05:47:31.543,05:47:31.543,47591.203,0x8A,0x00,True,5,3.2,3.83,-0.49
05:48:01.527,05:48:01.527,47621.187,0x8A,0x00,True,4,3.14,3.8,-0.48
05:48:31.527,05:48:31.527,47651.187,0x8A,0x00,True,5,3.2,3.8,-0.5
05:49:01.522,05:49:01.522,47681.182,0x8A,0x00,True,4,3.14,3.79,-0.41
05:49:31.513,05:49:31.513,47711.173,0x8A,0x00,True,4,3.17,3.8,-0.43
05:50:01.502,05:50:01.502,47741.162,0x8A,0x00,True,4,3.16,3.81,-0.5
05:50:31.497,05:50:31.497,47771.157,0x8A,0x00,True,4,3.16,3.83,-0.48
05:51:01.478,05:51:01.478,47801.138,0x8A,0x00,True,4,3.19,3.79,-0.51
05:51:31.473,05:51:31.473,47831.133,0x8A,0x00,True,4,3.17,3.83,-0.42
05:52:01.463,05:52:01.463,47861.123,0x8A,0x00,True,4,3.16,3.79,-0.49
05:52:31.468,05:52:31.468,47891.128,0x8A,0x00,True,4,3.16,3.82,-0.44
05:53:01.458,05:53:01.458,47921.118,0x8A,0x00,True,4,3.17,3.81,-0.46
05:53:31.448,05:53:31.448,47951.108,0x8A,0x00,True,4,3.16,3.81,-0.49
05:54:01.447,05:54:01.447,47981.107,0x8A,0x00,True,4,3.2,3.81,-0.47
05:54:31.428,05:54:31.428,48011.088,0x8A,0x00,True,4,3.13,3.83,-0.48
05:55:01.423,05:55:01.423,48041.083,0x8A,0x00,True,4,3.15,3.79,-0.47
05:55:31.428,05:55:31.428,48071.088,0x8A,0x00,True,4,3.19,3.8,-0.48
05:56:01.417,05:56:01.417,48101.077,0x8A,0x00,True,4,3.16,3.78,-0.48
05:56:31.397,05:56:31.397,48131.057,0x8A,0x00,True,4,3.14,3.78,-0.45
05:57:01.393,05:57:01.393,48161.053,0x8A,0x00,True,4,3.17,3.8,-0.52
05:57:31.383,05:57:31.383,48191.043,0x8A,0x00,True,4,3.13,3.8,-0.43
05:58:01.397,05:58:01.397,48221.057,0x8A,0x00,True,4,3.16,3.8,-0.46
05:58:31.383,05:58:31.383,48251.043,0x8A,0x00,True,4,3.18,3.81,-0.48
05:59:01.378,05:59:01.378,48281.038,0x8A,0x00,True,4,3.18,3.82,-0.47
05:59:31.372,05:59:31.372,48311.032,0x8A,0x00,True,4,3.16,3.78,-0.45
06:00:01.362,06:00:01.362,48341.022,0x8A,0x00,True,4,3.15,3.81,-0.47
06:00:31.363,06:00:31.363,48371.023,0x8A,0x00,True,4,3.2,3.8,-0.48
06:01:01.348,06:01:01.348,48401.008,0x8A,0x00,True,4,3.17,3.77,-0.5
06:01:31.353,06:01:31.353,48431.013,0x8A,0x00,True,5,3.18,3.83,-0.51
06:02:01.357,06:02:01.357,48461.017,0x8A,0x00,True,5,3.19,3.81,-0.51
06:02:31.348,06:02:31.348,48491.008,0x8A,0x00,True,5,3.21,3.81,-0.51
06:03:01.338,06:03:01.338,48520.998,0x8A,0x00,True,4,3.13,3.79,-0.54
06:03:31.332,06:03:31.332,48550.992,0x8A,0x00,True,5,3.17,3.85,-0.54
06:04:01.312,06:04:01.312,48580.972,0x8A,0x00,True,4,3.17,3.77,-0.51
06:04:31.311,06:04:31.311,48610.971,0x8A,0x00,True,4,3.14,3.82,-0.52
06:05:01.303,06:05:01.303,48640.963,0x8A,0x00,True,4,3.17,3.81,-0.47
06:05:31.317,06:05:31.317,48670.977,0x8A,0x00,True,4,3.16,3.81,-0.42
06:06:01.297,06:06:01.297,48700.957,0x8A,0x00,True,4,3.17,3.79,-0.47
06:06:31.303,06:06:31.303,48730.963,0x8A,0x00,True,4,3.16,3.79,-0.43
06:07:01.303,06:07:01.303,48760.963,0x8A,0x00,True,4,3.17,3.78,-0.51
06:07:31.298,06:07:31.298,48790.958,0x8A,0x00,True,4,3.2,3.76,-0.47
06:08:01.288,06:08:01.288,48820.948,0x8A,0x00,True,4,3.19,3.74,-0.5
06:08:31.277,06:08:31.277,48850.937,0x8A,0x00,True,4,3.15,3.77,-0.44
06:09:01.272,06:09:01.272,48880.932,0x8A,0x00,True,4,3.16,3.79,-0.48
06:09:31.272,06:09:31.272,48910.932,0x8A,0x00,True,4,3.17,3.78,-0.52
06:10:01.263,06:10:01.263,48940.923,0x8A,0x00,True,4,3.17,3.77,-0.48
06:10:31.247,06:10:31.247,48970.907,0x8A,0x00,True,4,3.17,3.79,-0.5
06:11:01.258,06:11:01.258,49000.918,0x8A,0x00,True,4,3.13,3.76,-0.46
06:11:33.468,06:11:33.468,49033.128,0x8A,0x00,True,4,3.16,3.77,-0.46
06:12:03.466,06:12:03.466,49063.126,0x8A,0x00,True,4,3.17,3.8,-0.42
06:12:33.337,06:12:33.337,49092.997,0x8A,0x00,True,4,3.17,3.8,-0.5
06:13:01.246,06:13:01.246,49120.906,0x8A,0x00,True,4,3.14,3.77,-0.51
06:13:31.227,06:13:31.227,49150.887,0x8A,0x00,True,4,3.17,3.79,-0.46
06:14:01.227,06:14:01.227,49180.887,0x8A,0x00,True,4,3.15,3.8,-0.44
06:14:31.227,06:14:31.227,49210.887,0x8A,0x00,True,4,3.2,3.79,-0.49
06:15:01.217,06:15:01.217,49240.877,0x8A,0x00,True,4,3.19,3.81,-0.49
06:15:31.212,06:15:31.212,49270.872,0x8A,0x00,True,4,3.18,3.8,-0.49
06:16:01.222,06:16:01.222,49300.882,0x8A,0x00,True,4,3.16,3.76,-0.5
06:16:31.211,06:16:31.211,49330.871,0x8A,0x00,True,4,3.17,3.8,-0.46
06:17:01.201,06:17:01.201,49360.861,0x8A,0x00,True,4,3.18,3.79,-0.49
06:17:31.211,06:17:31.211,49390.871,0x8A,0x00,True,4,3.16,3.82,-0.49
06:18:01.202,06:18:01.202,49420.862,0x8A,0x00,True,4,3.16,3.8,-0.48
06:18:31.201,06:18:31.201,49450.861,0x8A,0x00,True,4,3.16,3.8,-0.46
06:19:01.202,06:19:01.202,49480.862,0x8A,0x00,True,4,3.16,3.81,-0.41
06:19:31.198,06:19:31.198,49510.858,0x8A,0x00,True,4,3.16,3.79,-0.48
06:20:01.197,06:20:01.197,49540.857,0x8A,0x00,True,4,3.16,3.82,-0.52
06:20:31.191,06:20:31.191,49570.851,0x8A,0x00,True,4,3.17,3.79,-0.52
06:21:01.187,06:21:01.187,49600.847,0x8A,0x00,True,4,3.17,3.77,-0.5
06:21:31.182,06:21:31.182,49630.842,0x8A,0x00,True,4,3.14,3.8,-0.41
06:22:01.176,06:22:01.176,49660.836,0x8A,0x00,True,4,3.16,3.79,-0.52
06:22:31.177,06:22:31.177,49690.837,0x8A,0x00,True,4,3.15,3.79,-0.46
06:23:01.161,06:23:01.161,49720.821,0x8A,0x00,True,5,3.22,3.81,-0.44
06:23:31.172,06:23:31.172,49750.832,0x8A,0x00,True,5,3.18,3.82,-0.47
06:24:01.156,06:24:01.156,49780.816,0x8A,0x00,True,5,3.18,3.82,-0.5
06:24:31.166,06:24:31.166,49810.826,0x8A,0x00,True,4,3.17,3.82,-0.47
06:25:01.157,06:25:01.157,49840.817,0x8A,0x00,True,4,3.19,3.81,-0.48
06:25:31.156,06:25:31.156,49870.816,0x8A,0x00,True,4,3.16,3.77,-0.47
06:26:01.151,06:26:01.151,49900.811,0x8A,0x00,True,4,3.17,3.8,-0.44
06:26:31.162,06:26:31.162,49930.822,0x8A,0x00,True,4,3.17,3.81,-0.47
06:27:01.146,06:27:01.146,49960.806,0x8A,0x00,True,5,3.19,3.83,-0.5
06:27:31.151,06:27:31.151,49990.811,0x8A,0x00,True,5,3.2,3.85,-0.49
06:28:01.142,06:28:01.142,50020.802,0x8A,0x00,True,4,3.16,3.77,-0.48
06:28:31.151,06:28:31.151,50050.811,0x8A,0x00,True,4,3.18,3.8,-0.48
06:29:01.137,06:29:01.137,50080.797,0x8A,0x00,True,5,3.18,3.83,-0.49
06:29:31.132,06:29:31.132,50110.792,0x8A,0x00,True,4,3.18,3.76,-0.48
06:30:01.132,06:30:01.132,50140.792,0x8A,0x00,True,4,3.19,3.8,-0.51
06:30:31.126,06:30:31.126,50170.786,0x8A,0x00,True,4,3.17,3.8,-0.48
06:31:01.132,06:31:01.132,50200.792,0x8A,0x00,True,4,3.19,3.8,-0.5
06:31:31.131,06:31:31.131,50230.791,0x8A,0x00,True,5,3.19,3.83,-0.47
06:32:01.132,06:32:01.132,50260.792,0x8A,0x00,True,4,3.18,3.78,-0.54
06:32:31.127,06:32:31.127,50290.787,0x8A,0x00,True,4,3.19,3.74,-0.5
06:33:01.126,06:33:01.126,50320.786,0x8A,0x00,True,4,3.17,3.76,-0.52
06:33:31.127,06:33:31.127,50350.787,0x8A,0x00,True,4,3.16,3.76,-0.42
06:34:01.121,06:34:01.121,50380.781,0x8A,0x00,True,4,3.16,3.75,-0.53
06:34:31.116,06:34:31.116,50410.776,0x8A,0x00,True,4,3.18,3.81,-0.47
06:35:01.116,06:35:01.116,50440.776,0x8A,0x00,True,4,3.15,3.77,-0.46
06:35:31.111,06:35:31.111,50470.771,0x8A,0x00,True,4,3.18,3.78,-0.47
06:36:01.111,06:36:01.111,50500.771,0x8A,0x00,True,4,3.17,3.82,-0.5
06:36:31.112,06:36:31.112,50530.772,0x8A,0x00,True,4,3.14,3.76,-0.5
06:37:01.111,06:37:01.111,50560.771,0x8A,0x00,True,4,3.18,3.8,-0.47
06:37:31.111,06:37:31.111,50590.771,0x8A,0x00,True,4,3.17,3.77,-0.48
06:38:01.106,06:38:01.106,50620.766,0x8A,0x00,True,4,3.17,3.79,-0.48
06:38:31.111,06:38:31.111,50650.771,0x8A,0x00,True,4,3.17,3.81,-0.48
06:39:01.116,06:39:01.116,50680.776,0x8A,0x00,True,4,3.2,3.78,-0.46
06:39:31.112,06:39:31.112,50710.772,0x8A,0x00,True,4,3.16,3.8,-0.49
06:40:01.111,06:40:01.111,50740.771,0x8A,0x00,True,4,3.16,3.81,-0.42
06:40:31.102,06:40:31.102,50770.762,0x8A,0x00,True,4,3.18,3.81,-0.47
06:41:01.106,06:41:01.106,50800.766,0x8A,0x00,True,4,3.17,3.8,-0.5
06:41:31.107,06:41:31.107,50830.767,0x8A,0x00,True,4,3.16,3.79,-0.46
06:42:01.102,06:42:01.102,50860.762,0x8A,0x00,True,4,3.18,3.77,-0.51
06:42:31.097,06:42:31.097,50890.757,0x8A,0x00,True,4,3.15,3.8,-0.52
06:43:01.087,06:43:01.087,50920.747,0x8A,0x00,True,4,3.17,3.8,-0.51
06:43:31.092,06:43:31.092,50950.752,0x8A,0x00,True,4,3.17,3.81,-0.52
06:44:01.081,06:44:01.081,50980.741,0x8A,0x00,True,4,3.16,3.77,-0.48
06:44:31.072,06:44:31.072,51010.732,0x8A,0x00,True,4,3.16,3.8,-0.49
06:45:01.071,06:45:01.071,51040.731,0x8A,0x00,True,4,3.15,3.77,-0.46
06:45:31.072,06:45:31.072,51070.732,0x8A,0x00,True,4,3.17,3.8,-0.51
06:46:01.062,06:46:01.062,51100.722,0x8A,0x00,True,4,3.19,3.8,-0.52
06:46:31.062,06:46:31.062,51130.722,0x8A,0x00,True,4,3.14,3.78,-0.45
06:47:01.071,06:47:01.071,51160.731,0x8A,0x00,True,4,3.16,3.8,-0.47
06:47:31.062,06:47:31.062,51190.722,0x8A,0x00,True,4,3.16,3.79,-0.49
06:48:01.071,06:48:01.071,51220.731,0x8A,0x00,True,4,3.13,3.81,-0.48
06:48:31.061,06:48:31.061,51250.721,0x8A,0x00,True,4,3.18,3.8,-0.48
06:49:01.062,06:49:01.062,51280.722,0x8A,0x00,True,4,3.14,3.81,-0.46
06:49:31.064,06:49:31.064,51310.724,0x8A,0x00,True,4,3.16,3.8,-0.5
06:50:01.066,06:50:01.066,51340.726,0x8A,0x00,True,4,3.16,3.8,-0.5
06:50:31.057,06:50:31.057,51370.717,0x8A,0x00,True,4,3.17,3.78,-0.49
06:51:01.052,06:51:01.052,51400.712,0x8A,0x00,True,4,3.13,3.79,-0.44
06:51:31.052,06:51:31.052,51430.712,0x8A,0x00,True,4,3.16,3.76,-0.45
06:52:01.062,06:52:01.062,51460.722,0x8A,0x00,True,5,3.17,3.82,-0.56
06:52:31.052,06:52:31.052,51490.712,0x8A,0x00,True,4,3.17,3.79,-0.49
06:53:01.061,06:53:01.061,51520.721,0x8A,0x00,True,4,3.14,3.75,-0.42
06:53:31.047,06:53:31.047,51550.707,0x8A,0x00,True,4,3.16,3.81,-0.47
06:54:01.064,06:54:01.064,51580.724,0x8A,0x00,True,4,3.13,3.79,-0.51
06:54:31.051,06:54:31.051,51610.711,0x8A,0x00,True,4,3.15,3.77,-0.46
06:55:01.047,06:55:01.047,51640.707,0x8A,0x00,True,4,3.17,3.79,-0.49
06:55:31.065,06:55:31.065,51670.725,0x8A,0x00,True,4,3.16,3.77,-0.41
06:56:01.058,06:56:01.058,51700.718,0x8A,0x00,True,4,3.17,3.81,-0.45
06:56:31.052,06:56:31.052,51730.712,0x8A,0x00,True,4,3.15,3.77,-0.49
06:57:01.060,06:57:01.060,51760.72,0x8A,0x00,True,4,3.17,3.82,-0.49
06:57:31.052,06:57:31.052,51790.712,0x8A,0x00,True,4,3.18,3.76,-0.49
06:58:01.036,06:58:01.036,51820.696,0x8A,0x00,True,4,3.16,3.79,-0.49
06:58:31.037,06:58:31.037,51850.697,0x8A,0x00,True,4,3.16,3.79,-0.46
06:59:01.047,06:59:01.047,51880.707,0x8A,0x00,True,4,3.14,3.77,-0.43
06:59:31.046,06:59:31.046,51910.706,0x8A,0x00,True,4,3.13,3.82,-0.47
07:00:01.043,07:00:01.043,51940.703,0x8A,0x00,True,4,3.15,3.79,-0.47
07:00:31.047,07:00:31.047,51970.707,0x8A,0x00,True,4,3.17,3.81,-0.5
07:01:01.036,07:01:01.036,52000.696,0x8A,0x00,True,4,3.16,3.83,-0.48
07:01:31.046,07:01:31.046,52030.706,0x8A,0x00,True,4,3.18,3.8,-0.49
07:02:01.037,07:02:01.037,52060.697,0x8A,0x00,True,4,3.13,3.76,-0.47
07:02:31.052,07:02:31.052,52090.712,0x8A,0x00,True,4,3.16,3.78,-0.48
07:03:01.042,07:03:01.042,52120.702,0x8A,0x00,True,4,3.18,3.8,-0.49
07:03:31.052,07:03:31.052,52150.712,0x8A,0x00,True,4,3.16,3.78,-0.46
07:04:01.051,07:04:01.051,52180.711,0x8A,0x00,True,4,3.14,3.81,-0.55
07:04:31.057,07:04:31.057,52210.717,0x8A,0x00,True,4,3.16,3.81,-0.48
07:05:01.042,07:05:01.042,52240.702,0x8A,0x00,True,4,3.16,3.81,-0.51
07:05:31.052,07:05:31.052,52270.712,0x8A,0x00,True,4,3.16,3.78,-0.49
07:06:01.057,07:06:01.057,52300.717,0x8A,0x00,True,4,3.14,3.78,-0.48
07:06:31.057,07:06:31.057,52330.717,0x8A,0x00,True,4,3.19,3.8,-0.5
07:07:01.047,07:07:01.047,52360.707,0x8A,0x00,True,4,3.14,3.76,-0.55
07:07:31.057,07:07:31.057,52390.717,0x8A,0x00,True,4,3.18,3.79,-0.52
07:08:01.066,07:08:01.066,52420.726,0x8A,0x00,True,4,3.13,3.81,-0.44
07:08:31.052,07:08:31.052,52450.712,0x8A,0x00,True,4,3.17,3.81,-0.45
07:09:01.062,07:09:01.062,52480.722,0x8A,0x00,True,4,3.14,3.75,-0.52
07:09:31.052,07:09:31.052,52510.712,0x8A,0x00,True,4,3.14,3.83,-0.46
07:10:01.062,07:10:01.062,52540.722,0x8A,0x00,True,4,3.17,3.8,-0.46
07:10:31.052,07:10:31.052,52570.712,0x8A,0x00,True,4,3.16,3.83,-0.45
07:11:01.066,07:11:01.066,52600.726,0x8A,0x00,True,4,3.16,3.76,-0.43
07:11:31.057,07:11:31.057,52630.717,0x8A,0x00,True,4,3.13,3.77,-0.46
07:12:01.057,07:12:01.057,52660.717,0x8A,0x00,True,4,3.13,3.8,-0.5
07:12:31.057,07:12:31.057,52690.717,0x8A,0x00,True,4,3.16,3.77,-0.48
07:13:01.066,07:13:01.066,52720.726,0x8A,0x00,True,4,3.15,3.83,-0.5
07:13:31.057,07:13:31.057,52750.717,0x8A,0x00,True,4,3.15,3.76,-0.48
07:14:01.066,07:14:01.066,52780.726,0x8A,0x00,True,4,3.16,3.78,-0.48
07:14:31.057,07:14:31.057,52810.717,0x8A,0x00,True,4,3.16,3.76,-0.5
07:15:01.066,07:15:01.066,52840.726,0x8A,0x00,True,4,3.19,3.79,-0.49
07:15:31.062,07:15:31.062,52870.722,0x8A,0x00,True,4,3.2,3.76,-0.49
07:16:01.066,07:16:01.066,52900.726,0x8A,0x00,True,4,3.18,3.79,-0.43
07:16:31.052,07:16:31.052,52930.712,0x8A,0x00,True,4,3.2,3.8,-0.46
07:17:01.051,07:17:01.051,52960.711,0x8A,0x00,True,4,3.16,3.8,-0.48
07:17:31.052,07:17:31.052,52990.712,0x8A,0x00,True,5,3.16,3.84,-0.48
07:18:01.057,07:18:01.057,53020.717,0x8A,0x00,True,4,3.16,3.81,-0.42
07:18:31.052,07:18:31.052,53050.712,0x8A,0x00,True,4,3.15,3.79,-0.52
07:19:01.057,07:19:01.057,53080.717,0x8A,0x00,True,4,3.16,3.78,-0.51
07:19:31.047,07:19:31.047,53110.707,0x8A,0x00,True,5,3.19,3.85,-0.46
07:20:01.047,07:20:01.047,53140.707,0x8A,0x00,True,4,3.18,3.78,-0.44
07:20:31.047,07:20:31.047,53170.707,0x8A,0x00,True,4,3.19,3.79,-0.5
07:21:01.026,07:21:01.026,53200.686,0x8A,0x00,True,4,3.16,3.77,-0.46
07:21:31.031,07:21:31.031,53230.691,0x8A,0x00,True,4,3.15,3.81,-0.47
07:22:01.021,07:22:01.021,53260.681,0x8A,0x00,True,4,3.18,3.79,-0.5
07:22:31.031,07:22:31.031,53290.691,0x8A,0x00,True,5,3.17,3.84,-0.45
07:23:01.027,07:23:01.027,53320.687,0x8A,0x00,True,4,3.16,3.81,-0.53
07:23:31.026,07:23:31.026,53350.686,0x8A,0x00,True,4,3.17,3.77,-0.43
07:24:01.007,07:24:01.007,53380.667,0x8A,0x00,True,4,3.16,3.79,-0.46
07:24:31.007,07:24:31.007,53410.667,0x8A,0x00,True,4,3.17,3.8,-0.49
07:25:01.001,07:25:01.001,53440.661,0x8A,0x00,True,4,3.18,3.78,-0.45
07:25:31.005,07:25:31.005,53470.665,0x8A,0x00,True,4,3.13,3.81,-0.49
07:26:00.992,07:26:00.992,53500.652,0x8A,0x00,True,4,3.14,3.79,-0.49
07:26:31.010,07:26:31.010,53530.67,0x8A,0x00,True,4,3.16,3.79,-0.49
07:27:00.991,07:27:00.991,53560.651,0x8A,0x00,True,4,3.16,3.8,-0.45
07:27:30.996,07:27:30.996,53590.656,0x8A,0x00,True,4,3.17,3.81,-0.47
07:28:00.981,07:28:00.981,53620.641,0x8A,0x00,True,4,3.16,3.79,-0.46
07:28:30.989,07:28:30.989,53650.649,0x8A,0x00,True,4,3.19,3.8,-0.47
07:29:00.981,07:29:00.981,53680.641,0x8A,0x00,True,4,3.16,3.77,-0.46
07:29:30.986,07:29:30.986,53710.646,0x8A,0x00,True,4,3.18,3.77,-0.47
07:30:00.972,07:30:00.972,53740.632,0x8A,0x00,True,5,3.18,3.83,-0.56
07:30:30.967,07:30:30.967,53770.627,0x8A,0x00,True,4,3.15,3.83,-0.49
07:31:00.985,07:31:00.985,53800.645,0x8A,0x00,True,4,3.18,3.82,-0.49
07:31:30.977,07:31:30.977,53830.637,0x8A,0x00,True,4,3.16,3.78,-0.51
07:32:00.972,07:32:00.972,53860.632,0x8A,0x00,True,4,3.18,3.8,-0.55
07:32:30.981,07:32:30.981,53890.641,0x8A,0x00,True,4,3.16,3.83,-0.47
07:33:00.977,07:33:00.977,53920.637,0x8A,0x00,True,4,3.16,3.79,-0.49
07:33:30.972,07:33:30.972,53950.632,0x8A,0x00,True,4,3.17,3.77,-0.48
07:34:00.972,07:34:00.972,53980.632,0x8A,0x00,True,4,3.16,3.81,-0.43
07:34:30.972,07:34:30.972,54010.632,0x8A,0x00,True,4,3.16,3.78,-0.45
07:35:00.969,07:35:00.969,54040.629,0x8A,0x00,True,4,3.16,3.78,-0.48
07:35:30.977,07:35:30.977,54070.637,0x8A,0x00,True,4,3.17,3.79,-0.44
07:36:00.972,07:36:00.972,54100.632,0x8A,0x00,True,4,3.15,3.81,-0.43
07:36:30.977,07:36:30.977,54130.637,0x8A,0x00,True,4,3.14,3.83,-0.5
07:37:00.972,07:37:00.972,54160.632,0x8A,0x00,True,4,3.2,3.79,-0.48
07:37:30.972,07:37:30.972,54190.632,0x8A,0x00,True,4,3.16,3.8,-0.48
07:38:00.972,07:38:00.972,54220.632,0x8A,0x00,True,4,3.18,3.81,-0.46
07:38:30.981,07:38:30.981,54250.641,0x8A,0x00,True,4,3.15,3.79,-0.46
07:39:00.977,07:39:00.977,54280.637,0x8A,0x00,True,4,3.16,3.77,-0.51
07:39:30.981,07:39:30.981,54310.641,0x8A,0x00,True,4,3.15,3.8,-0.43
07:40:00.977,07:40:00.977,54340.637,0x8A,0x00,True,5,3.18,3.84,-0.45
07:40:30.982,07:40:30.982,54370.642,0x8A,0x00,True,4,3.14,3.8,-0.48
07:41:00.984,07:41:00.984,54400.644,0x8A,0x00,True,5,3.17,3.85,-0.54
07:41:30.978,07:41:30.978,54430.638,0x8A,0x00,True,4,3.18,3.79,-0.42
07:42:00.972,07:42:00.972,54460.632,0x8A,0x00,True,4,3.19,3.76,-0.48
07:42:30.972,07:42:30.972,54490.632,0x8A,0x00,True,4,3.16,3.79,-0.51
07:43:00.978,07:43:00.978,54520.638,0x8A,0x00,True,4,3.12,3.79,-0.48
07:43:30.967,07:43:30.967,54550.627,0x8A,0x00,True,4,3.16,3.81,-0.49
07:44:00.967,07:44:00.967,54580.627,0x8A,0x00,True,4,3.15,3.78,-0.46
07:44:30.951,07:44:30.951,54610.611,0x8A,0x00,True,4,3.18,3.79,-0.55
07:45:00.956,07:45:00.956,54640.616,0x8A,0x00,True,4,3.18,3.79,-0.48
07:45:30.957,07:45:30.957,54670.617,0x8A,0x00,True,4,3.16,3.78,-0.47
07:46:00.962,07:46:00.962,54700.622,0x8A,0x00,True,4,3.16,3.82,-0.44
07:46:30.951,07:46:30.951,54730.611,0x8A,0x00,True,4,3.19,3.81,-0.48
07:47:00.951,07:47:00.951,54760.611,0x8A,0x00,True,4,3.16,3.78,-0.47
07:47:30.941,07:47:30.941,54790.601,0x8A,0x00,True,4,3.16,3.78,-0.56
07:48:00.946,07:48:00.946,54820.606,0x8A,0x00,True,4,3.16,3.81,-0.48
07:48:30.946,07:48:30.946,54850.606,0x8A,0x00,True,4,3.2,3.8,-0.45
07:49:00.946,07:49:00.946,54880.606,0x8A,0x00,True,4,3.16,3.76,-0.45
07:49:30.941,07:49:30.941,54910.601,0x8A,0x00,True,4,3.18,3.77,-0.5
07:50:00.937,07:50:00.937,54940.597,0x8A,0x00,True,4,3.19,3.8,-0.46
07:50:30.922,07:50:30.922,54970.582,0x8A,0x00,True,4,3.16,3.78,-0.48
07:51:00.937,07:51:00.937,55000.597,0x8A,0x00,True,4,3.2,3.76,-0.47
07:51:30.932,07:51:30.932,55030.592,0x8A,0x00,True,4,3.18,3.8,-0.44
07:52:00.930,07:52:00.930,55060.59,0x8A,0x00,True,4,3.18,3.82,-0.48
07:52:30.912,07:52:30.912,55090.572,0x8A,0x00,True,4,3.14,3.76,-0.52
07:53:00.922,07:53:00.922,55120.582,0x8A,0x00,True,5,3.19,3.81,-0.5
07:53:30.911,07:53:30.911,55150.571,0x8A,0x00,True,4,3.19,3.78,-0.5
07:54:00.912,07:54:00.912,55180.572,0x8A,0x00,True,4,3.16,3.83,-0.55
07:54:30.909,07:54:30.909,55210.569,0x8A,0x00,True,4,3.16,3.78,-0.45
07:55:00.912,07:55:00.912,55240.572,0x8A,0x00,True,4,3.18,3.75,-0.5
07:55:30.902,07:55:30.902,55270.562,0x8A,0x00,True,4,3.17,3.8,-0.54
07:56:00.899,07:56:00.899,55300.559,0x8A,0x00,True,4,3.18,3.8,-0.41
07:56:30.892,07:56:30.892,55330.552,0x8A,0x00,True,4,3.18,3.76,-0.5
07:57:00.901,07:57:00.901,55360.561,0x8A,0x00,True,4,3.16,3.81,-0.48
07:57:30.892,07:57:30.892,55390.552,0x8A,0x00,True,4,3.19,3.8,-0.44
07:58:00.906,07:58:00.906,55420.566,0x8A,0x00,True,4,3.19,3.78,-0.46
07:58:30.892,07:58:30.892,55450.552,0x8A,0x00,True,4,3.19,3.76,-0.43
07:59:00.901,07:59:00.901,55480.561,0x8A,0x00,True,4,3.2,3.79,-0.48
07:59:30.892,07:59:30.892,55510.552,0x8A,0x00,True,4,3.19,3.79,-0.43
08:00:00.896,08:00:00.896,55540.556,0x8A,0x00,True,5,3.16,3.84,-0.44
08:00:30.892,08:00:30.892,55570.552,0x8A,0x00,True,4,3.19,3.8,-0.5
08:01:00.896,08:01:00.896,55600.556,0x8A,0x00,True,4,3.16,3.78,-0.52
08:01:30.892,08:01:30.892,55630.552,0x8A,0x00,True,4,3.17,3.82,-0.47
08:02:00.902,08:02:00.902,55660.562,0x8A,0x00,True,4,3.15,3.75,-0.53
08:02:30.892,08:02:30.892,55690.552,0x8A,0x00,True,4,3.17,3.8,-0.49
08:03:00.887,08:03:00.887,55720.547,0x8A,0x00,True,5,3.22,3.8,-0.53
08:03:30.899,08:03:30.899,55750.559,0x8A,0x00,True,4,3.18,3.81,-0.52
08:04:00.900,08:04:00.900,55780.56,0x8A,0x00,True,4,3.17,3.8,-0.51
08:04:30.900,08:04:30.900,55810.56,0x8A,0x00,True,4,3.21,3.79,-0.49
08:05:00.887,08:05:00.887,55840.547,0x8A,0x00,True,4,3.2,3.78,-0.48
08:05:30.892,08:05:30.892,55870.552,0x8A,0x00,True,4,3.17,3.77,-0.51
08:06:00.877,08:06:00.877,55900.537,0x8A,0x00,True,4,3.16,3.75,-0.47
08:06:30.896,08:06:30.896,55930.556,0x8A,0x00,True,5,3.19,3.81,-0.5
08:07:00.892,08:07:00.892,55960.552,0x8A,0x00,True,4,3.21,3.78,-0.42
08:07:30.893,08:07:30.893,55990.553,0x8A,0x00,True,4,3.17,3.79,-0.48
08:08:00.892,08:08:00.892,56020.552,0x8A,0x00,True,4,3.16,3.81,-0.45
08:08:30.892,08:08:30.892,56050.552,0x8A,0x00,True,4,3.18,3.81,-0.44
08:09:00.892,08:09:00.892,56080.552,0x8A,0x00,True,4,3.17,3.79,-0.46
08:09:30.887,08:09:30.887,56110.547,0x8A,0x00,True,4,3.18,3.77,-0.5
08:10:00.887,08:10:00.887,56140.547,0x8A,0x00,True,5,3.21,3.81,-0.5
08:10:30.887,08:10:30.887,56170.547,0x8A,0x00,True,4,3.16,3.75,-0.46
08:11:00.876,08:11:00.876,56200.536,0x8A,0x00,True,4,3.2,3.78,-0.43
08:11:30.882,08:11:30.882,56230.542,0x8A,0x00,True,4,3.15,3.79,-0.48
08:12:00.887,08:12:00.887,56260.547,0x8A,0x00,True,5,3.2,3.84,-0.47
08:12:30.882,08:12:30.882,56290.542,0x8A,0x00,True,4,3.18,3.77,-0.51
08:13:00.877,08:13:00.877,56320.537,0x8A,0x00,True,5,3.22,3.81,-0.48
08:13:30.882,08:13:30.882,56350.542,0x8A,0x00,True,4,3.17,3.81,-0.5
08:14:00.876,08:14:00.876,56380.536,0x8A,0x00,True,4,3.17,3.82,-0.5
08:14:30.876,08:14:30.876,56410.536,0x8A,0x00,True,5,3.23,3.79,-0.5
08:15:00.861,08:15:00.861,56440.521,0x8A,0x00,True,5,3.18,3.84,-0.53
08:15:30.871,08:15:30.871,56470.531,0x8A,0x00,True,4,3.17,3.79,-0.43
08:16:00.888,08:16:00.888,56500.548,0x8A,0x00,True,5,3.18,3.82,-0.5
08:16:30.871,08:16:30.871,56530.531,0x8A,0x00,True,4,3.21,3.78,-0.49
08:17:00.872,08:17:00.872,56560.532,0x8A,0x00,True,4,3.2,3.77,-0.5
08:17:30.871,08:17:30.871,56590.531,0x8A,0x00,True,4,3.17,3.79,-0.49
08:18:00.866,08:18:00.866,56620.526,0x8A,0x00,True,4,3.21,3.8,-0.45
08:18:30.877,08:18:30.877,56650.537,0x8A,0x00,True,4,3.16,3.81,-0.5
08:19:00.867,08:19:00.867,56680.527,0x8A,0x00,True,4,3.17,3.81,-0.52
08:19:30.861,08:19:30.861,56710.521,0x8A,0x00,True,4,3.2,3.8,-0.49
08:20:00.861,08:20:00.861,56740.521,0x8A,0x00,True,4,3.16,3.78,-0.45
08:20:30.871,08:20:30.871,56770.531,0x8A,0x00,True,4,3.2,3.8,-0.52
08:21:00.864,08:21:00.864,56800.524,0x8A,0x00,True,5,3.21,3.82,-0.49
08:21:30.861,08:21:30.861,56830.521,0x8A,0x00,True,5,3.21,3.83,-0.46
08:22:00.861,08:22:00.861,56860.521,0x8A,0x00,True,4,3.18,3.81,-0.49
08:22:30.867,08:22:30.867,56890.527,0x8A,0x00,True,4,3.21,3.78,-0.48
08:23:00.847,08:23:00.847,56920.507,0x8A,0x00,True,4,3.19,3.75,-0.49
08:23:30.856,08:23:30.856,56950.516,0x8A,0x00,True,4,3.14,3.77,-0.45
08:24:00.849,08:24:00.849,56980.509,0x8A,0x00,True,4,3.18,3.82,-0.41
08:24:30.852,08:24:30.852,57010.512,0x8A,0x00,True,4,3.16,3.8,-0.42
08:25:00.837,08:25:00.837,57040.497,0x8A,0x00,True,4,3.18,3.76,-0.38
08:25:30.847,08:25:30.847,57070.507,0x8A,0x00,True,5,3.17,3.83,-0.48
08:26:00.836,08:26:00.836,57100.496,0x8A,0x00,True,4,3.18,3.79,-0.47
08:26:30.836,08:26:30.836,57130.496,0x8A,0x00,True,4,3.18,3.82,-0.43
08:27:00.837,08:27:00.837,57160.497,0x8A,0x00,True,4,3.19,3.75,-0.47
08:27:30.842,08:27:30.842,57190.502,0x8A,0x00,True,4,3.18,3.75,-0.41
08:28:00.831,08:28:00.831,57220.491,0x8A,0x00,True,4,3.15,3.76,-0.45
08:28:30.847,08:28:30.847,57250.507,0x8A,0x00,True,4,3.17,3.79,-0.43
08:29:00.832,08:29:00.832,57280.492,0x8A,0x00,True,4,3.16,3.83,-0.5
08:29:30.842,08:29:30.842,57310.502,0x8A,0x00,True,4,3.17,3.78,-0.49
08:30:00.837,08:30:00.837,57340.497,0x8A,0x00,True,4,3.17,3.77,-0.43
08:30:30.836,08:30:30.836,57370.496,0x8A,0x00,True,4,3.16,3.78,-0.47
08:31:00.831,08:31:00.831,57400.491,0x8A,0x00,True,4,3.17,3.79,-0.45
08:31:30.832,08:31:30.832,57430.492,0x8A,0x00,True,4,3.16,3.78,-0.41
08:32:00.832,08:32:00.832,57460.492,0x8A,0x00,True,4,3.17,3.81,-0.47
08:32:30.852,08:32:30.852,57490.512,0x8A,0x00,True,4,3.17,3.8,-0.42
08:33:00.837,08:33:00.837,57520.497,0x8A,0x00,True,4,3.18,3.81,-0.47
08:33:30.847,08:33:30.847,57550.507,0x8A,0x00,True,4,3.16,3.8,-0.47
08:34:00.837,08:34:00.837,57580.497,0x8A,0x00,True,4,3.18,3.78,-0.43
08:34:30.847,08:34:30.847,57610.507,0x8A,0x00,True,4,3.17,3.8,-0.46
08:35:00.837,08:35:00.837,57640.497,0x8A,0x00,True,4,3.18,3.8,-0.5
08:35:30.852,08:35:30.852,57670.512,0x8A,0x00,True,5,3.2,3.8,-0.49
08:36:00.852,08:36:00.852,57700.512,0x8A,0x00,True,4,3.16,3.81,-0.44
08:36:30.847,08:36:30.847,57730.507,0x8A,0x00,True,4,3.16,3.79,-0.43
08:37:00.856,08:37:00.856,57760.516,0x8A,0x00,True,4,3.17,3.8,-0.44
08:37:30.861,08:37:30.861,57790.521,0x8A,0x00,True,5,3.16,3.84,-0.45
08:38:00.861,08:38:00.861,57820.521,0x8A,0x00,True,4,3.2,3.8,-0.41
08:38:30.866,08:38:30.866,57850.526,0x8A,0x00,True,4,3.2,3.76,-0.44
08:39:00.847,08:39:00.847,57880.507,0x8A,0x00,True,4,3.17,3.81,-0.43
08:39:30.861,08:39:30.861,57910.521,0x8A,0x00,True,4,3.18,3.81,-0.41
08:40:00.867,08:40:00.867,57940.527,0x8A,0x00,True,4,3.17,3.77,-0.43
08:40:30.867,08:40:30.867,57970.527,0x8A,0x00,True,4,3.2,3.78,-0.44
08:41:00.864,08:41:00.864,58000.524,0x8A,0x00,True,4,3.17,3.76,-0.42
08:41:30.866,08:41:30.866,58030.526,0x8A,0x00,True,4,3.16,3.78,-0.4
08:42:00.866,08:42:00.866,58060.526,0x8A,0x00,True,4,3.17,3.81,-0.45
08:42:30.867,08:42:30.867,58090.527,0x8A,0x00,True,4,3.17,3.8,-0.41
08:43:00.877,08:43:00.877,58120.537,0x8A,0x00,True,4,3.17,3.81,-0.46
08:43:30.871,08:43:30.871,58150.531,0x8A,0x00,True,4,3.16,3.77,-0.48
08:44:00.866,08:44:00.866,58180.526,0x8A,0x00,True,4,3.14,3.77,-0.44
08:44:30.877,08:44:30.877,58210.537,0x8A,0x00,True,4,3.19,3.77,-0.45
08:45:00.885,08:45:00.885,58240.545,0x8A,0x00,True,4,3.15,3.77,-0.42
08:45:30.877,08:45:30.877,58270.537,0x8A,0x00,True,5,3.2,3.81,-0.48
08:46:00.872,08:46:00.872,58300.532,0x8A,0x00,True,4,3.17,3.78,-0.47
08:46:30.876,08:46:30.876,58330.536,0x8A,0x00,True,4,3.16,3.81,-0.45
08:47:00.871,08:47:00.871,58360.531,0x8A,0x00,True,4,3.17,3.81,-0.44
08:47:30.877,08:47:30.877,58390.537,0x8A,0x00,True,4,3.17,3.8,-0.45
08:48:00.877,08:48:00.877,58420.537,0x8A,0x00,True,4,3.14,3.8,-0.45
08:48:30.882,08:48:30.882,58450.542,0x8A,0x00,True,4,3.2,3.77,-0.43
08:49:00.882,08:49:00.882,58480.542,0x8A,0x00,True,4,3.19,3.76,-0.46
08:49:30.877,08:49:30.877,58510.537,0x8A,0x00,True,4,3.18,3.81,-0.4
08:50:00.882,08:50:00.882,58540.542,0x8A,0x00,True,4,3.17,3.77,-0.45
08:50:30.883,08:50:30.883,58570.543,0x8A,0x00,True,4,3.16,3.76,-0.47
08:51:00.890,08:51:00.890,58600.55,0x8A,0x00,True,4,3.17,3.8,-0.45
08:51:30.887,08:51:30.887,58630.547,0x8A,0x00,True,4,3.19,3.76,-0.42
08:52:00.896,08:52:00.896,58660.556,0x8A,0x00,True,4,3.18,3.8,-0.47
08:52:30.892,08:52:30.892,58690.552,0x8A,0x00,True,4,3.18,3.8,-0.4
08:53:00.887,08:53:00.887,58720.547,0x8A,0x00,True,4,3.19,3.81,-0.47
08:53:30.904,08:53:30.904,58750.564,0x8A,0x00,True,4,3.2,3.76,-0.39
08:54:00.901,08:54:00.901,58780.561,0x8A,0x00,True,4,3.19,3.77,-0.45
08:54:30.891,08:54:30.891,58810.551,0x8A,0x00,True,4,3.16,3.77,-0.47
08:55:00.906,08:55:00.906,58840.566,0x8A,0x00,True,4,3.2,3.76,-0.48
08:55:30.904,08:55:30.904,58870.564,0x8A,0x00,True,4,3.16,3.77,-0.47
08:56:00.896,08:56:00.896,58900.556,0x8A,0x00,True,4,3.18,3.79,-0.47
08:56:30.892,08:56:30.892,58930.552,0x8A,0x00,True,4,3.18,3.78,-0.47
08:57:00.907,08:57:00.907,58960.567,0x8A,0x00,True,4,3.2,3.75,-0.47
08:57:30.906,08:57:30.906,58990.566,0x8A,0x00,True,4,3.16,3.81,-0.44
08:58:00.917,08:58:00.917,59020.577,0x8A,0x00,True,4,3.19,3.73,-0.44
08:58:30.907,08:58:30.907,59050.567,0x8A,0x00,True,4,3.17,3.77,-0.48
08:59:00.922,08:59:00.922,59080.582,0x8A,0x00,True,4,3.19,3.75,-0.47
08:59:30.912,08:59:30.912,59110.572,0x8A,0x00,True,4,3.18,3.77,-0.41
09:00:00.912,09:00:00.912,59140.572,0x8A,0x00,True,4,3.16,3.78,-0.42
09:00:30.917,09:00:30.917,59170.577,0x8A,0x00,True,4,3.18,3.78,-0.39
09:01:00.927,09:01:00.927,59200.587,0x8A,0x00,True,4,3.17,3.79,-0.43
09:01:30.911,09:01:30.911,59230.571,0x8A,0x00,True,4,3.16,3.78,-0.44
09:02:00.927,09:02:00.927,59260.587,0x8A,0x00,True,4,3.18,3.81,-0.49
09:02:30.911,09:02:30.911,59290.571,0x8A,0x00,True,4,3.15,3.75,-0.44
09:03:00.927,09:03:00.927,59320.587,0x8A,0x00,True,4,3.18,3.79,-0.39
09:03:30.911,09:03:30.911,59350.571,0x8A,0x00,True,4,3.15,3.8,-0.46
09:04:00.911,09:04:00.911,59380.571,0x8A,0x00,True,4,3.17,3.73,-0.44
09:04:30.912,09:04:30.912,59410.572,0x8A,0x00,True,4,3.17,3.78,-0.4
09:05:00.927,09:05:00.927,59440.587,0x8A,0x00,True,4,3.17,3.75,-0.41
09:05:30.917,09:05:30.917,59470.577,0x8A,0x00,True,4,3.17,3.8,-0.44
09:06:00.922,09:06:00.922,59500.582,0x8A,0x00,True,4,3.16,3.8,-0.45
09:06:30.912,09:06:30.912,59530.572,0x8A,0x00,True,4,3.17,3.81,-0.45
09:07:00.927,09:07:00.927,59560.587,0x8A,0x00,True,4,3.14,3.81,-0.49
09:23:10.997,09:23:10.997,60530.657,0x8A,0x00,True,4,3.17,3.76,-0.42
09:23:31.007,09:23:31.007,60550.667,0x8A,0x00,True,4,3.17,3.78,-0.4
09:24:00.997,09:24:00.997,60580.657,0x8A,0x00,True,4,3.15,3.77,-0.47
09:24:31.017,09:24:31.017,60610.677,0x8A,0x00,True,4,3.16,3.79,-0.44
09:25:00.997,09:25:00.997,60640.657,0x8A,0x00,True,4,3.18,3.78,-0.43
09:25:31.018,09:25:31.018,60670.678,0x8A,0x00,True,4,3.15,3.78,-0.45
09:26:01.002,09:26:01.002,60700.662,0x8A,0x00,True,4,3.16,3.79,-0.48
09:26:31.012,09:26:31.012,60730.672,0x8A,0x00,True,4,3.15,3.78,-0.43
09:27:01.018,09:27:01.018,60760.678,0x8A,0x00,True,4,3.18,3.77,-0.43
09:27:31.018,09:27:31.018,60790.678,0x8A,0x00,True,4,3.17,3.79,-0.48
09:28:01.003,09:28:01.003,60820.663,0x8A,0x00,True,4,3.16,3.78,-0.4
09:28:31.012,09:28:31.012,60850.672,0x8A,0x00,True,4,3.12,3.77,-0.5
09:29:01.020,09:29:01.020,60880.68,0x8A,0x00,True,4,3.15,3.78,-0.43
09:29:31.012,09:29:31.012,60910.672,0x8A,0x00,True,4,3.17,3.76,-0.49
09:30:01.002,09:30:01.002,60940.662,0x8A,0x00,True,4,3.19,3.78,-0.45
09:30:31.018,09:30:31.018,60970.678,0x8A,0x00,True,4,3.18,3.77,-0.45
09:31:01.012,09:31:01.012,61000.672,0x8A,0x00,True,4,3.14,3.79,-0.41
09:31:31.012,09:31:31.012,61030.672,0x8A,0x00,True,4,3.18,3.79,-0.44
09:32:00.997,09:32:00.997,61060.657,0x8A,0x00,True,4,3.17,3.79,-0.44
09:32:30.997,09:32:30.997,61090.657,0x8A,0x00,True,4,3.21,3.77,-0.39
09:33:00.997,09:33:00.997,61120.657,0x8A,0x00,True,4,3.17,3.76,-0.4
09:33:30.997,09:33:30.997,61150.657,0x8A,0x00,True,4,3.16,3.77,-0.45
09:34:01.058,09:34:01.058,61180.718,0x8A,0x00,True,4,3.17,3.78,-0.43
09:34:31.007,09:34:31.007,61210.667,0x8A,0x00,True,4,3.18,3.78,-0.47
09:35:00.992,09:35:00.992,61240.652,0x8A,0x00,True,4,3.14,3.8,-0.41
09:35:31.011,09:35:31.011,61270.671,0x8A,0x00,True,4,3.17,3.75,-0.44
09:36:00.993,09:36:00.993,61300.653,0x8A,0x00,True,4,3.16,3.81,-0.46
09:36:30.997,09:36:30.997,61330.657,0x8A,0x00,True,4,3.12,3.76,-0.43
09:37:01.003,09:37:01.003,61360.663,0x8A,0x00,True,4,3.19,3.8,-0.47
09:37:31.007,09:37:31.007,61390.667,0x8A,0x00,True,4,3.2,3.79,-0.41
09:38:00.997,09:38:00.997,61420.657,0x8A,0x00,True,4,3.16,3.78,-0.48
09:38:31.013,09:38:31.013,61450.673,0x8A,0x00,True,4,3.15,3.76,-0.41
09:39:00.997,09:39:00.997,61480.657,0x8A,0x00,True,4,3.15,3.8,-0.46
09:39:31.005,09:39:31.005,61510.665,0x8A,0x00,True,4,3.19,3.8,-0.44
09:40:00.997,09:40:00.997,61540.657,0x8A,0x00,True,4,3.16,3.78,-0.46
09:40:30.987,09:40:30.987,61570.647,0x8A,0x00,True,4,3.18,3.8,-0.46
09:41:00.997,09:41:00.997,61600.657,0x8A,0x00,True,4,3.13,3.76,-0.44
09:41:31.002,09:41:31.002,61630.662,0x8A,0x00,True,4,3.18,3.81,-0.42
09:42:00.993,09:42:00.993,61660.653,0x8A,0x00,True,4,3.16,3.76,-0.51
09:42:30.998,09:42:30.998,61690.658,0x8A,0x00,True,4,3.17,3.77,-0.48
09:43:00.982,09:43:00.982,61720.642,0x8A,0x00,True,4,3.16,3.76,-0.45
09:43:30.992,09:43:30.992,61750.652,0x8A,0x00,True,4,3.15,3.79,-0.48
09:44:00.982,09:44:00.982,61780.642,0x8A,0x00,True,4,3.14,3.8,-0.46
09:44:30.982,09:44:30.982,61810.642,0x8A,0x00,True,4,3.15,3.8,-0.46
09:45:00.982,09:45:00.982,61840.642,0x8A,0x00,True,4,3.16,3.77,-0.43
09:45:30.977,09:45:30.977,61870.637,0x8A,0x00,True,4,3.16,3.81,-0.45
09:46:00.973,09:46:00.973,61900.633,0x8A,0x00,True,4,3.18,3.77,-0.44
09:46:30.984,09:46:30.984,61930.644,0x8A,0x00,True,4,3.17,3.79,-0.42
09:47:00.978,09:47:00.978,61960.638,0x8A,0x00,True,4,3.16,3.82,-0.37
09:47:30.981,09:47:30.981,61990.641,0x8A,0x00,True,4,3.18,3.81,-0.46
09:48:00.973,09:48:00.973,62020.633,0x8A,0x00,True,4,3.17,3.78,-0.43
09:48:30.988,09:48:30.988,62050.648,0x8A,0x00,True,4,3.2,3.74,-0.46
09:49:00.973,09:49:00.973,62080.633,0x8A,0x00,True,4,3.16,3.78,-0.47
09:49:30.987,09:49:30.987,62110.647,0x8A,0x00,True,4,3.21,3.78,-0.44
09:50:00.973,09:50:00.973,62140.633,0x8A,0x00,True,5,3.19,3.82,-0.47
09:50:30.982,09:50:30.982,62170.642,0x8A,0x00,True,4,3.15,3.78,-0.46
09:51:00.973,09:51:00.973,62200.633,0x8A,0x00,True,4,3.21,3.78,-0.44
09:51:30.978,09:51:30.978,62230.638,0x8A,0x00,True,4,3.17,3.76,-0.42
09:52:00.973,09:52:00.973,62260.633,0x8A,0x00,True,4,3.16,3.75,-0.42
09:52:30.973,09:52:30.973,62290.633,0x8A,0x00,True,4,3.16,3.77,-0.48
09:53:00.973,09:53:00.973,62320.633,0x8A,0x00,True,4,3.14,3.8,-0.4
09:53:30.977,09:53:30.977,62350.637,0x8A,0x00,True,4,3.18,3.77,-0.43
09:54:00.973,09:54:00.973,62380.633,0x8A,0x00,True,4,3.21,3.78,-0.46
09:54:30.977,09:54:30.977,62410.637,0x8A,0x00,True,4,3.2,3.76,-0.46
09:55:00.973,09:55:00.973,62440.633,0x8A,0x00,True,4,3.17,3.79,-0.43
09:55:30.977,09:55:30.977,62470.637,0x8A,0x00,True,4,3.14,3.78,-0.45
09:56:00.972,09:56:00.972,62500.632,0x8A,0x00,True,4,3.17,3.79,-0.43
09:56:30.978,09:56:30.978,62530.638,0x8A,0x00,True,4,3.13,3.77,-0.48
09:57:00.967,09:57:00.967,62560.627,0x8A,0x00,True,4,3.17,3.77,-0.38
09:57:30.978,09:57:30.978,62590.638,0x8A,0x00,True,4,3.13,3.77,-0.4
09:58:00.978,09:58:00.978,62620.638,0x8A,0x00,True,4,3.19,3.8,-0.41
09:58:30.978,09:58:30.978,62650.638,0x8A,0x00,True,5,3.18,3.84,-0.43
09:59:00.973,09:59:00.973,62680.633,0x8A,0x00,True,4,3.18,3.77,-0.42
09:59:30.973,09:59:30.973,62710.633,0x8A,0x00,True,4,3.2,3.78,-0.48
10:00:00.968,10:00:00.968,62740.628,0x8A,0x00,True,4,3.2,3.8,-0.43
10:00:30.967,10:00:30.967,62770.627,0x8A,0x00,True,4,3.18,3.8,-0.45
10:01:00.972,10:01:00.972,62800.632,0x8A,0x00,True,4,3.18,3.8,-0.43
10:01:30.967,10:01:30.967,62830.627,0x8A,0x00,True,4,3.21,3.78,-0.44
10:02:00.962,10:02:00.962,62860.622,0x8A,0x00,True,4,3.19,3.79,-0.41
10:02:30.966,10:02:30.966,62890.626,0x8A,0x00,True,4,3.19,3.74,-0.49
10:03:00.953,10:03:00.953,62920.613,0x8A,0x00,True,4,3.14,3.8,-0.46
10:03:30.947,10:03:30.947,62950.607,0x8A,0x00,True,4,3.14,3.81,-0.5
10:04:00.942,10:04:00.942,62980.602,0x8A,0x00,True,4,3.15,3.8,-0.42
10:04:30.937,10:04:30.937,63010.597,0x8A,0x00,True,4,3.19,3.79,-0.43
10:05:00.928,10:05:00.928,63040.588,0x8A,0x00,True,4,3.17,3.81,-0.48
10:05:30.913,10:05:30.913,63070.573,0x8A,0x00,True,4,3.17,3.76,-0.45
10:06:00.923,10:06:00.923,63100.583,0x8A,0x00,True,4,3.16,3.79,-0.43
10:06:30.912,10:06:30.912,63130.572,0x8A,0x00,True,5,3.18,3.84,-0.45
10:07:00.912,10:07:00.912,63160.572,0x8A,0x00,True,4,3.17,3.81,-0.41
10:07:30.907,10:07:30.907,63190.567,0x8A,0x00,True,4,3.17,3.79,-0.51
10:08:00.902,10:08:00.902,63220.562,0x8A,0x00,True,4,3.17,3.8,-0.46
10:08:30.893,10:08:30.893,63250.553,0x8A,0x00,True,4,3.2,3.81,-0.47
10:09:00.893,10:09:00.893,63280.553,0x8A,0x00,True,4,3.16,3.8,-0.42
10:09:30.893,10:09:30.893,63310.553,0x8A,0x00,True,4,3.18,3.82,-0.47
10:10:00.902,10:10:00.902,63340.562,0x8A,0x00,True,4,3.17,3.77,-0.42
10:10:30.907,10:10:30.907,63370.567,0x8A,0x00,True,4,3.17,3.76,-0.42
10:11:00.893,10:11:00.893,63400.553,0x8A,0x00,True,4,3.18,3.76,-0.45
10:11:30.893,10:11:30.893,63430.553,0x8A,0x00,True,4,3.2,3.79,-0.41
10:12:00.888,10:12:00.888,63460.548,0x8A,0x00,True,4,3.17,3.8,-0.38
10:12:30.893,10:12:30.893,63490.553,0x8A,0x00,True,4,3.18,3.81,-0.42
10:13:00.912,10:13:00.912,63520.572,0x8A,0x00,True,4,3.16,3.79,-0.43
10:13:30.883,10:13:30.883,63550.543,0x8A,0x00,True,4,3.16,3.78,-0.45
10:14:00.883,10:14:00.883,63580.543,0x8A,0x00,True,4,3.18,3.78,-0.43
10:14:30.877,10:14:30.877,63610.537,0x8A,0x00,True,4,3.17,3.81,-0.49
10:15:00.880,10:15:00.880,63640.54,0x8A,0x00,True,4,3.2,3.78,-0.48
10:15:30.877,10:15:30.877,63670.537,0x8A,0x00,True,4,3.17,3.75,-0.43
10:16:00.878,10:16:00.878,63700.538,0x8A,0x00,True,4,3.18,3.77,-0.44
10:16:30.862,10:16:30.862,63730.522,0x8A,0x00,True,4,3.15,3.83,-0.44
10:17:00.862,10:17:00.862,63760.522,0x8A,0x00,True,4,3.19,3.79,-0.44
10:17:30.862,10:17:30.862,63790.522,0x8A,0x00,True,4,3.13,3.74,-0.5
10:18:00.862,10:18:00.862,63820.522,0x8A,0x00,True,5,3.17,3.84,-0.48
10:18:30.857,10:18:30.857,63850.517,0x8A,0x00,True,4,3.16,3.82,-0.43
10:19:00.857,10:19:00.857,63880.517,0x8A,0x00,True,4,3.18,3.8,-0.42
10:19:30.852,10:19:30.852,63910.512,0x8A,0x00,True,4,3.17,3.79,-0.4
10:20:00.838,10:20:00.838,63940.498,0x8A,0x00,True,4,3.15,3.75,-0.4
10:20:30.848,10:20:30.848,63970.508,0x8A,0x00,True,4,3.18,3.77,-0.48
10:21:00.840,10:21:00.840,64000.5,0x8A,0x00,True,4,3.18,3.77,-0.41
10:21:30.842,10:21:30.842,64030.502,0x8A,0x00,True,4,3.16,3.77,-0.48
10:22:00.832,10:22:00.832,64060.492,0x8A,0x00,True,4,3.2,3.76,-0.38
10:22:30.837,10:22:30.837,64090.497,0x8A,0x00,True,4,3.17,3.81,-0.46
10:23:00.822,10:23:00.822,64120.482,0x8A,0x00,True,4,3.2,3.79,-0.41
10:23:30.827,10:23:30.827,64150.487,0x8A,0x00,True,4,3.17,3.79,-0.46
10:24:00.822,10:24:00.822,64180.482,0x8A,0x00,True,4,3.16,3.79,-0.46
10:24:30.832,10:24:30.832,64210.492,0x8A,0x00,True,4,3.16,3.78,-0.45
10:25:00.831,10:25:00.831,64240.491,0x8A,0x00,True,4,3.17,3.78,-0.46
10:25:30.837,10:25:30.837,64270.497,0x8A,0x00,True,4,3.16,3.79,-0.45
10:26:00.839,10:26:00.839,64300.499,0x8A,0x00,True,4,3.17,3.77,-0.38
10:26:30.844,10:26:30.844,64330.504,0x8A,0x00,True,4,3.18,3.79,-0.43
10:27:00.832,10:27:00.832,64360.492,0x8A,0x00,True,4,3.17,3.82,-0.41
10:27:30.833,10:27:30.833,64390.493,0x8A,0x00,True,4,3.17,3.74,-0.48
10:28:00.833,10:28:00.833,64420.493,0x8A,0x00,True,4,3.16,3.76,-0.45
10:28:30.842,10:28:30.842,64450.502,0x8A,0x00,True,4,3.18,3.77,-0.43
10:29:00.837,10:29:00.837,64480.497,0x8A,0x00,True,4,3.16,3.77,-0.45
10:29:30.843,10:29:30.843,64510.503,0x8A,0x00,True,4,3.17,3.79,-0.41
10:30:00.841,10:30:00.841,64540.501,0x8A,0x00,True,4,3.14,3.79,-0.5
10:30:30.843,10:30:30.843,64570.503,0x8A,0x00,True,4,3.19,3.8,-0.43
10:31:00.832,10:31:00.832,64600.492,0x8A,0x00,True,4,3.17,3.77,-0.43
10:31:30.832,10:31:30.832,64630.492,0x8A,0x00,True,4,3.18,3.77,-0.43
10:32:00.832,10:32:00.832,64660.492,0x8A,0x00,True,4,3.17,3.78,-0.41
10:32:30.847,10:32:30.847,64690.507,0x8A,0x00,True,4,3.16,3.76,-0.45
10:33:00.837,10:33:00.837,64720.497,0x8A,0x00,True,4,3.18,3.76,-0.4
10:33:30.842,10:33:30.842,64750.502,0x8A,0x00,True,4,3.21,3.79,-0.45
10:34:00.853,10:34:00.853,64780.513,0x8A,0x00,True,4,3.18,3.76,-0.43
10:34:30.854,10:34:30.854,64810.514,0x8A,0x00,True,4,3.17,3.77,-0.48
10:35:00.851,10:35:00.851,64840.511,0x8A,0x00,True,4,3.17,3.77,-0.43
10:35:30.848,10:35:30.848,64870.508,0x8A,0x00,True,4,3.19,3.79,-0.47
10:36:00.858,10:36:00.858,64900.518,0x8A,0x00,True,4,3.15,3.8,-0.43
10:36:30.867,10:36:30.867,64930.527,0x8A,0x00,True,4,3.17,3.76,-0.45
10:37:00.867,10:37:00.867,64960.527,0x8A,0x00,True,4,3.18,3.76,-0.44
10:37:30.883,10:37:30.883,64990.543,0x8A,0x00,True,4,3.16,3.75,-0.4
10:38:00.872,10:38:00.872,65020.532,0x8A,0x00,True,4,3.2,3.79,-0.41
10:38:30.877,10:38:30.877,65050.537,0x8A,0x00,True,4,3.17,3.78,-0.43
10:39:00.872,10:39:00.872,65080.532,0x8A,0x00,True,4,3.18,3.78,-0.48
10:39:30.877,10:39:30.877,65110.537,0x8A,0x00,True,4,3.16,3.78,-0.43
10:40:00.862,10:40:00.862,65140.522,0x8A,0x00,True,4,3.17,3.81,-0.4
10:40:30.883,10:40:30.883,65170.543,0x8A,0x00,True,4,3.2,3.77,-0.42
10:41:00.882,10:41:00.882,65200.542,0x8A,0x00,True,4,3.21,3.8,-0.42
10:41:30.877,10:41:30.877,65230.537,0x8A,0x00,True,4,3.18,3.78,-0.4
10:42:00.877,10:42:00.877,65260.537,0x8A,0x00,True,4,3.2,3.77,-0.45
10:42:30.867,10:42:30.867,65290.527,0x8A,0x00,True,4,3.17,3.79,-0.44
10:43:00.877,10:43:00.877,65320.537,0x8A,0x00,True,4,3.18,3.8,-0.48
10:43:30.882,10:43:30.882,65350.542,0x8A,0x00,True,4,3.17,3.81,-0.44
10:44:00.883,10:44:00.883,65380.543,0x8A,0x00,True,4,3.16,3.77,-0.46
10:44:30.895,10:44:30.895,65410.555,0x8A,0x00,True,4,3.17,3.75,-0.51
10:45:00.887,10:45:00.887,65440.547,0x8A,0x00,True,4,3.15,3.8,-0.44
10:45:30.897,10:45:30.897,65470.557,0x8A,0x00,True,4,3.18,3.79,-0.48
10:46:00.893,10:46:00.893,65500.553,0x8A,0x00,True,5,3.18,3.84,-0.42
10:46:30.900,10:46:30.900,65530.56,0x8A,0x00,True,4,3.2,3.75,-0.43
10:47:00.897,10:47:00.897,65560.557,0x8A,0x00,True,4,3.17,3.73,-0.45
10:47:30.893,10:47:30.893,65590.553,0x8A,0x00,True,4,3.17,3.77,-0.42
10:48:00.903,10:48:00.903,65620.563,0x8A,0x00,True,4,3.17,3.78,-0.46
10:48:30.893,10:48:30.893,65650.553,0x8A,0x00,True,4,3.17,3.77,-0.49
10:49:00.893,10:49:00.893,65680.553,0x8A,0x00,True,4,3.17,3.77,-0.48
10:49:30.893,10:49:30.893,65710.553,0x8A,0x00,True,4,3.16,3.79,-0.44
10:50:00.907,10:50:00.907,65740.567,0x8A,0x00,True,4,3.17,3.83,-0.44
10:50:30.902,10:50:30.902,65770.562,0x8A,0x00,True,4,3.19,3.8,-0.46
10:51:00.912,10:51:00.912,65800.572,0x8A,0x00,True,4,3.18,3.81,-0.43
10:51:30.912,10:51:30.912,65830.572,0x8A,0x00,True,4,3.23,3.77,-0.41
10:52:00.907,10:52:00.907,65860.567,0x8A,0x00,True,4,3.14,3.77,-0.47
10:52:30.912,10:52:30.912,65890.572,0x8A,0x00,True,4,3.18,3.76,-0.45
10:53:00.918,10:53:00.918,65920.578,0x8A,0x00,True,4,3.17,3.8,-0.45
10:53:30.918,10:53:30.918,65950.578,0x8A,0x00,True,4,3.2,3.77,-0.5
10:54:00.933,10:54:00.933,65980.593,0x8A,0x00,True,4,3.17,3.75,-0.45
10:54:30.937,10:54:30.937,66010.597,0x8A,0x00,True,4,3.18,3.77,-0.44
10:55:00.933,10:55:00.933,66040.593,0x8A,0x00,True,4,3.17,3.76,-0.39
10:55:30.942,10:55:30.942,66070.602,0x8A,0x00,True,4,3.16,3.78,-0.47
10:56:00.947,10:56:00.947,66100.607,0x8A,0x00,True,4,3.16,3.79,-0.43
10:56:30.937,10:56:30.937,66130.597,0x8A,0x00,True,4,3.17,3.8,-0.46
10:57:00.953,10:57:00.953,66160.613,0x8A,0x00,True,4,3.17,3.78,-0.44
10:57:30.957,10:57:30.957,66190.617,0x8A,0x00,True,4,3.18,3.8,-0.45
10:58:00.958,10:58:00.958,66220.618,0x8A,0x00,True,4,3.16,3.78,-0.4
10:58:30.947,10:58:30.947,66250.607,0x8A,0x00,True,4,3.21,3.79,-0.49
10:59:00.966,10:59:00.966,66280.626,0x8A,0x00,True,4,3.17,3.81,-0.42
10:59:30.963,10:59:30.963,66310.623,0x8A,0x00,True,4,3.14,3.79,-0.39
11:00:00.968,11:00:00.968,66340.628,0x8A,0x00,True,4,3.17,3.8,-0.48
11:00:30.962,11:00:30.962,66370.622,0x8A,0x00,True,4,3.18,3.75,-0.47
11:01:00.967,11:01:00.967,66400.627,0x8A,0x00,True,4,3.17,3.78,-0.48
11:01:30.967,11:01:30.967,66430.627,0x8A,0x00,True,4,3.16,3.77,-0.4
11:02:00.973,11:02:00.973,66460.633,0x8A,0x00,True,4,3.16,3.78,-0.45
11:02:30.977,11:02:30.977,66490.637,0x8A,0x00,True,4,3.18,3.77,-0.42
11:03:00.973,11:03:00.973,66520.633,0x8A,0x00,True,4,3.14,3.78,-0.43
11:03:30.978,11:03:30.978,66550.638,0x8A,0x00,True,4,3.18,3.79,-0.44
11:04:00.973,11:04:00.973,66580.633,0x8A,0x00,True,4,3.17,3.76,-0.45
11:04:30.982,11:04:30.982,66610.642,0x8A,0x00,True,4,3.17,3.81,-0.44
11:05:00.978,11:05:00.978,66640.638,0x8A,0x00,True,4,3.17,3.77,-0.51
11:05:30.982,11:05:30.982,66670.642,0x8A,0x00,True,4,3.15,3.81,-0.44
11:06:00.987,11:06:00.987,66700.647,0x8A,0x00,True,4,3.17,3.78,-0.48
11:06:31.007,11:06:31.007,66730.667,0x8A,0x00,True,4,3.18,3.78,-0.41
11:07:01.003,11:07:01.003,66760.663,0x8A,0x00,True,4,3.15,3.8,-0.44
11:07:31.008,11:07:31.008,66790.668,0x8A,0x00,True,4,3.15,3.78,-0.45
11:08:01.013,11:08:01.013,66820.673,0x8A,0x00,True,4,3.15,3.79,-0.48
11:08:31.022,11:08:31.022,66850.682,0x8A,0x00,True,4,3.17,3.78,-0.43
11:09:01.027,11:09:01.027,66880.687,0x8A,0x00,True,4,3.17,3.77,-0.47
11:09:31.018,11:09:31.018,66910.678,0x8A,0x00,True,4,3.16,3.75,-0.45
11:10:01.037,11:10:01.037,66940.697,0x8A,0x00,True,4,3.17,3.77,-0.51
11:10:31.042,11:10:31.042,66970.702,0x8A,0x00,True,4,3.17,3.79,-0.43
11:11:01.048,11:11:01.048,67000.708,0x8A,0x00,True,4,3.15,3.78,-0.45
11:11:31.053,11:11:31.053,67030.713,0x8A,0x00,True,5,3.23,3.81,-0.48
11:12:01.053,11:12:01.053,67060.713,0x8A,0x00,True,4,3.17,3.77,-0.44
11:12:31.066,11:12:31.066,67090.726,0x8A,0x00,True,4,3.18,3.76,-0.47
11:13:01.062,11:13:01.062,67120.722,0x8A,0x00,True,4,3.16,3.79,-0.46
11:13:31.067,11:13:31.067,67150.727,0x8A,0x00,True,4,3.16,3.75,-0.39
11:14:01.077,11:14:01.077,67180.737,0x8A,0x00,True,4,3.17,3.72,-0.46
11:14:31.098,11:14:31.098,67210.758,0x8A,0x00,True,4,3.16,3.77,-0.48
11:15:01.103,11:15:01.103,67240.763,0x8A,0x00,True,4,3.16,3.78,-0.43
11:15:31.107,11:15:31.107,67270.767,0x8A,0x00,True,4,3.17,3.76,-0.48
11:16:01.112,11:16:01.112,67300.772,0x8A,0x00,True,4,3.18,3.76,-0.45
11:16:31.127,11:16:31.127,67330.787,0x8A,0x00,True,4,3.2,3.76,-0.47
11:17:01.128,11:17:01.128,67360.788,0x8A,0x00,True,4,3.16,3.79,-0.44
11:17:31.132,11:17:31.132,67390.792,0x8A,0x00,True,4,3.17,3.77,-0.45
11:18:01.133,11:18:01.133,67420.793,0x8A,0x00,True,4,3.17,3.78,-0.43
11:18:31.143,11:18:31.143,67450.803,0x8A,0x00,True,4,3.17,3.81,-0.48
11:19:01.145,11:19:01.145,67480.805,0x8A,0x00,True,4,3.19,3.79,-0.46
11:19:31.160,11:19:31.160,67510.82,0x8A,0x00,True,4,3.13,3.74,-0.48
11:20:01.147,11:20:01.147,67540.807,0x8A,0x00,True,4,3.15,3.76,-0.44
11:20:31.152,11:20:31.152,67570.812,0x8A,0x00,True,4,3.17,3.79,-0.42
11:21:01.152,11:21:01.152,67600.812,0x8A,0x00,True,4,3.17,3.76,-0.48
11:21:31.152,11:21:31.152,67630.812,0x8A,0x00,True,4,3.18,3.79,-0.43
11:22:01.157,11:22:01.157,67660.817,0x8A,0x00,True,4,3.16,3.77,-0.41
11:22:31.167,11:22:31.167,67690.827,0x8A,0x00,True,4,3.18,3.78,-0.45
11:23:01.167,11:23:01.167,67720.827,0x8A,0x00,True,4,3.18,3.77,-0.43
11:23:31.183,11:23:31.183,67750.843,0x8A,0x00,True,4,3.16,3.73,-0.4
11:24:01.188,11:24:01.188,67780.848,0x8A,0x00,True,4,3.17,3.79,-0.45
11:24:31.192,11:24:31.192,67810.852,0x8A,0x00,True,4,3.16,3.77,-0.42
11:25:01.197,11:25:01.197,67840.857,0x8A,0x00,True,4,3.17,3.8,-0.47
11:25:31.202,11:25:31.202,67870.862,0x8A,0x00,True,4,3.17,3.75,-0.46
11:26:01.208,11:26:01.208,67900.868,0x8A,0x00,True,4,3.14,3.77,-0.43
11:26:31.217,11:26:31.217,67930.877,0x8A,0x00,True,4,3.17,3.75,-0.41
11:27:01.218,11:27:01.218,67960.878,0x8A,0x00,True,4,3.18,3.78,-0.43
11:27:31.220,11:27:31.220,67990.88,0x8A,0x00,True,4,3.17,3.8,-0.47
11:28:01.232,11:28:01.232,68020.892,0x8A,0x00,True,4,3.18,3.77,-0.45
11:28:31.223,11:28:31.223,68050.883,0x8A,0x00,True,4,3.17,3.72,-0.43
11:29:01.228,11:29:01.228,68080.888,0x8A,0x00,True,4,3.2,3.78,-0.42
11:29:31.236,11:29:31.236,68110.896,0x8A,0x00,True,4,3.15,3.79,-0.46
11:30:01.238,11:30:01.238,68140.898,0x8A,0x00,True,4,3.16,3.77,-0.4
11:30:31.242,11:30:31.242,68170.902,0x8A,0x00,True,4,3.16,3.77,-0.47
11:31:01.253,11:31:01.253,68200.913,0x8A,0x00,True,4,3.17,3.83,-0.45
11:31:31.247,11:31:31.247,68230.907,0x8A,0x00,True,4,3.18,3.79,-0.43
11:32:01.262,11:32:01.262,68260.922,0x8A,0x00,True,5,3.22,3.83,-0.42
11:32:31.267,11:32:31.267,68290.927,0x8A,0x00,True,4,3.18,3.8,-0.43
11:33:01.272,11:33:01.272,68320.932,0x8A,0x00,True,4,3.19,3.81,-0.42
11:33:31.272,11:33:31.272,68350.932,0x8A,0x00,True,4,3.18,3.74,-0.45
11:34:01.277,11:34:01.277,68380.937,0x8A,0x00,True,4,3.14,3.76,-0.42
11:34:31.282,11:34:31.282,68410.942,0x8A,0x00,True,4,3.17,3.81,-0.43
11:35:01.293,11:35:01.293,68440.953,0x8A,0x00,True,4,3.16,3.78,-0.4
11:35:31.282,11:35:31.282,68470.942,0x8A,0x00,True,4,3.18,3.8,-0.43
11:36:01.293,11:36:01.293,68500.953,0x8A,0x00,True,5,3.21,3.82,-0.41
11:36:31.302,11:36:31.302,68530.962,0x8A,0x00,True,4,3.18,3.76,-0.44
11:37:01.306,11:37:01.306,68560.966,0x8A,0x00,True,4,3.17,3.8,-0.49
11:37:31.312,11:37:31.312,68590.972,0x8A,0x00,True,4,3.18,3.76,-0.42
11:38:01.308,11:38:01.308,68620.968,0x8A,0x00,True,5,3.18,3.84,-0.48
11:38:31.312,11:38:31.312,68650.972,0x8A,0x00,True,4,3.18,3.79,-0.44
11:39:01.317,11:39:01.317,68680.977,0x8A,0x00,True,4,3.18,3.8,-0.44
11:39:31.337,11:39:31.337,68710.997,0x8A,0x00,True,4,3.2,3.76,-0.45
11:40:01.343,11:40:01.343,68741.003,0x8A,0x00,True,4,3.16,3.78,-0.48
11:40:31.348,11:40:31.348,68771.008,0x8A,0x00,True,4,3.18,3.77,-0.49
11:41:01.357,11:41:01.357,68801.017,0x8A,0x00,True,4,3.18,3.8,-0.47
11:41:31.356,11:41:31.356,68831.016,0x8A,0x00,True,4,3.2,3.77,-0.48
11:42:01.362,11:42:01.362,68861.022,0x8A,0x00,True,4,3.15,3.79,-0.42
11:42:31.367,11:42:31.367,68891.027,0x8A,0x00,True,4,3.21,3.76,-0.4
11:43:01.377,11:43:01.377,68921.037,0x8A,0x00,True,4,3.21,3.79,-0.42
11:43:31.387,11:43:31.387,68951.047,0x8A,0x00,True,4,3.18,3.77,-0.43
11:44:01.377,11:44:01.377,68981.037,0x8A,0x00,True,5,3.18,3.84,-0.43
11:44:31.372,11:44:31.372,69011.032,0x8A,0x00,True,4,3.21,3.78,-0.43
11:45:01.388,11:45:01.388,69041.048,0x8A,0x00,True,4,3.17,3.8,-0.47
11:45:31.382,11:45:31.382,69071.042,0x8A,0x00,True,4,3.19,3.76,-0.42
11:46:01.402,11:46:01.402,69101.062,0x8A,0x00,True,4,3.22,3.78,-0.43
11:46:31.393,11:46:31.393,69131.053,0x8A,0x00,True,4,3.18,3.78,-0.43
11:47:01.412,11:47:01.412,69161.072,0x8A,0x00,True,4,3.17,3.8,-0.45
11:47:31.413,11:47:31.413,69191.073,0x8A,0x00,True,4,3.21,3.76,-0.42
11:48:01.433,11:48:01.433,69221.093,0x8A,0x00,True,4,3.17,3.8,-0.43
11:48:31.438,11:48:31.438,69251.098,0x8A,0x00,True,5,3.18,3.83,-0.44
11:49:01.437,11:49:01.437,69281.097,0x8A,0x00,True,4,3.18,3.8,-0.41
11:49:31.441,11:49:31.441,69311.101,0x8A,0x00,True,4,3.16,3.78,-0.41
11:50:01.457,11:50:01.457,69341.117,0x8A,0x00,True,4,3.18,3.77,-0.46
11:50:31.475,11:50:31.475,69371.135,0x8A,0x00,True,4,3.14,3.78,-0.48
11:51:01.463,11:51:01.463,69401.123,0x8A,0x00,True,4,3.19,3.81,-0.47
11:51:31.473,11:51:31.473,69431.133,0x8A,0x00,True,4,3.18,3.81,-0.47
11:52:01.497,11:52:01.497,69461.157,0x8A,0x00,True,4,3.18,3.77,-0.44
11:52:31.503,11:52:31.503,69491.163,0x8A,0x00,True,4,3.17,3.81,-0.41
11:53:01.513,11:53:01.513,69521.173,0x8A,0x00,True,4,3.16,3.77,-0.46
11:53:31.522,11:53:31.522,69551.182,0x8A,0x00,True,4,3.16,3.8,-0.43
11:54:01.532,11:54:01.532,69581.192,0x8A,0x00,True,4,3.15,3.81,-0.47
11:54:31.532,11:54:31.532,69611.192,0x8A,0x00,True,4,3.17,3.79,-0.47
11:55:01.542,11:55:01.542,69641.202,0x8A,0x00,True,4,3.15,3.75,-0.43
11:55:31.552,11:55:31.552,69671.212,0x8A,0x00,True,4,3.18,3.76,-0.45
11:56:01.577,11:56:01.577,69701.237,0x8A,0x00,True,4,3.16,3.79,-0.41
11:56:31.577,11:56:31.577,69731.237,0x8A,0x00,True,4,3.2,3.78,-0.41
11:57:01.598,11:57:01.598,69761.258,0x8A,0x00,True,4,3.17,3.77,-0.4
11:57:31.607,11:57:31.607,69791.267,0x8A,0x00,True,4,3.13,3.78,-0.42
11:58:01.612,11:58:01.612,69821.272,0x8A,0x00,True,4,3.18,3.76,-0.47
11:58:31.638,11:58:31.638,69851.298,0x8A,0x00,True,5,3.2,3.83,-0.42
11:59:01.638,11:59:01.638,69881.298,0x8A,0x00,True,4,3.16,3.8,-0.47
11:59:31.662,11:59:31.662,69911.322,0x8A,0x00,True,4,3.17,3.78,-0.46
12:00:01.673,12:00:01.673,69941.333,0x8A,0x00,True,4,3.15,3.81,-0.55
12:00:31.688,12:00:31.688,69971.348,0x8A,0x00,True,4,3.17,3.78,-0.44
12:01:01.702,12:01:01.702,70001.362,0x8A,0x00,True,4,3.18,3.8,-0.43
12:01:31.719,12:01:31.719,70031.379,0x8A,0x00,True,4,3.17,3.77,-0.48
12:02:01.732,12:02:01.732,70061.392,0x8A,0x00,True,4,3.15,3.79,-0.43
12:02:31.752,12:02:31.752,70091.412,0x8A,0x00,True,4,3.17,3.78,-0.48
12:03:01.763,12:03:01.763,70121.423,0x8A,0x00,True,4,3.17,3.75,-0.46
12:03:31.782,12:03:31.782,70151.442,0x8A,0x00,True,4,3.16,3.78,-0.45
12:04:01.782,12:04:01.782,70181.442,0x8A,0x00,True,4,3.14,3.75,-0.44
12:04:31.813,12:04:31.813,70211.473,0x8A,0x00,True,4,3.16,3.81,-0.46
12:05:01.822,12:05:01.822,70241.482,0x8A,0x00,True,4,3.15,3.82,-0.4
12:05:31.832,12:05:31.832,70271.492,0x8A,0x00,True,4,3.18,3.75,-0.47
12:06:01.853,12:06:01.853,70301.513,0x8A,0x00,True,4,3.18,3.76,-0.45
12:06:31.862,12:06:31.862,70331.522,0x8A,0x00,True,4,3.19,3.8,-0.42
12:07:01.888,12:07:01.888,70361.548,0x8A,0x00,True,4,3.17,3.76,-0.42
12:07:31.902,12:07:31.902,70391.562,0x8A,0x00,True,4,3.17,3.77,-0.44
12:08:01.917,12:08:01.917,70421.577,0x8A,0x00,True,4,3.17,3.77,-0.43
12:08:31.938,12:08:31.938,70451.598,0x8A,0x00,True,4,3.14,3.79,-0.4
12:09:01.942,12:09:01.942,70481.602,0x8A,0x00,True,4,3.16,3.77,-0.42
12:09:31.972,12:09:31.972,70511.632,0x8A,0x00,True,4,3.18,3.8,-0.43
12:10:01.978,12:10:01.978,70541.638,0x8A,0x00,True,4,3.17,3.81,-0.46
12:10:32.007,12:10:32.007,70571.667,0x8A,0x00,True,4,3.15,3.76,-0.44
12:11:02.022,12:11:02.022,70601.682,0x8A,0x00,True,4,3.18,3.77,-0.44
12:11:32.027,12:11:32.027,70631.687,0x8A,0x00,True,4,3.17,3.82,-0.42
12:12:02.042,12:12:02.042,70661.702,0x8A,0x00,True,4,3.13,3.77,-0.4
12:12:32.072,12:12:32.072,70691.732,0x8A,0x00,True,4,3.15,3.77,-0.44
12:13:02.092,12:13:02.092,70721.752,0x8A,0x00,True,4,3.17,3.8,-0.44
12:13:32.112,12:13:32.112,70751.772,0x8A,0x00,True,4,3.14,3.78,-0.43
12:14:02.117,12:14:02.117,70781.777,0x8A,0x00,True,4,3.15,3.76,-0.45
12:14:32.147,12:14:32.147,70811.807,0x8A,0x00,True,4,3.14,3.83,-0.47
12:15:02.167,12:15:02.167,70841.827,0x8A,0x00,True,4,3.14,3.78,-0.46
12:15:32.178,12:15:32.178,70871.838,0x8A,0x00,True,4,3.17,3.76,-0.45
12:16:02.202,12:16:02.202,70901.862,0x8A,0x00,True,4,3.13,3.76,-0.44
12:16:32.227,12:16:32.227,70931.887,0x8A,0x00,True,4,3.14,3.78,-0.43
12:17:02.252,12:17:02.252,70961.912,0x8A,0x00,True,4,3.17,3.74,-0.44
12:17:32.272,12:17:32.272,70991.932,0x8A,0x00,True,4,3.14,3.76,-0.4
12:18:02.297,12:18:02.297,71021.957,0x8A,0x00,True,5,3.22,3.79,-0.5
12:18:32.317,12:18:32.317,71051.977,0x8A,0x00,True,4,3.14,3.75,-0.43
12:19:02.343,12:19:02.343,71082.003,0x8A,0x00,True,4,3.15,3.82,-0.44
12:19:32.352,12:19:32.352,71112.012,0x8A,0x00,True,4,3.16,3.77,-0.48
12:20:02.382,12:20:02.382,71142.042,0x8A,0x00,True,4,3.14,3.75,-0.48
12:20:32.407,12:20:32.407,71172.067,0x8A,0x00,True,4,3.18,3.72,-0.46
12:21:02.428,12:21:02.428,71202.088,0x8A,0x00,True,4,3.16,3.8,-0.41
12:21:32.462,12:21:32.462,71232.122,0x8A,0x00,True,4,3.19,3.77,-0.45
12:22:02.482,12:22:02.482,71262.142,0x8A,0x00,True,4,3.17,3.79,-0.43
12:22:32.497,12:22:32.497,71292.157,0x8A,0x00,True,4,3.17,3.76,-0.47
12:23:02.518,12:23:02.518,71322.178,0x8A,0x00,True,4,3.17,3.75,-0.41
12:23:32.540,12:23:32.540,71352.2,0x8A,0x00,True,4,3.15,3.77,-0.45
12:24:02.572,12:24:02.572,71382.232,0x8A,0x00,True,4,3.16,3.75,-0.41
12:24:32.587,12:24:32.587,71412.247,0x8A,0x00,True,4,3.17,3.78,-0.43
12:25:02.603,12:25:02.603,71442.263,0x8A,0x00,True,4,3.17,3.77,-0.42
12:25:32.633,12:25:32.633,71472.293,0x8A,0x00,True,4,3.17,3.77,-0.45
12:26:02.657,12:26:02.657,71502.317,0x8A,0x00,True,4,3.17,3.8,-0.49
12:26:32.675,12:26:32.675,71532.335,0x8A,0x00,True,4,3.17,3.8,-0.46
12:27:02.702,12:27:02.702,71562.362,0x8A,0x00,True,4,3.16,3.79,-0.45
12:27:32.723,12:27:32.723,71592.383,0x8A,0x00,True,4,3.19,3.78,-0.42
12:28:02.745,12:28:02.745,71622.405,0x8A,0x00,True,4,3.18,3.74,-0.4
12:28:32.768,12:28:32.768,71652.428,0x8A,0x00,True,4,3.14,3.75,-0.42
12:29:02.787,12:29:02.787,71682.447,0x8A,0x00,True,4,3.16,3.76,-0.48
12:29:32.808,12:29:32.808,71712.468,0x8A,0x00,True,4,3.17,3.75,-0.5
12:30:02.827,12:30:02.827,71742.487,0x8A,0x00,True,4,3.14,3.75,-0.37
12:30:32.845,12:30:32.845,71772.505,0x8A,0x00,True,4,3.18,3.77,-0.44
12:31:02.867,12:31:02.867,71802.527,0x8A,0x00,True,4,3.15,3.77,-0.41
12:31:32.887,12:31:32.887,71832.547,0x8A,0x00,True,4,3.17,3.77,-0.39
12:32:02.897,12:32:02.897,71862.557,0x8A,0x00,True,4,3.16,3.76,-0.42
12:32:32.912,12:32:32.912,71892.572,0x8A,0x00,True,4,3.14,3.78,-0.49
12:33:02.947,12:33:02.947,71922.607,0x8A,0x00,True,4,3.18,3.77,-0.44
12:33:32.972,12:33:32.972,71952.632,0x8A,0x00,True,4,3.17,3.75,-0.5
12:34:02.992,12:34:02.992,71982.652,0x8A,0x00,True,4,3.15,3.78,-0.41
12:34:33.013,12:34:33.013,72012.673,0x8A,0x00,True,4,3.16,3.8,-0.44
12:35:03.032,12:35:03.032,72042.692,0x8A,0x00,True,4,3.18,3.77,-0.44
12:35:33.052,12:35:33.052,72072.712,0x8A,0x00,True,4,3.15,3.75,-0.47
12:36:03.066,12:36:03.066,72102.726,0x8A,0x00,True,4,3.13,3.75,-0.44
12:36:33.087,12:36:33.087,72132.747,0x8A,0x00,True,4,3.15,3.75,-0.44
12:37:03.103,12:37:03.103,72162.763,0x8A,0x00,True,4,3.15,3.77,-0.42
12:37:33.127,12:37:33.127,72192.787,0x8A,0x00,True,4,3.16,3.77,-0.46
12:38:03.143,12:38:03.143,72222.803,0x8A,0x00,True,4,3.2,3.79,-0.43
12:38:33.152,12:38:33.152,72252.812,0x8A,0x00,True,4,3.17,3.76,-0.47
12:39:03.183,12:39:03.183,72282.843,0x8A,0x00,True,4,3.18,3.76,-0.48
12:39:33.202,12:39:33.202,72312.862,0x8A,0x00,True,4,3.14,3.78,-0.43
12:40:03.212,12:40:03.212,72342.872,0x8A,0x00,True,4,3.14,3.77,-0.44
12:40:33.228,12:40:33.228,72372.888,0x8A,0x00,True,4,3.13,3.75,-0.43
12:41:03.262,12:41:03.262,72402.922,0x8A,0x00,True,4,3.13,3.8,-0.42
12:41:33.277,12:41:33.277,72432.937,0x8A,0x00,True,4,3.17,3.76,-0.45
12:42:03.288,12:42:03.288,72462.948,0x8A,0x00,True,4,3.16,3.77,-0.47
12:42:33.308,12:42:33.308,72492.968,0x8A,0x00,True,4,3.18,3.73,-0.49
12:43:03.342,12:43:03.342,72523.002,0x8A,0x00,True,4,3.18,3.74,-0.48
12:43:33.362,12:43:33.362,72553.022,0x8A,0x00,True,4,3.16,3.77,-0.48
12:44:03.372,12:44:03.372,72583.032,0x8A,0x00,True,4,3.18,3.76,-0.43
12:44:33.392,12:44:33.392,72613.052,0x8A,0x00,True,4,3.17,3.73,-0.46
12:45:03.422,12:45:03.422,72643.082,0x8A,0x00,True,4,3.17,3.7,-0.42
12:45:33.442,12:45:33.442,72673.102,0x8A,0x00,True,4,3.15,3.78,-0.45
12:46:03.447,12:46:03.447,72703.107,0x8A,0x00,True,4,3.18,3.75,-0.45
12:46:33.462,12:46:33.462,72733.122,0x8A,0x00,True,4,3.18,3.79,-0.43
12:47:03.492,12:47:03.492,72763.152,0x8A,0x00,True,4,3.17,3.8,-0.41
12:47:33.513,12:47:33.513,72793.173,0x8A,0x00,True,4,3.19,3.81,-0.43
12:48:03.532,12:48:03.532,72823.192,0x8A,0x00,True,4,3.16,3.77,-0.49
12:48:33.537,12:48:33.537,72853.197,0x8A,0x00,True,4,3.14,3.8,-0.44
12:49:03.558,12:49:03.558,72883.218,0x8A,0x00,True,4,3.18,3.8,-0.49
12:49:33.578,12:49:33.578,72913.238,0x8A,0x00,True,4,3.15,3.79,-0.42
12:50:03.577,12:50:03.577,72943.237,0x8A,0x00,True,4,3.17,3.77,-0.47
12:50:33.603,12:50:33.603,72973.263,0x8A,0x00,True,4,3.15,3.74,-0.43
12:51:03.607,12:51:03.607,73003.267,0x8A,0x00,True,4,3.18,3.75,-0.39
12:51:33.612,12:51:33.612,73033.272,0x8A,0x00,True,4,3.17,3.77,-0.41
12:52:03.637,12:52:03.637,73063.297,0x8A,0x00,True,4,3.16,3.78,-0.46
12:52:33.645,12:52:33.645,73093.305,0x8A,0x00,True,4,3.16,3.73,-0.43
12:53:03.662,12:53:03.662,73123.322,0x8A,0x00,True,4,3.16,3.76,-0.49
12:53:33.668,12:53:33.668,73153.328,0x8A,0x00,True,4,3.2,3.75,-0.43
12:54:03.683,12:54:03.683,73183.343,0x8A,0x00,True,4,3.17,3.77,-0.4
12:54:33.692,12:54:33.692,73213.352,0x8A,0x00,True,4,3.17,3.79,-0.43
12:55:03.692,12:55:03.692,73243.352,0x8A,0x00,True,4,3.17,3.79,-0.5
12:55:33.703,12:55:33.703,73273.363,0x8A,0x00,True,4,3.2,3.77,-0.45
12:56:03.702,12:56:03.702,73303.362,0x8A,0x00,True,4,3.17,3.79,-0.44
12:56:33.708,12:56:33.708,73333.368,0x8A,0x00,True,4,3.17,3.79,-0.48
12:57:03.713,12:57:03.713,73363.373,0x8A,0x00,True,4,3.19,3.78,-0.45
12:57:33.717,12:57:33.717,73393.377,0x8A,0x00,True,4,3.17,3.78,-0.43
12:58:03.732,12:58:03.732,73423.392,0x8A,0x00,True,4,3.15,3.79,-0.4
12:58:33.737,12:58:33.737,73453.397,0x8A,0x00,True,5,3.19,3.83,-0.43
12:59:03.742,12:59:03.742,73483.402,0x8A,0x00,True,4,3.18,3.8,-0.46
12:59:33.747,12:59:33.747,73513.407,0x8A,0x00,True,4,3.16,3.83,-0.46
13:00:03.742,13:00:03.742,73543.402,0x8A,0x00,True,4,3.16,3.77,-0.4
13:00:33.757,13:00:33.757,73573.417,0x8A,0x00,True,4,3.17,3.77,-0.51
13:01:03.770,13:01:03.770,73603.43,0x8A,0x00,True,4,3.17,3.81,-0.46
13:01:33.763,13:01:33.763,73633.423,0x8A,0x00,True,4,3.17,3.79,-0.46
13:02:03.762,13:02:03.762,73663.422,0x8A,0x00,True,4,3.19,3.81,-0.41
13:02:33.768,13:02:33.768,73693.428,0x8A,0x00,True,4,3.18,3.77,-0.42
13:03:03.767,13:03:03.767,73723.427,0x8A,0x00,True,4,3.18,3.77,-0.42
13:03:33.772,13:03:33.772,73753.432,0x8A,0x00,True,4,3.19,3.79,-0.41
13:04:03.772,13:04:03.772,73783.432,0x8A,0x00,True,4,3.16,3.79,-0.41
13:04:33.775,13:04:33.775,73813.435,0x8A,0x00,True,4,3.17,3.79,-0.43
13:05:03.767,13:05:03.767,73843.427,0x8A,0x00,True,4,3.19,3.76,-0.39
13:05:33.772,13:05:33.772,73873.432,0x8A,0x00,True,4,3.2,3.79,-0.45
13:06:03.782,13:06:03.782,73903.442,0x8A,0x00,True,4,3.17,3.81,-0.46
13:06:33.772,13:06:33.772,73933.432,0x8A,0x00,True,5,3.17,3.83,-0.45
13:07:03.782,13:07:03.782,73963.442,0x8A,0x00,True,4,3.19,3.79,-0.42
13:07:33.777,13:07:33.777,73993.437,0x8A,0x00,True,4,3.21,3.76,-0.43
13:08:03.787,13:08:03.787,74023.447,0x8A,0x00,True,4,3.18,3.81,-0.48
13:08:33.782,13:08:33.782,74053.442,0x8A,0x00,True,4,3.18,3.79,-0.42
13:09:03.792,13:09:03.792,74083.452,0x8A,0x00,True,5,3.2,3.81,-0.41
13:09:33.782,13:09:33.782,74113.442,0x8A,0x00,True,4,3.16,3.75,-0.41
13:10:03.782,13:10:03.782,74143.442,0x8A,0x00,True,4,3.17,3.77,-0.45
13:10:33.782,13:10:33.782,74173.442,0x8A,0x00,True,4,3.2,3.76,-0.42
13:11:03.787,13:11:03.787,74203.447,0x8A,0x00,True,4,3.18,3.8,-0.42
13:11:33.782,13:11:33.782,74233.442,0x8A,0x00,True,4,3.19,3.77,-0.48
13:12:03.782,13:12:03.782,74263.442,0x8A,0x00,True,4,3.15,3.79,-0.46
13:12:33.782,13:12:33.782,74293.442,0x8A,0x00,True,4,3.17,3.76,-0.49
13:13:03.792,13:13:03.792,74323.452,0x8A,0x00,True,4,3.17,3.78,-0.43
13:13:33.785,13:13:33.785,74353.445,0x8A,0x00,True,4,3.19,3.79,-0.45
13:14:03.782,13:14:03.782,74383.442,0x8A,0x00,True,4,3.16,3.8,-0.43
13:14:33.777,13:14:33.777,74413.437,0x8A,0x00,True,4,3.17,3.79,-0.41
13:15:03.792,13:15:03.792,74443.452,0x8A,0x00,True,4,3.19,3.81,-0.46
13:15:33.772,13:15:33.772,74473.432,0x8A,0x00,True,4,3.21,3.79,-0.47
13:16:03.782,13:16:03.782,74503.442,0x8A,0x00,True,4,3.16,3.8,-0.41
13:16:33.771,13:16:33.771,74533.431,0x8A,0x00,True,4,3.15,3.79,-0.45
13:17:03.782,13:17:03.782,74563.442,0x8A,0x00,True,4,3.15,3.8,-0.42
13:17:33.772,13:17:33.772,74593.432,0x8A,0x00,True,4,3.18,3.79,-0.43
13:18:03.782,13:18:03.782,74623.442,0x8A,0x00,True,5,3.19,3.81,-0.46
13:18:33.782,13:18:33.782,74653.442,0x8A,0x00,True,4,3.19,3.78,-0.43
13:19:03.772,13:19:03.772,74683.432,0x8A,0x00,True,4,3.17,3.83,-0.46
13:19:33.772,13:19:33.772,74713.432,0x8A,0x00,True,5,3.16,3.84,-0.48
13:20:03.768,13:20:03.768,74743.428,0x8A,0x00,True,4,3.14,3.8,-0.43
13:20:33.777,13:20:33.777,74773.437,0x8A,0x00,True,4,3.19,3.78,-0.38
13:21:03.772,13:21:03.772,74803.432,0x8A,0x00,True,4,3.17,3.77,-0.45
13:21:33.757,13:21:33.757,74833.417,0x8A,0x00,True,4,3.19,3.8,-0.45
13:22:03.768,13:22:03.768,74863.428,0x8A,0x00,True,4,3.14,3.78,-0.44
13:22:33.767,13:22:33.767,74893.427,0x8A,0x00,True,4,3.17,3.81,-0.45
13:23:03.763,13:23:03.763,74923.423,0x8A,0x00,True,4,3.18,3.77,-0.46
13:23:33.747,13:23:33.747,74953.407,0x8A,0x00,True,4,3.17,3.78,-0.43
13:24:03.757,13:24:03.757,74983.417,0x8A,0x00,True,5,3.19,3.83,-0.47
13:24:33.747,13:24:33.747,75013.407,0x8A,0x00,True,4,3.16,3.76,-0.46
13:25:03.757,13:25:03.757,75043.417,0x8A,0x00,True,4,3.19,3.78,-0.42
13:25:33.753,13:25:33.753,75073.413,0x8A,0x00,True,4,3.17,3.77,-0.43
13:26:03.753,13:26:03.753,75103.413,0x8A,0x00,True,4,3.16,3.81,-0.46
13:26:33.753,13:26:33.753,75133.413,0x8A,0x00,True,5,3.19,3.82,-0.47
13:27:03.737,13:27:03.737,75163.397,0x8A,0x00,True,5,3.22,3.79,-0.43
13:27:33.747,13:27:33.747,75193.407,0x8A,0x00,True,4,3.16,3.8,-0.42
13:28:03.742,13:28:03.742,75223.402,0x8A,0x00,True,4,3.18,3.81,-0.47
13:28:33.737,13:28:33.737,75253.397,0x8A,0x00,True,4,3.18,3.79,-0.43
13:29:03.732,13:29:03.732,75283.392,0x8A,0x00,True,4,3.16,3.79,-0.48
13:29:33.733,13:29:33.733,75313.393,0x8A,0x00,True,4,3.18,3.76,-0.42
13:30:03.717,13:30:03.717,75343.377,0x8A,0x00,True,4,3.17,3.78,-0.45
13:30:33.728,13:30:33.728,75373.388,0x8A,0x00,True,4,3.17,3.83,-0.45
13:31:03.712,13:31:03.712,75403.372,0x8A,0x00,True,4,3.17,3.8,-0.43
13:31:33.718,13:31:33.718,75433.378,0x8A,0x00,True,4,3.19,3.77,-0.46
13:32:03.703,13:32:03.703,75463.363,0x8A,0x00,True,4,3.2,3.8,-0.44
13:32:33.726,13:32:33.726,75493.386,0x8A,0x00,True,4,3.17,3.79,-0.46
13:33:03.703,13:33:03.703,75523.363,0x8A,0x00,True,4,3.17,3.79,-0.42
13:33:33.702,13:33:33.702,75553.362,0x8A,0x00,True,4,3.2,3.77,-0.47
13:34:03.692,13:34:03.692,75583.352,0x8A,0x00,True,4,3.18,3.77,-0.48
13:34:33.702,13:34:33.702,75613.362,0x8A,0x00,True,4,3.19,3.76,-0.48
13:35:03.692,13:35:03.692,75643.352,0x8A,0x00,True,4,3.18,3.77,-0.41
13:35:33.697,13:35:33.697,75673.357,0x8A,0x00,True,4,3.18,3.8,-0.43
13:36:03.692,13:36:03.692,75703.352,0x8A,0x00,True,4,3.17,3.82,-0.47
13:36:33.687,13:36:33.687,75733.347,0x8A,0x00,True,4,3.19,3.78,-0.46
13:37:03.700,13:37:03.700,75763.36,0x8A,0x00,True,4,3.13,3.79,-0.42
13:37:33.683,13:37:33.683,75793.343,0x8A,0x00,True,4,3.2,3.8,-0.44
13:38:03.667,13:38:03.667,75823.327,0x8A,0x00,True,4,3.16,3.81,-0.44
13:38:33.683,13:38:33.683,75853.343,0x8A,0x00,True,4,3.17,3.79,-0.45
13:39:03.678,13:39:03.678,75883.338,0x8A,0x00,True,4,3.14,3.75,-0.41
13:39:33.678,13:39:33.678,75913.338,0x8A,0x00,True,4,3.18,3.82,-0.47
13:40:03.672,13:40:03.672,75943.332,0x8A,0x00,True,4,3.2,3.81,-0.42
13:40:33.667,13:40:33.667,75973.327,0x8A,0x00,True,4,3.18,3.79,-0.46
13:41:03.662,13:41:03.662,76003.322,0x8A,0x00,True,4,3.16,3.76,-0.46
13:41:33.657,13:41:33.657,76033.317,0x8A,0x00,True,4,3.18,3.77,-0.45
13:42:03.638,13:42:03.638,76063.298,0x8A,0x00,True,4,3.19,3.8,-0.47
13:42:33.619,13:42:33.619,76093.279,0x8A,0x00,True,4,3.17,3.81,-0.41
13:43:03.627,13:43:03.627,76123.287,0x8A,0x00,True,4,3.16,3.79,-0.47
13:43:33.625,13:43:33.625,76153.285,0x8A,0x00,True,4,3.17,3.77,-0.4
13:44:03.622,13:44:03.622,76183.282,0x8A,0x00,True,4,3.14,3.8,-0.49
13:44:33.613,13:44:33.613,76213.273,0x8A,0x00,True,4,3.18,3.76,-0.5
13:45:03.603,13:45:03.603,76243.263,0x8A,0x00,True,4,3.18,3.8,-0.48
13:45:33.617,13:45:33.617,76273.277,0x8A,0x00,True,4,3.16,3.81,-0.42
13:46:03.612,13:46:03.612,76303.272,0x8A,0x00,True,4,3.21,3.78,-0.45
13:46:33.613,13:46:33.613,76333.273,0x8A,0x00,True,4,3.2,3.78,-0.43
13:47:03.612,13:47:03.612,76363.272,0x8A,0x00,True,4,3.19,3.79,-0.52
13:47:33.615,13:47:33.615,76393.275,0x8A,0x00,True,4,3.2,3.76,-0.42
13:48:03.607,13:48:03.607,76423.267,0x8A,0x00,True,4,3.19,3.75,-0.47
13:48:33.607,13:48:33.607,76453.267,0x8A,0x00,True,4,3.18,3.79,-0.43
13:49:03.606,13:49:03.606,76483.266,0x8A,0x00,True,4,3.19,3.78,-0.46
13:49:33.603,13:49:33.603,76513.263,0x8A,0x00,True,4,3.18,3.81,-0.46
13:50:03.603,13:50:03.603,76543.263,0x8A,0x00,True,4,3.18,3.78,-0.41
13:50:33.598,13:50:33.598,76573.258,0x8A,0x00,True,4,3.16,3.79,-0.43
13:51:03.605,13:51:03.605,76603.265,0x8A,0x00,True,4,3.17,3.78,-0.45
13:51:33.598,13:51:33.598,76633.258,0x8A,0x00,True,4,3.17,3.81,-0.43
13:52:03.598,13:52:03.598,76663.258,0x8A,0x00,True,4,3.16,3.78,-0.4
13:52:33.588,13:52:33.588,76693.248,0x8A,0x00,True,4,3.16,3.8,-0.48
13:53:03.587,13:53:03.587,76723.247,0x8A,0x00,True,4,3.2,3.75,-0.41
13:53:33.588,13:53:33.588,76753.248,0x8A,0x00,True,5,3.2,3.81,-0.42
13:54:03.588,13:54:03.588,76783.248,0x8A,0x00,True,4,3.17,3.77,-0.45
13:54:33.588,13:54:33.588,76813.248,0x8A,0x00,True,4,3.17,3.81,-0.44
13:55:03.582,13:55:03.582,76843.242,0x8A,0x00,True,4,3.16,3.79,-0.43
13:55:33.582,13:55:33.582,76873.242,0x8A,0x00,True,4,3.18,3.78,-0.42
13:56:03.577,13:56:03.577,76903.237,0x8A,0x00,True,4,3.17,3.79,-0.45
13:56:33.562,13:56:33.562,76933.222,0x8A,0x00,True,4,3.2,3.78,-0.43
13:57:03.583,13:57:03.583,76963.243,0x8A,0x00,True,4,3.17,3.8,-0.43
13:57:33.572,13:57:33.572,76993.232,0x8A,0x00,True,4,3.16,3.77,-0.45
13:58:03.572,13:58:03.572,77023.232,0x8A,0x00,True,4,3.17,3.8,-0.45
13:58:33.583,13:58:33.583,77053.243,0x8A,0x00,True,5,3.22,3.79,-0.45
13:59:03.577,13:59:03.577,77083.237,0x8A,0x00,True,4,3.18,3.79,-0.44
13:59:33.583,13:59:33.583,77113.243,0x8A,0x00,True,4,3.19,3.79,-0.48
14:00:03.567,14:00:03.567,77143.227,0x8A,0x00,True,4,3.17,3.8,-0.43
14:00:33.583,14:00:33.583,77173.243,0x8A,0x00,True,4,3.19,3.77,-0.49
14:01:03.582,14:01:03.582,77203.242,0x8A,0x00,True,4,3.17,3.74,-0.44
14:01:33.587,14:01:33.587,77233.247,0x8A,0x00,True,4,3.16,3.79,-0.43
14:02:03.588,14:02:03.588,77263.248,0x8A,0x00,True,4,3.16,3.79,-0.4
14:02:33.593,14:02:33.593,77293.253,0x8A,0x00,True,4,3.19,3.79,-0.41
14:03:03.593,14:03:03.593,77323.253,0x8A,0x00,True,4,3.16,3.76,-0.49
14:03:33.603,14:03:33.603,77353.263,0x8A,0x00,True,4,3.15,3.73,-0.44
14:04:03.598,14:04:03.598,77383.258,0x8A,0x00,True,4,3.18,3.76,-0.43
14:04:33.612,14:04:33.612,77413.272,0x8A,0x00,True,4,3.14,3.73,-0.43
14:05:03.623,14:05:03.623,77443.283,0x8A,0x00,True,4,3.13,3.77,-0.45
14:05:33.627,14:05:33.627,77473.287,0x8A,0x00,True,4,3.17,3.77,-0.44
14:06:03.647,14:06:03.647,77503.307,0x8A,0x00,True,4,3.14,3.76,-0.5
14:06:33.663,14:06:33.663,77533.323,0x8A,0x00,True,4,3.15,3.78,-0.43
14:07:03.673,14:07:03.673,77563.333,0x8A,0x00,True,4,3.2,3.77,-0.49
14:07:33.683,14:07:33.683,77593.343,0x8A,0x00,True,4,3.18,3.78,-0.42
14:08:03.701,14:08:03.701,77623.361,0x8A,0x00,True,4,3.16,3.73,-0.41
14:08:33.708,14:08:33.708,77653.368,0x8A,0x00,True,4,3.16,3.78,-0.45
14:09:03.708,14:09:03.708,77683.368,0x8A,0x00,True,4,3.18,3.77,-0.42
14:09:33.732,14:09:33.732,77713.392,0x8A,0x00,True,4,3.2,3.75,-0.46
14:10:03.732,14:10:03.732,77743.392,0x8A,0x00,True,4,3.19,3.76,-0.5
14:10:33.757,14:10:33.757,77773.417,0x8A,0x00,True,4,3.18,3.76,-0.48
14:11:03.763,14:11:03.763,77803.423,0x8A,0x00,True,4,3.17,3.78,-0.43
14:11:33.785,14:11:33.785,77833.445,0x8A,0x00,True,4,3.17,3.75,-0.41
14:12:03.803,14:12:03.803,77863.463,0x8A,0x00,True,4,3.17,3.77,-0.44
14:12:33.817,14:12:33.817,77893.477,0x8A,0x00,True,4,3.16,3.76,-0.46
14:13:03.832,14:13:03.832,77923.492,0x8A,0x00,True,4,3.18,3.75,-0.41
14:13:33.843,14:13:33.843,77953.503,0x8A,0x00,True,4,3.19,3.77,-0.42
14:14:03.848,14:14:03.848,77983.508,0x8A,0x00,True,4,3.16,3.76,-0.46
14:14:33.862,14:14:33.862,78013.522,0x8A,0x00,True,4,3.17,3.77,-0.44
14:15:03.877,14:15:03.877,78043.537,0x8A,0x00,True,4,3.16,3.76,-0.46
14:15:33.903,14:15:33.903,78073.563,0x8A,0x00,True,4,3.14,3.76,-0.42
14:16:03.926,14:16:03.926,78103.586,0x8A,0x00,True,4,3.17,3.78,-0.43
14:16:33.928,14:16:33.928,78133.588,0x8A,0x00,True,4,3.14,3.74,-0.47
14:17:03.957,14:17:03.957,78163.617,0x8A,0x00,True,4,3.16,3.74,-0.48
14:17:33.957,14:17:33.957,78193.617,0x8A,0x00,True,4,3.14,3.76,-0.45
14:18:03.982,14:18:03.982,78223.642,0x8A,0x00,True,4,3.18,3.76,-0.48
14:18:34.002,14:18:34.002,78253.662,0x8A,0x00,True,4,3.16,3.74,-0.51
14:19:04.020,14:19:04.020,78283.68,0x8A,0x00,True,4,3.14,3.78,-0.44
14:19:34.027,14:19:34.027,78313.687,0x8A,0x00,True,4,3.15,3.74,-0.44
14:20:04.037,14:20:04.037,78343.697,0x8A,0x00,True,4,3.16,3.8,-0.41
14:20:34.063,14:20:34.063,78373.723,0x8A,0x00,True,4,3.16,3.78,-0.41
14:21:04.077,14:21:04.077,78403.737,0x8A,0x00,True,4,3.12,3.74,-0.46
14:21:34.093,14:21:34.093,78433.753,0x8A,0x00,True,4,3.16,3.77,-0.45
14:22:04.107,14:22:04.107,78463.767,0x8A,0x00,True,4,3.14,3.79,-0.41
14:22:34.112,14:22:34.112,78493.772,0x8A,0x00,True,4,3.15,3.77,-0.51
14:23:04.137,14:23:04.137,78523.797,0x8A,0x00,True,4,3.13,3.78,-0.42
14:23:34.152,14:23:34.152,78553.812,0x8A,0x00,True,4,3.16,3.75,-0.43
14:24:04.172,14:24:04.172,78583.832,0x8A,0x00,True,4,3.15,3.77,-0.45
14:24:34.183,14:24:34.183,78613.843,0x8A,0x00,True,4,3.16,3.78,-0.45
14:25:04.182,14:25:04.182,78643.842,0x8A,0x00,True,4,3.21,3.76,-0.42
14:25:34.208,14:25:34.208,78673.868,0x8A,0x00,True,4,3.15,3.76,-0.45
14:26:04.222,14:26:04.222,78703.882,0x8A,0x00,True,4,3.14,3.76,-0.41
14:26:34.242,14:26:34.242,78733.902,0x8A,0x00,True,4,3.14,3.75,-0.48
14:27:04.262,14:27:04.262,78763.922,0x8A,0x00,True,4,3.16,3.75,-0.47
14:27:34.270,14:27:34.270,78793.93,0x8A,0x00,True,4,3.14,3.74,-0.45
14:28:04.295,14:28:04.295,78823.955,0x8A,0x00,True,4,3.17,3.8,-0.46
14:28:34.307,14:28:34.307,78853.967,0x8A,0x00,True,4,3.17,3.79,-0.46
14:29:04.317,14:29:04.317,78883.977,0x8A,0x00,True,4,3.13,3.76,-0.42
14:29:34.337,14:29:34.337,78913.997,0x8A,0x00,True,4,3.15,3.74,-0.44
14:30:04.343,14:30:04.343,78944.003,0x8A,0x00,True,4,3.13,3.76,-0.48
14:30:34.367,14:30:34.367,78974.027,0x8A,0x00,True,4,3.15,3.79,-0.44
14:31:04.372,14:31:04.372,79004.032,0x8A,0x00,True,4,3.13,3.78,-0.48
14:31:34.393,14:31:34.393,79034.053,0x8A,0x00,True,4,3.16,3.78,-0.44
14:32:04.407,14:32:04.407,79064.067,0x8A,0x00,True,4,3.12,3.74,-0.41
14:32:34.421,14:32:34.421,79094.081,0x8A,0x00,True,4,3.14,3.77,-0.43
14:33:04.432,14:33:04.432,79124.092,0x8A,0x00,True,4,3.15,3.77,-0.4
14:33:34.432,14:33:34.432,79154.092,0x8A,0x00,True,4,3.14,3.75,-0.42
14:34:04.447,14:34:04.447,79184.107,0x8A,0x00,True,4,3.16,3.77,-0.43
14:34:34.472,14:34:34.472,79214.132,0x8A,0x00,True,4,3.16,3.77,-0.4
14:35:04.488,14:35:04.488,79244.148,0x8A,0x00,True,4,3.15,3.77,-0.45
14:35:34.497,14:35:34.497,79274.157,0x8A,0x00,True,4,3.17,3.77,-0.47
14:36:04.503,14:36:04.503,79304.163,0x8A,0x00,True,4,3.16,3.78,-0.47
14:36:34.522,14:36:34.522,79334.182,0x8A,0x00,True,4,3.16,3.79,-0.41
14:37:04.532,14:37:04.532,79364.192,0x8A,0x00,True,4,3.14,3.75,-0.48
14:37:34.532,14:37:34.532,79394.192,0x8A,0x00,True,4,3.16,3.76,-0.45
14:38:04.558,14:38:04.558,79424.218,0x8A,0x00,True,4,3.18,3.77,-0.51
14:38:34.572,14:38:34.572,79454.232,0x8A,0x00,True,4,3.16,3.8,-0.42
14:39:04.596,14:39:04.596,79484.256,0x8A,0x00,True,4,3.1,3.79,-0.45
14:39:34.588,14:39:34.588,79514.248,0x8A,0x00,True,5,3.2,3.8,-0.48
14:40:04.620,14:40:04.620,79544.28,0x8A,0x00,True,4,3.2,3.79,-0.44
14:40:34.627,14:40:34.627,79574.287,0x8A,0x00,True,4,3.16,3.76,-0.42
14:41:04.643,14:41:04.643,79604.303,0x8A,0x00,True,4,3.12,3.77,-0.5
14:41:34.666,14:41:34.666,79634.326,0x8A,0x00,True,4,3.17,3.8,-0.47
14:42:04.662,14:42:04.662,79664.322,0x8A,0x00,True,4,3.15,3.8,-0.46
14:42:34.672,14:42:34.672,79694.332,0x8A,0x00,True,4,3.16,3.8,-0.46
14:43:04.697,14:43:04.697,79724.357,0x8A,0x00,True,4,3.16,3.77,-0.46
14:43:34.713,14:43:34.713,79754.373,0x8A,0x00,True,5,3.2,3.81,-0.45
14:44:04.728,14:44:04.728,79784.388,0x8A,0x00,True,4,3.16,3.72,-0.48
14:44:34.732,14:44:34.732,79814.392,0x8A,0x00,True,4,3.15,3.78,-0.49
14:45:04.757,14:45:04.757,79844.417,0x8A,0x00,True,4,3.17,3.73,-0.44
14:45:34.782,14:45:34.782,79874.442,0x8A,0x00,True,4,3.14,3.76,-0.42
14:46:04.792,14:46:04.792,79904.452,0x8A,0x00,True,4,3.16,3.75,-0.45
14:46:34.807,14:46:34.807,79934.467,0x8A,0x00,True,4,3.18,3.8,-0.43
14:47:04.826,14:47:04.826,79964.486,0x8A,0x00,True,4,3.18,3.76,-0.42
14:47:34.832,14:47:34.832,79994.492,0x8A,0x00,True,4,3.17,3.76,-0.4
14:48:04.853,14:48:04.853,80024.513,0x8A,0x00,True,4,3.15,3.74,-0.42
14:48:34.867,14:48:34.867,80054.527,0x8A,0x00,True,4,3.16,3.76,-0.47
14:49:04.895,14:49:04.895,80084.555,0x8A,0x00,True,4,3.16,3.75,-0.48
14:49:34.905,14:49:34.905,80114.565,0x8A,0x00,True,4,3.15,3.77,-0.44
14:50:04.917,14:50:04.917,80144.577,0x8A,0x00,True,4,3.18,3.77,-0.41
14:50:34.917,14:50:34.917,80174.577,0x8A,0x00,True,4,3.16,3.72,-0.41
14:51:04.942,14:51:04.942,80204.602,0x8A,0x00,True,4,3.15,3.8,-0.46
14:51:34.957,14:51:34.957,80234.617,0x8A,0x00,True,4,3.14,3.74,-0.42
14:52:04.973,14:52:04.973,80264.633,0x8A,0x00,True,4,3.16,3.75,-0.51
14:52:34.978,14:52:34.978,80294.638,0x8A,0x00,True,4,3.18,3.77,-0.48
14:53:04.992,14:53:04.992,80324.652,0x8A,0x00,True,4,3.17,3.72,-0.46
14:53:35.018,14:53:35.018,80354.678,0x8A,0x00,True,4,3.15,3.76,-0.42
14:54:05.027,14:54:05.027,80384.687,0x8A,0x00,True,4,3.15,3.74,-0.44
14:54:35.053,14:54:35.053,80414.713,0x8A,0x00,True,4,3.16,3.75,-0.43
14:55:05.062,14:55:05.062,80444.722,0x8A,0x00,True,4,3.14,3.76,-0.47
14:55:35.062,14:55:35.062,80474.722,0x8A,0x00,True,4,3.16,3.73,-0.45
14:56:05.093,14:56:05.093,80504.753,0x8A,0x00,True,4,3.11,3.76,-0.41
14:56:35.103,14:56:35.103,80534.763,0x8A,0x00,True,4,3.15,3.78,-0.43
14:57:05.112,14:57:05.112,80564.772,0x8A,0x00,True,4,3.18,3.76,-0.45
14:57:35.122,14:57:35.122,80594.782,0x8A,0x00,True,4,3.13,3.77,-0.47
14:58:05.138,14:58:05.138,80624.798,0x8A,0x00,True,4,3.17,3.8,-0.45
14:58:35.147,14:58:35.147,80654.807,0x8A,0x00,True,4,3.16,3.8,-0.39
14:59:05.143,14:59:05.143,80684.803,0x8A,0x00,True,4,3.17,3.78,-0.5
14:59:35.152,14:59:35.152,80714.812,0x8A,0x00,True,4,3.16,3.77,-0.46
15:00:05.167,15:00:05.167,80744.827,0x8A,0x00,True,4,3.13,3.79,-0.48
15:00:35.182,15:00:35.182,80774.842,0x8A,0x00,True,4,3.14,3.77,-0.4
15:01:05.192,15:01:05.192,80804.852,0x8A,0x00,True,4,3.17,3.82,-0.47
15:01:35.203,15:01:35.203,80834.863,0x8A,0x00,True,4,3.12,3.78,-0.44
15:02:05.212,15:02:05.212,80864.872,0x8A,0x00,True,4,3.15,3.81,-0.45
15:02:35.217,15:02:35.217,80894.877,0x8A,0x00,True,4,3.17,3.8,-0.43
15:03:05.232,15:03:05.232,80924.892,0x8A,0x00,True,4,3.17,3.77,-0.43
15:03:35.242,15:03:35.242,80954.902,0x8A,0x00,True,4,3.15,3.75,-0.39
15:04:05.263,15:04:05.263,80984.923,0x8A,0x00,True,4,3.14,3.79,-0.46
15:04:35.268,15:04:35.268,81014.928,0x8A,0x00,True,4,3.15,3.76,-0.47
15:05:05.287,15:05:05.287,81044.947,0x8A,0x00,True,4,3.17,3.79,-0.37
15:05:35.292,15:05:35.292,81074.952,0x8A,0x00,True,4,3.18,3.79,-0.49
15:06:05.305,15:06:05.305,81104.965,0x8A,0x00,True,4,3.15,3.76,-0.43
15:06:35.312,15:06:35.312,81134.972,0x8A,0x00,True,4,3.15,3.79,-0.45
15:07:05.308,15:07:05.308,81164.968,0x8A,0x00,True,4,3.13,3.76,-0.45
15:07:35.317,15:07:35.317,81194.977,0x8A,0x00,True,4,3.18,3.79,-0.46
15:08:05.332,15:08:05.332,81224.992,0x8A,0x00,True,5,3.18,3.83,-0.46
15:08:35.342,15:08:35.342,81255.002,0x8A,0x00,True,4,3.18,3.81,-0.48
15:09:05.348,15:09:05.348,81285.008,0x8A,0x00,True,4,3.15,3.8,-0.49
15:09:35.353,15:09:35.353,81315.013,0x8A,0x00,True,4,3.18,3.76,-0.5
15:10:05.363,15:10:05.363,81345.023,0x8A,0x00,True,4,3.16,3.76,-0.42
15:10:35.362,15:10:35.362,81375.022,0x8A,0x00,True,4,3.18,3.79,-0.43
15:11:05.367,15:11:05.367,81405.027,0x8A,0x00,True,4,3.18,3.79,-0.44
15:11:35.373,15:11:35.373,81435.033,0x8A,0x00,True,4,3.19,3.79,-0.46
15:12:05.377,15:12:05.377,81465.037,0x8A,0x00,True,4,3.15,3.8,-0.45
15:12:35.387,15:12:35.387,81495.047,0x8A,0x00,True,4,3.16,3.78,-0.38
15:13:05.393,15:13:05.393,81525.053,0x8A,0x00,True,4,3.18,3.77,-0.5
15:13:35.392,15:13:35.392,81555.052,0x8A,0x00,True,4,3.16,3.78,-0.42
15:14:05.397,15:14:05.397,81585.057,0x8A,0x00,True,4,3.14,3.81,-0.47
15:14:35.397,15:14:35.397,81615.057,0x8A,0x00,True,5,3.18,3.83,-0.42
15:15:05.413,15:15:05.413,81645.073,0x8A,0x00,True,4,3.17,3.79,-0.49
15:15:35.417,15:15:35.417,81675.077,0x8A,0x00,True,4,3.17,3.78,-0.44
15:16:05.423,15:16:05.423,81705.083,0x8A,0x00,True,4,3.17,3.76,-0.5
15:16:35.422,15:16:35.422,81735.082,0x8A,0x00,True,4,3.16,3.8,-0.44
15:17:05.438,15:17:05.438,81765.098,0x8A,0x00,True,4,3.14,3.76,-0.51
15:17:35.433,15:17:35.433,81795.093,0x8A,0x00,True,4,3.14,3.77,-0.44
15:18:05.447,15:18:05.447,81825.107,0x8A,0x00,True,4,3.14,3.77,-0.42
15:18:35.442,15:18:35.442,81855.102,0x8A,0x00,True,4,3.14,3.81,-0.44
15:19:05.452,15:19:05.452,81885.112,0x8A,0x00,True,4,3.14,3.79,-0.46
15:19:35.467,15:19:35.467,81915.127,0x8A,0x00,True,4,3.18,3.75,-0.42
15:20:05.463,15:20:05.463,81945.123,0x8A,0x00,True,4,3.16,3.74,-0.47
15:20:35.463,15:20:35.463,81975.123,0x8A,0x00,True,4,3.14,3.75,-0.42
15:21:05.478,15:21:05.478,82005.138,0x8A,0x00,True,4,3.18,3.77,-0.48
15:21:35.482,15:21:35.482,82035.142,0x8A,0x00,True,4,3.16,3.78,-0.45
15:22:05.503,15:22:05.503,82065.163,0x8A,0x00,True,4,3.14,3.78,-0.53
15:22:35.513,15:22:35.513,82095.173,0x8A,0x00,True,4,3.14,3.79,-0.45
15:23:05.522,15:23:05.522,82125.182,0x8A,0x00,True,4,3.13,3.79,-0.45
15:23:35.527,15:23:35.527,82155.187,0x8A,0x00,True,4,3.13,3.79,-0.46
15:24:05.542,15:24:05.542,82185.202,0x8A,0x00,True,4,3.12,3.76,-0.45
15:24:35.542,15:24:35.542,82215.202,0x8A,0x00,True,4,3.18,3.78,-0.43
15:25:05.552,15:25:05.552,82245.212,0x8A,0x00,True,4,3.14,3.77,-0.44
15:25:35.578,15:25:35.578,82275.238,0x8A,0x00,True,4,3.15,3.77,-0.45
15:26:05.593,15:26:05.593,82305.253,0x8A,0x00,True,4,3.16,3.81,-0.48
15:26:35.607,15:26:35.607,82335.267,0x8A,0x00,True,4,3.16,3.77,-0.48
15:27:05.612,15:27:05.612,82365.272,0x8A,0x00,True,4,3.14,3.79,-0.41
15:27:35.633,15:27:35.633,82395.293,0x8A,0x00,True,4,3.15,3.75,-0.41
15:28:05.633,15:28:05.633,82425.293,0x8A,0x00,True,4,3.16,3.75,-0.44
15:28:35.646,15:28:35.646,82455.306,0x8A,0x00,True,4,3.15,3.78,-0.45
15:29:05.667,15:29:05.667,82485.327,0x8A,0x00,True,4,3.16,3.73,-0.43
15:29:35.683,15:29:35.683,82515.343,0x8A,0x00,True,4,3.17,3.8,-0.44
15:30:05.683,15:30:05.683,82545.343,0x8A,0x00,True,4,3.16,3.77,-0.42
15:30:35.707,15:30:35.707,82575.367,0x8A,0x00,True,4,3.14,3.77,-0.48
15:31:05.723,15:31:05.723,82605.383,0x8A,0x00,True,4,3.14,3.78,-0.46
15:31:35.737,15:31:35.737,82635.397,0x8A,0x00,True,4,3.16,3.76,-0.47
15:32:05.747,15:32:05.747,82665.407,0x8A,0x00,True,4,3.17,3.78,-0.47
15:32:35.762,15:32:35.762,82695.422,0x8A,0x00,True,4,3.18,3.79,-0.4
15:33:05.772,15:33:05.772,82725.432,0x8A,0x00,True,4,3.16,3.78,-0.43
15:33:35.787,15:33:35.787,82755.447,0x8A,0x00,True,4,3.18,3.79,-0.43
15:34:05.792,15:34:05.792,82785.452,0x8A,0x00,True,4,3.16,3.77,-0.46
15:34:35.817,15:34:35.817,82815.477,0x8A,0x00,True,4,3.18,3.79,-0.46
15:35:05.833,15:35:05.833,82845.493,0x8A,0x00,True,4,3.17,3.79,-0.44
15:35:35.846,15:35:35.846,82875.506,0x8A,0x00,True,4,3.17,3.77,-0.42
15:36:05.862,15:36:05.862,82905.522,0x8A,0x00,True,4,3.16,3.77,-0.41
15:36:35.862,15:36:35.862,82935.522,0x8A,0x00,True,4,3.14,3.76,-0.5
15:37:05.888,15:37:05.888,82965.548,0x8A,0x00,True,4,3.14,3.8,-0.44
15:37:35.902,15:37:35.902,82995.562,0x8A,0x00,True,4,3.15,3.78,-0.45
15:38:05.925,15:38:05.925,83025.585,0x8A,0x00,True,5,3.21,3.8,-0.44
15:38:35.922,15:38:35.922,83055.582,0x8A,0x00,True,4,3.17,3.77,-0.45
15:39:05.945,15:39:05.945,83085.605,0x8A,0x00,True,4,3.16,3.74,-0.45
15:39:35.952,15:39:35.952,83115.612,0x8A,0x00,True,4,3.17,3.76,-0.4
15:40:05.978,15:40:05.978,83145.638,0x8A,0x00,True,4,3.17,3.8,-0.48
15:40:36.003,15:40:36.003,83175.663,0x8A,0x00,True,4,3.18,3.79,-0.43
15:41:06.018,15:41:06.018,83205.678,0x8A,0x00,True,4,3.13,3.76,-0.45
15:41:36.022,15:41:36.022,83235.682,0x8A,0x00,True,4,3.14,3.78,-0.42
15:42:06.052,15:42:06.052,83265.712,0x8A,0x00,True,4,3.14,3.73,-0.46
15:42:36.067,15:42:36.067,83295.727,0x8A,0x00,True,4,3.14,3.77,-0.47
15:43:06.083,15:43:06.083,83325.743,0x8A,0x00,True,4,3.17,3.76,-0.44
15:43:36.097,15:43:36.097,83355.757,0x8A,0x00,True,4,3.18,3.78,-0.48
15:44:06.112,15:44:06.112,83385.772,0x8A,0x00,True,4,3.16,3.78,-0.47
15:44:36.138,15:44:36.138,83415.798,0x8A,0x00,True,4,3.17,3.79,-0.45
15:45:06.152,15:45:06.152,83445.812,0x8A,0x00,True,4,3.16,3.77,-0.42
15:45:36.172,15:45:36.172,83475.832,0x8A,0x00,True,4,3.16,3.76,-0.47
15:46:06.187,15:46:06.187,83505.847,0x8A,0x00,True,4,3.14,3.73,-0.43
15:46:36.197,15:46:36.197,83535.857,0x8A,0x00,True,4,3.17,3.8,-0.42
15:47:06.235,15:47:06.235,83565.895,0x8A,0x00,True,4,3.17,3.79,-0.48
15:47:36.252,15:47:36.252,83595.912,0x8A,0x00,True,4,3.17,3.78,-0.42
15:48:06.253,15:48:06.253,83625.913,0x8A,0x00,True,4,3.16,3.78,-0.48
15:48:36.287,15:48:36.287,83655.947,0x8A,0x00,True,5,3.17,3.84,-0.46
15:49:06.297,15:49:06.297,83685.957,0x8A,0x00,True,4,3.16,3.79,-0.43
15:49:36.322,15:49:36.322,83715.982,0x8A,0x00,True,4,3.16,3.75,-0.42
15:50:06.343,15:50:06.343,83746.003,0x8A,0x00,True,4,3.11,3.73,-0.43
15:50:36.343,15:50:36.343,83776.003,0x8A,0x00,True,4,3.15,3.8,-0.46
15:51:06.372,15:51:06.372,83806.032,0x8A,0x00,True,4,3.18,3.8,-0.45
15:51:36.387,15:51:36.387,83836.047,0x8A,0x00,True,4,3.17,3.8,-0.43
15:52:06.413,15:52:06.413,83866.073,0x8A,0x00,True,4,3.14,3.8,-0.48
15:52:36.433,15:52:36.433,83896.093,0x8A,0x00,True,4,3.16,3.82,-0.45
15:53:06.457,15:53:06.457,83926.117,0x8A,0x00,True,4,3.17,3.76,-0.42
15:53:36.468,15:53:36.468,83956.128,0x8A,0x00,True,4,3.17,3.77,-0.45
15:54:06.478,15:54:06.478,83986.138,0x8A,0x00,True,4,3.15,3.75,-0.47
15:54:36.497,15:54:36.497,84016.157,0x8A,0x00,True,4,3.13,3.78,-0.48
15:55:06.517,15:55:06.517,84046.177,0x8A,0x00,True,4,3.17,3.77,-0.44
15:55:36.548,15:55:36.548,84076.208,0x8A,0x00,True,4,3.13,3.78,-0.49
15:56:06.562,15:56:06.562,84106.222,0x8A,0x00,True,4,3.16,3.77,-0.4
15:56:36.583,15:56:36.583,84136.243,0x8A,0x00,True,4,3.16,3.79,-0.46
15:57:06.593,15:57:06.593,84166.253,0x8A,0x00,True,4,3.19,3.79,-0.48
15:57:36.617,15:57:36.617,84196.277,0x8A,0x00,True,4,3.16,3.79,-0.45
15:58:06.647,15:58:06.647,84226.307,0x8A,0x00,True,4,3.16,3.77,-0.44
15:58:36.667,15:58:36.667,84256.327,0x8A,0x00,True,4,3.15,3.76,-0.46
15:59:06.683,15:59:06.683,84286.343,0x8A,0x00,True,4,3.17,3.79,-0.42
15:59:36.723,15:59:36.723,84316.383,0x8A,0x00,True,4,3.15,3.77,-0.41
16:00:06.732,16:00:06.732,84346.392,0x8A,0x00,True,4,3.16,3.77,-0.45
16:00:36.747,16:00:36.747,84376.407,0x8A,0x00,True,4,3.15,3.76,-0.42
16:01:06.772,16:01:06.772,84406.432,0x8A,0x00,True,4,3.19,3.77,-0.4
16:01:36.806,16:01:36.806,84436.466,0x8A,0x00,True,4,3.14,3.75,-0.43
16:02:06.822,16:02:06.822,84466.482,0x8A,0x00,True,4,3.16,3.8,-0.4
16:02:36.827,16:02:36.827,84496.487,0x8A,0x00,True,4,3.18,3.73,-0.49
16:03:06.853,16:03:06.853,84526.513,0x8A,0x00,True,4,3.13,3.75,-0.51
16:03:36.883,16:03:36.883,84556.543,0x8A,0x00,True,4,3.17,3.75,-0.43
16:04:06.893,16:04:06.893,84586.553,0x8A,0x00,True,4,3.18,3.78,-0.43
16:04:36.907,16:04:36.907,84616.567,0x8A,0x00,True,4,3.18,3.81,-0.47
16:05:06.931,16:05:06.931,84646.591,0x8A,0x00,True,4,3.17,3.76,-0.45
16:05:36.964,16:05:36.964,84676.624,0x8A,0x00,True,4,3.16,3.76,-0.49
16:06:06.982,16:06:06.982,84706.642,0x8A,0x00,True,4,3.17,3.79,-0.4
16:06:36.987,16:06:36.987,84736.647,0x8A,0x00,True,4,3.17,3.8,-0.45
16:07:07.022,16:07:07.022,84766.682,0x8A,0x00,True,4,3.14,3.79,-0.43
16:07:37.037,16:07:37.037,84796.697,0x8A,0x00,True,4,3.15,3.76,-0.47
16:08:07.052,16:08:07.052,84826.712,0x8A,0x00,True,4,3.14,3.76,-0.45
16:08:37.082,16:08:37.082,84856.742,0x8A,0x00,True,4,3.15,3.76,-0.44
16:09:07.098,16:09:07.098,84886.758,0x8A,0x00,True,4,3.2,3.77,-0.39
16:09:37.112,16:09:37.112,84916.772,0x8A,0x00,True,4,3.16,3.76,-0.42
16:10:07.132,16:10:07.132,84946.792,0x8A,0x00,True,4,3.15,3.72,-0.42
16:10:37.147,16:10:37.147,84976.807,0x8A,0x00,True,4,3.15,3.75,-0.47
16:11:07.162,16:11:07.162,85006.822,0x8A,0x00,True,4,3.15,3.73,-0.4
16:11:37.192,16:11:37.192,85036.852,0x8A,0x00,True,4,3.16,3.76,-0.43
16:12:07.202,16:12:07.202,85066.862,0x8A,0x00,True,4,3.16,3.76,-0.44
16:12:37.222,16:12:37.222,85096.882,0x8A,0x00,True,4,3.15,3.77,-0.39
16:13:07.232,16:13:07.232,85126.892,0x8A,0x00,True,4,3.18,3.75,-0.44
16:13:37.253,16:13:37.253,85156.913,0x8A,0x00,True,4,3.15,3.73,-0.44
16:14:07.272,16:14:07.272,85186.932,0x8A,0x00,True,4,3.16,3.8,-0.43
16:14:37.290,16:14:37.290,85216.95,0x8A,0x00,True,4,3.15,3.78,-0.47
16:15:07.302,16:15:07.302,85246.962,0x8A,0x00,True,4,3.1,3.8,-0.43
16:15:37.312,16:15:37.312,85276.972,0x8A,0x00,True,4,3.12,3.8,-0.48
16:16:07.338,16:16:07.338,85306.998,0x8A,0x00,True,4,3.12,3.74,-0.44
16:16:37.351,16:16:37.351,85337.011,0x8A,0x00,True,4,3.13,3.78,-0.45
16:17:07.372,16:17:07.372,85367.032,0x8A,0x00,True,4,3.14,3.77,-0.48
16:17:37.388,16:17:37.388,85397.048,0x8A,0x00,True,4,3.17,3.77,-0.48
16:18:07.393,16:18:07.393,85427.053,0x8A,0x00,True,4,3.1,3.77,-0.46
16:18:37.418,16:18:37.418,85457.078,0x8A,0x00,True,4,3.13,3.75,-0.48
16:19:07.433,16:19:07.433,85487.093,0x8A,0x00,True,4,3.14,3.76,-0.49
16:19:37.442,16:19:37.442,85517.102,0x8A,0x00,True,4,3.15,3.79,-0.43
16:20:07.452,16:20:07.452,85547.112,0x8A,0x00,True,4,3.12,3.75,-0.44
16:20:37.467,16:20:37.467,85577.127,0x8A,0x00,True,4,3.14,3.78,-0.43
16:21:07.482,16:21:07.482,85607.142,0x8A,0x00,True,4,3.13,3.75,-0.47
16:21:37.492,16:21:37.492,85637.152,0x8A,0x00,True,4,3.15,3.77,-0.45
16:22:07.522,16:22:07.522,85667.182,0x8A,0x00,True,4,3.11,3.76,-0.45
16:22:37.542,16:22:37.542,85697.202,0x8A,0x00,True,4,3.15,3.72,-0.46
16:23:07.548,16:23:07.548,85727.208,0x8A,0x00,True,4,3.15,3.77,-0.47
16:23:37.567,16:23:37.567,85757.227,0x8A,0x00,True,4,3.14,3.71,-0.46
16:24:07.593,16:24:07.593,85787.253,0x8A,0x00,True,4,3.03,3.67,-0.5
16:24:37.612,16:24:37.612,85817.272,0x8A,0x00,True,4,3.13,3.72,-0.42
16:25:07.628,16:25:07.628,85847.288,0x8A,0x00,True,4,2.91,3.27,-0.61
16:25:37.638,16:25:37.638,85877.298,0x8A,0x00,True,4,2.9,3.3,-0.51
16:26:07.667,16:26:07.667,85907.327,0x8A,0x00,True,4,2.92,3.29,-0.59
16:26:37.687,16:26:37.687,85937.347,0x8A,0x00,True,4,2.95,3.29,-0.52
16:27:07.697,16:27:07.697,85967.357,0x8A,0x00,True,4,2.91,3.29,-0.55
16:27:37.723,16:27:37.723,85997.383,0x8A,0x00,True,4,2.91,3.28,-0.52
16:28:07.737,16:28:07.737,86027.397,0x8A,0x00,True,4,2.95,3.33,-0.48
16:28:37.758,16:28:37.758,86057.418,0x8A,0x00,True,4,2.92,3.33,-0.51
16:29:07.768,16:29:07.768,86087.428,0x8A,0x00,True,4,2.94,3.33,-0.53
16:29:37.782,16:29:37.782,86117.442,0x8A,0x00,True,4,2.93,3.32,-0.58
16:30:07.808,16:30:07.808,86147.468,0x8A,0x00,True,4,2.9,3.27,-0.54
16:30:37.827,16:30:37.827,86177.487,0x8A,0x00,True,4,2.91,3.27,-0.59
16:31:07.843,16:31:07.843,86207.503,0x8A,0x00,True,4,2.96,3.33,-0.63
16:31:37.847,16:31:37.847,86237.507,0x8A,0x00,True,4,2.9,3.32,-0.56
16:32:07.868,16:32:07.868,86267.528,0x8A,0x00,True,4,2.93,3.33,-0.57
16:32:37.883,16:32:37.883,86297.543,0x8A,0x00,True,4,2.94,3.34,-0.56
16:33:07.897,16:33:07.897,86327.557,0x8A,0x00,True,4,2.91,3.33,-0.58
16:33:37.908,16:33:37.908,86357.568,0x8A,0x00,True,4,2.92,3.33,-0.57
16:34:07.923,16:34:07.923,86387.583,0x8A,0x00,True,4,2.94,3.32,-0.58
16:34:37.932,16:34:37.932,86417.592,0x8A,0x00,True,4,2.94,3.33,-0.61
16:35:07.942,16:35:07.942,86447.602,0x8A,0x00,True,4,2.95,3.3,-0.54
16:35:37.942,16:35:37.942,86477.602,0x8A,0x00,True,4,2.91,3.28,-0.59
16:36:07.952,16:36:07.952,86507.612,0x8A,0x00,True,4,2.88,3.36,-0.59
16:36:37.982,16:36:37.982,86537.642,0x8A,0x00,True,4,2.91,3.31,-0.53
16:37:07.987,16:37:07.987,86567.647,0x8A,0x00,True,4,2.93,3.27,-0.56
16:37:37.987,16:37:37.987,86597.647,0x8A,0x00,True,4,2.94,3.29,-0.53
16:38:08.013,16:38:08.013,86627.673,0x8A,0x00,True,4,2.94,3.31,-0.6
16:38:38.013,16:38:38.013,86657.673,0x8A,0x00,True,4,2.91,3.33,-0.55
16:39:08.022,16:39:08.022,86687.682,0x8A,0x00,True,4,2.94,3.32,-0.55
16:39:38.047,16:39:38.047,86717.707,0x8A,0x00,True,4,2.91,3.26,-0.6
16:40:08.058,16:40:08.058,86747.718,0x8A,0x00,True,4,2.94,3.28,-0.54
16:40:38.067,16:40:38.067,86777.727,0x8A,0x00,True,4,3.15,3.73,-0.47
16:41:08.083,16:41:08.083,86807.743,0x8A,0x00,True,4,3.16,3.77,-0.47
16:41:38.093,16:41:38.093,86837.753,0x8A,0x00,True,4,3.13,3.78,-0.48
16:42:08.098,16:42:08.098,86867.758,0x8A,0x00,True,4,3.18,3.74,-0.41
16:42:38.112,16:42:38.112,86897.772,0x8A,0x00,True,4,3.19,3.75,-0.48
16:43:08.132,16:43:08.132,86927.792,0x8A,0x00,True,4,3.15,3.78,-0.46
16:43:38.137,16:43:38.137,86957.797,0x8A,0x00,True,4,3.18,3.75,-0.45
16:44:08.162,16:44:08.162,86987.822,0x8A,0x00,True,4,3.18,3.8,-0.5
16:44:38.167,16:44:38.167,87017.827,0x8A,0x00,True,4,3.21,3.77,-0.46
16:45:08.173,16:45:08.173,87047.833,0x8A,0x00,True,4,3.18,3.78,-0.43
16:45:38.187,16:45:38.187,87077.847,0x8A,0x00,True,4,3.17,3.75,-0.46
16:46:08.200,16:46:08.200,87107.86,0x8A,0x00,True,5,3.19,3.81,-0.5
16:46:38.212,16:46:38.212,87137.872,0x8A,0x00,True,4,3.16,3.76,-0.47
16:47:08.217,16:47:08.217,87167.877,0x8A,0x00,True,4,3.17,3.76,-0.41
16:47:38.232,16:47:38.232,87197.892,0x8A,0x00,True,4,3.14,3.77,-0.45
16:48:08.242,16:48:08.242,87227.902,0x8A,0x00,True,4,3.18,3.8,-0.46
16:48:38.252,16:48:38.252,87257.912,0x8A,0x00,True,4,3.17,3.79,-0.46
16:49:08.263,16:49:08.263,87287.923,0x8A,0x00,True,4,3.17,3.79,-0.49
16:49:38.262,16:49:38.262,87317.922,0x8A,0x00,True,4,3.18,3.77,-0.48
16:50:08.272,16:50:08.272,87347.932,0x8A,0x00,True,5,3.18,3.82,-0.53
16:50:38.292,16:50:38.292,87377.952,0x8A,0x00,True,4,3.2,3.77,-0.48
16:51:08.305,16:51:08.305,87407.965,0x8A,0x00,True,4,3.2,3.75,-0.55
16:51:38.317,16:51:38.317,87437.977,0x8A,0x00,True,4,3.21,3.77,-0.48
16:52:08.327,16:52:08.327,87467.987,0x8A,0x00,True,4,3.18,3.78,-0.47
16:52:38.322,16:52:38.322,87497.982,0x8A,0x00,True,4,3.18,3.76,-0.5
16:53:08.333,16:53:08.333,87527.993,0x8A,0x00,True,4,3.18,3.79,-0.45
16:53:38.353,16:53:38.353,87558.013,0x8A,0x00,True,4,3.19,3.74,-0.49
16:54:08.353,16:54:08.353,87588.013,0x8A,0x00,True,4,3.19,3.75,-0.5
16:54:38.372,16:54:38.372,87618.032,0x8A,0x00,True,4,3.15,3.75,-0.5
16:55:08.377,16:55:08.377,87648.037,0x8A,0x00,True,4,3.15,3.75,-0.46
16:55:38.388,16:55:38.388,87678.048,0x8A,0x00,True,4,3.18,3.77,-0.47
16:56:08.393,16:56:08.393,87708.053,0x8A,0x00,True,4,3.18,3.8,-0.52
16:56:38.397,16:56:38.397,87738.057,0x8A,0x00,True,4,3.2,3.74,-0.49
16:57:08.412,16:57:08.412,87768.072,0x8A,0x00,True,4,3.17,3.73,-0.49
16:57:38.413,16:57:38.413,87798.073,0x8A,0x00,True,4,3.16,3.76,-0.45
16:58:08.422,16:58:08.422,87828.082,0x8A,0x00,True,4,3.17,3.77,-0.46
16:58:38.428,16:58:38.428,87858.088,0x8A,0x00,True,4,3.18,3.72,-0.51
16:59:08.433,16:59:08.433,87888.093,0x8A,0x00,True,4,3.17,3.74,-0.5
16:59:38.447,16:59:38.447,87918.107,0x8A,0x00,True,4,3.18,3.8,-0.46
17:00:08.457,17:00:08.457,87948.117,0x8A,0x00,True,4,3.2,3.79,-0.45
17:00:38.462,17:00:38.462,87978.122,0x8A,0x00,True,4,3.21,3.76,-0.47
17:01:08.482,17:01:08.482,88008.142,0x8A,0x00,True,4,3.19,3.76,-0.49
17:01:38.482,17:01:38.482,88038.142,0x8A,0x00,True,4,3.17,3.76,-0.44
17:02:08.506,17:02:08.506,88068.166,0x8A,0x00,True,4,3.2,3.78,-0.48
17:02:38.507,17:02:38.507,88098.167,0x8A,0x00,True,4,3.19,3.79,-0.45
17:03:08.497,17:03:08.497,88128.157,0x8A,0x00,True,4,3.2,3.78,-0.47
17:03:38.513,17:03:38.513,88158.173,0x8A,0x00,True,4,3.19,3.77,-0.41
17:04:08.507,17:04:08.507,88188.167,0x8A,0x00,True,4,3.19,3.77,-0.54
17:04:38.527,17:04:38.527,88218.187,0x8A,0x00,True,4,3.19,3.73,-0.52
17:05:08.532,17:05:08.532,88248.192,0x8A,0x00,True,4,3.17,3.8,-0.49
17:05:38.547,17:05:38.547,88278.207,0x8A,0x00,True,4,3.15,3.77,-0.42
17:06:08.543,17:06:08.543,88308.203,0x8A,0x00,True,4,3.18,3.76,-0.47
17:06:38.558,17:06:38.558,88338.218,0x8A,0x00,True,4,3.18,3.8,-0.47
17:07:08.562,17:07:08.562,88368.222,0x8A,0x00,True,4,3.18,3.79,-0.46
17:07:38.572,17:07:38.572,88398.232,0x8A,0x00,True,4,3.17,3.8,-0.48
17:08:08.582,17:08:08.582,88428.242,0x8A,0x00,True,4,3.2,3.76,-0.5
17:08:38.582,17:08:38.582,88458.242,0x8A,0x00,True,4,3.18,3.79,-0.43
17:09:08.598,17:09:08.598,88488.258,0x8A,0x00,True,4,3.2,3.79,-0.42
17:09:38.598,17:09:38.598,88518.258,0x8A,0x00,True,4,3.15,3.78,-0.44
17:10:08.612,17:10:08.612,88548.272,0x8A,0x00,True,4,3.17,3.79,-0.53
17:10:38.622,17:10:38.622,88578.282,0x8A,0x00,True,4,3.18,3.79,-0.51
17:11:08.632,17:11:08.632,88608.292,0x8A,0x00,True,4,3.16,3.77,-0.46
17:11:38.647,17:11:38.647,88638.307,0x8A,0x00,True,4,3.14,3.8,-0.45
17:12:08.652,17:12:08.652,88668.312,0x8A,0x00,True,4,3.18,3.73,-0.51
17:12:38.657,17:12:38.657,88698.317,0x8A,0x00,True,4,3.17,3.73,-0.49
17:13:08.673,17:13:08.673,88728.333,0x8A,0x00,True,4,3.19,3.75,-0.47
17:13:38.692,17:13:38.692,88758.352,0x8A,0x00,True,4,3.16,3.76,-0.44
17:14:08.703,17:14:08.703,88788.363,0x8A,0x00,True,4,3.2,3.77,-0.5
17:14:38.708,17:14:38.708,88818.368,0x8A,0x00,True,4,3.16,3.77,-0.44
17:15:08.728,17:15:08.728,88848.388,0x8A,0x00,True,4,3.13,3.78,-0.45
17:15:38.737,17:15:38.737,88878.397,0x8A,0x00,True,4,3.16,3.79,-0.47
17:16:08.747,17:16:08.747,88908.407,0x8A,0x00,True,4,3.18,3.76,-0.48
17:16:38.747,17:16:38.747,88938.407,0x8A,0x00,True,4,3.17,3.78,-0.45
17:17:08.763,17:17:08.763,88968.423,0x8A,0x00,True,4,3.13,3.75,-0.52
17:17:38.782,17:17:38.782,88998.442,0x8A,0x00,True,4,3.13,3.75,-0.48
17:18:08.793,17:18:08.793,89028.453,0x8A,0x00,True,4,3.19,3.81,-0.45
17:18:38.808,17:18:38.808,89058.468,0x8A,0x00,True,4,3.19,3.74,-0.52
17:19:08.833,17:19:08.833,89088.493,0x8A,0x00,True,4,3.18,3.76,-0.49
17:19:38.827,17:19:38.827,89118.487,0x8A,0x00,True,4,3.16,3.75,-0.47
17:20:08.827,17:20:08.827,89148.487,0x8A,0x00,True,4,3.19,3.79,-0.49
17:20:38.842,17:20:38.842,89178.502,0x8A,0x00,True,4,3.17,3.75,-0.47
17:21:08.867,17:21:08.867,89208.527,0x8A,0x00,True,4,3.18,3.76,-0.48
17:21:38.877,17:21:38.877,89238.537,0x8A,0x00,True,4,3.18,3.76,-0.42
17:22:08.893,17:22:08.893,89268.553,0x8A,0x00,True,4,3.17,3.8,-0.46
17:22:38.897,17:22:38.897,89298.557,0x8A,0x00,True,4,3.16,3.74,-0.43
17:23:08.918,17:23:08.918,89328.578,0x8A,0x00,True,4,3.13,3.75,-0.5
17:23:38.912,17:23:38.912,89358.572,0x8A,0x00,True,4,3.14,3.81,-0.52
17:24:08.937,17:24:08.937,89388.597,0x8A,0x00,True,4,3.16,3.77,-0.51
17:24:38.958,17:24:38.958,89418.618,0x8A,0x00,True,4,3.19,3.77,-0.48
17:25:08.962,17:25:08.962,89448.622,0x8A,0x00,True,4,3.17,3.75,-0.49
17:25:38.978,17:25:38.978,89478.638,0x8A,0x00,True,4,3.17,3.76,-0.45
17:26:08.982,17:26:08.982,89508.642,0x8A,0x00,True,4,3.16,3.76,-0.45
17:26:38.992,17:26:38.992,89538.652,0x8A,0x00,True,4,3.18,3.75,-0.46
17:27:09.013,17:27:09.013,89568.673,0x8A,0x00,True,4,3.18,3.73,-0.49
17:27:39.032,17:27:39.032,89598.692,0x8A,0x00,True,4,3.17,3.79,-0.45
17:28:09.048,17:28:09.048,89628.708,0x8A,0x00,True,4,3.17,3.8,-0.46
17:28:39.053,17:28:39.053,89658.713,0x8A,0x00,True,4,3.2,3.79,-0.41
17:29:09.067,17:29:09.067,89688.727,0x8A,0x00,True,4,3.18,3.79,-0.47
17:29:39.067,17:29:39.067,89718.727,0x8A,0x00,True,4,3.16,3.76,-0.43
17:30:09.093,17:30:09.093,89748.753,0x8A,0x00,True,4,3.13,3.78,-0.46
17:30:39.098,17:30:39.098,89778.758,0x8A,0x00,True,4,3.16,3.77,-0.46
17:31:09.107,17:31:09.107,89808.767,0x8A,0x00,True,4,3.18,3.76,-0.47
17:31:39.112,17:31:39.112,89838.772,0x8A,0x00,True,4,3.19,3.76,-0.48
17:32:09.153,17:32:09.153,89868.813,0x8A,0x00,True,4,3.16,3.83,-0.48
17:32:39.143,17:32:39.143,89898.803,0x8A,0x00,True,4,3.16,3.79,-0.46
17:33:09.147,17:33:09.147,89928.807,0x8A,0x00,True,4,3.13,3.75,-0.49
17:33:39.167,17:33:39.167,89958.827,0x8A,0x00,True,4,3.15,3.77,-0.42
17:34:09.182,17:34:09.182,89988.842,0x8A,0x00,True,4,3.14,3.77,-0.5
17:34:39.200,17:34:39.200,90018.86,0x8A,0x00,True,4,3.16,3.8,-0.47
17:35:09.202,17:35:09.202,90048.862,0x8A,0x00,True,4,3.17,3.76,-0.47
17:35:39.213,17:35:39.213,90078.873,0x8A,0x00,True,4,3.16,3.78,-0.43
17:36:09.217,17:36:09.217,90108.877,0x8A,0x00,True,4,3.19,3.79,-0.52
17:36:39.231,17:36:39.231,90138.891,0x8A,0x00,True,4,3.16,3.79,-0.47
17:37:09.248,17:37:09.248,90168.908,0x8A,0x00,True,4,3.14,3.75,-0.5
17:37:39.257,17:37:39.257,90198.917,0x8A,0x00,True,4,3.18,3.8,-0.46
17:38:09.277,17:38:09.277,90228.937,0x8A,0x00,True,4,3.17,3.75,-0.48
17:38:39.297,17:38:39.297,90258.957,0x8A,0x00,True,4,3.16,3.77,-0.43
17:39:09.297,17:39:09.297,90288.957,0x8A,0x00,True,4,3.16,3.76,-0.51
17:39:39.312,17:39:39.312,90318.972,0x8A,0x00,True,4,3.14,3.79,-0.49
17:40:09.330,17:40:09.330,90348.99,0x8A,0x00,True,4,3.17,3.76,-0.47
17:40:39.348,17:40:39.348,90379.008,0x8A,0x00,True,4,3.16,3.79,-0.5
17:41:09.367,17:41:09.367,90409.027,0x8A,0x00,True,4,3.17,3.78,-0.44
17:41:39.372,17:41:39.372,90439.032,0x8A,0x00,True,4,3.17,3.79,-0.49
17:42:09.393,17:42:09.393,90469.053,0x8A,0x00,True,4,3.18,3.78,-0.52
17:42:39.397,17:42:39.397,90499.057,0x8A,0x00,True,4,3.17,3.79,-0.46
17:43:09.432,17:43:09.432,90529.092,0x8A,0x00,True,4,3.18,3.73,-0.48
17:43:39.442,17:43:39.442,90559.102,0x8A,0x00,True,4,3.15,3.78,-0.51
17:44:09.448,17:44:09.448,90589.108,0x8A,0x00,True,4,3.16,3.76,-0.48
17:44:39.467,17:44:39.467,90619.127,0x8A,0x00,True,4,3.17,3.76,-0.46
17:45:09.492,17:45:09.492,90649.152,0x8A,0x00,True,4,3.17,3.76,-0.46
17:45:39.512,17:45:39.512,90679.172,0x8A,0x00,True,4,3.16,3.77,-0.51
17:46:09.520,17:46:09.520,90709.18,0x8A,0x00,True,4,3.16,3.79,-0.47
17:46:39.532,17:46:39.532,90739.192,0x8A,0x00,True,4,3.17,3.77,-0.53
17:47:09.563,17:47:09.563,90769.223,0x8A,0x00,True,4,3.15,3.75,-0.47
17:47:39.572,17:47:39.572,90799.232,0x8A,0x00,True,4,3.15,3.78,-0.54
17:48:09.603,17:48:09.603,90829.263,0x8A,0x00,True,4,3.17,3.75,-0.47
17:48:39.630,17:48:39.630,90859.29,0x8A,0x00,True,4,3.17,3.76,-0.48
17:49:09.632,17:49:09.632,90889.292,0x8A,0x00,True,4,3.16,3.76,-0.46
17:49:39.662,17:49:39.662,90919.322,0x8A,0x00,True,4,3.18,3.76,-0.48
17:50:09.682,17:50:09.682,90949.342,0x8A,0x00,True,4,3.12,3.75,-0.43
17:50:39.683,17:50:39.683,90979.343,0x8A,0x00,True,4,3.18,3.77,-0.5
17:51:09.702,17:51:09.702,91009.362,0x8A,0x00,True,4,3.16,3.76,-0.48
17:51:39.734,17:51:39.734,91039.394,0x8A,0x00,True,4,3.19,3.78,-0.45
17:52:09.752,17:52:09.752,91069.412,0x8A,0x00,True,4,3.18,3.77,-0.51
17:52:39.768,17:52:39.768,91099.428,0x8A,0x00,True,4,3.16,3.77,-0.48
17:53:09.777,17:53:09.777,91129.437,0x8A,0x00,True,4,3.15,3.76,-0.47
17:53:39.808,17:53:39.808,91159.468,0x8A,0x00,True,4,3.13,3.78,-0.45
17:54:09.832,17:54:09.832,91189.492,0x8A,0x00,True,4,3.16,3.77,-0.46
17:54:39.843,17:54:39.843,91219.503,0x8A,0x00,True,4,3.13,3.73,-0.49
17:55:09.862,17:55:09.862,91249.522,0x8A,0x00,True,4,3.15,3.79,-0.43
17:55:39.872,17:55:39.872,91279.532,0x8A,0x00,True,4,3.16,3.82,-0.45
17:56:09.897,17:56:09.897,91309.557,0x8A,0x00,True,4,3.14,3.78,-0.44
17:56:39.917,17:56:39.917,91339.577,0x8A,0x00,True,4,3.15,3.79,-0.5
17:57:09.933,17:57:09.933,91369.593,0x8A,0x00,True,4,3.14,3.75,-0.49
17:57:39.952,17:57:39.952,91399.612,0x8A,0x00,True,4,3.17,3.72,-0.45
17:58:09.973,17:58:09.973,91429.633,0x8A,0x00,True,4,3.14,3.79,-0.54
17:58:39.992,17:58:39.992,91459.652,0x8A,0x00,True,4,3.15,3.75,-0.47
17:59:10.007,17:59:10.007,91489.667,0x8A,0x00,True,4,3.16,3.78,-0.5
17:59:40.025,17:59:40.025,91519.685,0x8A,0x00,True,4,3.2,3.78,-0.47
18:00:10.047,18:00:10.047,91549.707,0x8A,0x00,True,4,3.17,3.81,-0.48
18:00:40.067,18:00:40.067,91579.727,0x8A,0x00,True,4,3.14,3.79,-0.46
18:01:10.093,18:01:10.093,91609.753,0x8A,0x00,True,4,3.14,3.79,-0.47
18:01:40.103,18:01:40.103,91639.763,0x8A,0x00,True,4,3.17,3.75,-0.47
18:02:10.117,18:02:10.117,91669.777,0x8A,0x00,True,4,3.18,3.81,-0.46
18:02:40.143,18:02:40.143,91699.803,0x8A,0x00,True,4,3.14,3.79,-0.43
18:03:10.158,18:03:10.158,91729.818,0x8A,0x00,True,4,3.18,3.78,-0.48
18:03:40.178,18:03:40.178,91759.838,0x8A,0x00,True,4,3.16,3.79,-0.51
18:04:10.207,18:04:10.207,91789.867,0x8A,0x00,True,4,3.17,3.81,-0.51
18:04:40.228,18:04:40.228,91819.888,0x8A,0x00,True,4,3.13,3.76,-0.49
18:05:10.242,18:05:10.242,91849.902,0x8A,0x00,True,4,3.13,3.74,-0.52
18:05:40.262,18:05:40.262,91879.922,0x8A,0x00,True,4,3.17,3.75,-0.44
18:06:10.272,18:06:10.272,91909.932,0x8A,0x00,True,4,3.16,3.79,-0.46
18:06:40.302,18:06:40.302,91939.962,0x8A,0x00,True,4,3.15,3.78,-0.49
18:07:10.322,18:07:10.322,91969.982,0x8A,0x00,True,4,3.16,3.77,-0.47
18:07:40.332,18:07:40.332,91999.992,0x8A,0x00,True,4,3.15,3.78,-0.48
18:08:10.362,18:08:10.362,92030.022,0x8A,0x00,True,4,3.13,3.79,-0.49
18:08:40.377,18:08:40.377,92060.037,0x8A,0x00,True,4,3.14,3.76,-0.47
18:09:10.397,18:09:10.397,92090.057,0x8A,0x00,True,4,3.14,3.76,-0.47
18:09:40.423,18:09:40.423,92120.083,0x8A,0x00,True,4,3.13,3.79,-0.46
18:10:10.423,18:10:10.423,92150.083,0x8A,0x00,True,4,3.16,3.8,-0.53
18:10:40.466,18:10:40.466,92180.126,0x8A,0x00,True,4,3.14,3.77,-0.44
18:11:10.473,18:11:10.473,92210.133,0x8A,0x00,True,4,3.15,3.79,-0.46
18:11:40.487,18:11:40.487,92240.147,0x8A,0x00,True,4,3.16,3.76,-0.47
18:12:10.511,18:12:10.511,92270.171,0x8A,0x00,True,4,3.15,3.79,-0.49
18:12:40.518,18:12:40.518,92300.178,0x8A,0x00,True,4,3.14,3.8,-0.49
18:13:10.542,18:13:10.542,92330.202,0x8A,0x00,True,4,3.13,3.8,-0.46
18:13:40.562,18:13:40.562,92360.222,0x8A,0x00,True,4,3.16,3.77,-0.48
18:14:10.572,18:14:10.572,92390.232,0x8A,0x00,True,4,3.13,3.75,-0.52
18:14:40.598,18:14:40.598,92420.258,0x8A,0x00,True,4,3.15,3.75,-0.54
18:15:10.612,18:15:10.612,92450.272,0x8A,0x00,True,4,3.14,3.79,-0.48
18:15:40.628,18:15:40.628,92480.288,0x8A,0x00,True,4,3.17,3.79,-0.54
18:16:10.647,18:16:10.647,92510.307,0x8A,0x00,True,4,3.17,3.78,-0.48
18:16:40.652,18:16:40.652,92540.312,0x8A,0x00,True,4,3.12,3.78,-0.45
18:17:10.672,18:17:10.672,92570.332,0x8A,0x00,True,4,3.15,3.79,-0.49
18:17:40.683,18:17:40.683,92600.343,0x8A,0x00,True,4,3.16,3.75,-0.46
18:18:10.712,18:18:10.712,92630.372,0x8A,0x00,True,4,3.16,3.77,-0.48
18:18:40.718,18:18:40.718,92660.378,0x8A,0x00,True,4,3.14,3.76,-0.49
18:19:10.737,18:19:10.737,92690.397,0x8A,0x00,True,4,3.16,3.73,-0.47
18:19:40.752,18:19:40.752,92720.412,0x8A,0x00,True,4,3.16,3.79,-0.45
18:20:10.758,18:20:10.758,92750.418,0x8A,0x00,True,4,3.13,3.78,-0.48
18:20:40.793,18:20:40.793,92780.453,0x8A,0x00,True,4,3.15,3.77,-0.48
18:21:10.803,18:21:10.803,92810.463,0x8A,0x00,True,4,3.14,3.81,-0.44
18:21:40.822,18:21:40.822,92840.482,0x8A,0x00,True,4,3.16,3.77,-0.48
18:22:10.839,18:22:10.839,92870.499,0x8A,0x00,True,4,3.19,3.77,-0.52
18:22:40.852,18:22:40.852,92900.512,0x8A,0x00,True,4,3.16,3.78,-0.51
18:23:10.867,18:23:10.867,92930.527,0x8A,0x00,True,4,3.2,3.76,-0.47
18:23:40.883,18:23:40.883,92960.543,0x8A,0x00,True,4,3.16,3.76,-0.49
18:24:10.892,18:24:10.892,92990.552,0x8A,0x00,True,4,3.17,3.75,-0.48
18:24:40.912,18:24:40.912,93020.572,0x8A,0x00,True,4,3.15,3.79,-0.52
18:25:10.918,18:25:10.918,93050.578,0x8A,0x00,True,4,3.14,3.8,-0.52
18:25:40.947,18:25:40.947,93080.607,0x8A,0x00,True,4,3.14,3.8,-0.48
18:26:10.952,18:26:10.952,93110.612,0x8A,0x00,True,4,3.19,3.74,-0.5
18:26:40.968,18:26:40.968,93140.628,0x8A,0x00,True,4,3.18,3.79,-0.5
18:27:10.973,18:27:10.973,93170.633,0x8A,0x00,True,4,3.13,3.81,-0.5
18:27:40.982,18:27:40.982,93200.642,0x8A,0x00,True,4,3.16,3.79,-0.48
18:28:10.997,18:28:10.997,93230.657,0x8A,0x00,True,4,3.16,3.81,-0.43
18:28:41.003,18:28:41.003,93260.663,0x8A,0x00,True,4,3.18,3.8,-0.44
18:29:11.022,18:29:11.022,93290.682,0x8A,0x00,True,4,3.18,3.79,-0.49
18:29:41.047,18:29:41.047,93320.707,0x8A,0x00,True,4,3.14,3.76,-0.52
18:30:11.042,18:30:11.042,93350.702,0x8A,0x00,True,4,3.14,3.75,-0.44
18:30:41.058,18:30:41.058,93380.718,0x8A,0x00,True,4,3.17,3.76,-0.5
18:31:11.065,18:31:11.065,93410.725,0x8A,0x00,True,4,3.18,3.78,-0.44
18:31:41.067,18:31:41.067,93440.727,0x8A,0x00,True,4,3.16,3.73,-0.4
18:32:11.093,18:32:11.093,93470.753,0x8A,0x00,True,4,3.13,3.77,-0.47
18:32:41.102,18:32:41.102,93500.762,0x8A,0x00,True,4,3.14,3.81,-0.54
18:33:11.113,18:33:11.113,93530.773,0x8A,0x00,True,4,3.16,3.75,-0.52
18:33:41.122,18:33:41.122,93560.782,0x8A,0x00,True,4,3.17,3.79,-0.46
18:34:11.122,18:34:11.122,93590.782,0x8A,0x00,True,4,3.17,3.79,-0.43
18:34:41.132,18:34:41.132,93620.792,0x8A,0x00,True,5,3.19,3.81,-0.49
18:35:11.138,18:35:11.138,93650.798,0x8A,0x00,True,4,3.16,3.75,-0.48
18:35:41.132,18:35:41.132,93680.792,0x8A,0x00,True,4,3.13,3.79,-0.46
18:36:11.167,18:36:11.167,93710.827,0x8A,0x00,True,4,3.14,3.81,-0.44
18:36:41.143,18:36:41.143,93740.803,0x8A,0x00,True,4,3.18,3.79,-0.46
18:37:11.158,18:37:11.158,93770.818,0x8A,0x00,True,4,3.17,3.77,-0.47
18:37:41.152,18:37:41.152,93800.812,0x8A,0x00,True,4,3.14,3.78,-0.46
18:38:11.167,18:38:11.167,93830.827,0x8A,0x00,True,4,3.18,3.79,-0.46
18:38:41.157,18:38:41.157,93860.817,0x8A,0x00,True,4,3.17,3.78,-0.48
18:39:11.190,18:39:11.190,93890.85,0x8A,0x00,True,4,3.14,3.75,-0.47
18:39:41.168,18:39:41.168,93920.828,0x8A,0x00,True,5,3.19,3.81,-0.52
18:40:11.187,18:40:11.187,93950.847,0x8A,0x00,True,5,3.15,3.85,-0.52
18:40:41.188,18:40:41.188,93980.848,0x8A,0x00,True,4,3.16,3.78,-0.45
18:41:11.202,18:41:11.202,94010.862,0x8A,0x00,True,5,3.16,3.84,-0.48
18:41:41.202,18:41:41.202,94040.862,0x8A,0x00,True,4,3.16,3.76,-0.48
18:42:11.207,18:42:11.207,94070.867,0x8A,0x00,True,4,3.17,3.81,-0.49
18:42:41.207,18:42:41.207,94100.867,0x8A,0x00,True,4,3.16,3.83,-0.49
18:43:11.212,18:43:11.212,94130.872,0x8A,0x00,True,4,3.18,3.79,-0.47
18:43:41.213,18:43:41.213,94160.873,0x8A,0x00,True,4,3.17,3.79,-0.47
18:44:11.218,18:44:11.218,94190.878,0x8A,0x00,True,4,3.14,3.81,-0.51
18:44:41.212,18:44:41.212,94220.872,0x8A,0x00,True,4,3.14,3.84,-0.45
18:45:11.213,18:45:11.213,94250.873,0x8A,0x00,True,4,3.17,3.79,-0.46
18:45:41.218,18:45:41.218,94280.878,0x8A,0x00,True,4,3.16,3.8,-0.49
18:46:11.208,18:46:11.208,94310.868,0x8A,0x00,True,4,3.16,3.81,-0.45
18:50:11.207,18:50:11.207,94550.867,0x8A,0x00,True,5,3.2,3.81,-0.5
18:50:41.202,18:50:41.202,94580.862,0x8A,0x00,True,4,3.15,3.8,-0.55
18:51:11.197,18:51:11.197,94610.857,0x8A,0x00,True,4,3.16,3.79,-0.52
18:51:41.202,18:51:41.202,94640.862,0x8A,0x00,True,4,3.16,3.76,-0.48
18:52:11.182,18:52:11.182,94670.842,0x8A,0x00,True,4,3.16,3.77,-0.5
18:52:41.177,18:52:41.177,94700.837,0x8A,0x00,True,5,3.2,3.81,-0.51
18:53:11.182,18:53:11.182,94730.842,0x8A,0x00,True,5,3.19,3.83,-0.48
18:53:41.177,18:53:41.177,94760.837,0x8A,0x00,True,4,3.13,3.82,-0.44
18:54:11.162,18:54:11.162,94790.822,0x8A,0x00,True,4,3.18,3.78,-0.5
18:54:41.157,18:54:41.157,94820.817,0x8A,0x00,True,4,3.13,3.81,-0.45
18:55:11.162,18:55:11.162,94850.822,0x8A,0x00,True,4,3.16,3.78,-0.46
18:55:41.146,18:55:41.146,94880.806,0x8A,0x00,True,4,3.18,3.8,-0.46
18:56:11.147,18:56:11.147,94910.807,0x8A,0x00,True,4,3.16,3.77,-0.5
18:56:41.143,18:56:41.143,94940.803,0x8A,0x00,True,4,3.17,3.81,-0.48
18:57:11.137,18:57:11.137,94970.797,0x8A,0x00,True,5,3.18,3.84,-0.52
18:57:41.137,18:57:41.137,95000.797,0x8A,0x00,True,4,3.18,3.8,-0.5
18:58:11.122,18:58:11.122,95030.782,0x8A,0x00,True,4,3.21,3.78,-0.46
18:58:41.127,18:58:41.127,95060.787,0x8A,0x00,True,4,3.17,3.78,-0.53
18:59:11.122,18:59:11.122,95090.782,0x8A,0x00,True,4,3.18,3.8,-0.43
18:59:41.122,18:59:41.122,95120.782,0x8A,0x00,True,4,3.15,3.8,-0.48
19:00:11.106,19:00:11.106,95150.766,0x8A,0x00,True,4,3.14,3.8,-0.43
19:00:41.102,19:00:41.102,95180.762,0x8A,0x00,True,4,3.16,3.79,-0.43
19:01:11.082,19:01:11.082,95210.742,0x8A,0x00,True,5,3.18,3.87,-0.48
19:01:41.092,19:01:41.092,95240.752,0x8A,0x00,True,4,3.18,3.79,-0.43
19:02:11.072,19:02:11.072,95270.732,0x8A,0x00,True,5,3.18,3.86,-0.51
19:02:41.072,19:02:41.072,95300.732,0x8A,0x00,True,5,3.21,3.81,-0.45
19:03:11.052,19:03:11.052,95330.712,0x8A,0x00,True,5,3.17,3.84,-0.49
19:03:41.057,19:03:41.057,95360.717,0x8A,0x00,True,4,3.16,3.79,-0.44
19:04:11.052,19:04:11.052,95390.712,0x8A,0x00,True,5,3.19,3.83,-0.5
19:04:41.037,19:04:41.037,95420.697,0x8A,0x00,True,4,3.18,3.8,-0.46
19:05:11.037,19:05:11.037,95450.697,0x8A,0x00,True,4,3.17,3.82,-0.48
19:05:41.026,19:05:41.026,95480.686,0x8A,0x00,True,5,3.19,3.81,-0.49
19:06:11.022,19:06:11.022,95510.682,0x8A,0x00,True,4,3.18,3.8,-0.5
19:06:41.002,19:06:41.002,95540.662,0x8A,0x00,True,4,3.17,3.81,-0.48
19:07:10.997,19:07:10.997,95570.657,0x8A,0x00,True,4,3.2,3.78,-0.48
19:07:40.982,19:07:40.982,95600.642,0x8A,0x00,True,5,3.17,3.84,-0.48
19:08:10.992,19:08:10.992,95630.652,0x8A,0x00,True,4,3.14,3.82,-0.5
19:08:40.977,19:08:40.977,95660.637,0x8A,0x00,True,4,3.16,3.8,-0.44
19:09:10.967,19:09:10.967,95690.627,0x8A,0x00,True,5,3.16,3.84,-0.47
19:09:40.957,19:09:40.957,95720.617,0x8A,0x00,True,4,3.14,3.85,-0.48
19:10:10.947,19:10:10.947,95750.607,0x8A,0x00,True,4,3.15,3.76,-0.46
19:10:40.922,19:10:40.922,95780.582,0x8A,0x00,True,4,3.15,3.82,-0.53
19:11:10.922,19:11:10.922,95810.582,0x8A,0x00,True,4,3.19,3.8,-0.52
19:11:40.907,19:11:40.907,95840.567,0x8A,0x00,True,4,3.16,3.81,-0.47
19:12:10.902,19:12:10.902,95870.562,0x8A,0x00,True,4,3.17,3.79,-0.49
19:12:40.892,19:12:40.892,95900.552,0x8A,0x00,True,4,3.17,3.76,-0.45
19:13:10.893,19:13:10.893,95930.553,0x8A,0x00,True,4,3.16,3.8,-0.46
19:13:40.887,19:13:40.887,95960.547,0x8A,0x00,True,5,3.19,3.83,-0.47
19:14:10.872,19:14:10.872,95990.532,0x8A,0x00,True,4,3.16,3.84,-0.45
19:14:40.862,19:14:40.862,96020.522,0x8A,0x00,True,5,3.18,3.82,-0.49
19:15:10.852,19:15:10.852,96050.512,0x8A,0x00,True,5,3.18,3.82,-0.48
19:15:40.827,19:15:40.827,96080.487,0x8A,0x00,True,4,3.13,3.79,-0.46
19:16:10.827,19:16:10.827,96110.487,0x8A,0x00,True,5,3.17,3.84,-0.46
19:16:40.812,19:16:40.812,96140.472,0x8A,0x00,True,5,3.18,3.83,-0.45
19:17:10.797,19:17:10.797,96170.457,0x8A,0x00,True,4,3.18,3.79,-0.5
19:17:40.807,19:17:40.807,96200.467,0x8A,0x00,True,4,3.15,3.78,-0.51
19:18:10.787,19:18:10.787,96230.447,0x8A,0x00,True,4,3.14,3.77,-0.48
19:18:40.787,19:18:40.787,96260.447,0x8A,0x00,True,4,3.16,3.79,-0.51
19:19:10.762,19:19:10.762,96290.422,0x8A,0x00,True,4,3.17,3.78,-0.48
19:19:40.763,19:19:40.763,96320.423,0x8A,0x00,True,4,3.15,3.81,-0.44
19:20:10.742,19:20:10.742,96350.402,0x8A,0x00,True,4,3.17,3.79,-0.42
19:20:40.742,19:20:40.742,96380.402,0x8A,0x00,True,4,3.18,3.8,-0.49
19:21:10.732,19:21:10.732,96410.392,0x8A,0x00,True,4,3.15,3.79,-0.49
19:21:40.722,19:21:40.722,96440.382,0x8A,0x00,True,4,3.18,3.8,-0.5
19:22:10.712,19:22:10.712,96470.372,0x8A,0x00,True,5,3.17,3.83,-0.5
19:22:40.707,19:22:40.707,96500.367,0x8A,0x00,True,4,3.14,3.79,-0.46
19:23:10.678,19:23:10.678,96530.338,0x8A,0x00,True,5,3.2,3.82,-0.5
19:23:40.672,19:23:40.672,96560.332,0x8A,0x00,True,5,3.17,3.84,-0.47
19:24:10.657,19:24:10.657,96590.317,0x8A,0x00,True,4,3.13,3.8,-0.46
19:24:40.652,19:24:40.652,96620.312,0x8A,0x00,True,4,3.16,3.81,-0.47
19:25:10.647,19:25:10.647,96650.307,0x8A,0x00,True,4,3.15,3.8,-0.48
19:25:40.627,19:25:40.627,96680.287,0x8A,0x00,True,4,3.18,3.81,-0.45
19:26:10.627,19:26:10.627,96710.287,0x8A,0x00,True,4,3.16,3.78,-0.51
19:26:40.617,19:26:40.617,96740.277,0x8A,0x00,True,4,3.15,3.8,-0.52
19:27:10.592,19:27:10.592,96770.252,0x8A,0x00,True,4,3.14,3.79,-0.49
19:27:40.577,19:27:40.577,96800.237,0x8A,0x00,True,4,3.16,3.76,-0.43
19:28:10.572,19:28:10.572,96830.232,0x8A,0x00,True,4,3.14,3.83,-0.44
19:28:40.567,19:28:40.567,96860.227,0x8A,0x00,True,5,3.21,3.86,-0.48
19:29:10.557,19:29:10.557,96890.217,0x8A,0x00,True,5,3.18,3.82,-0.54
19:29:40.548,19:29:40.548,96920.208,0x8A,0x00,True,4,3.16,3.82,-0.44
19:30:10.537,19:30:10.537,96950.197,0x8A,0x00,True,4,3.14,3.82,-0.47
19:30:40.512,19:30:40.512,96980.172,0x8A,0x00,True,4,3.15,3.83,-0.5
19:31:10.520,19:31:10.520,97010.18,0x8A,0x00,True,4,3.16,3.8,-0.54
19:31:40.492,19:31:40.492,97040.152,0x8A,0x00,True,5,3.16,3.87,-0.47
19:32:10.492,19:32:10.492,97070.152,0x8A,0x00,True,5,3.2,3.83,-0.52
19:32:40.487,19:32:40.487,97100.147,0x8A,0x00,True,4,3.16,3.8,-0.51
19:33:10.478,19:33:10.478,97130.138,0x8A,0x00,True,4,3.18,3.81,-0.47
19:33:40.468,19:33:40.468,97160.128,0x8A,0x00,True,4,3.16,3.78,-0.52
19:34:10.462,19:34:10.462,97190.122,0x8A,0x00,True,5,3.2,3.81,-0.48
19:34:40.437,19:34:40.437,97220.097,0x8A,0x00,True,4,3.17,3.79,-0.5
19:35:10.422,19:35:10.422,97250.082,0x8A,0x00,True,4,3.18,3.82,-0.44
19:35:40.417,19:35:40.417,97280.077,0x8A,0x00,True,4,3.18,3.82,-0.46
19:36:10.412,19:36:10.412,97310.072,0x8A,0x00,True,4,3.13,3.77,-0.49
19:36:40.397,19:36:40.397,97340.057,0x8A,0x00,True,5,3.22,3.83,-0.49
19:37:10.393,19:37:10.393,97370.053,0x8A,0x00,True,4,3.15,3.77,-0.44
19:37:40.372,19:37:40.372,97400.032,0x8A,0x00,True,5,3.18,3.83,-0.5
19:38:10.362,19:38:10.362,97430.022,0x8A,0x00,True,4,3.18,3.8,-0.45
19:38:40.342,19:38:40.342,97460.002,0x8A,0x00,True,5,3.18,3.83,-0.55
19:39:10.347,19:39:10.347,97490.007,0x8A,0x00,True,4,3.16,3.8,-0.46
19:39:40.337,19:39:40.337,97519.997,0x8A,0x00,True,5,3.17,3.83,-0.55
19:40:10.322,19:40:10.322,97549.982,0x8A,0x00,True,5,3.2,3.83,-0.5
19:40:40.307,19:40:40.307,97579.967,0x8A,0x00,True,5,3.19,3.84,-0.5
19:41:10.303,19:41:10.303,97609.963,0x8A,0x00,True,4,3.18,3.77,-0.45
19:41:40.297,19:41:40.297,97639.957,0x8A,0x00,True,5,3.18,3.83,-0.47
19:42:10.267,19:42:10.267,97669.927,0x8A,0x00,True,4,3.16,3.81,-0.5
19:42:40.262,19:42:40.262,97699.922,0x8A,0x00,True,5,3.19,3.83,-0.43
19:43:10.252,19:43:10.252,97729.912,0x8A,0x00,True,4,3.19,3.8,-0.49
19:43:40.247,19:43:40.247,97759.907,0x8A,0x00,True,5,3.17,3.83,-0.53
19:44:10.232,19:44:10.232,97789.892,0x8A,0x00,True,4,3.14,3.81,-0.47
19:44:40.207,19:44:40.207,97819.867,0x8A,0x00,True,4,3.18,3.81,-0.49
19:45:10.207,19:45:10.207,97849.867,0x8A,0x00,True,5,3.18,3.85,-0.43
19:45:40.182,19:45:40.182,97879.842,0x8A,0x00,True,4,3.17,3.8,-0.48
19:46:10.177,19:46:10.177,97909.837,0x8A,0x00,True,5,3.19,3.85,-0.44
19:46:40.167,19:46:40.167,97939.827,0x8A,0x00,True,5,3.21,3.84,-0.54
19:47:10.157,19:47:10.157,97969.817,0x8A,0x00,True,4,3.16,3.83,-0.46
19:47:40.147,19:47:40.147,97999.807,0x8A,0x00,True,4,3.17,3.81,-0.47
19:48:10.132,19:48:10.132,98029.792,0x8A,0x00,True,4,3.18,3.79,-0.43
19:48:40.122,19:48:40.122,98059.782,0x8A,0x00,True,5,3.17,3.83,-0.5
19:49:10.103,19:49:10.103,98089.763,0x8A,0x00,True,4,3.15,3.79,-0.5
19:49:40.087,19:49:40.087,98119.747,0x8A,0x00,True,4,3.16,3.79,-0.46
19:50:10.077,19:50:10.077,98149.737,0x8A,0x00,True,5,3.17,3.84,-0.53
19:50:40.053,19:50:40.053,98179.713,0x8A,0x00,True,4,3.16,3.81,-0.47
19:51:10.058,19:51:10.058,98209.718,0x8A,0x00,True,4,3.15,3.79,-0.45
19:51:40.027,19:51:40.027,98239.687,0x8A,0x00,True,5,3.18,3.83,-0.5
19:52:10.022,19:52:10.022,98269.682,0x8A,0x00,True,4,3.17,3.81,-0.52
19:52:40.012,19:52:40.012,98299.672,0x8A,0x00,True,4,3.16,3.79,-0.46
19:53:09.988,19:53:09.988,98329.648,0x8A,0x00,True,4,3.18,3.81,-0.44
19:53:39.986,19:53:39.986,98359.646,0x8A,0x00,True,4,3.16,3.81,-0.46
19:54:09.977,19:54:09.977,98389.637,0x8A,0x00,True,5,3.2,3.83,-0.45
19:54:39.963,19:54:39.963,98419.623,0x8A,0x00,True,4,3.17,3.8,-0.41
19:55:09.942,19:55:09.942,98449.602,0x8A,0x00,True,4,3.17,3.81,-0.47
19:55:39.928,19:55:39.928,98479.588,0x8A,0x00,True,4,3.19,3.8,-0.55
19:56:09.927,19:56:09.927,98509.587,0x8A,0x00,True,4,3.12,3.85,-0.48
19:56:39.912,19:56:39.912,98539.572,0x8A,0x00,True,5,3.18,3.83,-0.5
19:57:09.902,19:57:09.902,98569.562,0x8A,0x00,True,4,3.18,3.79,-0.46
19:57:39.878,19:57:39.878,98599.538,0x8A,0x00,True,5,3.18,3.82,-0.49
19:58:09.883,19:58:09.883,98629.543,0x8A,0x00,True,4,3.2,3.79,-0.46
19:58:39.852,19:58:39.852,98659.512,0x8A,0x00,True,4,3.17,3.77,-0.49
19:59:09.847,19:59:09.847,98689.507,0x8A,0x00,True,4,3.16,3.82,-0.47
19:59:39.838,19:59:39.838,98719.498,0x8A,0x00,True,4,3.16,3.78,-0.51
20:00:09.822,20:00:09.822,98749.482,0x8A,0x00,True,4,3.17,3.82,-0.52
20:00:39.802,20:00:39.802,98779.462,0x8A,0x00,True,4,3.16,3.84,-0.45
20:01:09.787,20:01:09.787,98809.447,0x8A,0x00,True,4,3.17,3.78,-0.48
20:01:39.787,20:01:39.787,98839.447,0x8A,0x00,True,4,3.17,3.8,-0.49
20:02:09.772,20:02:09.772,98869.432,0x8A,0x00,True,4,3.16,3.81,-0.52
20:02:39.770,20:02:39.770,98899.43,0x8A,0x00,True,5,3.18,3.83,-0.51
20:03:09.752,20:03:09.752,98929.412,0x8A,0x00,True,4,3.16,3.78,-0.51
20:03:39.728,20:03:39.728,98959.388,0x8A,0x00,True,4,3.16,3.83,-0.47
20:04:09.728,20:04:09.728,98989.388,0x8A,0x00,True,4,3.12,3.78,-0.48
20:04:39.702,20:04:39.702,99019.362,0x8A,0x00,True,5,3.18,3.84,-0.47
20:05:09.702,20:05:09.702,99049.362,0x8A,0x00,True,5,3.19,3.84,-0.49
20:05:39.683,20:05:39.683,99079.343,0x8A,0x00,True,5,3.18,3.86,-0.4
20:06:09.678,20:06:09.678,99109.338,0x8A,0x00,True,4,3.17,3.82,-0.44
20:06:39.662,20:06:39.662,99139.322,0x8A,0x00,True,5,3.19,3.85,-0.48
20:07:09.638,20:07:09.638,99169.298,0x8A,0x00,True,4,3.15,3.84,-0.47
20:07:39.631,20:07:39.631,99199.291,0x8A,0x00,True,5,3.19,3.83,-0.5
20:08:09.612,20:08:09.612,99229.272,0x8A,0x00,True,5,3.22,3.81,-0.48
20:08:39.606,20:08:39.606,99259.266,0x8A,0x00,True,5,3.17,3.85,-0.49
20:09:09.592,20:09:09.592,99289.252,0x8A,0x00,True,4,3.17,3.8,-0.44
20:09:39.582,20:09:39.582,99319.242,0x8A,0x00,True,5,3.17,3.83,-0.5
20:10:09.552,20:10:09.552,99349.212,0x8A,0x00,True,4,3.16,3.77,-0.5
20:10:39.542,20:10:39.542,99379.202,0x8A,0x00,True,4,3.18,3.81,-0.5
20:11:09.521,20:11:09.521,99409.181,0x8A,0x00,True,4,3.17,3.82,-0.48
20:11:39.518,20:11:39.518,99439.178,0x8A,0x00,True,4,3.16,3.8,-0.49
20:12:09.502,20:12:09.502,99469.162,0x8A,0x00,True,4,3.17,3.82,-0.47
20:12:39.487,20:12:39.487,99499.147,0x8A,0x00,True,5,3.17,3.84,-0.5
20:13:09.462,20:13:09.462,99529.122,0x8A,0x00,True,4,3.18,3.8,-0.43
20:13:39.462,20:13:39.462,99559.122,0x8A,0x00,True,4,3.18,3.77,-0.51
20:14:09.447,20:14:09.447,99589.107,0x8A,0x00,True,4,3.19,3.81,-0.43
20:14:39.442,20:14:39.442,99619.102,0x8A,0x00,True,5,3.18,3.84,-0.48
20:15:09.422,20:15:09.422,99649.082,0x8A,0x00,True,4,3.17,3.8,-0.42
20:15:39.396,20:15:39.396,99679.056,0x8A,0x00,True,4,3.15,3.81,-0.47
20:16:09.393,20:16:09.393,99709.053,0x8A,0x00,True,4,3.16,3.8,-0.44
20:16:39.382,20:16:39.382,99739.042,0x8A,0x00,True,4,3.17,3.8,-0.45
20:17:09.367,20:17:09.367,99769.027,0x8A,0x00,True,4,3.16,3.82,-0.47
20:17:39.357,20:17:39.357,99799.017,0x8A,0x00,True,4,3.17,3.81,-0.5
20:18:09.348,20:18:09.348,99829.008,0x8A,0x00,True,4,3.17,3.82,-0.44
20:18:39.332,20:18:39.332,99858.992,0x8A,0x00,True,4,3.17,3.81,-0.51
20:19:09.317,20:19:09.317,99888.977,0x8A,0x00,True,4,3.17,3.8,-0.51
20:19:39.317,20:19:39.317,99918.977,0x8A,0x00,True,4,3.18,3.79,-0.47
20:20:09.287,20:20:09.287,99948.947,0x8A,0x00,True,5,3.2,3.8,-0.46
20:20:39.287,20:20:39.287,99978.947,0x8A,0x00,True,4,3.18,3.8,-0.5
20:21:09.280,20:21:09.280,100008.94,0x8A,0x00,True,4,3.17,3.8,-0.51
20:21:39.263,20:21:39.263,100038.923,0x8A,0x00,True,4,3.17,3.82,-0.49
20:22:09.247,20:22:09.247,100068.907,0x8A,0x00,True,4,3.16,3.79,-0.48
20:22:39.223,20:22:39.223,100098.883,0x8A,0x00,True,4,3.16,3.79,-0.49
20:23:09.223,20:23:09.223,100128.883,0x8A,0x00,True,5,3.17,3.84,-0.43
20:23:39.212,20:23:39.212,100158.872,0x8A,0x00,True,4,3.2,3.79,-0.43
20:24:09.192,20:24:09.192,100188.852,0x8A,0x00,True,4,3.19,3.81,-0.45
20:24:39.183,20:24:39.183,100218.843,0x8A,0x00,True,4,3.18,3.81,-0.47
20:25:09.152,20:25:09.152,100248.812,0x8A,0x00,True,5,3.2,3.81,-0.43
20:25:39.138,20:25:39.138,100278.798,0x8A,0x00,True,4,3.14,3.79,-0.45
20:26:09.132,20:26:09.132,100308.792,0x8A,0x00,True,5,3.18,3.82,-0.5
20:26:39.117,20:26:39.117,100338.777,0x8A,0x00,True,4,3.17,3.81,-0.49
20:27:09.103,20:27:09.103,100368.763,0x8A,0x00,True,4,3.17,3.82,-0.45
20:27:39.082,20:27:39.082,100398.742,0x8A,0x00,True,4,3.16,3.82,-0.44
20:28:09.067,20:28:09.067,100428.727,0x8A,0x00,True,4,3.18,3.79,-0.43
20:28:39.052,20:28:39.052,100458.712,0x8A,0x00,True,4,3.16,3.83,-0.47
20:29:09.043,20:29:09.043,100488.703,0x8A,0x00,True,4,3.18,3.79,-0.46
20:29:39.031,20:29:39.031,100518.691,0x8A,0x00,True,5,3.21,3.85,-0.45
20:30:09.018,20:30:09.018,100548.678,0x8A,0x00,True,4,3.17,3.82,-0.5
20:30:38.997,20:30:38.997,100578.657,0x8A,0x00,True,4,3.14,3.77,-0.49
20:31:08.982,20:31:08.982,100608.642,0x8A,0x00,True,4,3.18,3.76,-0.45
20:31:38.972,20:31:38.972,100638.632,0x8A,0x00,True,4,3.16,3.77,-0.52
20:32:08.972,20:32:08.972,100668.632,0x8A,0x00,True,4,3.18,3.81,-0.49
20:32:38.957,20:32:38.957,100698.617,0x8A,0x00,True,4,3.17,3.79,-0.44
20:33:08.942,20:33:08.942,100728.602,0x8A,0x00,True,4,3.15,3.79,-0.52
20:33:38.917,20:33:38.917,100758.577,0x8A,0x00,True,4,3.17,3.81,-0.5
20:34:08.902,20:34:08.902,100788.562,0x8A,0x00,True,5,3.14,3.86,-0.46
20:34:38.892,20:34:38.892,100818.552,0x8A,0x00,True,4,3.14,3.8,-0.47
20:35:08.892,20:35:08.892,100848.552,0x8A,0x00,True,4,3.17,3.78,-0.48
20:35:38.867,20:35:38.867,100878.527,0x8A,0x00,True,4,3.17,3.8,-0.48
20:36:08.875,20:36:08.875,100908.535,0x8A,0x00,True,4,3.17,3.82,-0.51
20:36:38.853,20:36:38.853,100938.513,0x8A,0x00,True,5,3.18,3.84,-0.46
20:37:08.827,20:37:08.827,100968.487,0x8A,0x00,True,4,3.16,3.83,-0.5
20:37:38.816,20:37:38.816,100998.476,0x8A,0x00,True,4,3.21,3.79,-0.45
20:38:08.812,20:38:08.812,101028.472,0x8A,0x00,True,4,3.16,3.77,-0.43
20:38:38.802,20:38:38.802,101058.462,0x8A,0x00,True,4,3.16,3.81,-0.46
20:39:08.787,20:39:08.787,101088.447,0x8A,0x00,True,4,3.16,3.81,-0.55
20:39:38.772,20:39:38.772,101118.432,0x8A,0x00,True,4,3.17,3.78,-0.47
20:40:08.757,20:40:08.757,101148.417,0x8A,0x00,True,4,3.17,3.82,-0.48
20:40:38.742,20:40:38.742,101178.402,0x8A,0x00,True,4,3.17,3.78,-0.48
20:41:08.728,20:41:08.728,101208.388,0x8A,0x00,True,4,3.17,3.78,-0.46
20:41:38.731,20:41:38.731,101238.391,0x8A,0x00,True,5,3.2,3.82,-0.5
20:42:08.717,20:42:08.717,101268.377,0x8A,0x00,True,5,3.21,3.81,-0.45
20:42:38.702,20:42:38.702,101298.362,0x8A,0x00,True,4,3.18,3.81,-0.52
20:43:08.680,20:43:08.680,101328.34,0x8A,0x00,True,4,3.17,3.79,-0.49
20:43:38.672,20:43:38.672,101358.332,0x8A,0x00,True,4,3.18,3.8,-0.47
20:44:08.651,20:44:08.651,101388.311,0x8A,0x00,True,5,3.17,3.83,-0.5
20:44:38.646,20:44:38.646,101418.306,0x8A,0x00,True,4,3.19,3.8,-0.49
20:45:08.633,20:45:08.633,101448.293,0x8A,0x00,True,5,3.18,3.82,-0.53
20:45:38.612,20:45:38.612,101478.272,0x8A,0x00,True,4,3.15,3.8,-0.47
20:46:08.612,20:46:08.612,101508.272,0x8A,0x00,True,4,3.14,3.8,-0.49
20:46:38.588,20:46:38.588,101538.248,0x8A,0x00,True,4,3.19,3.8,-0.46
20:47:08.572,20:47:08.572,101568.232,0x8A,0x00,True,5,3.19,3.81,-0.52
20:47:38.580,20:47:38.580,101598.24,0x8A,0x00,True,5,3.18,3.83,-0.49
20:48:08.562,20:48:08.562,101628.222,0x8A,0x00,True,4,3.18,3.8,-0.5
20:48:38.552,20:48:38.552,101658.212,0x8A,0x00,True,5,3.18,3.84,-0.45
20:49:08.527,20:49:08.527,101688.187,0x8A,0x00,True,4,3.19,3.8,-0.47
20:49:38.521,20:49:38.521,101718.181,0x8A,0x00,True,4,3.16,3.79,-0.45
20:50:08.502,20:50:08.502,101748.162,0x8A,0x00,True,4,3.15,3.79,-0.5
20:50:38.487,20:50:38.487,101778.147,0x8A,0x00,True,4,3.18,3.78,-0.41
20:51:08.487,20:51:08.487,101808.147,0x8A,0x00,True,4,3.18,3.78,-0.45
20:51:38.473,20:51:38.473,101838.133,0x8A,0x00,True,4,3.14,3.8,-0.42
20:52:08.457,20:52:08.457,101868.117,0x8A,0x00,True,4,3.16,3.77,-0.47
20:52:38.432,20:52:38.432,101898.092,0x8A,0x00,True,4,3.17,3.83,-0.45
20:53:08.432,20:53:08.432,101928.092,0x8A,0x00,True,4,3.14,3.81,-0.43
20:53:38.412,20:53:38.412,101958.072,0x8A,0x00,True,5,3.19,3.81,-0.47
20:54:08.407,20:54:08.407,101988.067,0x8A,0x00,True,4,3.17,3.8,-0.52
20:54:38.397,20:54:38.397,102018.057,0x8A,0x00,True,4,3.18,3.8,-0.46
20:55:08.383,20:55:08.383,102048.043,0x8A,0x00,True,4,3.15,3.78,-0.5
20:55:38.380,20:55:38.380,102078.04,0x8A,0x00,True,4,3.14,3.83,-0.45
20:56:08.348,20:56:08.348,102108.008,0x8A,0x00,True,4,3.17,3.82,-0.39
20:56:38.355,20:56:38.355,102138.015,0x8A,0x00,True,4,3.14,3.83,-0.49
20:57:08.332,20:57:08.332,102167.992,0x8A,0x00,True,4,3.15,3.83,-0.47
20:57:38.327,20:57:38.327,102197.987,0x8A,0x00,True,4,3.15,3.81,-0.47
20:58:08.307,20:58:08.307,102227.967,0x8A,0x00,True,5,3.17,3.84,-0.5
20:58:38.303,20:58:38.303,102257.963,0x8A,0x00,True,5,3.18,3.85,-0.48
20:59:08.292,20:59:08.292,102287.952,0x8A,0x00,True,4,3.17,3.77,-0.47
20:59:38.268,20:59:38.268,102317.928,0x8A,0x00,True,4,3.15,3.83,-0.48
21:00:08.268,21:00:08.268,102347.928,0x8A,0x00,True,4,3.18,3.79,-0.5
21:00:38.265,21:00:38.265,102377.925,0x8A,0x00,True,5,3.17,3.86,-0.44
21:01:08.242,21:01:08.242,102407.902,0x8A,0x00,True,5,3.21,3.83,-0.47
21:01:38.231,21:01:38.231,102437.891,0x8A,0x00,True,4,3.16,3.83,-0.5
21:02:08.217,21:02:08.217,102467.877,0x8A,0x00,True,4,3.2,3.8,-0.42
21:02:38.208,21:02:38.208,102497.868,0x8A,0x00,True,4,3.19,3.81,-0.48
21:03:08.187,21:03:08.187,102527.847,0x8A,0x00,True,4,3.2,3.8,-0.52
21:03:38.189,21:03:38.189,102557.849,0x8A,0x00,True,4,3.13,3.79,-0.48
21:04:08.180,21:04:08.180,102587.84,0x8A,0x00,True,5,3.18,3.84,-0.5
21:04:38.169,21:04:38.169,102617.829,0x8A,0x00,True,4,3.15,3.81,-0.46
21:05:08.152,21:05:08.152,102647.812,0x8A,0x00,True,4,3.18,3.81,-0.52
21:05:38.137,21:05:38.137,102677.797,0x8A,0x00,True,5,3.2,3.83,-0.43
21:06:08.122,21:06:08.122,102707.782,0x8A,0x00,True,4,3.16,3.81,-0.46
21:06:38.102,21:06:38.102,102737.762,0x8A,0x00,True,4,3.15,3.83,-0.5
21:07:08.103,21:07:08.103,102767.763,0x8A,0x00,True,4,3.16,3.8,-0.44
21:07:38.087,21:07:38.087,102797.747,0x8A,0x00,True,5,3.18,3.85,-0.48
21:08:08.077,21:08:08.077,102827.737,0x8A,0x00,True,4,3.18,3.78,-0.5
21:08:38.061,21:08:38.061,102857.721,0x8A,0x00,True,4,3.14,3.79,-0.52
21:09:08.037,21:09:08.037,102887.697,0x8A,0x00,True,4,3.19,3.81,-0.48
21:09:38.037,21:09:38.037,102917.697,0x8A,0x00,True,4,3.18,3.81,-0.39
21:10:08.013,21:10:08.013,102947.673,0x8A,0x00,True,4,3.17,3.81,-0.52
21:10:38.012,21:10:38.012,102977.672,0x8A,0x00,True,4,3.15,3.8,-0.48
21:11:08.008,21:11:08.008,103007.668,0x8A,0x00,True,5,3.18,3.83,-0.49
21:11:37.986,21:11:37.986,103037.646,0x8A,0x00,True,4,3.17,3.8,-0.45
21:12:07.985,21:12:07.985,103067.645,0x8A,0x00,True,4,3.15,3.79,-0.42
21:12:37.957,21:12:37.957,103097.617,0x8A,0x00,True,4,3.16,3.81,-0.47
21:13:07.957,21:13:07.957,103127.617,0x8A,0x00,True,5,3.18,3.84,-0.5
21:13:37.937,21:13:37.937,103157.597,0x8A,0x00,True,5,3.2,3.83,-0.47
21:14:07.932,21:14:07.932,103187.592,0x8A,0x00,True,4,3.18,3.8,-0.47
21:14:37.927,21:14:37.927,103217.587,0x8A,0x00,True,5,3.22,3.82,-0.47
21:15:07.907,21:15:07.907,103247.567,0x8A,0x00,True,4,3.16,3.82,-0.44
21:15:37.925,21:15:37.925,103277.585,0x8A,0x00,True,4,3.18,3.8,-0.45
21:16:07.867,21:16:07.867,103307.527,0x8A,0x00,True,5,3.18,3.82,-0.48
21:16:37.870,21:16:37.870,103337.53,0x8A,0x00,True,4,3.17,3.8,-0.49
21:17:07.847,21:17:07.847,103367.507,0x8A,0x00,True,5,3.2,3.82,-0.5
21:17:37.832,21:17:37.832,103397.492,0x8A,0x00,True,5,3.18,3.85,-0.47
21:18:07.822,21:18:07.822,103427.482,0x8A,0x00,True,4,3.16,3.81,-0.46
21:18:37.805,21:18:37.805,103457.465,0x8A,0x00,True,4,3.17,3.83,-0.42
21:19:07.782,21:19:07.782,103487.442,0x8A,0x00,True,4,3.19,3.8,-0.46
21:19:37.767,21:19:37.767,103517.427,0x8A,0x00,True,4,3.16,3.82,-0.45
21:20:07.763,21:20:07.763,103547.423,0x8A,0x00,True,5,3.2,3.84,-0.45
21:20:37.760,21:20:37.760,103577.42,0x8A,0x00,True,4,3.17,3.8,-0.46
21:21:07.745,21:21:07.745,103607.405,0x8A,0x00,True,4,3.17,3.82,-0.47
21:21:37.722,21:21:37.722,103637.382,0x8A,0x00,True,5,3.2,3.83,-0.54
21:22:07.722,21:22:07.722,103667.382,0x8A,0x00,True,5,3.17,3.84,-0.47
21:22:37.692,21:22:37.692,103697.352,0x8A,0x00,True,4,3.17,3.82,-0.43
21:23:07.692,21:23:07.692,103727.352,0x8A,0x00,True,4,3.17,3.81,-0.45
21:23:37.682,21:23:37.682,103757.342,0x8A,0x00,True,4,3.17,3.82,-0.5
21:24:07.667,21:24:07.667,103787.327,0x8A,0x00,True,5,3.18,3.84,-0.48
21:24:37.652,21:24:37.652,103817.312,0x8A,0x00,True,4,3.19,3.8,-0.46
21:25:07.657,21:25:07.657,103847.317,0x8A,0x00,True,4,3.16,3.8,-0.48
21:25:37.628,21:25:37.628,103877.288,0x8A,0x00,True,4,3.15,3.82,-0.45
21:26:07.623,21:26:07.623,103907.283,0x8A,0x00,True,4,3.17,3.83,-0.43
21:26:37.611,21:26:37.611,103937.271,0x8A,0x00,True,4,3.15,3.8,-0.54
21:27:07.612,21:27:07.612,103967.272,0x8A,0x00,True,5,3.19,3.81,-0.5
21:27:37.597,21:27:37.597,103997.257,0x8A,0x00,True,5,3.19,3.81,-0.5
21:28:07.587,21:28:07.587,104027.247,0x8A,0x00,True,4,3.17,3.82,-0.47
21:28:37.577,21:28:37.577,104057.237,0x8A,0x00,True,4,3.16,3.79,-0.47
21:29:07.552,21:29:07.552,104087.212,0x8A,0x00,True,5,3.17,3.83,-0.5
21:29:37.542,21:29:37.542,104117.202,0x8A,0x00,True,4,3.15,3.8,-0.55
21:30:07.532,21:30:07.532,104147.192,0x8A,0x00,True,4,3.16,3.79,-0.54
21:30:37.532,21:30:37.532,104177.192,0x8A,0x00,True,4,3.18,3.81,-0.48
21:31:07.518,21:31:07.518,104207.178,0x8A,0x00,True,5,3.18,3.83,-0.46
21:31:37.497,21:31:37.497,104237.157,0x8A,0x00,True,5,3.16,3.84,-0.51
21:32:07.497,21:32:07.497,104267.157,0x8A,0x00,True,4,3.17,3.79,-0.43
21:32:37.467,21:32:37.467,104297.127,0x8A,0x00,True,4,3.18,3.81,-0.5
21:33:07.462,21:33:07.462,104327.122,0x8A,0x00,True,5,3.16,3.85,-0.48
21:33:37.447,21:33:37.447,104357.107,0x8A,0x00,True,4,3.17,3.78,-0.48
21:34:07.438,21:34:07.438,104387.098,0x8A,0x00,True,4,3.18,3.79,-0.45
21:34:37.417,21:34:37.417,104417.077,0x8A,0x00,True,4,3.18,3.82,-0.44
21:35:07.419,21:35:07.419,104447.079,0x8A,0x00,True,4,3.18,3.82,-0.46
21:35:37.402,21:35:37.402,104477.062,0x8A,0x00,True,4,3.19,3.79,-0.48
21:36:07.377,21:36:07.377,104507.037,0x8A,0x00,True,5,3.18,3.86,-0.51
21:36:37.376,21:36:37.376,104537.036,0x8A,0x00,True,5,3.18,3.83,-0.46
21:37:07.367,21:37:07.367,104567.027,0x8A,0x00,True,5,3.18,3.82,-0.51
21:37:37.357,21:37:37.357,104597.017,0x8A,0x00,True,4,3.16,3.81,-0.49
21:38:07.347,21:38:07.347,104627.007,0x8A,0x00,True,5,3.18,3.83,-0.45
21:38:37.322,21:38:37.322,104656.982,0x8A,0x00,True,4,3.14,3.79,-0.48
21:39:07.316,21:39:07.316,104686.976,0x8A,0x00,True,5,3.2,3.83,-0.47
21:39:37.311,21:39:37.311,104716.971,0x8A,0x00,True,4,3.15,3.83,-0.52
21:40:07.302,21:40:07.302,104746.962,0x8A,0x00,True,4,3.15,3.78,-0.54
21:40:37.292,21:40:37.292,104776.952,0x8A,0x00,True,5,3.24,3.83,-0.43
21:41:07.287,21:41:07.287,104806.947,0x8A,0x00,True,5,3.19,3.81,-0.5
21:41:37.282,21:41:37.282,104836.942,0x8A,0x00,True,4,3.17,3.81,-0.47
21:42:07.272,21:42:07.272,104866.932,0x8A,0x00,True,5,3.17,3.84,-0.4
21:42:37.263,21:42:37.263,104896.923,0x8A,0x00,True,4,3.15,3.79,-0.5
21:43:07.237,21:43:07.237,104926.897,0x8A,0x00,True,5,3.17,3.83,-0.49
21:43:37.228,21:43:37.228,104956.888,0x8A,0x00,True,5,3.18,3.82,-0.47
21:44:07.227,21:44:07.227,104986.887,0x8A,0x00,True,4,3.16,3.8,-0.44
21:44:37.223,21:44:37.223,105016.883,0x8A,0x00,True,4,3.15,3.78,-0.48
21:45:07.212,21:45:07.212,105046.872,0x8A,0x00,True,4,3.16,3.8,-0.45
21:45:37.202,21:45:37.202,105076.862,0x8A,0x00,True,4,3.18,3.8,-0.49
21:46:07.187,21:46:07.187,105106.847,0x8A,0x00,True,4,3.17,3.8,-0.49
21:46:37.183,21:46:37.183,105136.843,0x8A,0x00,True,4,3.2,3.8,-0.45
21:47:07.162,21:47:07.162,105166.822,0x8A,0x00,True,4,3.14,3.81,-0.5
21:47:37.165,21:47:37.165,105196.825,0x8A,0x00,True,4,3.17,3.82,-0.5
21:48:07.153,21:48:07.153,105226.813,0x8A,0x00,True,4,3.2,3.79,-0.51
21:48:37.138,21:48:37.138,105256.798,0x8A,0x00,True,4,3.17,3.8,-0.52
21:49:07.145,21:49:07.145,105286.805,0x8A,0x00,True,5,3.18,3.83,-0.48
21:49:37.132,21:49:37.132,105316.792,0x8A,0x00,True,4,3.17,3.81,-0.46
21:50:07.122,21:50:07.122,105346.782,0x8A,0x00,True,4,3.14,3.81,-0.51
21:50:37.112,21:50:37.112,105376.772,0x8A,0x00,True,4,3.17,3.81,-0.46
21:51:07.098,21:51:07.098,105406.758,0x8A,0x00,True,5,3.2,3.83,-0.5
21:51:37.092,21:51:37.092,105436.752,0x8A,0x00,True,4,3.15,3.8,-0.49
21:52:07.077,21:52:07.077,105466.737,0x8A,0x00,True,4,3.13,3.81,-0.5
21:52:37.077,21:52:37.077,105496.737,0x8A,0x00,True,4,3.2,3.8,-0.49
21:53:07.070,21:53:07.070,105526.73,0x8A,0x00,True,4,3.14,3.8,-0.45
21:53:37.062,21:53:37.062,105556.722,0x8A,0x00,True,4,3.17,3.79,-0.56
21:54:07.053,21:54:07.053,105586.713,0x8A,0x00,True,4,3.17,3.82,-0.44
21:54:37.042,21:54:37.042,105616.702,0x8A,0x00,True,4,3.14,3.82,-0.5
21:55:07.032,21:55:07.032,105646.692,0x8A,0x00,True,4,3.16,3.79,-0.51
21:55:37.021,21:55:37.021,105676.681,0x8A,0x00,True,5,3.17,3.83,-0.5
21:56:07.013,21:56:07.013,105706.673,0x8A,0x00,True,5,3.19,3.82,-0.51
21:56:36.992,21:56:36.992,105736.652,0x8A,0x00,True,5,3.19,3.82,-0.46
21:57:06.992,21:57:06.992,105766.652,0x8A,0x00,True,5,3.19,3.84,-0.52
21:57:36.972,21:57:36.972,105796.632,0x8A,0x00,True,4,3.16,3.81,-0.42
21:58:06.957,21:58:06.957,105826.617,0x8A,0x00,True,4,3.16,3.81,-0.48
21:58:36.963,21:58:36.963,105856.623,0x8A,0x00,True,4,3.15,3.81,-0.45
21:59:06.947,21:59:06.947,105886.607,0x8A,0x00,True,4,3.18,3.8,-0.45
21:59:36.947,21:59:36.947,105916.607,0x8A,0x00,True,4,3.18,3.8,-0.48
22:00:06.940,22:00:06.940,105946.6,0x8A,0x00,True,4,3.15,3.83,-0.5
22:00:36.928,22:00:36.928,105976.588,0x8A,0x00,True,4,3.17,3.82,-0.5
22:01:06.902,22:01:06.902,106006.562,0x8A,0x00,True,5,3.2,3.81,-0.49
22:01:36.901,22:01:36.901,106036.561,0x8A,0x00,True,4,3.18,3.8,-0.46
22:02:06.882,22:02:06.882,106066.542,0x8A,0x00,True,5,3.22,3.83,-0.47
22:02:36.882,22:02:36.882,106096.542,0x8A,0x00,True,5,3.15,3.85,-0.44
22:03:06.872,22:03:06.872,106126.532,0x8A,0x00,True,5,3.2,3.83,-0.47
22:03:36.857,22:03:36.857,106156.517,0x8A,0x00,True,4,3.15,3.84,-0.49
22:04:06.851,22:04:06.851,106186.511,0x8A,0x00,True,5,3.19,3.83,-0.42
22:04:36.830,22:04:36.830,106216.49,0x8A,0x00,True,4,3.17,3.83,-0.45
22:05:06.830,22:05:06.830,106246.49,0x8A,0x00,True,4,3.19,3.8,-0.5
22:05:36.813,22:05:36.813,106276.473,0x8A,0x00,True,4,3.18,3.78,-0.43
22:06:06.797,22:06:06.797,106306.457,0x8A,0x00,True,4,3.14,3.8,-0.44
22:06:36.787,22:06:36.787,106336.447,0x8A,0x00,True,4,3.17,3.78,-0.48
22:07:06.777,22:07:06.777,106366.437,0x8A,0x00,True,4,3.19,3.78,-0.51
22:07:36.757,22:07:36.757,106396.417,0x8A,0x00,True,4,3.16,3.79,-0.47
22:08:06.737,22:08:06.737,106426.397,0x8A,0x00,True,5,3.17,3.83,-0.47
22:08:36.728,22:08:36.728,106456.388,0x8A,0x00,True,4,3.14,3.76,-0.48
22:09:06.723,22:09:06.723,106486.383,0x8A,0x00,True,4,3.16,3.83,-0.47
22:09:36.712,22:09:36.712,106516.372,0x8A,0x00,True,4,3.17,3.83,-0.49
22:10:06.702,22:10:06.702,106546.362,0x8A,0x00,True,5,3.16,3.84,-0.52
22:10:36.688,22:10:36.688,106576.348,0x8A,0x00,True,5,3.2,3.83,-0.49
22:11:06.672,22:11:06.672,106606.332,0x8A,0x00,True,4,3.16,3.83,-0.5
22:11:36.662,22:11:36.662,106636.322,0x8A,0x00,True,4,3.14,3.81,-0.46
22:12:06.662,22:12:06.662,106666.322,0x8A,0x00,True,5,3.18,3.83,-0.46
22:12:36.652,22:12:36.652,106696.312,0x8A,0x00,True,4,3.14,3.79,-0.49
22:13:06.632,22:13:06.632,106726.292,0x8A,0x00,True,4,3.17,3.79,-0.46
22:13:36.633,22:13:36.633,106756.293,0x8A,0x00,True,4,3.15,3.78,-0.48
22:14:06.627,22:14:06.627,106786.287,0x8A,0x00,True,4,3.15,3.79,-0.46
22:14:36.603,22:14:36.603,106816.263,0x8A,0x00,True,4,3.14,3.83,-0.45
22:15:06.592,22:15:06.592,106846.252,0x8A,0x00,True,4,3.15,3.83,-0.44
22:15:36.591,22:15:36.591,106876.251,0x8A,0x00,True,4,3.17,3.8,-0.52
22:16:06.573,22:16:06.573,106906.233,0x8A,0x00,True,4,3.16,3.78,-0.44
22:16:36.572,22:16:36.572,106936.232,0x8A,0x00,True,4,3.14,3.79,-0.43
22:17:06.557,22:17:06.557,106966.217,0x8A,0x00,True,4,3.18,3.81,-0.46
22:17:36.547,22:17:36.547,106996.207,0x8A,0x00,True,4,3.14,3.82,-0.48
22:18:06.542,22:18:06.542,107026.202,0x8A,0x00,True,4,3.15,3.8,-0.46
22:18:36.518,22:18:36.518,107056.178,0x8A,0x00,True,4,3.17,3.81,-0.47
22:19:06.512,22:19:06.512,107086.172,0x8A,0x00,True,4,3.14,3.79,-0.51
22:19:36.502,22:19:36.502,107116.162,0x8A,0x00,True,5,3.17,3.85,-0.48
22:20:06.492,22:20:06.492,107146.152,0x8A,0x00,True,5,3.19,3.81,-0.47
22:20:36.492,22:20:36.492,107176.152,0x8A,0x00,True,4,3.17,3.82,-0.48
22:21:06.487,22:21:06.487,107206.147,0x8A,0x00,True,4,3.15,3.79,-0.46
22:21:36.478,22:21:36.478,107236.138,0x8A,0x00,True,4,3.16,3.8,-0.52
22:22:06.457,22:22:06.457,107266.117,0x8A,0x00,True,4,3.12,3.8,-0.49
22:22:36.457,22:22:36.457,107296.117,0x8A,0x00,True,4,3.15,3.81,-0.47
22:23:06.433,22:23:06.433,107326.093,0x8A,0x00,True,4,3.15,3.82,-0.52
22:23:36.433,22:23:36.433,107356.093,0x8A,0x00,True,4,3.16,3.8,-0.49
22:24:06.422,22:24:06.422,107386.082,0x8A,0x00,True,4,3.17,3.79,-0.52
22:24:36.412,22:24:36.412,107416.072,0x8A,0x00,True,4,3.13,3.81,-0.41
22:25:06.402,22:25:06.402,107446.062,0x8A,0x00,True,4,3.15,3.77,-0.45
22:25:36.393,22:25:36.393,107476.053,0x8A,0x00,True,4,3.17,3.8,-0.45
22:26:06.387,22:26:06.387,107506.047,0x8A,0x00,True,5,3.16,3.83,-0.5
22:26:36.367,22:26:36.367,107536.027,0x8A,0x00,True,4,3.13,3.8,-0.49
22:27:06.352,22:27:06.352,107566.012,0x8A,0x00,True,4,3.14,3.84,-0.47
22:27:36.342,22:27:36.342,107596.002,0x8A,0x00,True,4,3.13,3.85,-0.47
22:28:06.348,22:28:06.348,107626.008,0x8A,0x00,True,4,3.13,3.81,-0.51
22:28:36.328,22:28:36.328,107655.988,0x8A,0x00,True,4,3.14,3.79,-0.46
22:29:06.327,22:29:06.327,107685.987,0x8A,0x00,True,4,3.16,3.83,-0.5
22:29:36.308,22:29:36.308,107715.968,0x8A,0x00,True,4,3.13,3.81,-0.47
22:30:06.313,22:30:06.313,107745.973,0x8A,0x00,True,4,3.16,3.79,-0.46
22:30:36.296,22:30:36.296,107775.956,0x8A,0x00,True,4,3.16,3.81,-0.54
22:31:06.282,22:31:06.282,107805.942,0x8A,0x00,True,4,3.15,3.82,-0.48
22:31:36.282,22:31:36.282,107835.942,0x8A,0x00,True,4,3.17,3.82,-0.5
22:32:06.268,22:32:06.268,107865.928,0x8A,0x00,True,4,3.18,3.8,-0.44
22:32:36.267,22:32:36.267,107895.927,0x8A,0x00,True,4,3.16,3.83,-0.46
22:33:06.247,22:33:06.247,107925.907,0x8A,0x00,True,4,3.13,3.83,-0.45
22:33:36.242,22:33:36.242,107955.902,0x8A,0x00,True,5,3.18,3.83,-0.49
22:34:06.242,22:34:06.242,107985.902,0x8A,0x00,True,4,3.15,3.83,-0.47
22:34:36.237,22:34:36.237,108015.897,0x8A,0x00,True,5,3.16,3.84,-0.5
22:35:06.217,22:35:06.217,108045.877,0x8A,0x00,True,5,3.17,3.84,-0.41
22:35:36.198,22:35:36.198,108075.858,0x8A,0x00,True,4,3.17,3.8,-0.48
22:36:06.202,22:36:06.202,108105.862,0x8A,0x00,True,4,3.14,3.81,-0.51
22:36:36.182,22:36:36.182,108135.842,0x8A,0x00,True,4,3.15,3.79,-0.48
22:37:06.188,22:37:06.188,108165.848,0x8A,0x00,True,4,3.16,3.79,-0.49
22:37:36.172,22:37:36.172,108195.832,0x8A,0x00,True,4,3.17,3.8,-0.47
22:38:06.167,22:38:06.167,108225.827,0x8A,0x00,True,4,3.17,3.79,-0.43
22:38:36.157,22:38:36.157,108255.817,0x8A,0x00,True,4,3.18,3.76,-0.45
22:39:06.153,22:39:06.153,108285.813,0x8A,0x00,True,4,3.14,3.83,-0.53
22:39:36.147,22:39:36.147,108315.807,0x8A,0x00,True,4,3.17,3.79,-0.46
22:40:06.133,22:40:06.133,108345.793,0x8A,0x00,True,4,3.18,3.81,-0.5
22:40:36.118,22:40:36.118,108375.778,0x8A,0x00,True,5,3.17,3.83,-0.49
22:41:06.107,22:41:06.107,108405.767,0x8A,0x00,True,4,3.14,3.83,-0.42
22:41:36.107,22:41:36.107,108435.767,0x8A,0x00,True,4,3.16,3.81,-0.47
22:42:06.098,22:42:06.098,108465.758,0x8A,0x00,True,5,3.18,3.84,-0.44
22:42:36.087,22:42:36.087,108495.747,0x8A,0x00,True,4,3.17,3.8,-0.49
22:43:06.077,22:43:06.077,108525.737,0x8A,0x00,True,4,3.17,3.82,-0.46
22:43:36.077,22:43:36.077,108555.737,0x8A,0x00,True,4,3.16,3.82,-0.43
22:44:06.071,22:44:06.071,108585.731,0x8A,0x00,True,4,3.14,3.8,-0.43
22:44:36.057,22:44:36.057,108615.717,0x8A,0x00,True,4,3.15,3.81,-0.42
22:45:06.042,22:45:06.042,108645.702,0x8A,0x00,True,4,3.15,3.83,-0.45
22:45:36.027,22:45:36.027,108675.687,0x8A,0x00,True,4,3.16,3.83,-0.5
22:46:06.018,22:46:06.018,108705.678,0x8A,0x00,True,4,3.16,3.83,-0.48
22:46:36.017,22:46:36.017,108735.677,0x8A,0x00,True,4,3.13,3.79,-0.45
22:47:06.007,22:47:06.007,108765.667,0x8A,0x00,True,5,3.2,3.85,-0.44
22:47:35.987,22:47:35.987,108795.647,0x8A,0x00,True,5,3.18,3.81,-0.51
22:48:05.977,22:48:05.977,108825.637,0x8A,0x00,True,4,3.18,3.79,-0.5
22:48:35.978,22:48:35.978,108855.638,0x8A,0x00,True,4,3.18,3.79,-0.46
22:49:05.952,22:49:05.952,108885.612,0x8A,0x00,True,4,3.14,3.76,-0.5
22:49:35.957,22:49:35.957,108915.617,0x8A,0x00,True,4,3.18,3.8,-0.5
22:50:05.942,22:50:05.942,108945.602,0x8A,0x00,True,4,3.14,3.8,-0.48
22:50:35.950,22:50:35.950,108975.61,0x8A,0x00,True,4,3.15,3.78,-0.52
22:51:05.932,22:51:05.932,109005.592,0x8A,0x00,True,4,3.17,3.8,-0.46
22:51:35.923,22:51:35.923,109035.583,0x8A,0x00,True,4,3.15,3.77,-0.41
22:52:05.928,22:52:05.928,109065.588,0x8A,0x00,True,4,3.16,3.78,-0.48
22:52:35.917,22:52:35.917,109095.577,0x8A,0x00,True,4,3.17,3.78,-0.47
22:53:05.897,22:53:05.897,109125.557,0x8A,0x00,True,4,3.17,3.81,-0.49
22:53:35.893,22:53:35.893,109155.553,0x8A,0x00,True,4,3.17,3.83,-0.42
22:54:05.891,22:54:05.891,109185.551,0x8A,0x00,True,4,3.17,3.81,-0.47
22:54:35.877,22:54:35.877,109215.537,0x8A,0x00,True,4,3.16,3.84,-0.48
22:55:05.873,22:55:05.873,109245.533,0x8A,0x00,True,4,3.16,3.78,-0.43
22:55:35.870,22:55:35.870,109275.53,0x8A,0x00,True,4,3.17,3.8,-0.54
22:56:05.862,22:56:05.862,109305.522,0x8A,0x00,True,4,3.17,3.82,-0.48
22:56:35.853,22:56:35.853,109335.513,0x8A,0x00,True,4,3.15,3.83,-0.51
22:57:05.853,22:57:05.853,109365.513,0x8A,0x00,True,4,3.14,3.8,-0.46
22:57:35.842,22:57:35.842,109395.502,0x8A,0x00,True,5,3.19,3.82,-0.47
22:58:05.842,22:58:05.842,109425.502,0x8A,0x00,True,4,3.18,3.82,-0.44
22:58:35.822,22:58:35.822,109455.482,0x8A,0x00,True,5,3.17,3.83,-0.44
22:59:05.817,22:59:05.817,109485.477,0x8A,0x00,True,5,3.17,3.83,-0.51
22:59:35.808,22:59:35.808,109515.468,0x8A,0x00,True,4,3.17,3.79,-0.48
23:00:05.783,23:00:05.783,109545.443,0x8A,0x00,True,4,3.16,3.79,-0.49
23:00:35.782,23:00:35.782,109575.442,0x8A,0x00,True,5,3.19,3.82,-0.44
23:01:05.772,23:01:05.772,109605.432,0x8A,0x00,True,5,3.18,3.83,-0.46
23:01:35.762,23:01:35.762,109635.422,0x8A,0x00,True,4,3.14,3.8,-0.52
23:02:05.757,23:02:05.757,109665.417,0x8A,0x00,True,4,3.17,3.81,-0.5
23:02:35.751,23:02:35.751,109695.411,0x8A,0x00,True,5,3.18,3.83,-0.45
23:03:05.737,23:03:05.737,109725.397,0x8A,0x00,True,4,3.16,3.83,-0.5
23:03:35.712,23:03:35.712,109755.372,0x8A,0x00,True,5,3.17,3.84,-0.43
23:04:05.707,23:04:05.707,109785.367,0x8A,0x00,True,4,3.17,3.76,-0.53
23:04:35.703,23:04:35.703,109815.363,0x8A,0x00,True,4,3.17,3.82,-0.44
23:05:05.687,23:05:05.687,109845.347,0x8A,0x00,True,4,3.15,3.77,-0.44
23:05:35.688,23:05:35.688,109875.348,0x8A,0x00,True,4,3.15,3.81,-0.52
23:06:05.682,23:06:05.682,109905.342,0x8A,0x00,True,4,3.17,3.82,-0.45
23:06:35.686,23:06:35.686,109935.346,0x8A,0x00,True,5,3.16,3.84,-0.48
23:07:05.662,23:07:05.662,109965.322,0x8A,0x00,True,4,3.17,3.8,-0.5
23:07:35.643,23:07:35.643,109995.303,0x8A,0x00,True,4,3.18,3.79,-0.46
23:08:05.627,23:08:05.627,110025.287,0x8A,0x00,True,4,3.15,3.78,-0.48
23:08:35.627,23:08:35.627,110055.287,0x8A,0x00,True,4,3.17,3.82,-0.44
23:09:05.617,23:09:05.617,110085.277,0x8A,0x00,True,4,3.17,3.81,-0.5
23:09:35.607,23:09:35.607,110115.267,0x8A,0x00,True,5,3.17,3.83,-0.5
23:10:05.593,23:10:05.593,110145.253,0x8A,0x00,True,5,3.18,3.83,-0.49
23:10:35.582,23:10:35.582,110175.242,0x8A,0x00,True,5,3.17,3.84,-0.47
23:11:05.567,23:11:05.567,110205.227,0x8A,0x00,True,4,3.17,3.8,-0.48
23:11:35.553,23:11:35.553,110235.213,0x8A,0x00,True,4,3.18,3.79,-0.49
23:12:05.547,23:12:05.547,110265.207,0x8A,0x00,True,5,3.17,3.85,-0.48
23:12:35.532,23:12:35.532,110295.192,0x8A,0x00,True,4,3.14,3.8,-0.44
23:13:05.532,23:13:05.532,110325.192,0x8A,0x00,True,4,3.18,3.82,-0.42
23:13:35.527,23:13:35.527,110355.187,0x8A,0x00,True,4,3.16,3.8,-0.51
23:14:05.512,23:14:05.512,110385.172,0x8A,0x00,True,4,3.15,3.82,-0.42
23:14:35.502,23:14:35.502,110415.162,0x8A,0x00,True,4,3.16,3.81,-0.47
23:15:05.492,23:15:05.492,110445.152,0x8A,0x00,True,4,3.15,3.8,-0.5
23:15:35.481,23:15:35.481,110475.141,0x8A,0x00,True,4,3.2,3.77,-0.5
23:16:05.463,23:16:05.463,110505.123,0x8A,0x00,True,4,3.2,3.79,-0.48
23:16:35.452,23:16:35.452,110535.112,0x8A,0x00,True,5,3.21,3.82,-0.47
23:17:05.452,23:17:05.452,110565.112,0x8A,0x00,True,4,3.18,3.81,-0.43
23:17:35.440,23:17:35.440,110595.1,0x8A,0x00,True,4,3.17,3.81,-0.5
23:18:05.437,23:18:05.437,110625.097,0x8A,0x00,True,4,3.18,3.8,-0.48
23:18:35.432,23:18:35.432,110655.092,0x8A,0x00,True,4,3.18,3.81,-0.46
23:19:05.423,23:19:05.423,110685.083,0x8A,0x00,True,4,3.17,3.81,-0.43
23:19:35.397,23:19:35.397,110715.057,0x8A,0x00,True,4,3.2,3.8,-0.48
23:20:05.382,23:20:05.382,110745.042,0x8A,0x00,True,5,3.2,3.87,-0.47
23:20:35.385,23:20:35.385,110775.045,0x8A,0x00,True,5,3.18,3.84,-0.5
23:21:05.378,23:21:05.378,110805.038,0x8A,0x00,True,4,3.15,3.79,-0.49
23:21:35.354,23:21:35.354,110835.014,0x8A,0x00,True,4,3.19,3.8,-0.46
23:22:05.347,23:22:05.347,110865.007,0x8A,0x00,True,4,3.17,3.8,-0.46
23:22:35.337,23:22:35.337,110894.997,0x8A,0x00,True,4,3.19,3.8,-0.52
23:23:05.325,23:23:05.325,110924.985,0x8A,0x00,True,4,3.18,3.81,-0.49
23:23:35.302,23:23:35.302,110954.962,0x8A,0x00,True,4,3.16,3.83,-0.5
23:24:05.292,23:24:05.292,110984.952,0x8A,0x00,True,4,3.17,3.8,-0.49
23:24:35.293,23:24:35.293,111014.953,0x8A,0x00,True,4,3.18,3.8,-0.52
23:25:05.287,23:25:05.287,111044.947,0x8A,0x00,True,4,3.16,3.78,-0.43
23:25:35.272,23:25:35.272,111074.932,0x8A,0x00,True,4,3.16,3.81,-0.47
23:26:05.263,23:26:05.263,111104.923,0x8A,0x00,True,4,3.16,3.82,-0.47
23:26:35.261,23:26:35.261,111134.921,0x8A,0x00,True,4,3.17,3.83,-0.43
23:27:05.232,23:27:05.232,111164.892,0x8A,0x00,True,4,3.14,3.81,-0.47
23:27:35.228,23:27:35.228,111194.888,0x8A,0x00,True,4,3.17,3.81,-0.49
23:28:05.228,23:28:05.228,111224.888,0x8A,0x00,True,4,3.18,3.78,-0.44
23:28:35.212,23:28:35.212,111254.872,0x8A,0x00,True,4,3.17,3.77,-0.44
23:29:05.207,23:29:05.207,111284.867,0x8A,0x00,True,4,3.14,3.81,-0.44
23:29:35.197,23:29:35.197,111314.857,0x8A,0x00,True,4,3.15,3.82,-0.46
23:30:05.188,23:30:05.188,111344.848,0x8A,0x00,True,4,3.14,3.81,-0.54
23:30:35.177,23:30:35.177,111374.837,0x8A,0x00,True,4,3.18,3.78,-0.48
23:31:05.152,23:31:05.152,111404.812,0x8A,0x00,True,4,3.16,3.81,-0.46
23:31:35.157,23:31:35.157,111434.817,0x8A,0x00,True,4,3.11,3.79,-0.49
23:32:05.132,23:32:05.132,111464.792,0x8A,0x00,True,4,3.16,3.8,-0.49
23:32:35.133,23:32:35.133,111494.793,0x8A,0x00,True,4,3.18,3.81,-0.48
23:33:05.112,23:33:05.112,111524.772,0x8A,0x00,True,4,3.18,3.78,-0.47
23:33:35.117,23:33:35.117,111554.777,0x8A,0x00,True,4,3.14,3.82,-0.5
23:34:05.110,23:34:05.110,111584.77,0x8A,0x00,True,5,3.2,3.82,-0.51
23:34:35.077,23:34:35.077,111614.737,0x8A,0x00,True,4,3.17,3.81,-0.53
23:35:05.085,23:35:05.085,111644.745,0x8A,0x00,True,5,3.19,3.81,-0.5
23:35:35.063,23:35:35.063,111674.723,0x8A,0x00,True,4,3.15,3.78,-0.48
23:36:05.058,23:36:05.058,111704.718,0x8A,0x00,True,4,3.18,3.81,-0.47
23:36:35.048,23:36:35.048,111734.708,0x8A,0x00,True,4,3.17,3.79,-0.51
23:37:05.037,23:37:05.037,111764.697,0x8A,0x00,True,4,3.16,3.8,-0.48
23:37:35.018,23:37:35.018,111794.678,0x8A,0x00,True,4,3.14,3.83,-0.5
23:38:05.025,23:38:05.025,111824.685,0x8A,0x00,True,4,3.14,3.81,-0.49
23:38:35.012,23:38:35.012,111854.672,0x8A,0x00,True,4,3.17,3.82,-0.48
23:39:04.997,23:39:04.997,111884.657,0x8A,0x00,True,4,3.17,3.82,-0.46
23:39:34.993,23:39:34.993,111914.653,0x8A,0x00,True,4,3.14,3.79,-0.52
23:40:04.973,23:40:04.973,111944.633,0x8A,0x00,True,4,3.16,3.81,-0.48
23:40:34.973,23:40:34.973,111974.633,0x8A,0x00,True,5,3.18,3.82,-0.48
23:41:04.962,23:41:04.962,112004.622,0x8A,0x00,True,5,3.2,3.82,-0.47
23:41:34.937,23:41:34.937,112034.597,0x8A,0x00,True,4,3.17,3.81,-0.49
23:42:04.942,23:42:04.942,112064.602,0x8A,0x00,True,4,3.15,3.81,-0.51
23:42:34.917,23:42:34.917,112094.577,0x8A,0x00,True,4,3.19,3.8,-0.49
23:43:04.917,23:43:04.917,112124.577,0x8A,0x00,True,4,3.15,3.8,-0.49
23:43:34.910,23:43:34.910,112154.57,0x8A,0x00,True,4,3.17,3.81,-0.52
23:44:04.897,23:44:04.897,112184.557,0x8A,0x00,True,4,3.14,3.81,-0.48
23:44:34.888,23:44:34.888,112214.548,0x8A,0x00,True,4,3.15,3.78,-0.48
23:45:04.883,23:45:04.883,112244.543,0x8A,0x00,True,4,3.18,3.81,-0.47
23:45:34.880,23:45:34.880,112274.54,0x8A,0x00,True,5,3.17,3.84,-0.48
23:46:04.857,23:46:04.857,112304.517,0x8A,0x00,True,5,3.18,3.82,-0.48
23:46:34.853,23:46:34.853,112334.513,0x8A,0x00,True,4,3.13,3.79,-0.43
23:47:04.833,23:47:04.833,112364.493,0x8A,0x00,True,4,3.14,3.8,-0.51
23:47:34.832,23:47:34.832,112394.492,0x8A,0x00,True,4,3.18,3.79,-0.47
23:48:04.825,23:48:04.825,112424.485,0x8A,0x00,True,4,3.16,3.82,-0.51
23:48:34.817,23:48:34.817,112454.477,0x8A,0x00,True,5,3.17,3.84,-0.52
23:49:04.803,23:49:04.803,112484.463,0x8A,0x00,True,4,3.14,3.78,-0.45
23:49:34.797,23:49:34.797,112514.457,0x8A,0x00,True,5,3.15,3.87,-0.48
23:50:04.782,23:50:04.782,112544.442,0x8A,0x00,True,5,3.17,3.84,-0.47
23:50:34.772,23:50:34.772,112574.432,0x8A,0x00,True,4,3.14,3.81,-0.41
23:51:04.768,23:51:04.768,112604.428,0x8A,0x00,True,5,3.17,3.84,-0.44
23:51:34.747,23:51:34.747,112634.407,0x8A,0x00,True,4,3.16,3.83,-0.48
23:52:04.747,23:52:04.747,112664.407,0x8A,0x00,True,5,3.21,3.8,-0.46
23:52:34.737,23:52:34.737,112694.397,0x8A,0x00,True,4,3.16,3.81,-0.51
23:53:04.732,23:53:04.732,112724.392,0x8A,0x00,True,5,3.19,3.84,-0.49
23:53:34.722,23:53:34.722,112754.382,0x8A,0x00,True,4,3.16,3.81,-0.46
23:54:04.712,23:54:04.712,112784.372,0x8A,0x00,True,4,3.2,3.8,-0.46
23:54:34.697,23:54:34.697,112814.357,0x8A,0x00,True,4,3.17,3.81,-0.47
23:55:04.678,23:55:04.678,112844.338,0x8A,0x00,True,4,3.17,3.82,-0.45
23:55:34.668,23:55:34.668,112874.328,0x8A,0x00,True,4,3.17,3.79,-0.48
23:56:04.657,23:56:04.657,112904.317,0x8A,0x00,True,4,3.15,3.77,-0.45
23:56:34.647,23:56:34.647,112934.307,0x8A,0x00,True,5,3.19,3.84,-0.47
23:57:04.643,23:57:04.643,112964.303,0x8A,0x00,True,5,3.18,3.83,-0.46
23:57:34.632,23:57:34.632,112994.292,0x8A,0x00,True,4,3.2,3.8,-0.51
23:58:04.627,23:58:04.627,113024.287,0x8A,0x00,True,5,3.18,3.84,-0.47
23:58:34.617,23:58:34.617,113054.277,0x8A,0x00,True,5,3.19,3.83,-0.46
23:59:04.598,23:59:04.598,113084.258,0x8A,0x00,True,4,3.18,3.82,-0.47
23:59:34.593,23:59:34.593,113114.253,0x8A,0x00,True,4,3.17,3.8,-0.42
00:00:04.592,00:00:04.592,113144.252,0x8A,0x00,True,4,3.16,3.83,-0.47
00:00:34.577,00:00:34.577,113174.237,0x8A,0x00,True,4,3.17,3.81,-0.47
00:01:04.572,00:01:04.572,113204.232,0x8A,0x00,True,4,3.18,3.79,-0.51
00:01:34.563,00:01:34.563,113234.223,0x8A,0x00,True,5,3.16,3.85,-0.45
00:02:04.558,00:02:04.558,113264.218,0x8A,0x00,True,4,3.18,3.8,-0.49
00:02:34.547,00:02:34.547,113294.207,0x8A,0x00,True,4,3.17,3.77,-0.43
00:03:04.522,00:03:04.522,113324.182,0x8A,0x00,True,4,3.16,3.83,-0.53
00:03:34.522,00:03:34.522,113354.182,0x8A,0x00,True,4,3.17,3.78,-0.5
00:04:04.502,00:04:04.502,113384.162,0x8A,0x00,True,5,3.18,3.83,-0.48
00:04:34.502,00:04:34.502,113414.162,0x8A,0x00,True,4,3.16,3.79,-0.43
00:05:04.492,00:05:04.492,113444.152,0x8A,0x00,True,5,3.18,3.83,-0.53
00:05:34.481,00:05:34.481,113474.141,0x8A,0x00,True,4,3.19,3.8,-0.49
00:06:04.472,00:06:04.472,113504.132,0x8A,0x00,True,4,3.16,3.79,-0.45
00:06:34.462,00:06:34.462,113534.122,0x8A,0x00,True,4,3.17,3.8,-0.46
00:07:04.447,00:07:04.447,113564.107,0x8A,0x00,True,4,3.18,3.81,-0.5
00:07:34.433,00:07:34.433,113594.093,0x8A,0x00,True,4,3.14,3.79,-0.48
00:08:04.433,00:08:04.433,113624.093,0x8A,0x00,True,4,3.17,3.8,-0.49
00:08:34.417,00:08:34.417,113654.077,0x8A,0x00,True,4,3.16,3.76,-0.42
00:09:04.412,00:09:04.412,113684.072,0x8A,0x00,True,4,3.17,3.8,-0.49
00:09:34.402,00:09:34.402,113714.062,0x8A,0x00,True,4,3.16,3.82,-0.46
00:10:04.393,00:10:04.393,113744.053,0x8A,0x00,True,5,3.18,3.83,-0.45
00:10:34.383,00:10:34.383,113774.043,0x8A,0x00,True,4,3.19,3.8,-0.46
00:11:04.362,00:11:04.362,113804.022,0x8A,0x00,True,4,3.18,3.8,-0.49
00:11:34.353,00:11:34.353,113834.013,0x8A,0x00,True,5,3.19,3.82,-0.5
00:12:04.347,00:12:04.347,113864.007,0x8A,0x00,True,4,3.15,3.8,-0.46
00:12:34.343,00:12:34.343,113894.003,0x8A,0x00,True,4,3.15,3.76,-0.47
00:13:04.338,00:13:04.338,113923.998,0x8A,0x00,True,5,3.17,3.83,-0.48
00:13:34.322,00:13:34.322,113953.982,0x8A,0x00,True,4,3.14,3.85,-0.45
00:14:04.317,00:14:04.317,113983.977,0x8A,0x00,True,4,3.16,3.79,-0.46
00:14:34.308,00:14:34.308,114013.968,0x8A,0x00,True,4,3.18,3.8,-0.45
00:15:04.297,00:15:04.297,114043.957,0x8A,0x00,True,5,3.21,3.81,-0.44
00:15:34.277,00:15:34.277,114073.937,0x8A,0x00,True,5,3.16,3.87,-0.46
00:16:04.272,00:16:04.272,114103.932,0x8A,0x00,True,4,3.18,3.81,-0.48
00:16:34.263,00:16:34.263,114133.923,0x8A,0x00,True,4,3.15,3.81,-0.46
00:17:04.252,00:17:04.252,114163.912,0x8A,0x00,True,5,3.18,3.82,-0.47
00:17:34.247,00:17:34.247,114193.907,0x8A,0x00,True,5,3.19,3.82,-0.46
00:18:04.242,00:18:04.242,114223.902,0x8A,0x00,True,4,3.16,3.81,-0.47
00:18:34.232,00:18:34.232,114253.892,0x8A,0x00,True,5,3.16,3.85,-0.45
00:19:04.218,00:19:04.218,114283.878,0x8A,0x00,True,4,3.14,3.81,-0.5
00:19:34.212,00:19:34.212,114313.872,0x8A,0x00,True,4,3.15,3.76,-0.45
00:20:04.186,00:20:04.186,114343.846,0x8A,0x00,True,5,3.16,3.86,-0.44
00:20:34.187,00:20:34.187,114373.847,0x8A,0x00,True,4,3.14,3.83,-0.51
00:21:04.177,00:21:04.177,114403.837,0x8A,0x00,True,4,3.15,3.8,-0.46
00:21:34.167,00:21:34.167,114433.827,0x8A,0x00,True,4,3.16,3.82,-0.42
00:22:04.162,00:22:04.162,114463.822,0x8A,0x00,True,4,3.17,3.81,-0.49
00:22:34.152,00:22:34.152,114493.812,0x8A,0x00,True,4,3.16,3.81,-0.48
00:23:04.143,00:23:04.143,114523.803,0x8A,0x00,True,5,3.17,3.83,-0.5
00:23:34.127,00:23:34.127,114553.787,0x8A,0x00,True,4,3.15,3.8,-0.47
00:24:04.120,00:24:04.120,114583.78,0x8A,0x00,True,4,3.15,3.8,-0.49
00:24:34.103,00:24:34.103,114613.763,0x8A,0x00,True,4,3.16,3.79,-0.52
00:25:04.103,00:25:04.103,114643.763,0x8A,0x00,True,5,3.18,3.83,-0.47
00:25:34.082,00:25:34.082,114673.742,0x8A,0x00,True,4,3.17,3.82,-0.49
00:26:04.072,00:26:04.072,114703.732,0x8A,0x00,True,4,3.18,3.8,-0.51
00:26:34.058,00:26:34.058,114733.718,0x8A,0x00,True,4,3.16,3.79,-0.49
00:27:04.032,00:27:04.032,114763.692,0x8A,0x00,True,4,3.17,3.8,-0.49
00:27:34.022,00:27:34.022,114793.682,0x8A,0x00,True,4,3.18,3.82,-0.46
00:28:04.013,00:28:04.013,114823.673,0x8A,0x00,True,5,3.17,3.84,-0.47
00:28:34.002,00:28:34.002,114853.662,0x8A,0x00,True,4,3.17,3.81,-0.43
00:29:03.987,00:29:03.987,114883.647,0x8A,0x00,True,5,3.17,3.84,-0.5
00:29:33.978,00:29:33.978,114913.638,0x8A,0x00,True,4,3.13,3.82,-0.48
00:30:03.963,00:30:03.963,114943.623,0x8A,0x00,True,4,3.18,3.8,-0.45
00:30:33.942,00:30:33.942,114973.602,0x8A,0x00,True,4,3.17,3.82,-0.52
00:31:03.938,00:31:03.938,115003.598,0x8A,0x00,True,4,3.16,3.81,-0.49
00:31:33.928,00:31:33.928,115033.588,0x8A,0x00,True,4,3.15,3.83,-0.43
00:32:03.912,00:32:03.912,115063.572,0x8A,0x00,True,4,3.18,3.81,-0.5
00:32:33.902,00:32:33.902,115093.562,0x8A,0x00,True,4,3.17,3.82,-0.49
00:33:03.877,00:33:03.877,115123.537,0x8A,0x00,True,4,3.17,3.8,-0.52
00:33:33.887,00:33:33.887,115153.547,0x8A,0x00,True,4,3.18,3.81,-0.47
00:34:03.867,00:34:03.867,115183.527,0x8A,0x00,True,5,3.18,3.84,-0.48
00:34:33.870,00:34:33.870,115213.53,0x8A,0x00,True,5,3.18,3.86,-0.52
00:35:03.853,00:35:03.853,115243.513,0x8A,0x00,True,5,3.16,3.86,-0.48
00:35:33.843,00:35:33.843,115273.503,0x8A,0x00,True,4,3.18,3.82,-0.42
00:36:03.832,00:36:03.832,115303.492,0x8A,0x00,True,5,3.18,3.82,-0.55
00:36:33.822,00:36:33.822,115333.482,0x8A,0x00,True,4,3.15,3.8,-0.44
00:37:03.812,00:37:03.812,115363.472,0x8A,0x00,True,4,3.18,3.81,-0.48
00:37:33.792,00:37:33.792,115393.452,0x8A,0x00,True,4,3.18,3.81,-0.47
00:38:03.787,00:38:03.787,115423.447,0x8A,0x00,True,5,3.17,3.84,-0.47
00:38:33.777,00:38:33.777,115453.437,0x8A,0x00,True,5,3.19,3.82,-0.48
00:39:03.777,00:39:03.777,115483.437,0x8A,0x00,True,4,3.14,3.8,-0.49
00:39:33.762,00:39:33.762,115513.422,0x8A,0x00,True,5,3.19,3.83,-0.47
00:40:03.752,00:40:03.752,115543.412,0x8A,0x00,True,5,3.19,3.85,-0.49
00:40:33.743,00:40:33.743,115573.403,0x8A,0x00,True,5,3.14,3.87,-0.42
00:41:03.717,00:41:03.717,115603.377,0x8A,0x00,True,5,3.19,3.83,-0.51
00:41:33.707,00:41:33.707,115633.367,0x8A,0x00,True,4,3.17,3.79,-0.43
00:42:03.707,00:42:03.707,115663.367,0x8A,0x00,True,4,3.17,3.82,-0.46
00:42:33.703,00:42:33.703,115693.363,0x8A,0x00,True,5,3.16,3.84,-0.47
00:43:03.692,00:43:03.692,115723.352,0x8A,0x00,True,4,3.13,3.78,-0.42
00:43:33.690,00:43:33.690,115753.35,0x8A,0x00,True,4,3.14,3.84,-0.43
00:44:03.667,00:44:03.667,115783.327,0x8A,0x00,True,4,3.16,3.81,-0.41
00:44:33.648,00:44:33.648,115813.308,0x8A,0x00,True,4,3.14,3.78,-0.47
00:45:03.638,00:45:03.638,115843.298,0x8A,0x00,True,4,3.18,3.78,-0.48
00:45:33.622,00:45:33.622,115873.282,0x8A,0x00,True,4,3.16,3.8,-0.53
00:46:03.630,00:46:03.630,115903.29,0x8A,0x00,True,4,3.14,3.8,-0.49
00:46:33.607,00:46:33.607,115933.267,0x8A,0x00,True,4,3.18,3.8,-0.53
00:47:03.597,00:47:03.597,115963.257,0x8A,0x00,True,5,3.17,3.84,-0.43
00:47:33.572,00:47:33.572,115993.232,0x8A,0x00,True,4,3.15,3.83,-0.49
00:48:03.572,00:48:03.572,116023.232,0x8A,0x00,True,4,3.13,3.78,-0.46
00:48:33.553,00:48:33.553,116053.213,0x8A,0x00,True,4,3.17,3.78,-0.45
00:49:03.542,00:49:03.542,116083.202,0x8A,0x00,True,4,3.15,3.82,-0.44
00:49:33.542,00:49:33.542,116113.202,0x8A,0x00,True,4,3.17,3.8,-0.47
00:50:03.532,00:50:03.532,116143.192,0x8A,0x00,True,4,3.14,3.8,-0.48
00:50:33.518,00:50:33.518,116173.178,0x8A,0x00,True,4,3.18,3.8,-0.47
00:51:03.512,00:51:03.512,116203.172,0x8A,0x00,True,4,3.15,3.78,-0.45
00:51:33.498,00:51:33.498,116233.158,0x8A,0x00,True,4,3.16,3.81,-0.49
00:52:03.478,00:52:03.478,116263.138,0x8A,0x00,True,5,3.18,3.84,-0.42
00:52:33.463,00:52:33.463,116293.123,0x8A,0x00,True,4,3.16,3.81,-0.52
00:53:03.457,00:53:03.457,116323.117,0x8A,0x00,True,4,3.18,3.79,-0.49
00:53:33.452,00:53:33.452,116353.112,0x8A,0x00,True,4,3.18,3.79,-0.47
00:54:03.437,00:54:03.437,116383.097,0x8A,0x00,True,4,3.15,3.81,-0.48
00:54:33.437,00:54:33.437,116413.097,0x8A,0x00,True,4,3.16,3.82,-0.44
00:55:03.432,00:55:03.432,116443.092,0x8A,0x00,True,4,3.17,3.8,-0.5
00:55:33.423,00:55:33.423,116473.083,0x8A,0x00,True,4,3.16,3.8,-0.5
00:56:03.420,00:56:03.420,116503.08,0x8A,0x00,True,4,3.15,3.81,-0.49
00:56:33.407,00:56:33.407,116533.067,0x8A,0x00,True,4,3.2,3.8,-0.46
00:57:03.383,00:57:03.383,116563.043,0x8A,0x00,True,4,3.14,3.81,-0.47
00:57:33.382,00:57:33.382,116593.042,0x8A,0x00,True,4,3.17,3.81,-0.48
00:58:03.378,00:58:03.378,116623.038,0x8A,0x00,True,4,3.15,3.84,-0.49
00:58:33.367,00:58:33.367,116653.027,0x8A,0x00,True,4,3.15,3.82,-0.47
00:59:03.357,00:59:03.357,116683.017,0x8A,0x00,True,4,3.16,3.77,-0.43
00:59:33.348,00:59:33.348,116713.008,0x8A,0x00,True,4,3.15,3.82,-0.51
01:00:03.343,01:00:03.343,116743.003,0x8A,0x00,True,4,3.17,3.83,-0.44
01:00:33.312,01:00:33.312,116772.972,0x8A,0x00,True,4,3.16,3.8,-0.49
01:01:03.303,01:01:03.303,116802.963,0x8A,0x00,True,4,3.16,3.76,-0.47
01:01:33.297,01:01:33.297,116832.957,0x8A,0x00,True,5,3.18,3.84,-0.45
01:02:03.292,01:02:03.292,116862.952,0x8A,0x00,True,4,3.14,3.81,-0.46
01:02:33.272,01:02:33.272,116892.932,0x8A,0x00,True,4,3.15,3.82,-0.45
01:03:03.277,01:03:03.277,116922.937,0x8A,0x00,True,4,3.15,3.79,-0.49
01:03:33.268,01:03:33.268,116952.928,0x8A,0x00,True,4,3.16,3.82,-0.49
01:04:03.257,01:04:03.257,116982.917,0x8A,0x00,True,4,3.16,3.77,-0.48
01:04:33.237,01:04:33.237,117012.897,0x8A,0x00,True,4,3.17,3.79,-0.46
01:05:03.228,01:05:03.228,117042.888,0x8A,0x00,True,4,3.14,3.76,-0.42
01:05:33.232,01:05:33.232,117072.892,0x8A,0x00,True,5,3.17,3.84,-0.5
01:06:03.221,01:06:03.221,117102.881,0x8A,0x00,True,4,3.15,3.8,-0.47
01:06:33.212,01:06:33.212,117132.872,0x8A,0x00,True,4,3.16,3.82,-0.5
01:07:03.216,01:07:03.216,117162.876,0x8A,0x00,True,5,3.16,3.86,-0.43
01:07:33.197,01:07:33.197,117192.857,0x8A,0x00,True,4,3.18,3.81,-0.46
01:08:03.192,01:08:03.192,117222.852,0x8A,0x00,True,4,3.12,3.8,-0.54
01:08:33.186,01:08:33.186,117252.846,0x8A,0x00,True,4,3.17,3.78,-0.46
01:09:03.183,01:09:03.183,117282.843,0x8A,0x00,True,5,3.19,3.84,-0.46
01:09:33.171,01:09:33.171,117312.831,0x8A,0x00,True,4,3.18,3.8,-0.49
01:10:03.158,01:10:03.158,117342.818,0x8A,0x00,True,4,3.18,3.79,-0.5
01:10:33.152,01:10:33.152,117372.812,0x8A,0x00,True,5,3.19,3.82,-0.5
01:11:03.147,01:11:03.147,117402.807,0x8A,0x00,True,4,3.17,3.82,-0.5
01:11:33.133,01:11:33.133,117432.793,0x8A,0x00,True,4,3.16,3.81,-0.43
01:12:03.137,01:12:03.137,117462.797,0x8A,0x00,True,4,3.15,3.8,-0.53
01:12:33.132,01:12:33.132,117492.792,0x8A,0x00,True,5,3.19,3.81,-0.5
01:13:03.122,01:13:03.122,117522.782,0x8A,0x00,True,4,3.16,3.81,-0.46
01:13:33.112,01:13:33.112,117552.772,0x8A,0x00,True,5,3.17,3.84,-0.51
01:14:03.101,01:14:03.101,117582.761,0x8A,0x00,True,5,3.17,3.83,-0.47
01:14:33.097,01:14:33.097,117612.757,0x8A,0x00,True,4,3.16,3.83,-0.49
01:15:03.077,01:15:03.077,117642.737,0x8A,0x00,True,4,3.17,3.77,-0.49
01:15:33.072,01:15:33.072,117672.732,0x8A,0x00,True,4,3.16,3.8,-0.44
01:16:03.067,01:16:03.067,117702.727,0x8A,0x00,True,5,3.19,3.84,-0.47
01:16:33.067,01:16:33.067,117732.727,0x8A,0x00,True,4,3.16,3.8,-0.46
01:17:03.058,01:17:03.058,117762.718,0x8A,0x00,True,4,3.16,3.81,-0.46
01:17:33.052,01:17:33.052,117792.712,0x8A,0x00,True,4,3.15,3.8,-0.49
01:18:03.037,01:18:03.037,117822.697,0x8A,0x00,True,5,3.18,3.83,-0.5
01:18:33.022,01:18:33.022,117852.682,0x8A,0x00,True,4,3.17,3.83,-0.41
01:19:03.021,01:19:03.021,117882.681,0x8A,0x00,True,4,3.16,3.81,-0.47
01:19:32.997,01:19:32.997,117912.657,0x8A,0x00,True,5,3.16,3.85,-0.49
01:20:02.994,01:20:02.994,117942.654,0x8A,0x00,True,4,3.14,3.82,-0.49
01:20:32.982,01:20:32.982,117972.642,0x8A,0x00,True,5,3.18,3.83,-0.47
01:21:02.982,01:21:02.982,118002.642,0x8A,0x00,True,4,3.17,3.83,-0.47
01:21:32.974,01:21:32.974,118032.634,0x8A,0x00,True,4,3.14,3.83,-0.51
01:22:02.963,01:22:02.963,118062.623,0x8A,0x00,True,5,3.21,3.84,-0.51
01:22:32.952,01:22:32.952,118092.612,0x8A,0x00,True,4,3.16,3.81,-0.51
01:23:02.937,01:23:02.937,118122.597,0x8A,0x00,True,5,3.2,3.87,-0.49
01:23:32.928,01:23:32.928,118152.588,0x8A,0x00,True,4,3.17,3.83,-0.49
01:24:02.929,01:24:02.929,118182.589,0x8A,0x00,True,5,3.2,3.82,-0.42
01:24:32.907,01:24:32.907,118212.567,0x8A,0x00,True,4,3.17,3.8,-0.48
01:25:02.897,01:25:02.897,118242.557,0x8A,0x00,True,4,3.17,3.82,-0.47
01:25:32.882,01:25:32.882,118272.542,0x8A,0x00,True,4,3.18,3.79,-0.5
01:26:02.887,01:26:02.887,118302.547,0x8A,0x00,True,4,3.2,3.79,-0.43
01:26:32.878,01:26:32.878,118332.538,0x8A,0x00,True,5,3.17,3.83,-0.47
01:27:02.880,01:27:02.880,118362.54,0x8A,0x00,True,4,3.16,3.81,-0.5
01:27:32.856,01:27:32.856,118392.516,0x8A,0x00,True,5,3.18,3.85,-0.48
01:28:02.843,01:28:02.843,118422.503,0x8A,0x00,True,4,3.16,3.84,-0.45
01:28:32.827,01:28:32.827,118452.487,0x8A,0x00,True,4,3.16,3.8,-0.54
01:29:02.832,01:29:02.832,118482.492,0x8A,0x00,True,4,3.18,3.8,-0.44
01:29:32.817,01:29:32.817,118512.477,0x8A,0x00,True,4,3.16,3.83,-0.46
01:30:02.822,01:30:02.822,118542.482,0x8A,0x00,True,4,3.16,3.82,-0.47
01:30:32.808,01:30:32.808,118572.468,0x8A,0x00,True,4,3.14,3.82,-0.49
01:31:02.807,01:31:02.807,118602.467,0x8A,0x00,True,4,3.15,3.81,-0.44
01:31:32.798,01:31:32.798,118632.458,0x8A,0x00,True,4,3.16,3.8,-0.5
01:32:02.792,01:32:02.792,118662.452,0x8A,0x00,True,5,3.19,3.82,-0.49
01:32:32.782,01:32:32.782,118692.442,0x8A,0x00,True,4,3.16,3.83,-0.42
01:33:02.763,01:33:02.763,118722.423,0x8A,0x00,True,4,3.16,3.83,-0.45
01:33:32.767,01:33:32.767,118752.427,0x8A,0x00,True,4,3.17,3.8,-0.51
01:34:02.748,01:34:02.748,118782.408,0x8A,0x00,True,4,3.16,3.83,-0.52
01:34:32.747,01:34:32.747,118812.407,0x8A,0x00,True,4,3.17,3.78,-0.47
01:35:02.737,01:35:02.737,118842.397,0x8A,0x00,True,4,3.13,3.78,-0.49
01:35:32.728,01:35:32.728,118872.388,0x8A,0x00,True,5,3.17,3.83,-0.45
01:36:02.723,01:36:02.723,118902.383,0x8A,0x00,True,4,3.16,3.83,-0.45
01:36:32.712,01:36:32.712,118932.372,0x8A,0x00,True,4,3.17,3.81,-0.47
01:37:02.707,01:37:02.707,118962.367,0x8A,0x00,True,4,3.16,3.83,-0.49
01:37:32.702,01:37:32.702,118992.362,0x8A,0x00,True,4,3.14,3.8,-0.48
01:38:02.692,01:38:02.692,119022.352,0x8A,0x00,True,4,3.14,3.8,-0.44
01:38:32.678,01:38:32.678,119052.338,0x8A,0x00,True,4,3.16,3.76,-0.5
01:39:02.663,01:39:02.663,119082.323,0x8A,0x00,True,4,3.14,3.81,-0.48
01:39:32.652,01:39:32.652,119112.312,0x8A,0x00,True,4,3.14,3.82,-0.47
01:40:02.657,01:40:02.657,119142.317,0x8A,0x00,True,4,3.17,3.8,-0.45
01:40:32.652,01:40:32.652,119172.312,0x8A,0x00,True,4,3.19,3.8,-0.49
01:41:02.643,01:41:02.643,119202.303,0x8A,0x00,True,5,3.18,3.83,-0.45
01:41:32.638,01:41:32.638,119232.298,0x8A,0x00,True,4,3.15,3.82,-0.45
01:42:02.633,01:42:02.633,119262.293,0x8A,0x00,True,4,3.18,3.8,-0.49
01:42:32.633,01:42:32.633,119292.293,0x8A,0x00,True,4,3.15,3.82,-0.49
01:43:02.607,01:43:02.607,119322.267,0x8A,0x00,True,4,3.18,3.81,-0.53
01:43:32.612,01:43:32.612,119352.272,0x8A,0x00,True,4,3.14,3.82,-0.49
01:44:02.592,01:44:02.592,119382.252,0x8A,0x00,True,4,3.12,3.76,-0.5
01:44:32.598,01:44:32.598,119412.258,0x8A,0x00,True,4,3.12,3.84,-0.52
01:45:02.577,01:45:02.577,119442.237,0x8A,0x00,True,4,3.15,3.81,-0.51
01:45:32.587,01:45:32.587,119472.247,0x8A,0x00,True,4,3.12,3.8,-0.5
01:46:02.567,01:46:02.567,119502.227,0x8A,0x00,True,4,3.2,3.8,-0.48
01:46:32.567,01:46:32.567,119532.227,0x8A,0x00,True,4,3.17,3.82,-0.47
01:47:02.566,01:47:02.566,119562.226,0x8A,0x00,True,4,3.15,3.82,-0.46
01:47:32.558,01:47:32.558,119592.218,0x8A,0x00,True,4,3.17,3.82,-0.46
01:48:02.547,01:48:02.547,119622.207,0x8A,0x00,True,4,3.16,3.8,-0.46
01:48:32.532,01:48:32.532,119652.192,0x8A,0x00,True,4,3.15,3.8,-0.5
01:49:02.532,01:49:02.532,119682.192,0x8A,0x00,True,4,3.14,3.77,-0.45
01:49:32.518,01:49:32.518,119712.178,0x8A,0x00,True,5,3.19,3.82,-0.49
01:50:02.508,01:50:02.508,119742.168,0x8A,0x00,True,4,3.2,3.8,-0.44
01:50:32.503,01:50:32.503,119772.163,0x8A,0x00,True,4,3.18,3.79,-0.52
01:51:02.502,01:51:02.502,119802.162,0x8A,0x00,True,5,3.22,3.82,-0.43
01:51:32.501,01:51:32.501,119832.161,0x8A,0x00,True,4,3.14,3.84,-0.48
01:52:02.482,01:52:02.482,119862.142,0x8A,0x00,True,4,3.18,3.8,-0.43
01:52:32.478,01:52:32.478,119892.138,0x8A,0x00,True,4,3.16,3.77,-0.5
01:53:02.467,01:53:02.467,119922.127,0x8A,0x00,True,5,3.2,3.83,-0.47
01:53:32.467,01:53:32.467,119952.127,0x8A,0x00,True,4,3.15,3.81,-0.42
01:54:02.457,01:54:02.457,119982.117,0x8A,0x00,True,4,3.16,3.8,-0.47
01:54:32.448,01:54:32.448,120012.108,0x8A,0x00,True,4,3.17,3.79,-0.46
01:55:02.436,01:55:02.436,120042.096,0x8A,0x00,True,4,3.16,3.81,-0.5
01:55:32.442,01:55:32.442,120072.102,0x8A,0x00,True,4,3.15,3.8,-0.47
01:56:02.433,01:56:02.433,120102.093,0x8A,0x00,True,4,3.15,3.83,-0.47
01:56:32.433,01:56:32.433,120132.093,0x8A,0x00,True,4,3.18,3.8,-0.46
01:57:02.431,01:57:02.431,120162.091,0x8A,0x00,True,5,3.17,3.86,-0.45
01:57:32.428,01:57:32.428,120192.088,0x8A,0x00,True,5,3.17,3.84,-0.47
01:58:02.420,01:58:02.420,120222.08,0x8A,0x00,True,4,3.18,3.8,-0.46
01:58:32.407,01:58:32.407,120252.067,0x8A,0x00,True,4,3.18,3.78,-0.46
01:59:02.407,01:59:02.407,120282.067,0x8A,0x00,True,5,3.22,3.82,-0.5
01:59:32.402,01:59:32.402,120312.062,0x8A,0x00,True,4,3.16,3.81,-0.47
02:00:02.397,02:00:02.397,120342.057,0x8A,0x00,True,4,3.15,3.8,-0.51
02:00:32.393,02:00:32.393,120372.053,0x8A,0x00,True,5,3.21,3.81,-0.44
02:01:02.388,02:01:02.388,120402.048,0x8A,0x00,True,4,3.17,3.81,-0.52
02:01:32.367,02:01:32.367,120432.027,0x8A,0x00,True,4,3.17,3.81,-0.49
02:02:02.372,02:02:02.372,120462.032,0x8A,0x00,True,5,3.22,3.81,-0.41
02:02:32.357,02:02:32.357,120492.017,0x8A,0x00,True,4,3.19,3.79,-0.48
02:03:02.357,02:03:02.357,120522.017,0x8A,0x00,True,5,3.17,3.83,-0.45
02:03:32.337,02:03:32.337,120551.997,0x8A,0x00,True,4,3.18,3.8,-0.51
02:04:02.337,02:04:02.337,120581.997,0x8A,0x00,True,4,3.15,3.79,-0.47
02:04:32.332,02:04:32.332,120611.992,0x8A,0x00,True,4,3.17,3.82,-0.52
02:05:02.317,02:05:02.317,120641.977,0x8A,0x00,True,4,3.18,3.79,-0.44
02:05:32.303,02:05:32.303,120671.963,0x8A,0x00,True,5,3.19,3.83,-0.42
02:06:02.308,02:06:02.308,120701.968,0x8A,0x00,True,4,3.18,3.82,-0.46
02:06:32.287,02:06:32.287,120731.947,0x8A,0x00,True,5,3.18,3.85,-0.49
02:07:02.277,02:07:02.277,120761.937,0x8A,0x00,True,4,3.17,3.81,-0.44
02:07:32.272,02:07:32.272,120791.932,0x8A,0x00,True,4,3.16,3.81,-0.47
02:08:02.263,02:08:02.263,120821.923,0x8A,0x00,True,4,3.16,3.81,-0.48
02:08:32.262,02:08:32.262,120851.922,0x8A,0x00,True,4,3.17,3.79,-0.5
02:09:02.252,02:09:02.252,120881.912,0x8A,0x00,True,4,3.14,3.81,-0.48
02:09:32.247,02:09:32.247,120911.907,0x8A,0x00,True,4,3.16,3.83,-0.5
02:10:02.227,02:10:02.227,120941.887,0x8A,0x00,True,4,3.2,3.8,-0.45
02:10:32.228,02:10:32.228,120971.888,0x8A,0x00,True,4,3.16,3.77,-0.51
02:11:02.223,02:11:02.223,121001.883,0x8A,0x00,True,4,3.18,3.78,-0.47
02:11:32.213,02:11:32.213,121031.873,0x8A,0x00,True,4,3.16,3.83,-0.44
02:12:02.192,02:12:02.192,121061.852,0x8A,0x00,True,5,3.21,3.83,-0.46
02:12:32.187,02:12:32.187,121091.847,0x8A,0x00,True,5,3.21,3.83,-0.48
02:13:02.177,02:13:02.177,121121.837,0x8A,0x00,True,4,3.17,3.83,-0.49
02:13:32.172,02:13:32.172,121151.832,0x8A,0x00,True,4,3.14,3.82,-0.47
02:14:02.177,02:14:02.177,121181.837,0x8A,0x00,True,4,3.18,3.81,-0.52
02:14:32.172,02:14:32.172,121211.832,0x8A,0x00,True,4,3.14,3.82,-0.46
02:15:02.172,02:15:02.172,121241.832,0x8A,0x00,True,4,3.15,3.82,-0.47
02:15:32.167,02:15:32.167,121271.827,0x8A,0x00,True,4,3.18,3.81,-0.46
02:16:02.157,02:16:02.157,121301.817,0x8A,0x00,True,4,3.19,3.8,-0.44
02:16:32.158,02:16:32.158,121331.818,0x8A,0x00,True,4,3.18,3.8,-0.47
02:17:02.147,02:17:02.147,121361.807,0x8A,0x00,True,5,3.17,3.83,-0.47
02:17:32.143,02:17:32.143,121391.803,0x8A,0x00,True,5,3.14,3.84,-0.54
02:18:02.132,02:18:02.132,121421.792,0x8A,0x00,True,4,3.15,3.81,-0.45
02:18:32.127,02:18:32.127,121451.787,0x8A,0x00,True,4,3.17,3.82,-0.41
02:19:02.107,02:19:02.107,121481.767,0x8A,0x00,True,5,3.16,3.85,-0.48
02:19:32.103,02:19:32.103,121511.763,0x8A,0x00,True,4,3.16,3.83,-0.48
02:20:02.098,02:20:02.098,121541.758,0x8A,0x00,True,4,3.18,3.78,-0.46
02:20:32.103,02:20:32.103,121571.763,0x8A,0x00,True,4,3.13,3.8,-0.48
02:21:02.092,02:21:02.092,121601.752,0x8A,0x00,True,5,3.18,3.83,-0.42
02:21:32.098,02:21:32.098,121631.758,0x8A,0x00,True,5,3.17,3.83,-0.51
02:22:02.088,02:22:02.088,121661.748,0x8A,0x00,True,4,3.16,3.82,-0.43
02:22:32.077,02:22:32.077,121691.737,0x8A,0x00,True,5,3.19,3.82,-0.5
02:23:02.079,02:23:02.079,121721.739,0x8A,0x00,True,5,3.18,3.83,-0.46
02:23:32.047,02:23:32.047,121751.707,0x8A,0x00,True,4,3.17,3.78,-0.43
02:24:02.061,02:24:02.061,121781.721,0x8A,0x00,True,4,3.16,3.81,-0.5
02:24:32.032,02:24:32.032,121811.692,0x8A,0x00,True,4,3.17,3.81,-0.44
02:25:02.038,02:25:02.038,121841.698,0x8A,0x00,True,5,3.16,3.85,-0.48
02:25:32.027,02:25:32.027,121871.687,0x8A,0x00,True,5,3.17,3.84,-0.47
02:26:02.027,02:26:02.027,121901.687,0x8A,0x00,True,5,3.18,3.84,-0.47
02:26:32.022,02:26:32.022,121931.682,0x8A,0x00,True,5,3.19,3.82,-0.5
02:27:02.013,02:27:02.013,121961.673,0x8A,0x00,True,5,3.18,3.83,-0.46
02:27:32.008,02:27:32.008,121991.668,0x8A,0x00,True,4,3.15,3.82,-0.45
02:28:01.997,02:28:01.997,122021.657,0x8A,0x00,True,4,3.17,3.8,-0.5
02:28:31.992,02:28:31.992,122051.652,0x8A,0x00,True,5,3.18,3.83,-0.44
02:29:01.978,02:29:01.978,122081.638,0x8A,0x00,True,4,3.14,3.75,-0.47
02:29:31.978,02:29:31.978,122111.638,0x8A,0x00,True,4,3.15,3.8,-0.44
02:30:01.963,02:30:01.963,122141.623,0x8A,0x00,True,4,3.19,3.8,-0.48
02:30:31.947,02:30:31.947,122171.607,0x8A,0x00,True,4,3.16,3.79,-0.47
02:31:01.947,02:31:01.947,122201.607,0x8A,0x00,True,4,3.17,3.8,-0.46
02:31:31.947,02:31:31.947,122231.607,0x8A,0x00,True,4,3.16,3.8,-0.46
02:32:01.933,02:32:01.933,122261.593,0x8A,0x00,True,4,3.18,3.81,-0.47
02:32:31.923,02:32:31.923,122291.583,0x8A,0x00,True,5,3.19,3.82,-0.5
02:33:01.923,02:33:01.923,122321.583,0x8A,0x00,True,4,3.17,3.82,-0.5
02:33:31.917,02:33:31.917,122351.577,0x8A,0x00,True,4,3.15,3.81,-0.49
02:34:01.913,02:34:01.913,122381.573,0x8A,0x00,True,5,3.21,3.82,-0.44
02:34:31.901,02:34:31.901,122411.561,0x8A,0x00,True,4,3.18,3.78,-0.46
02:35:01.897,02:35:01.897,122441.557,0x8A,0x00,True,5,3.2,3.81,-0.49
02:35:31.893,02:35:31.893,122471.553,0x8A,0x00,True,4,3.14,3.78,-0.46
02:36:01.883,02:36:01.883,122501.543,0x8A,0x00,True,4,3.13,3.78,-0.45
02:36:31.868,02:36:31.868,122531.528,0x8A,0x00,True,4,3.18,3.81,-0.49
02:37:01.867,02:37:01.867,122561.527,0x8A,0x00,True,4,3.16,3.8,-0.49
02:37:31.862,02:37:31.862,122591.522,0x8A,0x00,True,5,3.18,3.82,-0.53
02:38:01.843,02:38:01.843,122621.503,0x8A,0x00,True,4,3.14,3.83,-0.47
02:38:31.843,02:38:31.843,122651.503,0x8A,0x00,True,4,3.14,3.79,-0.44
02:39:01.822,02:39:01.822,122681.482,0x8A,0x00,True,4,3.18,3.81,-0.47
02:39:31.828,02:39:31.828,122711.488,0x8A,0x00,True,4,3.15,3.83,-0.44
02:40:01.818,02:40:01.818,122741.478,0x8A,0x00,True,5,3.2,3.83,-0.54
02:40:31.808,02:40:31.808,122771.468,0x8A,0x00,True,4,3.16,3.79,-0.46
02:41:01.792,02:41:01.792,122801.452,0x8A,0x00,True,4,3.18,3.79,-0.49
02:41:31.783,02:41:31.783,122831.443,0x8A,0x00,True,4,3.12,3.81,-0.46
02:42:01.777,02:42:01.777,122861.437,0x8A,0x00,True,4,3.18,3.8,-0.45
02:42:31.768,02:42:31.768,122891.428,0x8A,0x00,True,4,3.18,3.82,-0.47
02:43:01.763,02:43:01.763,122921.423,0x8A,0x00,True,4,3.18,3.81,-0.46
02:43:31.768,02:43:31.768,122951.428,0x8A,0x00,True,4,3.14,3.82,-0.44
02:44:01.763,02:44:01.763,122981.423,0x8A,0x00,True,4,3.15,3.8,-0.46
02:44:31.753,02:44:31.753,123011.413,0x8A,0x00,True,4,3.18,3.8,-0.47
02:45:01.748,02:45:01.748,123041.408,0x8A,0x00,True,4,3.16,3.81,-0.54
02:45:31.737,02:45:31.737,123071.397,0x8A,0x00,True,4,3.17,3.83,-0.47
02:46:01.740,02:46:01.740,123101.4,0x8A,0x00,True,4,3.14,3.84,-0.5
02:46:31.723,02:46:31.723,123131.383,0x8A,0x00,True,5,3.16,3.84,-0.46
02:47:01.718,02:47:01.718,123161.378,0x8A,0x00,True,4,3.15,3.81,-0.42
02:47:31.702,02:47:31.702,123191.362,0x8A,0x00,True,4,3.2,3.77,-0.43
02:48:01.707,02:48:01.707,123221.367,0x8A,0x00,True,4,3.12,3.77,-0.49
02:48:31.697,02:48:31.697,123251.357,0x8A,0x00,True,5,3.18,3.82,-0.51
02:49:01.687,02:49:01.687,123281.347,0x8A,0x00,True,4,3.19,3.8,-0.45
02:49:31.697,02:49:31.697,123311.357,0x8A,0x00,True,4,3.15,3.82,-0.44
02:50:01.683,02:50:01.683,123341.343,0x8A,0x00,True,4,3.15,3.8,-0.46
02:50:31.678,02:50:31.678,123371.338,0x8A,0x00,True,5,3.15,3.85,-0.45
02:51:01.673,02:51:01.673,123401.333,0x8A,0x00,True,4,3.18,3.81,-0.49
02:51:31.667,02:51:31.667,123431.327,0x8A,0x00,True,5,3.15,3.84,-0.53
02:52:01.652,02:52:01.652,123461.312,0x8A,0x00,True,4,3.17,3.8,-0.49
02:52:31.643,02:52:31.643,123491.303,0x8A,0x00,True,5,3.15,3.85,-0.47
02:53:01.633,02:53:01.633,123521.293,0x8A,0x00,True,5,3.16,3.85,-0.48
02:53:31.627,02:53:31.627,123551.287,0x8A,0x00,True,4,3.15,3.83,-0.46
02:54:01.631,02:54:01.631,123581.291,0x8A,0x00,True,4,3.14,3.78,-0.47
02:54:31.612,02:54:31.612,123611.272,0x8A,0x00,True,4,3.15,3.81,-0.52
02:55:01.613,02:55:01.613,123641.273,0x8A,0x00,True,4,3.13,3.8,-0.52
02:55:31.606,02:55:31.606,123671.266,0x8A,0x00,True,4,3.17,3.82,-0.52
02:56:01.607,02:56:01.607,123701.267,0x8A,0x00,True,4,3.16,3.83,-0.49
02:56:31.598,02:56:31.598,123731.258,0x8A,0x00,True,5,3.14,3.87,-0.46
02:57:01.588,02:57:01.588,123761.248,0x8A,0x00,True,4,3.16,3.79,-0.46
02:57:31.582,02:57:31.582,123791.242,0x8A,0x00,True,4,3.14,3.79,-0.49
02:58:01.572,02:58:01.572,123821.232,0x8A,0x00,True,4,3.18,3.79,-0.51
02:58:31.553,02:58:31.553,123851.213,0x8A,0x00,True,4,3.17,3.82,-0.44
02:59:01.558,02:59:01.558,123881.218,0x8A,0x00,True,4,3.14,3.84,-0.5
02:59:31.542,02:59:31.542,123911.202,0x8A,0x00,True,5,3.18,3.83,-0.45
03:00:01.537,03:00:01.537,123941.197,0x8A,0x00,True,4,3.12,3.77,-0.47
03:00:31.537,03:00:31.537,123971.197,0x8A,0x00,True,4,3.15,3.81,-0.52
03:01:01.522,03:01:01.522,124001.182,0x8A,0x00,True,4,3.14,3.83,-0.44
03:01:31.517,03:01:31.517,124031.177,0x8A,0x00,True,4,3.14,3.79,-0.49
03:02:01.513,03:02:01.513,124061.173,0x8A,0x00,True,5,3.17,3.83,-0.46
03:02:31.508,03:02:31.508,124091.168,0x8A,0x00,True,4,3.16,3.78,-0.5
03:03:01.497,03:03:01.497,124121.157,0x8A,0x00,True,4,3.17,3.81,-0.5
03:03:31.478,03:03:31.478,124151.138,0x8A,0x00,True,4,3.13,3.83,-0.43
03:04:01.473,03:04:01.473,124181.133,0x8A,0x00,True,4,3.14,3.82,-0.48
03:04:31.477,03:04:31.477,124211.137,0x8A,0x00,True,4,3.18,3.79,-0.48
03:05:01.468,03:05:01.468,124241.128,0x8A,0x00,True,4,3.16,3.81,-0.46
03:05:31.452,03:05:31.452,124271.112,0x8A,0x00,True,4,3.14,3.81,-0.47
03:06:01.452,03:06:01.452,124301.112,0x8A,0x00,True,4,3.14,3.81,-0.47
03:06:31.460,03:06:31.460,124331.12,0x8A,0x00,True,5,3.18,3.82,-0.47
03:07:01.442,03:07:01.442,124361.102,0x8A,0x00,True,4,3.16,3.82,-0.44
03:07:31.428,03:07:31.428,124391.088,0x8A,0x00,True,5,3.19,3.81,-0.48
03:08:01.433,03:08:01.433,124421.093,0x8A,0x00,True,4,3.17,3.8,-0.44
03:08:31.433,03:08:31.433,124451.093,0x8A,0x00,True,4,3.17,3.83,-0.45
03:09:01.418,03:09:01.418,124481.078,0x8A,0x00,True,4,3.16,3.83,-0.49
03:09:31.418,03:09:31.418,124511.078,0x8A,0x00,True,4,3.16,3.82,-0.44
03:10:01.412,03:10:01.412,124541.072,0x8A,0x00,True,4,3.17,3.81,-0.46
03:10:31.392,03:10:31.392,124571.052,0x8A,0x00,True,5,3.15,3.85,-0.45
03:11:01.382,03:11:01.382,124601.042,0x8A,0x00,True,4,3.19,3.79,-0.49
03:11:31.372,03:11:31.372,124631.032,0x8A,0x00,True,4,3.18,3.81,-0.47
03:12:01.378,03:12:01.378,124661.038,0x8A,0x00,True,4,3.16,3.79,-0.47
03:12:31.362,03:12:31.362,124691.022,0x8A,0x00,True,4,3.16,3.81,-0.49
03:13:01.368,03:13:01.368,124721.028,0x8A,0x00,True,4,3.16,3.79,-0.49
03:13:31.362,03:13:31.362,124751.022,0x8A,0x00,True,4,3.14,3.79,-0.43
03:14:01.357,03:14:01.357,124781.017,0x8A,0x00,True,4,3.15,3.8,-0.48
03:14:31.357,03:14:31.357,124811.017,0x8A,0x00,True,4,3.19,3.81,-0.49
03:15:01.353,03:15:01.353,124841.013,0x8A,0x00,True,5,3.17,3.83,-0.47
03:15:31.342,03:15:31.342,124871.002,0x8A,0x00,True,4,3.17,3.8,-0.45
03:16:01.327,03:16:01.327,124900.987,0x8A,0x00,True,4,3.17,3.79,-0.46
03:16:31.341,03:16:31.341,124931.001,0x8A,0x00,True,4,3.16,3.83,-0.48
03:17:01.313,03:17:01.313,124960.973,0x8A,0x00,True,4,3.16,3.82,-0.53
03:17:31.329,03:17:31.329,124990.989,0x8A,0x00,True,4,3.16,3.79,-0.48
03:18:01.308,03:18:01.308,125020.968,0x8A,0x00,True,5,3.15,3.84,-0.47
03:18:31.302,03:18:31.302,125050.962,0x8A,0x00,True,4,3.13,3.79,-0.46
03:19:01.292,03:19:01.292,125080.952,0x8A,0x00,True,4,3.18,3.8,-0.49
03:19:31.292,03:19:31.292,125110.952,0x8A,0x00,True,5,3.17,3.83,-0.5
03:20:01.293,03:20:01.293,125140.953,0x8A,0x00,True,4,3.15,3.81,-0.53
03:20:31.277,03:20:31.277,125170.937,0x8A,0x00,True,4,3.16,3.82,-0.47
03:21:01.288,03:21:01.288,125200.948,0x8A,0x00,True,5,3.22,3.81,-0.52
03:21:31.268,03:21:31.268,125230.928,0x8A,0x00,True,4,3.19,3.79,-0.5
03:22:01.272,03:22:01.272,125260.932,0x8A,0x00,True,4,3.16,3.81,-0.45
03:22:31.268,03:22:31.268,125290.928,0x8A,0x00,True,4,3.16,3.77,-0.48
03:23:01.263,03:23:01.263,125320.923,0x8A,0x00,True,4,3.16,3.81,-0.5
03:23:31.242,03:23:31.242,125350.902,0x8A,0x00,True,4,3.16,3.81,-0.47
03:24:01.247,03:24:01.247,125380.907,0x8A,0x00,True,5,3.21,3.85,-0.47
03:24:31.237,03:24:31.237,125410.897,0x8A,0x00,True,4,3.16,3.81,-0.5
03:25:01.242,03:25:01.242,125440.902,0x8A,0x00,True,4,3.16,3.83,-0.49
03:25:31.223,03:25:31.223,125470.883,0x8A,0x00,True,4,3.14,3.82,-0.5
03:26:01.228,03:26:01.228,125500.888,0x8A,0x00,True,4,3.16,3.8,-0.54
03:26:31.245,03:26:31.245,125530.905,0x8A,0x00,True,4,3.15,3.77,-0.48
03:27:01.217,03:27:01.217,125560.877,0x8A,0x00,True,4,3.14,3.83,-0.46
03:27:31.213,03:27:31.213,125590.873,0x8A,0x00,True,4,3.18,3.81,-0.52
03:28:01.213,03:28:01.213,125620.873,0x8A,0x00,True,5,3.17,3.86,-0.47
03:28:31.202,03:28:31.202,125650.862,0x8A,0x00,True,4,3.18,3.81,-0.51
03:29:01.197,03:29:01.197,125680.857,0x8A,0x00,True,5,3.19,3.84,-0.48
03:29:31.192,03:29:31.192,125710.852,0x8A,0x00,True,5,3.17,3.84,-0.54
03:30:01.183,03:30:01.183,125740.843,0x8A,0x00,True,4,3.17,3.8,-0.44
03:30:31.178,03:30:31.178,125770.838,0x8A,0x00,True,4,3.16,3.81,-0.49
03:31:01.181,03:31:01.181,125800.841,0x8A,0x00,True,4,3.16,3.8,-0.42
03:31:31.167,03:31:31.167,125830.827,0x8A,0x00,True,4,3.16,3.8,-0.46
03:32:01.152,03:32:01.152,125860.812,0x8A,0x00,True,4,3.16,3.81,-0.51
03:32:31.162,03:32:31.162,125890.822,0x8A,0x00,True,4,3.18,3.81,-0.47
03:33:01.147,03:33:01.147,125920.807,0x8A,0x00,True,5,3.17,3.82,-0.52
03:33:31.137,03:33:31.137,125950.797,0x8A,0x00,True,4,3.15,3.8,-0.42
03:34:01.138,03:34:01.138,125980.798,0x8A,0x00,True,4,3.13,3.8,-0.53
03:34:31.133,03:34:31.133,126010.793,0x8A,0x00,True,4,3.17,3.79,-0.52
03:35:01.141,03:35:01.141,126040.801,0x8A,0x00,True,4,3.15,3.8,-0.5
03:35:31.127,03:35:31.127,126070.787,0x8A,0x00,True,5,3.18,3.83,-0.49
03:36:01.117,03:36:01.117,126100.777,0x8A,0x00,True,5,3.16,3.85,-0.53
03:36:31.112,03:36:31.112,126130.772,0x8A,0x00,True,4,3.15,3.82,-0.46
03:37:01.107,03:37:01.107,126160.767,0x8A,0x00,True,4,3.17,3.8,-0.49
03:37:31.102,03:37:31.102,126190.762,0x8A,0x00,True,5,3.17,3.85,-0.45
03:38:01.098,03:38:01.098,126220.758,0x8A,0x00,True,5,3.18,3.84,-0.5
03:38:31.097,03:38:31.097,126250.757,0x8A,0x00,True,4,3.16,3.82,-0.49
03:39:01.077,03:39:01.077,126280.737,0x8A,0x00,True,4,3.16,3.79,-0.46
03:39:31.072,03:39:31.072,126310.732,0x8A,0x00,True,4,3.17,3.79,-0.49
03:40:01.077,03:40:01.077,126340.737,0x8A,0x00,True,4,3.17,3.81,-0.51
03:40:31.067,03:40:31.067,126370.727,0x8A,0x00,True,4,3.16,3.77,-0.45
03:41:01.058,03:41:01.058,126400.718,0x8A,0x00,True,4,3.17,3.8,-0.49
03:41:31.053,03:41:31.053,126430.713,0x8A,0x00,True,4,3.16,3.82,-0.47
03:42:01.048,03:42:01.048,126460.708,0x8A,0x00,True,4,3.17,3.83,-0.45
03:42:31.053,03:42:31.053,126490.713,0x8A,0x00,True,4,3.15,3.8,-0.46
03:43:01.052,03:43:01.052,126520.712,0x8A,0x00,True,4,3.18,3.78,-0.52
03:43:31.048,03:43:31.048,126550.708,0x8A,0x00,True,4,3.17,3.8,-0.53
03:44:01.043,03:44:01.043,126580.703,0x8A,0x00,True,4,3.14,3.81,-0.45
03:44:31.037,03:44:31.037,126610.697,0x8A,0x00,True,4,3.16,3.84,-0.48
03:45:01.032,03:45:01.032,126640.692,0x8A,0x00,True,4,3.15,3.82,-0.46
03:45:31.022,03:45:31.022,126670.682,0x8A,0x00,True,4,3.14,3.84,-0.5
03:46:01.018,03:46:01.018,126700.678,0x8A,0x00,True,4,3.15,3.81,-0.44
03:46:31.013,03:46:31.013,126730.673,0x8A,0x00,True,4,3.13,3.77,-0.48
03:47:00.992,03:47:00.992,126760.652,0x8A,0x00,True,4,3.14,3.79,-0.43
03:47:31.003,03:47:31.003,126790.663,0x8A,0x00,True,4,3.15,3.77,-0.49
03:48:00.987,03:48:00.987,126820.647,0x8A,0x00,True,5,3.18,3.84,-0.52
03:48:30.982,03:48:30.982,126850.642,0x8A,0x00,True,4,3.17,3.81,-0.44
03:49:00.978,03:49:00.978,126880.638,0x8A,0x00,True,4,3.18,3.8,-0.49
03:49:30.982,03:49:30.982,126910.642,0x8A,0x00,True,4,3.15,3.83,-0.49
03:50:00.973,03:50:00.973,126940.633,0x8A,0x00,True,4,3.19,3.79,-0.43
03:50:30.982,03:50:30.982,126970.642,0x8A,0x00,True,4,3.15,3.81,-0.52
03:51:00.978,03:51:00.978,127000.638,0x8A,0x00,True,5,3.17,3.84,-0.49
03:51:30.957,03:51:30.957,127030.617,0x8A,0x00,True,5,3.2,3.81,-0.52
03:52:00.957,03:52:00.957,127060.617,0x8A,0x00,True,4,3.16,3.81,-0.48
03:52:30.952,03:52:30.952,127090.612,0x8A,0x00,True,4,3.18,3.79,-0.44
03:53:00.947,03:53:00.947,127120.607,0x8A,0x00,True,4,3.17,3.77,-0.46
03:53:30.942,03:53:30.942,127150.602,0x8A,0x00,True,4,3.13,3.84,-0.49
03:54:00.937,03:54:00.937,127180.597,0x8A,0x00,True,4,3.17,3.8,-0.49
03:54:30.917,03:54:30.917,127210.577,0x8A,0x00,True,4,3.17,3.8,-0.52
03:55:00.923,03:55:00.923,127240.583,0x8A,0x00,True,5,3.19,3.81,-0.5
03:55:30.907,03:55:30.907,127270.567,0x8A,0x00,True,5,3.18,3.83,-0.49
03:56:00.907,03:56:00.907,127300.567,0x8A,0x00,True,4,3.18,3.81,-0.51
03:56:30.892,03:56:30.892,127330.552,0x8A,0x00,True,5,3.18,3.83,-0.5
03:57:00.893,03:57:00.893,127360.553,0x8A,0x00,True,4,3.19,3.81,-0.48
03:57:30.888,03:57:30.888,127390.548,0x8A,0x00,True,5,3.15,3.84,-0.56
03:58:00.883,03:58:00.883,127420.543,0x8A,0x00,True,4,3.14,3.76,-0.47
03:58:30.867,03:58:30.867,127450.527,0x8A,0x00,True,4,3.17,3.79,-0.51
03:59:00.868,03:59:00.868,127480.528,0x8A,0x00,True,4,3.16,3.79,-0.56
03:59:30.857,03:59:30.857,127510.517,0x8A,0x00,True,5,3.18,3.84,-0.49
04:00:00.843,04:00:00.843,127540.503,0x8A,0x00,True,4,3.17,3.79,-0.43
04:00:30.848,04:00:30.848,127570.508,0x8A,0x00,True,4,3.17,3.79,-0.48
04:01:00.838,04:01:00.838,127600.498,0x8A,0x00,True,4,3.15,3.82,-0.48
04:01:30.833,04:01:30.833,127630.493,0x8A,0x00,True,4,3.14,3.77,-0.5
04:02:00.822,04:02:00.822,127660.482,0x8A,0x00,True,5,3.18,3.83,-0.47
04:02:30.817,04:02:30.817,127690.477,0x8A,0x00,True,4,3.16,3.79,-0.54
04:03:00.820,04:03:00.820,127720.48,0x8A,0x00,True,4,3.12,3.81,-0.44
04:03:30.817,04:03:30.817,127750.477,0x8A,0x00,True,4,3.17,3.78,-0.4
04:04:00.808,04:04:00.808,127780.468,0x8A,0x00,True,4,3.19,3.79,-0.51
04:04:30.808,04:04:30.808,127810.468,0x8A,0x00,True,4,3.17,3.82,-0.42
04:05:00.815,04:05:00.815,127840.475,0x8A,0x00,True,4,3.13,3.78,-0.49
04:05:30.787,04:05:30.787,127870.447,0x8A,0x00,True,4,3.16,3.79,-0.51
04:06:00.793,04:06:00.793,127900.453,0x8A,0x00,True,4,3.14,3.78,-0.44
04:06:30.777,04:06:30.777,127930.437,0x8A,0x00,True,5,3.18,3.83,-0.5
04:07:00.787,04:07:00.787,127960.447,0x8A,0x00,True,5,3.16,3.85,-0.47
04:07:30.782,04:07:30.782,127990.442,0x8A,0x00,True,4,3.13,3.8,-0.49
04:08:00.777,04:08:00.777,128020.437,0x8A,0x00,True,4,3.16,3.8,-0.49
04:08:30.772,04:08:30.772,128050.432,0x8A,0x00,True,5,3.19,3.85,-0.51
04:09:00.772,04:09:00.772,128080.432,0x8A,0x00,True,4,3.21,3.8,-0.47
04:09:30.758,04:09:30.758,128110.418,0x8A,0x00,True,4,3.18,3.81,-0.45
04:10:00.763,04:10:00.763,128140.423,0x8A,0x00,True,4,3.15,3.78,-0.48
04:10:30.752,04:10:30.752,128170.412,0x8A,0x00,True,4,3.15,3.83,-0.44
04:11:00.753,04:11:00.753,128200.413,0x8A,0x00,True,4,3.13,3.8,-0.47
04:11:30.747,04:11:30.747,128230.407,0x8A,0x00,True,4,3.13,3.77,-0.5
04:12:00.753,04:12:00.753,128260.413,0x8A,0x00,True,4,3.16,3.82,-0.5
04:12:30.743,04:12:30.743,128290.403,0x8A,0x00,True,4,3.17,3.79,-0.44
04:13:00.747,04:13:00.747,128320.407,0x8A,0x00,True,4,3.13,3.83,-0.48
04:13:30.732,04:13:30.732,128350.392,0x8A,0x00,True,4,3.18,3.8,-0.45
04:14:00.737,04:14:00.737,128380.397,0x8A,0x00,True,4,3.16,3.79,-0.46
04:14:30.738,04:14:30.738,128410.398,0x8A,0x00,True,4,3.16,3.8,-0.49
04:15:00.717,04:15:00.717,128440.377,0x8A,0x00,True,4,3.17,3.81,-0.52
04:15:30.723,04:15:30.723,128470.383,0x8A,0x00,True,4,3.14,3.8,-0.48
04:16:00.703,04:16:00.703,128500.363,0x8A,0x00,True,4,3.14,3.81,-0.45
04:16:30.707,04:16:30.707,128530.367,0x8A,0x00,True,4,3.16,3.83,-0.46
04:17:00.688,04:17:00.688,128560.348,0x8A,0x00,True,4,3.12,3.81,-0.49
04:17:30.697,04:17:30.697,128590.357,0x8A,0x00,True,5,3.16,3.84,-0.5
04:18:00.683,04:18:00.683,128620.343,0x8A,0x00,True,4,3.17,3.78,-0.48
04:18:30.672,04:18:30.672,128650.332,0x8A,0x00,True,5,3.18,3.82,-0.52
04:19:00.667,04:19:00.667,128680.327,0x8A,0x00,True,4,3.17,3.81,-0.47
04:19:30.662,04:19:30.662,128710.322,0x8A,0x00,True,4,3.14,3.81,-0.5
04:20:00.657,04:20:00.657,128740.317,0x8A,0x00,True,4,3.16,3.82,-0.5
04:20:30.662,04:20:30.662,128770.322,0x8A,0x00,True,5,3.16,3.84,-0.48
04:21:00.652,04:21:00.652,128800.312,0x8A,0x00,True,4,3.14,3.8,-0.54
04:21:30.647,04:21:30.647,128830.307,0x8A,0x00,True,4,3.17,3.81,-0.46
04:22:00.643,04:22:00.643,128860.303,0x8A,0x00,True,4,3.14,3.83,-0.44
04:22:30.638,04:22:30.638,128890.298,0x8A,0x00,True,4,3.16,3.82,-0.5
04:23:00.617,04:23:00.617,128920.277,0x8A,0x00,True,5,3.19,3.82,-0.5
04:23:30.612,04:23:30.612,128950.272,0x8A,0x00,True,4,3.16,3.81,-0.54
04:24:00.612,04:24:00.612,128980.272,0x8A,0x00,True,4,3.15,3.79,-0.5
04:24:30.592,04:24:30.592,129010.252,0x8A,0x00,True,4,3.18,3.82,-0.49
04:25:00.603,04:25:00.603,129040.263,0x8A,0x00,True,4,3.16,3.83,-0.48
04:25:30.578,04:25:30.578,129070.238,0x8A,0x00,True,4,3.17,3.8,-0.46
04:26:00.567,04:26:00.567,129100.227,0x8A,0x00,True,4,3.16,3.84,-0.45
04:26:30.562,04:26:30.562,129130.222,0x8A,0x00,True,4,3.15,3.82,-0.49
04:27:00.565,04:27:00.565,129160.225,0x8A,0x00,True,5,3.18,3.83,-0.45
04:27:30.553,04:27:30.553,129190.213,0x8A,0x00,True,4,3.17,3.82,-0.53
04:28:00.556,04:28:00.556,129220.216,0x8A,0x00,True,4,3.16,3.8,-0.49
04:28:30.540,04:28:30.540,129250.2,0x8A,0x00,True,4,3.16,3.78,-0.44
04:29:00.513,04:29:00.513,129280.173,0x8A,0x00,True,4,3.17,3.8,-0.46
04:29:30.508,04:29:30.508,129310.168,0x8A,0x00,True,4,3.11,3.79,-0.48
04:30:00.500,04:30:00.500,129340.16,0x8A,0x00,True,4,3.16,3.81,-0.44
04:30:30.487,04:30:30.487,129370.147,0x8A,0x00,True,4,3.16,3.79,-0.46
04:31:00.478,04:31:00.478,129400.138,0x8A,0x00,True,4,3.16,3.82,-0.5
04:31:30.468,04:31:30.468,129430.128,0x8A,0x00,True,4,3.17,3.8,-0.49
04:32:00.473,04:32:00.473,129460.133,0x8A,0x00,True,4,3.16,3.8,-0.44
04:32:30.463,04:32:30.463,129490.123,0x8A,0x00,True,4,3.14,3.79,-0.5
04:33:00.463,04:33:00.463,129520.123,0x8A,0x00,True,4,3.13,3.83,-0.49
04:33:30.437,04:33:30.437,129550.097,0x8A,0x00,True,4,3.17,3.81,-0.55
04:34:00.437,04:34:00.437,129580.097,0x8A,0x00,True,4,3.17,3.8,-0.47
04:34:30.428,04:34:30.428,129610.088,0x8A,0x00,True,4,3.15,3.81,-0.45
04:35:00.423,04:35:00.423,129640.083,0x8A,0x00,True,4,3.14,3.81,-0.5
04:35:30.412,04:35:30.412,129670.072,0x8A,0x00,True,4,3.13,3.81,-0.45
04:36:00.405,04:36:00.405,129700.065,0x8A,0x00,True,4,3.17,3.81,-0.45
04:36:30.388,04:36:30.388,129730.048,0x8A,0x00,True,4,3.16,3.81,-0.49
04:37:00.388,04:37:00.388,129760.048,0x8A,0x00,True,4,3.14,3.82,-0.49
04:37:30.391,04:37:30.391,129790.051,0x8A,0x00,True,4,3.15,3.8,-0.49
04:38:00.362,04:38:00.362,129820.022,0x8A,0x00,True,4,3.16,3.8,-0.49
04:38:30.372,04:38:30.372,129850.032,0x8A,0x00,True,4,3.15,3.81,-0.5
04:39:00.353,04:39:00.353,129880.013,0x8A,0x00,True,4,3.13,3.82,-0.52
04:39:30.348,04:39:30.348,129910.008,0x8A,0x00,True,4,3.17,3.73,-0.5
04:40:00.332,04:40:00.332,129939.992,0x8A,0x00,True,4,3.16,3.8,-0.48
04:40:30.333,04:40:30.333,129969.993,0x8A,0x00,True,4,3.15,3.8,-0.57
04:41:00.327,04:41:00.327,129999.987,0x8A,0x00,True,4,3.16,3.8,-0.43
04:41:30.308,04:41:30.308,130029.968,0x8A,0x00,True,4,3.18,3.79,-0.47
04:42:00.312,04:42:00.312,130059.972,0x8A,0x00,True,4,3.14,3.79,-0.48
04:42:30.298,04:42:30.298,130089.958,0x8A,0x00,True,4,3.16,3.8,-0.49
04:43:00.301,04:43:00.301,130119.961,0x8A,0x00,True,4,3.17,3.77,-0.5
04:43:30.272,04:43:30.272,130149.932,0x8A,0x00,True,4,3.13,3.81,-0.47
04:44:00.263,04:44:00.263,130179.923,0x8A,0x00,True,5,3.18,3.83,-0.49
04:44:30.252,04:44:30.252,130209.912,0x8A,0x00,True,4,3.17,3.82,-0.5
04:45:00.266,04:45:00.266,130239.926,0x8A,0x00,True,4,3.15,3.82,-0.47
04:45:30.260,04:45:30.260,130269.92,0x8A,0x00,True,4,3.17,3.81,-0.51
04:46:00.242,04:46:00.242,130299.902,0x8A,0x00,True,4,3.17,3.81,-0.47
04:46:30.238,04:46:30.238,130329.898,0x8A,0x00,True,4,3.16,3.77,-0.51
04:47:00.232,04:47:00.232,130359.892,0x8A,0x00,True,5,3.17,3.84,-0.47
04:47:30.228,04:47:30.228,130389.888,0x8A,0x00,True,5,3.17,3.82,-0.58
04:48:00.203,04:48:00.203,130419.863,0x8A,0x00,True,4,3.17,3.81,-0.47
04:48:30.208,04:48:30.208,130449.868,0x8A,0x00,True,4,3.18,3.77,-0.49
04:49:00.192,04:49:00.192,130479.852,0x8A,0x00,True,5,3.18,3.84,-0.42
04:49:30.192,04:49:30.192,130509.852,0x8A,0x00,True,5,3.2,3.82,-0.48
04:50:00.176,04:50:00.176,130539.836,0x8A,0x00,True,4,3.18,3.8,-0.44
04:50:30.173,04:50:30.173,130569.833,0x8A,0x00,True,4,3.17,3.79,-0.45
04:51:00.162,04:51:00.162,130599.822,0x8A,0x00,True,4,3.15,3.79,-0.48
04:51:30.163,04:51:30.163,130629.823,0x8A,0x00,True,4,3.16,3.79,-0.46
04:52:00.152,04:52:00.152,130659.812,0x8A,0x00,True,4,3.17,3.82,-0.43
04:52:30.153,04:52:30.153,130689.813,0x8A,0x00,True,4,3.15,3.8,-0.45
04:53:00.138,04:53:00.138,130719.798,0x8A,0x00,True,4,3.18,3.82,-0.44
04:53:30.117,04:53:30.117,130749.777,0x8A,0x00,True,5,3.17,3.82,-0.5
04:54:00.112,04:54:00.112,130779.772,0x8A,0x00,True,4,3.13,3.79,-0.4
04:54:30.103,04:54:30.103,130809.763,0x8A,0x00,True,4,3.18,3.8,-0.44
04:55:00.103,04:55:00.103,130839.763,0x8A,0x00,True,4,3.14,3.84,-0.45
04:55:30.101,04:55:30.101,130869.761,0x8A,0x00,True,4,3.16,3.79,-0.48
04:56:00.088,04:56:00.088,130899.748,0x8A,0x00,True,4,3.17,3.79,-0.51
04:56:30.082,04:56:30.082,130929.742,0x8A,0x00,True,5,3.2,3.83,-0.48
04:57:00.072,04:57:00.072,130959.732,0x8A,0x00,True,4,3.17,3.83,-0.46
04:57:30.062,04:57:30.062,130989.722,0x8A,0x00,True,5,3.18,3.86,-0.53
04:58:00.047,04:58:00.047,131019.707,0x8A,0x00,True,4,3.16,3.82,-0.5
04:58:30.037,04:58:30.037,131049.697,0x8A,0x00,True,4,3.16,3.81,-0.47
04:59:00.037,04:59:00.037,131079.697,0x8A,0x00,True,5,3.18,3.83,-0.52
04:59:30.033,04:59:30.033,131109.693,0x8A,0x00,True,4,3.14,3.84,-0.52
05:00:00.021,05:00:00.021,131139.681,0x8A,0x00,True,5,3.16,3.84,-0.5
05:00:30.007,05:00:30.007,131169.667,0x8A,0x00,True,4,3.15,3.78,-0.51
05:01:00.007,05:01:00.007,131199.667,0x8A,0x00,True,5,3.2,3.81,-0.52
05:01:30.003,05:01:30.003,131229.663,0x8A,0x00,True,5,3.19,3.81,-0.5
05:01:59.982,05:01:59.982,131259.642,0x8A,0x00,True,4,3.17,3.8,-0.45
05:02:29.992,05:02:29.992,131289.652,0x8A,0x00,True,4,3.16,3.83,-0.48
05:02:59.978,05:02:59.978,131319.638,0x8A,0x00,True,5,3.17,3.84,-0.48
05:03:29.957,05:03:29.957,131349.617,0x8A,0x00,True,4,3.18,3.8,-0.47
05:03:59.956,05:03:59.956,131379.616,0x8A,0x00,True,4,3.19,3.81,-0.48
05:04:29.937,05:04:29.937,131409.597,0x8A,0x00,True,4,3.14,3.82,-0.48
05:04:59.937,05:04:59.937,131439.597,0x8A,0x00,True,4,3.15,3.79,-0.44
05:05:29.928,05:05:29.928,131469.588,0x8A,0x00,True,5,3.18,3.84,-0.5
05:05:59.907,05:05:59.907,131499.567,0x8A,0x00,True,5,3.16,3.84,-0.5
05:06:29.910,05:06:29.910,131529.57,0x8A,0x00,True,5,3.18,3.82,-0.49
05:06:59.897,05:06:59.897,131559.557,0x8A,0x00,True,4,3.18,3.81,-0.42
05:07:29.882,05:07:29.882,131589.542,0x8A,0x00,True,4,3.14,3.81,-0.44
05:07:59.862,05:07:59.862,131619.522,0x8A,0x00,True,4,3.16,3.8,-0.55
05:08:29.853,05:08:29.853,131649.513,0x8A,0x00,True,5,3.19,3.81,-0.47
05:08:59.857,05:08:59.857,131679.517,0x8A,0x00,True,5,3.2,3.83,-0.52
05:09:29.843,05:09:29.843,131709.503,0x8A,0x00,True,5,3.2,3.81,-0.47
05:09:59.832,05:09:59.832,131739.492,0x8A,0x00,True,4,3.19,3.81,-0.47
05:10:29.840,05:10:29.840,131769.5,0x8A,0x00,True,5,3.18,3.82,-0.48
05:10:59.825,05:10:59.825,131799.485,0x8A,0x00,True,5,3.19,3.85,-0.51
05:11:29.803,05:11:29.803,131829.463,0x8A,0x00,True,4,3.16,3.83,-0.52
05:11:59.803,05:11:59.803,131859.463,0x8A,0x00,True,5,3.2,3.87,-0.45
05:12:29.782,05:12:29.782,131889.442,0x8A,0x00,True,5,3.21,3.81,-0.46
05:12:59.787,05:12:59.787,131919.447,0x8A,0x00,True,4,3.16,3.83,-0.46
05:13:29.780,05:13:29.780,131949.44,0x8A,0x00,True,4,3.19,3.79,-0.47
05:13:59.758,05:13:59.758,131979.418,0x8A,0x00,True,4,3.18,3.79,-0.48
05:14:29.761,05:14:29.761,132009.421,0x8A,0x00,True,5,3.17,3.83,-0.5
05:14:59.742,05:14:59.742,132039.402,0x8A,0x00,True,5,3.19,3.81,-0.49
05:15:29.731,05:15:29.731,132069.391,0x8A,0x00,True,4,3.2,3.8,-0.43
05:15:59.717,05:15:59.717,132099.377,0x8A,0x00,True,5,3.17,3.86,-0.43
05:16:29.707,05:16:29.707,132129.367,0x8A,0x00,True,4,3.17,3.83,-0.46
05:16:59.692,05:16:59.692,132159.352,0x8A,0x00,True,4,3.18,3.8,-0.47
05:17:29.682,05:17:29.682,132189.342,0x8A,0x00,True,5,3.18,3.83,-0.54
05:17:59.683,05:17:59.683,132219.343,0x8A,0x00,True,5,3.18,3.84,-0.44
05:18:29.672,05:18:29.672,132249.332,0x8A,0x00,True,5,3.17,3.83,-0.49
05:18:59.662,05:18:59.662,132279.322,0x8A,0x00,True,4,3.15,3.8,-0.47
05:19:29.652,05:19:29.652,132309.312,0x8A,0x00,True,4,3.14,3.8,-0.52
05:19:59.632,05:19:59.632,132339.292,0x8A,0x00,True,4,3.16,3.8,-0.46
05:20:29.622,05:20:29.622,132369.282,0x8A,0x00,True,5,3.16,3.85,-0.48
05:20:59.617,05:20:59.617,132399.277,0x8A,0x00,True,5,3.17,3.83,-0.5
05:21:29.612,05:21:29.612,132429.272,0x8A,0x00,True,4,3.15,3.81,-0.47
05:21:59.598,05:21:59.598,132459.258,0x8A,0x00,True,5,3.18,3.85,-0.45
05:22:29.592,05:22:29.592,132489.252,0x8A,0x00,True,4,3.17,3.81,-0.5
05:22:59.588,05:22:59.588,132519.248,0x8A,0x00,True,4,3.17,3.81,-0.46
05:23:29.572,05:23:29.572,132549.232,0x8A,0x00,True,4,3.14,3.79,-0.54
05:23:59.540,05:23:59.540,132579.2,0x8A,0x00,True,4,3.16,3.82,-0.47
05:24:29.552,05:24:29.552,132609.212,0x8A,0x00,True,5,3.15,3.85,-0.45
05:24:59.532,05:24:59.532,132639.192,0x8A,0x00,True,4,3.19,3.79,-0.52
05:25:29.537,05:25:29.537,132669.197,0x8A,0x00,True,4,3.16,3.79,-0.48
05:25:59.527,05:25:59.527,132699.187,0x8A,0x00,True,4,3.19,3.78,-0.48
05:26:29.517,05:26:29.517,132729.177,0x8A,0x00,True,4,3.14,3.83,-0.49
05:26:59.512,05:26:59.512,132759.172,0x8A,0x00,True,5,3.16,3.87,-0.49
05:27:29.503,05:27:29.503,132789.163,0x8A,0x00,True,4,3.14,3.81,-0.48
05:27:59.500,05:27:59.500,132819.16,0x8A,0x00,True,4,3.16,3.8,-0.5
05:28:29.473,05:28:29.473,132849.133,0x8A,0x00,True,5,3.17,3.84,-0.47
05:28:59.468,05:28:59.468,132879.128,0x8A,0x00,True,4,3.18,3.8,-0.46
05:29:29.460,05:29:29.460,132909.12,0x8A,0x00,True,5,3.17,3.84,-0.46
05:29:59.452,05:29:59.452,132939.112,0x8A,0x00,True,5,3.18,3.83,-0.5
05:30:29.442,05:30:29.442,132969.102,0x8A,0x00,True,4,3.18,3.8,-0.52
05:30:59.438,05:30:59.438,132999.098,0x8A,0x00,True,4,3.17,3.82,-0.51
05:31:29.438,05:31:29.438,133029.098,0x8A,0x00,True,5,3.17,3.84,-0.48
05:31:59.422,05:31:59.422,133059.082,0x8A,0x00,True,4,3.16,3.8,-0.52
05:32:29.407,05:32:29.407,133089.067,0x8A,0x00,True,5,3.17,3.83,-0.47
05:32:59.388,05:32:59.388,133119.048,0x8A,0x00,True,4,3.17,3.78,-0.44
05:33:29.387,05:33:29.387,133149.047,0x8A,0x00,True,5,3.17,3.84,-0.48
05:33:59.373,05:33:59.373,133179.033,0x8A,0x00,True,4,3.16,3.79,-0.49
05:34:29.367,05:34:29.367,133209.027,0x8A,0x00,True,5,3.17,3.83,-0.53
05:34:59.367,05:34:59.367,133239.027,0x8A,0x00,True,5,3.18,3.85,-0.45
05:35:29.362,05:35:29.362,133269.022,0x8A,0x00,True,4,3.18,3.8,-0.49
05:35:59.353,05:35:59.353,133299.013,0x8A,0x00,True,4,3.15,3.8,-0.52
05:36:29.348,05:36:29.348,133329.008,0x8A,0x00,True,5,3.2,3.84,-0.45
05:36:59.342,05:36:59.342,133359.002,0x8A,0x00,True,4,3.16,3.81,-0.44
05:37:29.346,05:37:29.346,133389.006,0x8A,0x00,True,4,3.16,3.79,-0.5
05:37:59.322,05:37:59.322,133418.982,0x8A,0x00,True,4,3.15,3.8,-0.47
05:38:29.317,05:38:29.317,133448.977,0x8A,0x00,True,4,3.15,3.8,-0.49
05:38:59.308,05:38:59.308,133478.968,0x8A,0x00,True,4,3.16,3.82,-0.42
05:39:29.292,05:39:29.292,133508.952,0x8A,0x00,True,4,3.16,3.83,-0.42
05:39:59.303,05:39:59.303,133538.963,0x8A,0x00,True,4,3.13,3.8,-0.47
05:40:29.292,05:40:29.292,133568.952,0x8A,0x00,True,4,3.15,3.81,-0.49
05:40:59.295,05:40:59.295,133598.955,0x8A,0x00,True,4,3.15,3.83,-0.45
05:41:29.268,05:41:29.268,133628.928,0x8A,0x00,True,4,3.16,3.8,-0.49
05:41:59.271,05:41:59.271,133658.931,0x8A,0x00,True,4,3.18,3.82,-0.44
05:42:29.262,05:42:29.262,133688.922,0x8A,0x00,True,5,3.17,3.84,-0.44
05:42:59.263,05:42:59.263,133718.923,0x8A,0x00,True,5,3.18,3.83,-0.49
05:43:29.261,05:43:29.261,133748.921,0x8A,0x00,True,4,3.19,3.81,-0.48
05:43:59.232,05:43:59.232,133778.892,0x8A,0x00,True,4,3.15,3.82,-0.51
05:44:29.228,05:44:29.228,133808.888,0x8A,0x00,True,4,3.19,3.8,-0.46
05:44:59.218,05:44:59.218,133838.878,0x8A,0x00,True,4,3.15,3.82,-0.47
05:45:29.207,05:45:29.207,133868.867,0x8A,0x00,True,4,3.16,3.81,-0.48
05:45:59.197,05:45:59.197,133898.857,0x8A,0x00,True,4,3.17,3.82,-0.44
05:46:29.187,05:46:29.187,133928.847,0x8A,0x00,True,5,3.22,3.82,-0.46
05:46:59.183,05:46:59.183,133958.843,0x8A,0x00,True,4,3.18,3.8,-0.48
05:47:29.152,05:47:29.152,133988.812,0x8A,0x00,True,4,3.15,3.79,-0.43
05:47:59.147,05:47:59.147,134018.807,0x8A,0x00,True,5,3.18,3.83,-0.43
05:48:29.142,05:48:29.142,134048.802,0x8A,0x00,True,4,3.17,3.81,-0.49
05:48:59.147,05:48:59.147,134078.807,0x8A,0x00,True,5,3.18,3.82,-0.47
05:49:29.133,05:49:29.133,134108.793,0x8A,0x00,True,4,3.14,3.84,-0.48
05:49:59.127,05:49:59.127,134138.787,0x8A,0x00,True,5,3.19,3.83,-0.47
05:50:29.126,05:50:29.126,134168.786,0x8A,0x00,True,4,3.17,3.79,-0.45
05:50:59.112,05:50:59.112,134198.772,0x8A,0x00,True,4,3.16,3.83,-0.47
05:51:29.103,05:51:29.103,134228.763,0x8A,0x00,True,5,3.18,3.85,-0.51
05:51:59.082,05:51:59.082,134258.742,0x8A,0x00,True,4,3.13,3.83,-0.51
05:52:29.077,05:52:29.077,134288.737,0x8A,0x00,True,4,3.17,3.79,-0.48
05:52:59.072,05:52:59.072,134318.732,0x8A,0x00,True,4,3.16,3.77,-0.48
05:53:29.077,05:53:29.077,134348.737,0x8A,0x00,True,4,3.18,3.8,-0.47
05:53:59.070,05:53:59.070,134378.73,0x8A,0x00,True,4,3.17,3.79,-0.48
05:54:29.067,05:54:29.067,134408.727,0x8A,0x00,True,4,3.16,3.82,-0.46
05:54:59.053,05:54:59.053,134438.713,0x8A,0x00,True,4,3.16,3.83,-0.47
05:55:29.042,05:55:29.042,134468.702,0x8A,0x00,True,4,3.16,3.81,-0.48
05:55:59.037,05:55:59.037,134498.697,0x8A,0x00,True,4,3.17,3.81,-0.46
05:56:29.027,05:56:29.027,134528.687,0x8A,0x00,True,4,3.16,3.8,-0.48
05:56:59.022,05:56:59.022,134558.682,0x8A,0x00,True,4,3.18,3.8,-0.53
05:57:29.013,05:57:29.013,134588.673,0x8A,0x00,True,4,3.16,3.82,-0.47
05:57:59.008,05:57:59.008,134618.668,0x8A,0x00,True,4,3.17,3.82,-0.49
05:58:28.987,05:58:28.987,134648.647,0x8A,0x00,True,4,3.15,3.79,-0.45
05:58:58.992,05:58:58.992,134678.652,0x8A,0x00,True,4,3.13,3.8,-0.46
05:59:28.972,05:59:28.972,134708.632,0x8A,0x00,True,5,3.17,3.82,-0.51
05:59:58.980,05:59:58.980,134738.64,0x8A,0x00,True,4,3.13,3.82,-0.53
06:00:28.968,06:00:28.968,134768.628,0x8A,0x00,True,4,3.17,3.8,-0.44
06:00:58.947,06:00:58.947,134798.607,0x8A,0x00,True,5,3.14,3.85,-0.53
06:01:28.953,06:01:28.953,134828.613,0x8A,0x00,True,5,3.2,3.84,-0.48
06:01:58.942,06:01:58.942,134858.602,0x8A,0x00,True,4,3.18,3.81,-0.51
06:02:28.933,06:02:28.933,134888.593,0x8A,0x00,True,4,3.17,3.78,-0.48
06:02:58.912,06:02:58.912,134918.572,0x8A,0x00,True,4,3.15,3.83,-0.51
06:03:28.907,06:03:28.907,134948.567,0x8A,0x00,True,4,3.17,3.81,-0.44
06:03:58.897,06:03:58.897,134978.557,0x8A,0x00,True,4,3.15,3.81,-0.49
06:04:28.902,06:04:28.902,135008.562,0x8A,0x00,True,4,3.17,3.8,-0.49
06:04:58.893,06:04:58.893,135038.553,0x8A,0x00,True,4,3.15,3.8,-0.48
06:05:28.883,06:05:28.883,135068.543,0x8A,0x00,True,4,3.19,3.8,-0.5
06:05:58.882,06:05:58.882,135098.542,0x8A,0x00,True,4,3.18,3.79,-0.49
06:06:28.867,06:06:28.867,135128.527,0x8A,0x00,True,4,3.17,3.8,-0.49
06:06:58.862,06:06:58.862,135158.522,0x8A,0x00,True,4,3.17,3.82,-0.5
06:07:28.848,06:07:28.848,135188.508,0x8A,0x00,True,4,3.15,3.78,-0.49
06:07:58.855,06:07:58.855,135218.515,0x8A,0x00,True,4,3.14,3.78,-0.52
06:08:28.833,06:08:28.833,135248.493,0x8A,0x00,True,4,3.15,3.81,-0.49
06:08:58.838,06:08:58.838,135278.498,0x8A,0x00,True,4,3.15,3.82,-0.5
06:09:28.822,06:09:28.822,135308.482,0x8A,0x00,True,5,3.17,3.84,-0.48
06:09:58.822,06:09:58.822,135338.482,0x8A,0x00,True,4,3.17,3.81,-0.5
06:10:28.812,06:10:28.812,135368.472,0x8A,0x00,True,4,3.16,3.81,-0.46
06:10:58.812,06:10:58.812,135398.472,0x8A,0x00,True,4,3.16,3.8,-0.47
06:11:28.813,06:11:28.813,135428.473,0x8A,0x00,True,4,3.17,3.79,-0.52
06:11:58.798,06:11:58.798,135458.458,0x8A,0x00,True,4,3.18,3.8,-0.5
06:12:28.783,06:12:28.783,135488.443,0x8A,0x00,True,4,3.16,3.79,-0.46
06:12:58.782,06:12:58.782,135518.442,0x8A,0x00,True,4,3.16,3.82,-0.53
06:13:28.787,06:13:28.787,135548.447,0x8A,0x00,True,4,3.17,3.8,-0.49
06:13:58.777,06:13:58.777,135578.437,0x8A,0x00,True,4,3.18,3.8,-0.46
06:14:28.763,06:14:28.763,135608.423,0x8A,0x00,True,4,3.16,3.81,-0.5
06:14:58.753,06:14:58.753,135638.413,0x8A,0x00,True,4,3.12,3.77,-0.48
06:15:28.757,06:15:28.757,135668.417,0x8A,0x00,True,5,3.18,3.83,-0.53
06:15:58.742,06:15:58.742,135698.402,0x8A,0x00,True,4,3.17,3.8,-0.47
06:16:28.748,06:16:28.748,135728.408,0x8A,0x00,True,4,3.15,3.79,-0.5
06:16:58.732,06:16:58.732,135758.392,0x8A,0x00,True,5,3.18,3.82,-0.46
06:17:28.732,06:17:28.732,135788.392,0x8A,0x00,True,4,3.16,3.78,-0.43
06:17:58.713,06:17:58.713,135818.373,0x8A,0x00,True,4,3.16,3.76,-0.46
06:18:28.718,06:18:28.718,135848.378,0x8A,0x00,True,4,3.2,3.79,-0.48
06:18:58.712,06:18:58.712,135878.372,0x8A,0x00,True,5,3.2,3.83,-0.49
06:19:28.708,06:19:28.708,135908.368,0x8A,0x00,True,4,3.21,3.77,-0.47
06:19:58.703,06:19:58.703,135938.363,0x8A,0x00,True,4,3.17,3.8,-0.46
06:20:28.683,06:20:28.683,135968.343,0x8A,0x00,True,5,3.17,3.83,-0.5
06:20:58.687,06:20:58.687,135998.347,0x8A,0x00,True,4,3.15,3.8,-0.46
06:21:28.673,06:21:28.673,136028.333,0x8A,0x00,True,4,3.17,3.8,-0.53
06:21:58.663,06:21:58.663,136058.323,0x8A,0x00,True,4,3.14,3.8,-0.47
06:22:28.662,06:22:28.662,136088.322,0x8A,0x00,True,4,3.17,3.78,-0.46
06:22:58.667,06:22:58.667,136118.327,0x8A,0x00,True,4,3.16,3.82,-0.49
06:23:28.653,06:23:28.653,136148.313,0x8A,0x00,True,4,3.2,3.79,-0.5
06:23:58.658,06:23:58.658,136178.318,0x8A,0x00,True,4,3.19,3.78,-0.45
06:24:28.652,06:24:28.652,136208.312,0x8A,0x00,True,4,3.19,3.78,-0.54
06:24:58.652,06:24:58.652,136238.312,0x8A,0x00,True,5,3.19,3.84,-0.47
06:25:28.638,06:25:28.638,136268.298,0x8A,0x00,True,4,3.14,3.8,-0.44
06:25:58.649,06:25:58.649,136298.309,0x8A,0x00,True,4,3.16,3.78,-0.47
06:26:28.647,06:26:28.647,136328.307,0x8A,0x00,True,4,3.17,3.79,-0.46
06:26:58.633,06:26:58.633,136358.293,0x8A,0x00,True,4,3.14,3.79,-0.46
06:27:28.637,06:27:28.637,136388.297,0x8A,0x00,True,4,3.18,3.8,-0.5
06:27:58.643,06:27:58.643,136418.303,0x8A,0x00,True,4,3.17,3.83,-0.49
06:28:28.633,06:28:28.633,136448.293,0x8A,0x00,True,4,3.2,3.79,-0.57
06:28:58.638,06:28:58.638,136478.298,0x8A,0x00,True,4,3.18,3.79,-0.46
06:29:28.627,06:29:28.627,136508.287,0x8A,0x00,True,4,3.19,3.79,-0.48
06:29:58.628,06:29:58.628,136538.288,0x8A,0x00,True,4,3.16,3.8,-0.49
06:30:28.628,06:30:28.628,136568.288,0x8A,0x00,True,4,3.17,3.8,-0.5
06:30:58.627,06:30:58.627,136598.287,0x8A,0x00,True,4,3.16,3.8,-0.44
06:31:28.622,06:31:28.622,136628.282,0x8A,0x00,True,4,3.17,3.79,-0.47
06:31:58.607,06:31:58.607,136658.267,0x8A,0x00,True,4,3.16,3.76,-0.48
06:32:28.607,06:32:28.607,136688.267,0x8A,0x00,True,4,3.17,3.81,-0.56
06:32:58.598,06:32:58.598,136718.258,0x8A,0x00,True,4,3.18,3.79,-0.48
06:33:28.592,06:33:28.592,136748.252,0x8A,0x00,True,4,3.16,3.79,-0.45
06:33:58.593,06:33:58.593,136778.253,0x8A,0x00,True,4,3.19,3.79,-0.53
06:34:28.603,06:34:28.603,136808.263,0x8A,0x00,True,4,3.17,3.8,-0.47
06:34:58.588,06:34:58.588,136838.248,0x8A,0x00,True,4,3.17,3.79,-0.43
06:35:28.598,06:35:28.598,136868.258,0x8A,0x00,True,5,3.17,3.84,-0.56
06:35:58.587,06:35:58.587,136898.247,0x8A,0x00,True,4,3.17,3.8,-0.43
06:36:28.595,06:36:28.595,136928.255,0x8A,0x00,True,5,3.18,3.82,-0.47
06:36:58.587,06:36:58.587,136958.247,0x8A,0x00,True,4,3.17,3.8,-0.51
06:37:28.582,06:37:28.582,136988.242,0x8A,0x00,True,4,3.15,3.82,-0.49
06:37:58.588,06:37:58.588,137018.248,0x8A,0x00,True,4,3.18,3.76,-0.44
06:38:28.605,06:38:28.605,137048.265,0x8A,0x00,True,4,3.15,3.81,-0.52
06:38:58.582,06:38:58.582,137078.242,0x8A,0x00,True,4,3.17,3.75,-0.44
06:39:28.593,06:39:28.593,137108.253,0x8A,0x00,True,4,3.15,3.8,-0.52
06:39:58.588,06:39:58.588,137138.248,0x8A,0x00,True,4,3.15,3.84,-0.48
06:40:28.598,06:40:28.598,137168.258,0x8A,0x00,True,4,3.18,3.79,-0.51
06:40:58.582,06:40:58.582,137198.242,0x8A,0x00,True,4,3.17,3.8,-0.47
06:41:28.582,06:41:28.582,137228.242,0x8A,0x00,True,5,3.18,3.82,-0.51
06:41:58.581,06:41:58.581,137258.241,0x8A,0x00,True,4,3.16,3.82,-0.49
06:42:28.588,06:42:28.588,137288.248,0x8A,0x00,True,4,3.17,3.8,-0.49
06:42:58.583,06:42:58.583,137318.243,0x8A,0x00,True,4,3.18,3.8,-0.48
06:43:28.587,06:43:28.587,137348.247,0x8A,0x00,True,5,3.2,3.8,-0.51
06:43:58.578,06:43:58.578,137378.238,0x8A,0x00,True,5,3.21,3.84,-0.49
06:44:28.581,06:44:28.581,137408.241,0x8A,0x00,True,4,3.15,3.82,-0.45
06:44:58.572,06:44:58.572,137438.232,0x8A,0x00,True,5,3.18,3.83,-0.45
06:45:28.582,06:45:28.582,137468.242,0x8A,0x00,True,4,3.18,3.75,-0.47
06:45:58.573,06:45:58.573,137498.233,0x8A,0x00,True,4,3.14,3.84,-0.47
06:46:28.577,06:46:28.577,137528.237,0x8A,0x00,True,4,3.16,3.8,-0.41
06:46:58.577,06:46:58.577,137558.237,0x8A,0x00,True,4,3.17,3.78,-0.48
06:47:28.567,06:47:28.567,137588.227,0x8A,0x00,True,4,3.18,3.8,-0.44
06:47:58.572,06:47:58.572,137618.232,0x8A,0x00,True,4,3.12,3.77,-0.51
06:48:28.567,06:48:28.567,137648.227,0x8A,0x00,True,4,3.14,3.76,-0.49
06:48:58.567,06:48:58.567,137678.227,0x8A,0x00,True,4,3.17,3.78,-0.45
06:49:28.563,06:49:28.563,137708.223,0x8A,0x00,True,4,3.15,3.82,-0.47
06:49:58.562,06:49:58.562,137738.222,0x8A,0x00,True,4,3.18,3.78,-0.42
06:50:28.562,06:50:28.562,137768.222,0x8A,0x00,True,4,3.19,3.81,-0.45
06:50:58.562,06:50:58.562,137798.222,0x8A,0x00,True,4,3.14,3.78,-0.53
06:51:28.562,06:51:28.562,137828.222,0x8A,0x00,True,4,3.16,3.79,-0.54
06:51:58.557,06:51:58.557,137858.217,0x8A,0x00,True,4,3.18,3.8,-0.39
06:52:28.547,06:52:28.547,137888.207,0x8A,0x00,True,5,3.19,3.82,-0.51
06:52:58.543,06:52:58.543,137918.203,0x8A,0x00,True,5,3.18,3.82,-0.51
06:53:28.553,06:53:28.553,137948.213,0x8A,0x00,True,5,3.17,3.82,-0.55
06:53:58.553,06:53:58.553,137978.213,0x8A,0x00,True,4,3.17,3.8,-0.43
06:54:28.548,06:54:28.548,138008.208,0x8A,0x00,True,4,3.18,3.8,-0.45
06:54:58.547,06:54:58.547,138038.207,0x8A,0x00,True,4,3.15,3.8,-0.52
06:55:28.553,06:55:28.553,138068.213,0x8A,0x00,True,4,3.19,3.8,-0.52
06:55:58.548,06:55:58.548,138098.208,0x8A,0x00,True,4,3.17,3.81,-0.49
06:56:28.548,06:56:28.548,138128.208,0x8A,0x00,True,4,3.19,3.77,-0.45
06:56:58.537,06:56:58.537,138158.197,0x8A,0x00,True,4,3.18,3.8,-0.45
06:57:28.548,06:57:28.548,138188.208,0x8A,0x00,True,4,3.16,3.79,-0.49
06:57:58.538,06:57:58.538,138218.198,0x8A,0x00,True,5,3.22,3.82,-0.44
06:58:28.547,06:58:28.547,138248.207,0x8A,0x00,True,4,3.13,3.78,-0.49
06:58:58.547,06:58:58.547,138278.207,0x8A,0x00,True,4,3.17,3.76,-0.54
06:59:28.527,06:59:28.527,138308.187,0x8A,0x00,True,4,3.16,3.8,-0.46
06:59:58.535,06:59:58.535,138338.195,0x8A,0x00,True,4,3.14,3.75,-0.49
07:00:28.538,07:00:28.538,138368.198,0x8A,0x00,True,4,3.15,3.8,-0.46
07:00:58.538,07:00:58.538,138398.198,0x8A,0x00,True,4,3.16,3.83,-0.45
07:01:28.533,07:01:28.533,138428.193,0x8A,0x00,True,5,3.18,3.82,-0.49
07:01:58.530,07:01:58.530,138458.19,0x8A,0x00,True,4,3.14,3.8,-0.51
07:02:28.532,07:02:28.532,138488.192,0x8A,0x00,True,4,3.17,3.78,-0.49
07:02:58.527,07:02:58.527,138518.187,0x8A,0x00,True,4,3.16,3.8,-0.53
07:03:28.513,07:03:28.513,138548.173,0x8A,0x00,True,4,3.13,3.8,-0.49
07:03:58.527,07:03:58.527,138578.187,0x8A,0x00,True,4,3.18,3.79,-0.45
07:04:28.513,07:04:28.513,138608.173,0x8A,0x00,True,4,3.16,3.8,-0.46
07:04:58.513,07:04:58.513,138638.173,0x8A,0x00,True,5,3.18,3.84,-0.54
07:05:28.513,07:05:28.513,138668.173,0x8A,0x00,True,4,3.18,3.79,-0.51
07:05:58.522,07:05:58.522,138698.182,0x8A,0x00,True,4,3.18,3.79,-0.45
07:06:28.513,07:06:28.513,138728.173,0x8A,0x00,True,5,3.17,3.83,-0.53
07:06:58.507,07:06:58.507,138758.167,0x8A,0x00,True,4,3.17,3.8,-0.49
07:07:28.507,07:07:28.507,138788.167,0x8A,0x00,True,4,3.17,3.77,-0.49
07:07:58.518,07:07:58.518,138818.178,0x8A,0x00,True,5,3.16,3.84,-0.5
07:08:28.508,07:08:28.508,138848.168,0x8A,0x00,True,4,3.16,3.8,-0.49
07:08:58.508,07:08:58.508,138878.168,0x8A,0x00,True,5,3.16,3.84,-0.51
07:09:28.508,07:09:28.508,138908.168,0x8A,0x00,True,4,3.13,3.8,-0.43
07:09:58.508,07:09:58.508,138938.168,0x8A,0x00,True,4,3.14,3.8,-0.48
07:10:28.511,07:10:28.511,138968.171,0x8A,0x00,True,4,3.13,3.81,-0.43
07:10:58.507,07:10:58.507,138998.167,0x8A,0x00,True,4,3.18,3.8,-0.52
07:11:28.505,07:11:28.505,139028.165,0x8A,0x00,True,4,3.16,3.8,-0.49
07:11:58.498,07:11:58.498,139058.158,0x8A,0x00,True,4,3.16,3.81,-0.52
07:12:28.497,07:12:28.497,139088.157,0x8A,0x00,True,4,3.16,3.79,-0.51
07:12:58.508,07:12:58.508,139118.168,0x8A,0x00,True,4,3.14,3.8,-0.46
07:13:28.487,07:13:28.487,139148.147,0x8A,0x00,True,4,3.16,3.82,-0.46
07:13:58.492,07:13:58.492,139178.152,0x8A,0x00,True,4,3.18,3.79,-0.5
07:14:28.498,07:14:28.498,139208.158,0x8A,0x00,True,4,3.18,3.79,-0.48
07:14:58.478,07:14:58.478,139238.138,0x8A,0x00,True,4,3.14,3.77,-0.45
07:15:28.482,07:15:28.482,139268.142,0x8A,0x00,True,4,3.16,3.79,-0.47
07:15:58.468,07:15:58.468,139298.128,0x8A,0x00,True,4,3.18,3.82,-0.45
07:16:28.463,07:16:28.463,139328.123,0x8A,0x00,True,4,3.15,3.83,-0.5
07:16:58.468,07:16:58.468,139358.128,0x8A,0x00,True,4,3.18,3.79,-0.45
07:17:28.471,07:17:28.471,139388.131,0x8A,0x00,True,4,3.17,3.81,-0.47
07:17:58.463,07:17:58.463,139418.123,0x8A,0x00,True,4,3.15,3.79,-0.52
07:18:28.452,07:18:28.452,139448.112,0x8A,0x00,True,4,3.16,3.79,-0.48
07:18:58.458,07:18:58.458,139478.118,0x8A,0x00,True,4,3.17,3.78,-0.43
07:19:28.437,07:19:28.437,139508.097,0x8A,0x00,True,4,3.14,3.83,-0.53
07:19:58.447,07:19:58.447,139538.107,0x8A,0x00,True,4,3.15,3.78,-0.47
07:20:28.433,07:20:28.433,139568.093,0x8A,0x00,True,4,3.14,3.81,-0.44
07:20:58.428,07:20:58.428,139598.088,0x8A,0x00,True,4,3.17,3.8,-0.46
07:21:28.433,07:21:28.433,139628.093,0x8A,0x00,True,4,3.13,3.81,-0.47
07:21:58.423,07:21:58.423,139658.083,0x8A,0x00,True,4,3.16,3.79,-0.49
07:22:28.428,07:22:28.428,139688.088,0x8A,0x00,True,4,3.14,3.79,-0.49
07:22:58.422,07:22:58.422,139718.082,0x8A,0x00,True,5,3.17,3.84,-0.48
07:23:28.433,07:23:28.433,139748.093,0x8A,0x00,True,5,3.2,3.83,-0.46
07:23:58.423,07:23:58.423,139778.083,0x8A,0x00,True,4,3.15,3.79,-0.44
07:24:28.422,07:24:28.422,139808.082,0x8A,0x00,True,4,3.15,3.8,-0.45
07:24:58.414,07:24:58.414,139838.074,0x8A,0x00,True,4,3.15,3.82,-0.48
07:25:28.422,07:25:28.422,139868.082,0x8A,0x00,True,4,3.18,3.77,-0.46
07:25:58.431,07:25:58.431,139898.091,0x8A,0x00,True,5,3.18,3.83,-0.46
07:26:28.433,07:26:28.433,139928.093,0x8A,0x00,True,4,3.17,3.78,-0.51
07:26:58.423,07:26:58.423,139958.083,0x8A,0x00,True,4,3.16,3.78,-0.47
07:27:28.423,07:27:28.423,139988.083,0x8A,0x00,True,4,3.17,3.76,-0.49
07:27:58.412,07:27:58.412,140018.072,0x8A,0x00,True,4,3.16,3.8,-0.51
07:28:28.418,07:28:28.418,140048.078,0x8A,0x00,True,4,3.17,3.77,-0.48
07:28:58.413,07:28:58.413,140078.073,0x8A,0x00,True,4,3.16,3.8,-0.44
07:29:28.422,07:29:28.422,140108.082,0x8A,0x00,True,4,3.17,3.77,-0.49
07:29:58.422,07:29:58.422,140138.082,0x8A,0x00,True,5,3.2,3.82,-0.47
07:30:28.423,07:30:28.423,140168.083,0x8A,0x00,True,4,3.12,3.78,-0.43
07:30:58.412,07:30:58.412,140198.072,0x8A,0x00,True,4,3.16,3.81,-0.52
07:31:28.407,07:31:28.407,140228.067,0x8A,0x00,True,4,3.15,3.81,-0.55
07:31:58.417,07:31:58.417,140258.077,0x8A,0x00,True,4,3.15,3.8,-0.47
07:32:28.417,07:32:28.417,140288.077,0x8A,0x00,True,4,3.17,3.8,-0.46
07:32:58.412,07:32:58.412,140318.072,0x8A,0x00,True,4,3.17,3.82,-0.44
07:33:28.417,07:33:28.417,140348.077,0x8A,0x00,True,4,3.12,3.83,-0.48
07:33:58.412,07:33:58.412,140378.072,0x8A,0x00,True,4,3.14,3.79,-0.46
07:34:28.412,07:34:28.412,140408.072,0x8A,0x00,True,5,3.19,3.82,-0.54
07:34:58.412,07:34:58.412,140438.072,0x8A,0x00,True,4,3.15,3.82,-0.47
07:35:28.402,07:35:28.402,140468.062,0x8A,0x00,True,4,3.15,3.81,-0.48
07:35:58.412,07:35:58.412,140498.072,0x8A,0x00,True,4,3.15,3.82,-0.51
07:36:28.412,07:36:28.412,140528.072,0x8A,0x00,True,4,3.18,3.8,-0.49
07:36:58.412,07:36:58.412,140558.072,0x8A,0x00,True,4,3.15,3.83,-0.54
07:37:28.417,07:37:28.417,140588.077,0x8A,0x00,True,5,3.17,3.84,-0.51
07:37:58.413,07:37:58.413,140618.073,0x8A,0x00,True,4,3.17,3.79,-0.51
07:38:28.402,07:38:28.402,140648.062,0x8A,0x00,True,4,3.16,3.83,-0.5
07:38:58.415,07:38:58.415,140678.075,0x8A,0x00,True,5,3.2,3.8,-0.5
07:39:28.413,07:39:28.413,140708.073,0x8A,0x00,True,4,3.16,3.81,-0.53
07:39:58.412,07:39:58.412,140738.072,0x8A,0x00,True,5,3.18,3.83,-0.46
07:40:28.412,07:40:28.412,140768.072,0x8A,0x00,True,4,3.16,3.77,-0.47
07:40:58.412,07:40:58.412,140798.072,0x8A,0x00,True,4,3.18,3.79,-0.54
07:41:28.413,07:41:28.413,140828.073,0x8A,0x00,True,4,3.14,3.8,-0.43
07:41:58.412,07:41:58.412,140858.072,0x8A,0x00,True,4,3.16,3.77,-0.51
07:42:28.407,07:42:28.407,140888.067,0x8A,0x00,True,4,3.14,3.84,-0.46
07:42:58.416,07:42:58.416,140918.076,0x8A,0x00,True,4,3.18,3.81,-0.5
07:43:28.417,07:43:28.417,140948.077,0x8A,0x00,True,4,3.2,3.79,-0.45
07:43:58.417,07:43:58.417,140978.077,0x8A,0x00,True,4,3.14,3.77,-0.51
07:44:28.407,07:44:28.407,141008.067,0x8A,0x00,True,4,3.16,3.81,-0.49
07:44:58.412,07:44:58.412,141038.072,0x8A,0x00,True,5,3.18,3.81,-0.51
07:45:28.412,07:45:28.412,141068.072,0x8A,0x00,True,4,3.18,3.79,-0.49
07:45:58.420,07:45:58.420,141098.08,0x8A,0x00,True,4,3.17,3.81,-0.44
07:46:28.412,07:46:28.412,141128.072,0x8A,0x00,True,5,3.19,3.85,-0.5
07:46:58.413,07:46:58.413,141158.073,0x8A,0x00,True,5,3.2,3.81,-0.47
07:47:28.407,07:47:28.407,141188.067,0x8A,0x00,True,4,3.17,3.79,-0.48
07:47:58.407,07:47:58.407,141218.067,0x8A,0x00,True,4,3.19,3.81,-0.42
07:48:28.412,07:48:28.412,141248.072,0x8A,0x00,True,4,3.12,3.79,-0.48
07:48:58.412,07:48:58.412,141278.072,0x8A,0x00,True,4,3.15,3.82,-0.51
07:49:28.397,07:49:28.397,141308.057,0x8A,0x00,True,4,3.15,3.82,-0.52
07:49:58.412,07:49:58.412,141338.072,0x8A,0x00,True,4,3.15,3.8,-0.52
07:50:28.413,07:50:28.413,141368.073,0x8A,0x00,True,4,3.17,3.8,-0.48
07:50:58.412,07:50:58.412,141398.072,0x8A,0x00,True,4,3.13,3.77,-0.45
07:51:28.397,07:51:28.397,141428.057,0x8A,0x00,True,4,3.16,3.77,-0.52
07:51:58.412,07:51:58.412,141458.072,0x8A,0x00,True,4,3.16,3.8,-0.52
07:52:28.407,07:52:28.407,141488.067,0x8A,0x00,True,4,3.16,3.83,-0.44
07:52:58.412,07:52:58.412,141518.072,0x8A,0x00,True,4,3.17,3.78,-0.5
07:53:28.407,07:53:28.407,141548.067,0x8A,0x00,True,4,3.17,3.83,-0.43
07:53:58.402,07:53:58.402,141578.062,0x8A,0x00,True,5,3.18,3.83,-0.5
07:54:28.387,07:54:28.387,141608.047,0x8A,0x00,True,4,3.18,3.8,-0.49
07:54:58.393,07:54:58.393,141638.053,0x8A,0x00,True,4,3.17,3.74,-0.56
07:55:28.397,07:55:28.397,141668.057,0x8A,0x00,True,4,3.15,3.77,-0.49
07:55:58.393,07:55:58.393,141698.053,0x8A,0x00,True,4,3.17,3.76,-0.48
07:56:28.383,07:56:28.383,141728.043,0x8A,0x00,True,4,3.18,3.79,-0.47
07:56:58.397,07:56:58.397,141758.057,0x8A,0x00,True,4,3.17,3.81,-0.51
07:57:28.387,07:57:28.387,141788.047,0x8A,0x00,True,4,3.15,3.82,-0.47
07:57:58.388,07:57:58.388,141818.048,0x8A,0x00,True,4,3.17,3.8,-0.52
07:58:28.395,07:58:28.395,141848.055,0x8A,0x00,True,4,3.14,3.77,-0.48
07:58:58.382,07:58:58.382,141878.042,0x8A,0x00,True,4,3.14,3.8,-0.43
07:59:28.383,07:59:28.383,141908.043,0x8A,0x00,True,4,3.17,3.81,-0.44
07:59:58.383,07:59:58.383,141938.043,0x8A,0x00,True,5,3.17,3.84,-0.48
08:00:28.378,08:00:28.378,141968.038,0x8A,0x00,True,4,3.16,3.8,-0.43
08:00:58.377,08:00:58.377,141998.037,0x8A,0x00,True,4,3.15,3.79,-0.48
08:01:28.367,08:01:28.367,142028.027,0x8A,0x00,True,4,3.19,3.76,-0.42
08:01:58.372,08:01:58.372,142058.032,0x8A,0x00,True,4,3.16,3.83,-0.48
08:02:28.372,08:02:28.372,142088.032,0x8A,0x00,True,4,3.19,3.8,-0.52
08:02:58.381,08:02:58.381,142118.041,0x8A,0x00,True,4,3.18,3.82,-0.46
08:03:28.386,08:03:28.386,142148.046,0x8A,0x00,True,4,3.2,3.78,-0.45
08:03:58.377,08:03:58.377,142178.037,0x8A,0x00,True,4,3.16,3.78,-0.44
08:04:28.383,08:04:28.383,142208.043,0x8A,0x00,True,4,3.14,3.79,-0.46
08:04:58.383,08:04:58.383,142238.043,0x8A,0x00,True,4,3.18,3.81,-0.44
08:05:28.388,08:05:28.388,142268.048,0x8A,0x00,True,5,3.19,3.84,-0.48
08:05:58.388,08:05:58.388,142298.048,0x8A,0x00,True,4,3.15,3.79,-0.47
08:06:28.388,08:06:28.388,142328.048,0x8A,0x00,True,4,3.15,3.81,-0.51
08:06:58.388,08:06:58.388,142358.048,0x8A,0x00,True,4,3.16,3.8,-0.52
08:07:28.387,08:07:28.387,142388.047,0x8A,0x00,True,5,3.21,3.83,-0.45
08:07:58.388,08:07:58.388,142418.048,0x8A,0x00,True,4,3.18,3.79,-0.49
08:08:28.393,08:08:28.393,142448.053,0x8A,0x00,True,4,3.13,3.77,-0.47
08:08:58.400,08:08:58.400,142478.06,0x8A,0x00,True,4,3.16,3.83,-0.49
08:09:28.393,08:09:28.393,142508.053,0x8A,0x00,True,4,3.16,3.81,-0.48
08:09:58.405,08:09:58.405,142538.065,0x8A,0x00,True,4,3.16,3.8,-0.49
08:10:28.393,08:10:28.393,142568.053,0x8A,0x00,True,4,3.15,3.82,-0.5
08:10:58.388,08:10:58.388,142598.048,0x8A,0x00,True,5,3.18,3.83,-0.54
08:11:28.387,08:11:28.387,142628.047,0x8A,0x00,True,4,3.14,3.81,-0.44
08:11:58.392,08:11:58.392,142658.052,0x8A,0x00,True,4,3.16,3.79,-0.5
08:12:28.387,08:12:28.387,142688.047,0x8A,0x00,True,4,3.14,3.8,-0.5
08:12:58.387,08:12:58.387,142718.047,0x8A,0x00,True,4,3.18,3.79,-0.47
08:13:28.387,08:13:28.387,142748.047,0x8A,0x00,True,4,3.18,3.8,-0.51
08:13:58.387,08:13:58.387,142778.047,0x8A,0x00,True,4,3.16,3.82,-0.44
08:14:28.392,08:14:28.392,142808.052,0x8A,0x00,True,4,3.17,3.81,-0.46
08:14:58.387,08:14:58.387,142838.047,0x8A,0x00,True,4,3.16,3.8,-0.52
08:15:28.387,08:15:28.387,142868.047,0x8A,0x00,True,4,3.15,3.83,-0.46
08:15:58.396,08:15:58.396,142898.056,0x8A,0x00,True,4,3.18,3.79,-0.5
08:16:28.393,08:16:28.393,142928.053,0x8A,0x00,True,4,3.15,3.79,-0.5
08:16:58.393,08:16:58.393,142958.053,0x8A,0x00,True,4,3.17,3.76,-0.45
08:17:28.405,08:17:28.405,142988.065,0x8A,0x00,True,5,3.16,3.84,-0.51
08:17:58.397,08:17:58.397,143018.057,0x8A,0x00,True,4,3.18,3.81,-0.5
08:18:28.402,08:18:28.402,143048.062,0x8A,0x00,True,4,3.13,3.76,-0.53
08:18:58.410,08:18:58.410,143078.07,0x8A,0x00,True,4,3.16,3.8,-0.49
08:19:28.402,08:19:28.402,143108.062,0x8A,0x00,True,5,3.17,3.83,-0.52
08:19:58.407,08:19:58.407,143138.067,0x8A,0x00,True,4,3.18,3.79,-0.52
08:20:28.407,08:20:28.407,143168.067,0x8A,0x00,True,4,3.16,3.78,-0.45
08:20:58.412,08:20:58.412,143198.072,0x8A,0x00,True,4,3.16,3.77,-0.48
08:21:28.407,08:21:28.407,143228.067,0x8A,0x00,True,4,3.16,3.83,-0.49
08:21:58.408,08:21:58.408,143258.068,0x8A,0x00,True,5,3.17,3.83,-0.47
08:22:28.412,08:22:28.412,143288.072,0x8A,0x00,True,4,3.14,3.8,-0.41
08:22:58.412,08:22:58.412,143318.072,0x8A,0x00,True,4,3.16,3.81,-0.52
08:23:28.412,08:23:28.412,143348.072,0x8A,0x00,True,4,3.17,3.81,-0.49
08:23:58.417,08:23:58.417,143378.077,0x8A,0x00,True,4,3.13,3.8,-0.48
08:24:28.402,08:24:28.402,143408.062,0x8A,0x00,True,4,3.17,3.8,-0.49
08:24:58.417,08:24:58.417,143438.077,0x8A,0x00,True,5,3.15,3.85,-0.49
08:25:28.417,08:25:28.417,143468.077,0x8A,0x00,True,4,3.17,3.77,-0.53
08:25:58.412,08:25:58.412,143498.072,0x8A,0x00,True,5,3.17,3.84,-0.47
08:26:28.431,08:26:28.431,143528.091,0x8A,0x00,True,4,3.17,3.83,-0.47
08:26:58.418,08:26:58.418,143558.078,0x8A,0x00,True,4,3.16,3.82,-0.44
08:27:28.420,08:27:28.420,143588.08,0x8A,0x00,True,4,3.15,3.79,-0.49
08:27:58.421,08:27:58.421,143618.081,0x8A,0x00,True,4,3.14,3.81,-0.55
08:28:28.428,08:28:28.428,143648.088,0x8A,0x00,True,4,3.17,3.81,-0.51
08:28:58.409,08:28:58.409,143678.069,0x8A,0x00,True,5,3.18,3.81,-0.54
08:29:28.427,08:29:28.427,143708.087,0x8A,0x00,True,4,3.17,3.77,-0.48
08:29:58.412,08:29:58.412,143738.072,0x8A,0x00,True,5,3.18,3.82,-0.53
08:30:28.422,08:30:28.422,143768.082,0x8A,0x00,True,4,3.12,3.8,-0.49
08:30:58.412,08:30:58.412,143798.072,0x8A,0x00,True,4,3.15,3.79,-0.54
08:31:28.431,08:31:28.431,143828.091,0x8A,0x00,True,4,3.18,3.81,-0.52
08:31:58.412,08:31:58.412,143858.072,0x8A,0x00,True,4,3.14,3.81,-0.52
08:32:28.407,08:32:28.407,143888.067,0x8A,0x00,True,4,3.15,3.8,-0.48
08:32:58.412,08:32:58.412,143918.072,0x8A,0x00,True,4,3.16,3.82,-0.41
08:33:28.417,08:33:28.417,143948.077,0x8A,0x00,True,4,3.16,3.78,-0.51
08:33:58.412,08:33:58.412,143978.072,0x8A,0x00,True,4,3.17,3.83,-0.46
08:34:28.418,08:34:28.418,144008.078,0x8A,0x00,True,4,3.13,3.77,-0.48
08:34:58.412,08:34:58.412,144038.072,0x8A,0x00,True,4,3.14,3.77,-0.48
08:35:28.420,08:35:28.420,144068.08,0x8A,0x00,True,4,3.15,3.82,-0.47
08:35:58.412,08:35:58.412,144098.072,0x8A,0x00,True,4,3.16,3.8,-0.46
08:36:28.422,08:36:28.422,144128.082,0x8A,0x00,True,4,3.13,3.8,-0.48
08:36:58.412,08:36:58.412,144158.072,0x8A,0x00,True,4,3.16,3.79,-0.43
08:37:28.422,08:37:28.422,144188.082,0x8A,0x00,True,4,3.15,3.81,-0.41
08:37:58.412,08:37:58.412,144218.072,0x8A,0x00,True,4,3.14,3.78,-0.48
08:38:28.418,08:38:28.418,144248.078,0x8A,0x00,True,4,3.15,3.84,-0.46
08:38:58.407,08:38:58.407,144278.067,0x8A,0x00,True,4,3.14,3.81,-0.46
08:39:28.417,08:39:28.417,144308.077,0x8A,0x00,True,4,3.12,3.8,-0.45
08:39:58.407,08:39:58.407,144338.067,0x8A,0x00,True,4,3.17,3.78,-0.44
08:40:28.417,08:40:28.417,144368.077,0x8A,0x00,True,4,3.16,3.82,-0.55
08:40:58.420,08:40:58.420,144398.08,0x8A,0x00,True,4,3.16,3.77,-0.51
08:41:28.412,08:41:28.412,144428.072,0x8A,0x00,True,4,3.17,3.8,-0.48
08:41:58.422,08:41:58.422,144458.082,0x8A,0x00,True,4,3.14,3.75,-0.46
08:42:28.422,08:42:28.422,144488.082,0x8A,0x00,True,4,3.18,3.81,-0.46
08:42:58.423,08:42:58.423,144518.083,0x8A,0x00,True,4,3.17,3.83,-0.42
08:43:28.433,08:43:28.433,144548.093,0x8A,0x00,True,4,3.14,3.78,-0.46
08:44:05.090,08:44:05.090,144584.75,0x8A,0x00,True,4,3.17,3.8,-0.46
08:44:28.463,08:44:28.463,144608.123,0x8A,0x00,True,4,3.17,3.83,-0.47
08:44:58.431,08:44:58.431,144638.091,0x8A,0x00,True,5,3.2,3.81,-0.5
08:45:28.487,08:45:28.487,144668.147,0x8A,0x00,True,4,3.12,3.8,-0.45
08:45:58.432,08:45:58.432,144698.092,0x8A,0x00,True,4,3.14,3.81,-0.49
08:46:28.467,08:46:28.467,144728.127,0x8A,0x00,True,4,3.17,3.77,-0.47
08:46:58.431,08:46:58.431,144758.091,0x8A,0x00,True,4,3.16,3.79,-0.5
08:47:28.467,08:47:28.467,144788.127,0x8A,0x00,True,4,3.19,3.8,-0.49
08:47:58.438,08:47:58.438,144818.098,0x8A,0x00,True,4,3.18,3.79,-0.44
08:48:28.431,08:48:28.431,144848.091,0x8A,0x00,True,4,3.15,3.81,-0.51
08:48:58.461,08:48:58.461,144878.121,0x8A,0x00,True,4,3.17,3.77,-0.45
08:49:28.431,08:49:28.431,144908.091,0x8A,0x00,True,4,3.17,3.81,-0.48
08:49:58.458,08:49:58.458,144938.118,0x8A,0x00,True,4,3.18,3.79,-0.42
08:50:28.471,08:50:28.471,144968.131,0x8A,0x00,True,4,3.16,3.8,-0.52
08:50:58.475,08:50:58.475,144998.135,0x8A,0x00,True,4,3.16,3.8,-0.49
08:51:28.473,08:51:28.473,145028.133,0x8A,0x00,True,4,3.13,3.81,-0.44
08:51:58.459,08:51:58.459,145058.119,0x8A,0x00,True,4,3.17,3.79,-0.43
08:52:28.485,08:52:28.485,145088.145,0x8A,0x00,True,4,3.14,3.82,-0.52
08:52:58.459,08:52:58.459,145118.119,0x8A,0x00,True,4,3.12,3.81,-0.54
08:53:28.479,08:53:28.479,145148.139,0x8A,0x00,True,4,3.13,3.81,-0.48
08:53:58.499,08:53:58.499,145178.159,0x8A,0x00,True,4,3.14,3.8,-0.46
08:54:28.471,08:54:28.471,145208.131,0x8A,0x00,True,4,3.18,3.81,-0.48
08:54:58.498,08:54:58.498,145238.158,0x8A,0x00,True,4,3.17,3.8,-0.46
08:55:28.507,08:55:28.507,145268.167,0x8A,0x00,True,4,3.16,3.77,-0.52
08:55:58.487,08:55:58.487,145298.147,0x8A,0x00,True,4,3.16,3.75,-0.49
08:56:28.479,08:56:28.479,145328.139,0x8A,0x00,True,4,3.14,3.82,-0.47
08:56:58.471,08:56:58.471,145358.131,0x8A,0x00,True,4,3.16,3.75,-0.48
08:57:28.471,08:57:28.471,145388.131,0x8A,0x00,True,4,3.13,3.78,-0.52
08:57:58.499,08:57:58.499,145418.159,0x8A,0x00,True,4,3.17,3.8,-0.48
08:58:28.498,08:58:28.498,145448.158,0x8A,0x00,True,4,3.17,3.79,-0.49
08:58:58.512,08:58:58.512,145478.172,0x8A,0x00,True,4,3.12,3.76,-0.47
08:59:28.510,08:59:28.510,145508.17,0x8A,0x00,True,4,3.2,3.78,-0.43
08:59:58.510,08:59:58.510,145538.17,0x8A,0x00,True,4,3.19,3.81,-0.44
09:00:28.519,09:00:28.519,145568.179,0x8A,0x00,True,5,3.2,3.83,-0.45
09:00:58.506,09:00:58.506,145598.166,0x8A,0x00,True,5,3.23,3.83,-0.41
09:01:28.510,09:01:28.510,145628.17,0x8A,0x00,True,5,3.18,3.84,-0.41
09:01:58.538,09:01:58.538,145658.198,0x8A,0x00,True,4,3.18,3.83,-0.39
09:02:28.510,09:02:28.510,145688.17,0x8A,0x00,True,5,3.18,3.84,-0.41
09:02:58.547,09:02:58.547,145718.207,0x8A,0x00,True,4,3.15,3.84,-0.47
09:03:28.510,09:03:28.510,145748.17,0x8A,0x00,True,5,3.19,3.83,-0.4
09:03:58.538,09:03:58.538,145778.198,0x8A,0x00,True,5,3.2,3.85,-0.41
09:04:28.512,09:04:28.512,145808.172,0x8A,0x00,True,5,3.19,3.85,-0.45
09:04:58.543,09:04:58.543,145838.203,0x8A,0x00,True,5,3.2,3.86,-0.42
09:05:28.510,09:05:28.510,145868.17,0x8A,0x00,True,5,3.2,3.81,-0.43
09:05:58.511,09:05:58.511,145898.171,0x8A,0x00,True,5,3.2,3.82,-0.39
09:06:28.510,09:06:28.510,145928.17,0x8A,0x00,True,5,3.18,3.87,-0.46
09:06:58.555,09:06:58.555,145958.215,0x8A,0x00,True,4,3.19,3.81,-0.39
09:07:28.510,09:07:28.510,145988.17,0x8A,0x00,True,5,3.21,3.87,-0.44
09:07:58.550,09:07:58.550,146018.21,0x8A,0x00,True,5,3.19,3.84,-0.4
09:08:28.510,09:08:28.510,146048.17,0x8A,0x00,True,5,3.2,3.85,-0.44
09:08:58.511,09:08:58.511,146078.171,0x8A,0x00,True,4,3.16,3.84,-0.41
09:09:28.510,09:09:28.510,146108.17,0x8A,0x00,True,5,3.2,3.83,-0.49
09:09:58.551,09:09:58.551,146138.211,0x8A,0x00,True,5,3.21,3.86,-0.43
09:10:28.539,09:10:28.539,146168.199,0x8A,0x00,True,5,3.21,3.82,-0.44
09:10:58.551,09:10:58.551,146198.211,0x8A,0x00,True,5,3.2,3.88,-0.39
09:11:28.510,09:11:28.510,146228.17,0x8A,0x00,True,4,3.18,3.81,-0.46
09:11:58.538,09:11:58.538,146258.198,0x8A,0x00,True,5,3.19,3.88,-0.47
09:12:28.555,09:12:28.555,146288.215,0x8A,0x00,True,5,3.17,3.84,-0.39
09:12:58.510,09:12:58.510,146318.17,0x8A,0x00,True,5,3.19,3.84,-0.45
09:13:28.522,09:13:28.522,146348.182,0x8A,0x00,True,5,3.18,3.87,-0.47
09:13:58.559,09:13:58.559,146378.219,0x8A,0x00,True,5,3.2,3.85,-0.37
09:14:28.519,09:14:28.519,146408.179,0x8A,0x00,True,5,3.2,3.81,-0.43
09:14:58.519,09:14:58.519,146438.179,0x8A,0x00,True,5,3.2,3.85,-0.41
09:15:28.510,09:15:28.510,146468.17,0x8A,0x00,True,5,3.18,3.84,-0.39
09:15:58.511,09:15:58.511,146498.171,0x8A,0x00,True,4,3.16,3.83,-0.42
09:16:28.519,09:16:28.519,146528.179,0x8A,0x00,True,5,3.19,3.82,-0.42
09:16:58.498,09:16:58.498,146558.158,0x8A,0x00,True,5,3.2,3.87,-0.41
09:17:28.498,09:17:28.498,146588.158,0x8A,0x00,True,5,3.2,3.83,-0.47
09:17:58.510,09:17:58.510,146618.17,0x8A,0x00,True,5,3.22,3.85,-0.37
09:18:28.511,09:18:28.511,146648.171,0x8A,0x00,True,5,3.18,3.89,-0.39
09:18:58.510,09:18:58.510,146678.17,0x8A,0x00,True,4,3.17,3.82,-0.41
09:19:28.519,09:19:28.519,146708.179,0x8A,0x00,True,5,3.2,3.83,-0.42
09:19:58.478,09:19:58.478,146738.138,0x8A,0x00,True,4,3.19,3.81,-0.41
09:20:28.500,09:20:28.500,146768.16,0x8A,0x00,True,5,3.21,3.81,-0.41
09:20:58.470,09:20:58.470,146798.13,0x8A,0x00,True,5,3.19,3.83,-0.47
09:21:28.498,09:21:28.498,146828.158,0x8A,0x00,True,5,3.21,3.84,-0.46
09:21:58.510,09:21:58.510,146858.17,0x8A,0x00,True,5,3.22,3.84,-0.39
09:22:28.498,09:22:28.498,146888.158,0x8A,0x00,True,5,3.19,3.83,-0.47
09:22:58.498,09:22:58.498,146918.158,0x8A,0x00,True,4,3.18,3.79,-0.4
09:23:28.470,09:23:28.470,146948.13,0x8A,0x00,True,5,3.23,3.83,-0.41
09:23:58.470,09:23:58.470,146978.13,0x8A,0x00,True,4,3.18,3.83,-0.38
09:24:28.471,09:24:28.471,147008.131,0x8A,0x00,True,5,3.17,3.84,-0.43
09:24:58.471,09:24:58.471,147038.131,0x8A,0x00,True,4,3.15,3.84,-0.42
09:25:28.471,09:25:28.471,147068.131,0x8A,0x00,True,4,3.19,3.8,-0.42
09:25:58.470,09:25:58.470,147098.13,0x8A,0x00,True,5,3.2,3.82,-0.42
09:26:28.498,09:26:28.498,147128.158,0x8A,0x00,True,5,3.2,3.83,-0.45
09:26:58.470,09:26:58.470,147158.13,0x8A,0x00,True,4,3.18,3.8,-0.49
09:27:28.475,09:27:28.475,147188.135,0x8A,0x00,True,5,3.2,3.83,-0.42
09:27:58.498,09:27:58.498,147218.158,0x8A,0x00,True,4,3.17,3.79,-0.44
09:28:28.470,09:28:28.470,147248.13,0x8A,0x00,True,4,3.18,3.83,-0.36
09:28:58.471,09:28:58.471,147278.131,0x8A,0x00,True,4,3.16,3.78,-0.48
09:29:28.470,09:29:28.470,147308.13,0x8A,0x00,True,4,3.2,3.79,-0.48
09:29:58.498,09:29:58.498,147338.158,0x8A,0x00,True,4,3.2,3.78,-0.44
09:30:28.498,09:30:28.498,147368.158,0x8A,0x00,True,5,3.2,3.84,-0.42
09:30:58.470,09:30:58.470,147398.13,0x8A,0x00,True,5,3.21,3.85,-0.43
09:31:28.526,09:31:28.526,147428.186,0x8A,0x00,True,4,3.2,3.8,-0.44
09:31:58.502,09:31:58.502,147458.162,0x8A,0x00,True,5,3.21,3.82,-0.41
09:32:28.470,09:32:28.470,147488.13,0x8A,0x00,True,4,3.18,3.82,-0.42
09:32:58.500,09:32:58.500,147518.16,0x8A,0x00,True,5,3.18,3.83,-0.41
09:33:28.498,09:33:28.498,147548.158,0x8A,0x00,True,5,3.23,3.83,-0.5
09:33:58.472,09:33:58.472,147578.132,0x8A,0x00,True,4,3.17,3.82,-0.47
09:34:28.500,09:34:28.500,147608.16,0x8A,0x00,True,5,3.22,3.83,-0.42
09:34:58.506,09:34:58.506,147638.166,0x8A,0x00,True,5,3.23,3.8,-0.42
09:35:31.280,09:35:31.280,147670.94,0x8A,0x00,True,5,3.19,3.83,-0.42
09:35:58.513,09:35:58.513,147698.173,0x8A,0x00,True,5,3.21,3.83,-0.37
09:36:28.511,09:36:28.511,147728.171,0x8A,0x00,True,5,3.21,3.82,-0.43
09:36:58.512,09:36:58.512,147758.172,0x8A,0x00,True,5,3.22,3.84,-0.45
09:37:28.519,09:37:28.519,147788.179,0x8A,0x00,True,4,3.18,3.81,-0.42
09:37:58.511,09:37:58.511,147818.171,0x8A,0x00,True,5,3.22,3.81,-0.45
09:38:28.511,09:38:28.511,147848.171,0x8A,0x00,True,4,3.17,3.83,-0.41
09:38:58.520,09:38:58.520,147878.18,0x8A,0x00,True,5,3.21,3.83,-0.39
09:39:28.511,09:39:28.511,147908.171,0x8A,0x00,True,5,3.23,3.84,-0.42
09:39:58.511,09:39:58.511,147938.171,0x8A,0x00,True,5,3.22,3.83,-0.39
09:40:28.480,09:40:28.480,147968.14,0x8A,0x00,True,5,3.22,3.83,-0.43
09:40:58.520,09:40:58.520,147998.18,0x8A,0x00,True,4,3.22,3.79,-0.43
09:41:28.512,09:41:28.512,148028.172,0x8A,0x00,True,5,3.21,3.84,-0.49
09:41:58.520,09:41:58.520,148058.18,0x8A,0x00,True,5,3.19,3.86,-0.44
09:42:28.512,09:42:28.512,148088.172,0x8A,0x00,True,5,3.21,3.83,-0.41
09:42:58.522,09:42:58.522,148118.182,0x8A,0x00,True,4,3.18,3.79,-0.42
09:43:28.520,09:43:28.520,148148.18,0x8A,0x00,True,4,3.19,3.81,-0.43
09:43:58.511,09:43:58.511,148178.171,0x8A,0x00,True,4,3.2,3.8,-0.41
09:44:28.478,09:44:28.478,148208.138,0x8A,0x00,True,4,3.18,3.83,-0.39
09:44:58.479,09:44:58.479,148238.139,0x8A,0x00,True,5,3.18,3.83,-0.41
09:45:28.471,09:45:28.471,148268.131,0x8A,0x00,True,4,3.19,3.8,-0.41
09:45:58.479,09:45:58.479,148298.139,0x8A,0x00,True,4,3.18,3.8,-0.4
09:46:28.511,09:46:28.511,148328.171,0x8A,0x00,True,4,3.19,3.81,-0.42
09:46:58.479,09:46:58.479,148358.139,0x8A,0x00,True,5,3.18,3.83,-0.42
09:47:28.495,09:47:28.495,148388.155,0x8A,0x00,True,5,3.21,3.85,-0.43
09:47:58.519,09:47:58.519,148418.179,0x8A,0x00,True,5,3.24,3.8,-0.43
09:48:28.472,09:48:28.472,148448.132,0x8A,0x00,True,5,3.21,3.81,-0.42
09:48:58.480,09:48:58.480,148478.14,0x8A,0x00,True,5,3.2,3.82,-0.37
09:49:28.511,09:49:28.511,148508.171,0x8A,0x00,True,5,3.21,3.82,-0.39
09:49:58.512,09:49:58.512,148538.172,0x8A,0x00,True,5,3.18,3.84,-0.42
09:50:28.479,09:50:28.479,148568.139,0x8A,0x00,True,5,3.21,3.8,-0.44
09:50:58.472,09:50:58.472,148598.132,0x8A,0x00,True,5,3.19,3.83,-0.45
09:51:28.472,09:51:28.472,148628.132,0x8A,0x00,True,5,3.2,3.82,-0.39
09:51:58.479,09:51:58.479,148658.139,0x8A,0x00,True,4,3.15,3.81,-0.41
09:52:28.432,09:52:28.432,148688.092,0x8A,0x00,True,5,3.21,3.84,-0.39
09:52:58.439,09:52:58.439,148718.099,0x8A,0x00,True,4,3.18,3.8,-0.38
09:53:28.481,09:53:28.481,148748.141,0x8A,0x00,True,5,3.2,3.82,-0.46
09:53:58.432,09:53:58.432,148778.092,0x8A,0x00,True,4,3.17,3.8,-0.42
09:54:28.479,09:54:28.479,148808.139,0x8A,0x00,True,5,3.2,3.83,-0.44
09:54:58.432,09:54:58.432,148838.092,0x8A,0x00,True,4,3.18,3.79,-0.41
09:55:28.471,09:55:28.471,148868.131,0x8A,0x00,True,5,3.2,3.83,-0.45
09:55:58.431,09:55:58.431,148898.091,0x8A,0x00,True,4,3.18,3.79,-0.41
09:56:28.432,09:56:28.432,148928.092,0x8A,0x00,True,4,3.18,3.78,-0.45
09:56:58.432,09:56:58.432,148958.092,0x8A,0x00,True,5,3.2,3.84,-0.43
09:57:28.471,09:57:28.471,148988.131,0x8A,0x00,True,5,3.19,3.81,-0.47
09:57:58.432,09:57:58.432,149018.092,0x8A,0x00,True,5,3.2,3.83,-0.46
09:58:28.472,09:58:28.472,149048.132,0x8A,0x00,True,5,3.2,3.87,-0.44
09:58:58.431,09:58:58.431,149078.091,0x8A,0x00,True,4,3.21,3.79,-0.4
09:59:28.494,09:59:28.494,149108.154,0x8A,0x00,True,5,3.21,3.82,-0.39
09:59:58.433,09:59:58.433,149138.093,0x8A,0x00,True,5,3.21,3.81,-0.38
10:00:28.430,10:00:28.430,149168.09,0x8A,0x00,True,5,3.19,3.82,-0.41
10:00:58.440,10:00:58.440,149198.1,0x8A,0x00,True,4,3.16,3.79,-0.43
10:01:28.479,10:01:28.479,149228.139,0x8A,0x00,True,4,3.15,3.8,-0.45
10:01:58.431,10:01:58.431,149258.091,0x8A,0x00,True,4,3.16,3.76,-0.5
10:02:28.431,10:02:28.431,149288.091,0x8A,0x00,True,4,3.16,3.79,-0.46
10:02:58.479,10:02:58.479,149318.139,0x8A,0x00,True,4,3.13,3.8,-0.5
10:03:28.431,10:03:28.431,149348.091,0x8A,0x00,True,4,3.16,3.78,-0.46
10:03:58.431,10:03:58.431,149378.091,0x8A,0x00,True,4,3.14,3.79,-0.49
10:04:28.430,10:04:28.430,149408.09,0x8A,0x00,True,5,3.21,3.8,-0.49
10:04:58.430,10:04:58.430,149438.09,0x8A,0x00,True,4,3.16,3.77,-0.48
10:05:28.437,10:05:28.437,149468.097,0x8A,0x00,True,5,3.22,3.79,-0.48
10:05:58.430,10:05:58.430,149498.09,0x8A,0x00,True,4,3.16,3.79,-0.42
10:06:28.438,10:06:28.438,149528.098,0x8A,0x00,True,5,3.2,3.83,-0.45
10:06:58.433,10:06:58.433,149558.093,0x8A,0x00,True,4,3.17,3.79,-0.42
10:07:28.495,10:07:28.495,149588.155,0x8A,0x00,True,4,3.16,3.79,-0.54
10:07:58.432,10:07:58.432,149618.092,0x8A,0x00,True,4,3.17,3.81,-0.52
10:08:28.431,10:08:28.431,149648.091,0x8A,0x00,True,4,3.13,3.78,-0.51
10:08:58.438,10:08:58.438,149678.098,0x8A,0x00,True,4,3.18,3.79,-0.46
10:09:28.470,10:09:28.470,149708.13,0x8A,0x00,True,4,3.16,3.83,-0.47
10:09:58.430,10:09:58.430,149738.09,0x8A,0x00,True,4,3.17,3.79,-0.49
11:29:58.576,11:29:58.576,154538.236,0x8A,0x00,True,4,3.14,3.78,-0.46
11:30:28.563,11:30:28.563,154568.223,0x8A,0x00,True,4,3.17,3.77,-0.48
11:30:58.573,11:30:58.573,154598.233,0x8A,0x00,True,4,3.17,3.77,-0.48
11:31:28.563,11:31:28.563,154628.223,0x8A,0x00,True,4,3.18,3.77,-0.5
11:31:58.564,11:31:58.564,154658.224,0x8A,0x00,True,4,3.14,3.79,-0.51
11:32:28.564,11:32:28.564,154688.224,0x8A,0x00,True,4,3.16,3.77,-0.51
11:32:58.605,11:32:58.605,154718.265,0x8A,0x00,True,4,3.16,3.77,-0.43
11:33:28.563,11:33:28.563,154748.223,0x8A,0x00,True,4,3.17,3.79,-0.47
11:33:58.576,11:33:58.576,154778.236,0x8A,0x00,True,5,3.16,3.85,-0.47
11:34:28.563,11:34:28.563,154808.223,0x8A,0x00,True,5,3.18,3.84,-0.5
11:34:58.585,11:34:58.585,154838.245,0x8A,0x00,True,4,3.15,3.79,-0.48
11:35:28.563,11:35:28.563,154868.223,0x8A,0x00,True,4,3.17,3.77,-0.44
11:35:58.576,11:35:58.576,154898.236,0x8A,0x00,True,4,3.16,3.79,-0.51
11:36:28.603,11:36:28.603,154928.263,0x8A,0x00,True,4,3.17,3.8,-0.48
11:36:58.587,11:36:58.587,154958.247,0x8A,0x00,True,4,3.17,3.81,-0.49
11:37:28.577,11:37:28.577,154988.237,0x8A,0x00,True,4,3.19,3.8,-0.45
11:37:58.576,11:37:58.576,155018.236,0x8A,0x00,True,5,3.05,3.99,-0.57
11:38:28.603,11:38:28.603,155048.263,0x8A,0x00,True,5,3.05,4.0,-0.51
11:38:58.604,11:38:58.604,155078.264,0x8A,0x00,True,5,3.03,4.0,-0.59
11:39:28.604,11:39:28.604,155108.264,0x8A,0x00,True,5,3.06,3.98,-0.56
11:39:58.604,11:39:58.604,155138.264,0x8A,0x00,True,5,3.05,3.99,-0.56
11:40:28.575,11:40:28.575,155168.235,0x8A,0x00,True,5,3.06,3.99,-0.54
11:40:58.616,11:40:58.616,155198.276,0x8A,0x00,True,5,3.06,4.0,-0.56
11:41:28.604,11:41:28.604,155228.264,0x8A,0x00,True,5,3.04,3.99,-0.54
11:41:58.616,11:41:58.616,155258.276,0x8A,0x00,True,5,3.06,4.0,-0.53
11:42:28.645,11:42:28.645,155288.305,0x8A,0x00,True,5,3.09,4.01,-0.57
11:42:58.619,11:42:58.619,155318.279,0x8A,0x00,True,5,3.08,3.99,-0.53
11:43:28.644,11:43:28.644,155348.304,0x8A,0x00,True,5,3.11,3.99,-0.56
11:53:20.217,11:53:20.217,155939.877,0x8A,0x00,True,4,3.13,3.81,-0.48
11:53:50.202,11:53:50.202,155969.862,0x8A,0x00,True,4,3.15,3.81,-0.46
11:54:20.182,11:54:20.182,155999.842,0x8A,0x00,True,5,3.16,3.84,-0.44
11:54:50.177,11:54:50.177,156029.837,0x8A,0x00,True,4,3.14,3.8,-0.52
11:55:20.187,11:55:20.187,156059.847,0x8A,0x00,True,4,3.15,3.79,-0.48
11:55:50.172,11:55:50.172,156089.832,0x8A,0x00,True,4,3.14,3.79,-0.51
11:56:20.167,11:56:20.167,156119.827,0x8A,0x00,True,4,3.16,3.76,-0.45
11:56:50.182,11:56:50.182,156149.842,0x8A,0x00,True,4,3.17,3.77,-0.45
11:57:20.182,11:57:20.182,156179.842,0x8A,0x00,True,4,3.14,3.81,-0.5
11:57:50.182,11:57:50.182,156209.842,0x8A,0x00,True,4,3.19,3.78,-0.5
11:58:20.183,11:58:20.183,156239.843,0x8A,0x00,True,4,3.19,3.8,-0.49
11:58:50.182,11:58:50.182,156269.842,0x8A,0x00,True,4,3.15,3.75,-0.47
11:59:20.182,11:59:20.182,156299.842,0x8A,0x00,True,4,3.18,3.78,-0.48
11:59:50.182,11:59:50.182,156329.842,0x8A,0x00,True,4,3.15,3.77,-0.5
12:00:20.182,12:00:20.182,156359.842,0x8A,0x00,True,4,3.16,3.79,-0.47
12:00:50.187,12:00:50.187,156389.847,0x8A,0x00,True,4,3.14,3.76,-0.5
12:01:20.186,12:01:20.186,156419.846,0x8A,0x00,True,4,3.17,3.76,-0.5
12:01:50.187,12:01:50.187,156449.847,0x8A,0x00,True,4,3.17,3.79,-0.49
12:02:20.183,12:02:20.183,156479.843,0x8A,0x00,True,4,3.16,3.77,-0.42
12:02:50.196,12:02:50.196,156509.856,0x8A,0x00,True,4,3.17,3.77,-0.5
12:03:20.192,12:03:20.192,156539.852,0x8A,0x00,True,4,3.16,3.81,-0.47
12:03:50.191,12:03:50.191,156569.851,0x8A,0x00,True,4,3.17,3.75,-0.47
12:04:20.191,12:04:20.191,156599.851,0x8A,0x00,True,4,3.18,3.77,-0.45
12:04:50.191,12:04:50.191,156629.851,0x8A,0x00,True,4,3.19,3.76,-0.48
12:05:20.202,12:05:20.202,156659.862,0x8A,0x00,True,4,3.14,3.8,-0.47
12:05:50.212,12:05:50.212,156689.872,0x8A,0x00,True,4,3.16,3.84,-0.47
12:06:20.202,12:06:20.202,156719.862,0x8A,0x00,True,4,3.16,3.77,-0.49
12:06:50.217,12:06:50.217,156749.877,0x8A,0x00,True,4,3.18,3.78,-0.53
12:07:20.212,12:07:20.212,156779.872,0x8A,0x00,True,4,3.11,3.8,-0.46
12:07:50.212,12:07:50.212,156809.872,0x8A,0x00,True,4,3.18,3.82,-0.44
12:08:20.222,12:08:20.222,156839.882,0x8A,0x00,True,4,3.15,3.82,-0.47
12:08:50.227,12:08:50.227,156869.887,0x8A,0x00,True,4,3.16,3.79,-0.52
12:09:20.222,12:09:20.222,156899.882,0x8A,0x00,True,4,3.2,3.79,-0.47
12:09:50.271,12:09:50.271,156929.931,0x8A,0x00,True,4,3.17,3.78,-0.45
12:10:20.236,12:10:20.236,156959.896,0x8A,0x00,True,4,3.16,3.8,-0.47
12:10:50.242,12:10:50.242,156989.902,0x8A,0x00,True,4,3.17,3.78,-0.5
12:11:20.247,12:11:20.247,157019.907,0x8A,0x00,True,4,3.15,3.8,-0.47
12:11:50.252,12:11:50.252,157049.912,0x8A,0x00,True,4,3.18,3.8,-0.47
12:12:20.252,12:12:20.252,157079.912,0x8A,0x00,True,4,3.16,3.77,-0.46
12:12:50.257,12:12:50.257,157109.917,0x8A,0x00,True,4,3.15,3.81,-0.42
12:13:20.247,12:13:20.247,157139.907,0x8A,0x00,True,4,3.18,3.77,-0.49
12:13:50.270,12:13:50.270,157169.93,0x8A,0x00,True,4,3.13,3.8,-0.48
12:14:20.267,12:14:20.267,157199.927,0x8A,0x00,True,4,3.15,3.75,-0.46
12:14:50.268,12:14:50.268,157229.928,0x8A,0x00,True,4,3.2,3.77,-0.51
12:15:20.272,12:15:20.272,157259.932,0x8A,0x00,True,4,3.17,3.76,-0.45
12:15:50.262,12:15:50.262,157289.922,0x8A,0x00,True,4,3.18,3.8,-0.46
12:16:20.273,12:16:20.273,157319.933,0x8A,0x00,True,4,3.17,3.8,-0.49
12:16:50.271,12:16:50.271,157349.931,0x8A,0x00,True,4,3.16,3.78,-0.49
12:17:20.271,12:17:20.271,157379.931,0x8A,0x00,True,4,3.16,3.83,-0.47
12:17:50.276,12:17:50.276,157409.936,0x8A,0x00,True,4,3.15,3.83,-0.48
12:18:20.292,12:18:20.292,157439.952,0x8A,0x00,True,4,3.16,3.78,-0.45
12:18:50.282,12:18:50.282,157469.942,0x8A,0x00,True,4,3.18,3.81,-0.47
12:19:20.302,12:19:20.302,157499.962,0x8A,0x00,True,4,3.14,3.79,-0.45
12:19:50.300,12:19:50.300,157529.96,0x8A,0x00,True,4,3.15,3.8,-0.47
12:20:20.319,12:20:20.319,157559.979,0x8A,0x00,True,4,3.17,3.77,-0.45
12:20:50.316,12:20:50.316,157589.976,0x8A,0x00,True,4,3.16,3.81,-0.49
12:21:20.327,12:21:20.327,157619.987,0x8A,0x00,True,4,3.15,3.76,-0.45
12:21:50.348,12:21:50.348,157650.008,0x8A,0x00,True,4,3.17,3.75,-0.47
12:22:20.337,12:22:20.337,157679.997,0x8A,0x00,True,4,3.15,3.77,-0.46
12:22:50.342,12:22:50.342,157710.002,0x8A,0x00,True,4,3.17,3.8,-0.57
12:23:20.342,12:23:20.342,157740.002,0x8A,0x00,True,4,3.16,3.82,-0.49
12:23:50.364,12:23:50.364,157770.024,0x8A,0x00,True,4,3.14,3.76,-0.41
12:24:20.352,12:24:20.352,157800.012,0x8A,0x00,True,4,3.14,3.79,-0.46
12:24:50.367,12:24:50.367,157830.027,0x8A,0x00,True,4,3.14,3.78,-0.5
12:25:20.357,12:25:20.357,157860.017,0x8A,0x00,True,4,3.14,3.79,-0.49
12:25:50.390,12:25:50.390,157890.05,0x8A,0x00,True,5,3.17,3.85,-0.51
12:26:20.381,12:26:20.381,157920.041,0x8A,0x00,True,4,3.13,3.76,-0.49
12:26:50.372,12:26:50.372,157950.032,0x8A,0x00,True,4,3.13,3.76,-0.47
12:27:20.392,12:27:20.392,157980.052,0x8A,0x00,True,4,3.14,3.8,-0.49
12:27:50.402,12:27:50.402,158010.062,0x8A,0x00,True,4,3.14,3.79,-0.52
12:28:20.406,12:28:20.406,158040.066,0x8A,0x00,True,4,3.14,3.79,-0.43
12:28:50.417,12:28:50.417,158070.077,0x8A,0x00,True,4,3.16,3.77,-0.47
12:29:20.427,12:29:20.427,158100.087,0x8A,0x00,True,4,3.14,3.79,-0.47
12:29:50.430,12:29:50.430,158130.09,0x8A,0x00,True,4,3.13,3.77,-0.5
12:30:20.427,12:30:20.427,158160.087,0x8A,0x00,True,4,3.15,3.81,-0.46
12:30:50.437,12:30:50.437,158190.097,0x8A,0x00,True,4,3.18,3.79,-0.49
12:31:20.457,12:31:20.457,158220.117,0x8A,0x00,True,4,3.13,3.76,-0.45
12:31:50.467,12:31:50.467,158250.127,0x8A,0x00,True,4,3.13,3.76,-0.45
12:32:20.470,12:32:20.470,158280.13,0x8A,0x00,True,4,3.14,3.83,-0.45
12:32:50.481,12:32:50.481,158310.141,0x8A,0x00,True,4,3.16,3.77,-0.48
12:33:20.486,12:33:20.486,158340.146,0x8A,0x00,True,4,3.16,3.83,-0.47
12:33:50.491,12:33:50.491,158370.151,0x8A,0x00,True,5,3.2,3.81,-0.45
12:34:20.497,12:34:20.497,158400.157,0x8A,0x00,True,4,3.13,3.8,-0.46
12:34:50.492,12:34:50.492,158430.152,0x8A,0x00,True,4,3.18,3.78,-0.46
12:35:20.502,12:35:20.502,158460.162,0x8A,0x00,True,4,3.15,3.77,-0.43
12:35:50.507,12:35:50.507,158490.167,0x8A,0x00,True,4,3.15,3.76,-0.53
12:36:20.502,12:36:20.502,158520.162,0x8A,0x00,True,4,3.17,3.79,-0.49
12:36:50.502,12:36:50.502,158550.162,0x8A,0x00,True,4,3.16,3.77,-0.51
12:37:20.507,12:37:20.507,158580.167,0x8A,0x00,True,4,3.18,3.78,-0.47
12:37:50.521,12:37:50.521,158610.181,0x8A,0x00,True,4,3.17,3.77,-0.46
12:38:20.512,12:38:20.512,158640.172,0x8A,0x00,True,4,3.14,3.83,-0.46
12:38:50.512,12:38:50.512,158670.172,0x8A,0x00,True,4,3.15,3.77,-0.48
12:39:20.517,12:39:20.517,158700.177,0x8A,0x00,True,4,3.15,3.78,-0.46
12:39:50.526,12:39:50.526,158730.186,0x8A,0x00,True,4,3.12,3.8,-0.49
12:40:20.517,12:40:20.517,158760.177,0x8A,0x00,True,4,3.17,3.79,-0.44
12:40:50.532,12:40:50.532,158790.192,0x8A,0x00,True,5,3.19,3.81,-0.49
12:41:20.535,12:41:20.535,158820.195,0x8A,0x00,True,4,3.13,3.79,-0.51
12:41:50.537,12:41:50.537,158850.197,0x8A,0x00,True,4,3.2,3.77,-0.5
12:42:20.526,12:42:20.526,158880.186,0x8A,0x00,True,4,3.16,3.77,-0.42
12:42:50.537,12:42:50.537,158910.197,0x8A,0x00,True,4,3.17,3.76,-0.51
12:43:20.552,12:43:20.552,158940.212,0x8A,0x00,True,4,3.19,3.8,-0.46
12:43:50.552,12:43:50.552,158970.212,0x8A,0x00,True,4,3.16,3.78,-0.47
12:44:20.552,12:44:20.552,159000.212,0x8A,0x00,True,4,3.18,3.79,-0.46
12:44:50.561,12:44:50.561,159030.221,0x8A,0x00,True,4,3.16,3.75,-0.43
12:45:20.552,12:45:20.552,159060.212,0x8A,0x00,True,4,3.22,3.77,-0.48
12:45:50.566,12:45:50.566,159090.226,0x8A,0x00,True,4,3.18,3.79,-0.48
12:46:20.577,12:46:20.577,159120.237,0x8A,0x00,True,4,3.15,3.79,-0.52
12:46:50.573,12:46:50.573,159150.233,0x8A,0x00,True,4,3.14,3.77,-0.46
12:47:20.578,12:47:20.578,159180.238,0x8A,0x00,True,4,3.16,3.78,-0.51
12:47:50.583,12:47:50.583,159210.243,0x8A,0x00,True,4,3.18,3.78,-0.5
12:48:20.583,12:48:20.583,159240.243,0x8A,0x00,True,4,3.18,3.77,-0.45
12:48:50.583,12:48:50.583,159270.243,0x8A,0x00,True,4,3.16,3.77,-0.48
12:49:20.588,12:49:20.588,159300.248,0x8A,0x00,True,4,3.15,3.79,-0.48
12:49:50.583,12:49:50.583,159330.243,0x8A,0x00,True,4,3.14,3.77,-0.45
12:50:20.583,12:50:20.583,159360.243,0x8A,0x00,True,4,3.18,3.8,-0.46
12:50:50.583,12:50:50.583,159390.243,0x8A,0x00,True,4,3.16,3.83,-0.46
12:51:20.591,12:51:20.591,159420.251,0x8A,0x00,True,5,3.16,3.84,-0.45
12:51:50.568,12:51:50.568,159450.228,0x8A,0x00,True,4,3.18,3.77,-0.54
12:52:20.583,12:52:20.583,159480.243,0x8A,0x00,True,4,3.14,3.77,-0.44
12:52:50.583,12:52:50.583,159510.243,0x8A,0x00,True,4,3.15,3.79,-0.5
12:53:20.588,12:53:20.588,159540.248,0x8A,0x00,True,5,3.18,3.83,-0.45
12:53:50.578,12:53:50.578,159570.238,0x8A,0x00,True,4,3.16,3.79,-0.42
12:54:20.578,12:54:20.578,159600.238,0x8A,0x00,True,4,3.18,3.75,-0.53
12:54:50.578,12:54:50.578,159630.238,0x8A,0x00,True,4,3.16,3.8,-0.45
12:55:20.578,12:55:20.578,159660.238,0x8A,0x00,True,4,3.16,3.8,-0.5
12:55:50.583,12:55:50.583,159690.243,0x8A,0x00,True,4,3.17,3.76,-0.53
12:56:20.577,12:56:20.577,159720.237,0x8A,0x00,True,4,3.18,3.77,-0.45
12:56:50.586,12:56:50.586,159750.246,0x8A,0x00,True,5,3.2,3.81,-0.5
12:57:20.588,12:57:20.588,159780.248,0x8A,0x00,True,4,3.15,3.76,-0.48
12:57:50.583,12:57:50.583,159810.243,0x8A,0x00,True,4,3.15,3.78,-0.45
12:58:20.596,12:58:20.596,159840.256,0x8A,0x00,True,4,3.2,3.8,-0.5
12:58:50.573,12:58:50.573,159870.233,0x8A,0x00,True,4,3.17,3.79,-0.46
12:59:20.602,12:59:20.602,159900.262,0x8A,0x00,True,4,3.15,3.78,-0.45
12:59:50.588,12:59:50.588,159930.248,0x8A,0x00,True,4,3.18,3.8,-0.47
13:00:20.598,13:00:20.598,159960.258,0x8A,0x00,True,4,3.15,3.77,-0.47
13:00:50.583,13:00:50.583,159990.243,0x8A,0x00,True,4,3.15,3.77,-0.45
13:01:20.608,13:01:20.608,160020.268,0x8A,0x00,True,4,3.19,3.8,-0.49
13:01:50.598,13:01:50.598,160050.258,0x8A,0x00,True,4,3.19,3.79,-0.5
13:02:20.613,13:02:20.613,160080.273,0x8A,0x00,True,5,3.17,3.82,-0.52
13:02:50.603,13:02:50.603,160110.263,0x8A,0x00,True,4,3.16,3.78,-0.45
13:03:20.623,13:03:20.623,160140.283,0x8A,0x00,True,4,3.17,3.78,-0.51
13:03:50.618,13:03:50.618,160170.278,0x8A,0x00,True,4,3.19,3.78,-0.46
13:04:20.638,13:04:20.638,160200.298,0x8A,0x00,True,4,3.17,3.74,-0.5
13:04:50.648,13:04:50.648,160230.308,0x8A,0x00,True,4,3.17,3.8,-0.46
13:05:20.653,13:05:20.653,160260.313,0x8A,0x00,True,4,3.13,3.74,-0.49
13:05:50.657,13:05:50.657,160290.317,0x8A,0x00,True,4,3.16,3.79,-0.51
13:06:20.663,13:06:20.663,160320.323,0x8A,0x00,True,4,3.13,3.77,-0.45
13:06:50.678,13:06:50.678,160350.338,0x8A,0x00,True,4,3.18,3.79,-0.47
13:07:20.673,13:07:20.673,160380.333,0x8A,0x00,True,4,3.18,3.8,-0.48
13:07:50.683,13:07:50.683,160410.343,0x8A,0x00,True,4,3.14,3.75,-0.47
13:08:20.692,13:08:20.692,160440.352,0x8A,0x00,True,4,3.15,3.77,-0.48
13:08:50.718,13:08:50.718,160470.378,0x8A,0x00,True,4,3.16,3.8,-0.46
13:09:20.729,13:09:20.729,160500.389,0x8A,0x00,True,4,3.16,3.81,-0.47
13:09:50.751,13:09:50.751,160530.411,0x8A,0x00,True,4,3.17,3.77,-0.44
13:10:20.747,13:10:20.747,160560.407,0x8A,0x00,True,4,3.17,3.76,-0.47
13:10:50.762,13:10:50.762,160590.422,0x8A,0x00,True,4,3.18,3.78,-0.4
13:11:20.782,13:11:20.782,160620.442,0x8A,0x00,True,4,3.2,3.77,-0.44
13:11:50.802,13:11:50.802,160650.462,0x8A,0x00,True,4,3.14,3.76,-0.48
13:12:20.802,13:12:20.802,160680.462,0x8A,0x00,True,4,3.17,3.76,-0.5
13:12:50.821,13:12:50.821,160710.481,0x8A,0x00,True,4,3.17,3.77,-0.51
13:13:20.830,13:13:20.830,160740.49,0x8A,0x00,True,4,3.15,3.75,-0.48
13:13:50.842,13:13:50.842,160770.502,0x8A,0x00,True,4,3.16,3.79,-0.48
13:14:20.870,13:14:20.870,160800.53,0x8A,0x00,True,4,3.17,3.77,-0.41
13:14:50.882,13:14:50.882,160830.542,0x8A,0x00,True,4,3.16,3.74,-0.5
13:15:20.902,13:15:20.902,160860.562,0x8A,0x00,True,4,3.17,3.8,-0.46
13:15:50.901,13:15:50.901,160890.561,0x8A,0x00,True,4,3.16,3.73,-0.42
13:16:20.922,13:16:20.922,160920.582,0x8A,0x00,True,4,3.17,3.76,-0.4
13:16:50.941,13:16:50.941,160950.601,0x8A,0x00,True,4,3.16,3.77,-0.49
13:17:20.970,13:17:20.970,160980.63,0x8A,0x00,True,4,3.18,3.79,-0.49
13:17:50.962,13:17:50.962,161010.622,0x8A,0x00,True,4,3.13,3.78,-0.49
13:18:20.981,13:18:20.981,161040.641,0x8A,0x00,True,4,3.16,3.76,-0.49
13:18:51.002,13:18:51.002,161070.662,0x8A,0x00,True,4,3.16,3.73,-0.43
13:19:21.002,13:19:21.002,161100.662,0x8A,0x00,True,4,3.2,3.79,-0.49
13:19:51.022,13:19:51.022,161130.682,0x8A,0x00,True,4,3.13,3.78,-0.46
13:20:21.042,13:20:21.042,161160.702,0x8A,0x00,True,4,3.16,3.72,-0.41
13:20:51.063,13:20:51.063,161190.723,0x8A,0x00,True,4,3.17,3.76,-0.47
13:21:21.062,13:21:21.062,161220.722,0x8A,0x00,True,4,3.15,3.79,-0.51
13:21:51.082,13:21:51.082,161250.742,0x8A,0x00,True,4,3.14,3.75,-0.48
13:22:21.122,13:22:21.122,161280.782,0x8A,0x00,True,4,3.18,3.77,-0.55
13:22:51.122,13:22:51.122,161310.782,0x8A,0x00,True,4,3.18,3.77,-0.51
13:23:21.142,13:23:21.142,161340.802,0x8A,0x00,True,4,3.15,3.79,-0.46
13:23:51.162,13:23:51.162,161370.822,0x8A,0x00,True,4,3.17,3.78,-0.45
13:24:21.182,13:24:21.182,161400.842,0x8A,0x00,True,4,3.17,3.75,-0.48
13:24:51.207,13:24:51.207,161430.867,0x8A,0x00,True,4,3.18,3.76,-0.47
13:25:21.222,13:25:21.222,161460.882,0x8A,0x00,True,4,3.17,3.75,-0.47
13:25:51.223,13:25:51.223,161490.883,0x8A,0x00,True,4,3.17,3.78,-0.51
13:26:21.242,13:26:21.242,161520.902,0x8A,0x00,True,4,3.19,3.75,-0.46
13:26:51.282,13:26:51.282,161550.942,0x8A,0x00,True,4,3.17,3.76,-0.47
13:27:21.302,13:27:21.302,161580.962,0x8A,0x00,True,4,3.17,3.79,-0.49
13:27:51.302,13:27:51.302,161610.962,0x8A,0x00,True,4,3.15,3.73,-0.45
13:28:21.322,13:28:21.322,161640.982,0x8A,0x00,True,4,3.17,3.76,-0.5
13:28:51.342,13:28:51.342,161671.002,0x8A,0x00,True,4,3.15,3.79,-0.47
13:29:21.378,13:29:21.378,161701.038,0x8A,0x00,True,4,3.15,3.74,-0.47
13:29:51.382,13:29:51.382,161731.042,0x8A,0x00,True,4,3.14,3.75,-0.43
13:30:21.401,13:30:21.401,161761.061,0x8A,0x00,True,4,3.16,3.73,-0.45
13:30:51.409,13:30:51.409,161791.069,0x8A,0x00,True,4,3.16,3.75,-0.46
13:31:21.437,13:31:21.437,161821.097,0x8A,0x00,True,4,3.12,3.79,-0.47
13:31:51.446,13:31:51.446,161851.106,0x8A,0x00,True,4,3.16,3.76,-0.5
13:32:21.468,13:32:21.468,161881.128,0x8A,0x00,True,4,3.16,3.75,-0.52
13:32:51.502,13:32:51.502,161911.162,0x8A,0x00,True,4,3.16,3.75,-0.45
13:33:21.526,13:33:21.526,161941.186,0x8A,0x00,True,4,3.16,3.72,-0.46
13:33:51.537,13:33:51.537,161971.197,0x8A,0x00,True,4,3.14,3.73,-0.45
13:34:21.566,13:34:21.566,162001.226,0x8A,0x00,True,4,3.1,3.77,-0.45
13:34:51.587,13:34:51.587,162031.247,0x8A,0x00,True,4,3.16,3.74,-0.5
13:35:21.606,13:35:21.606,162061.266,0x8A,0x00,True,4,3.16,3.72,-0.51
13:35:51.636,13:35:51.636,162091.296,0x8A,0x00,True,4,3.17,3.73,-0.52
13:36:21.642,13:36:21.642,162121.302,0x8A,0x00,True,4,3.12,3.77,-0.46
13:36:51.678,13:36:51.678,162151.338,0x8A,0x00,True,4,3.13,3.74,-0.48
13:37:21.686,13:37:21.686,162181.346,0x8A,0x00,True,4,3.16,3.78,-0.45
13:37:51.707,13:37:51.707,162211.367,0x8A,0x00,True,4,3.18,3.76,-0.47
13:38:21.747,13:38:21.747,162241.407,0x8A,0x00,True,4,3.17,3.71,-0.5
13:38:51.767,13:38:51.767,162271.427,0x8A,0x00,True,4,3.13,3.75,-0.48
13:39:21.793,13:39:21.793,162301.453,0x8A,0x00,True,4,3.16,3.76,-0.47
13:39:51.812,13:39:51.812,162331.472,0x8A,0x00,True,4,3.16,3.74,-0.42
13:40:21.832,13:40:21.832,162361.492,0x8A,0x00,True,4,3.14,3.73,-0.52
13:40:51.856,13:40:51.856,162391.516,0x8A,0x00,True,4,3.13,3.77,-0.46
13:41:21.877,13:41:21.877,162421.537,0x8A,0x00,True,4,3.16,3.75,-0.47
13:41:51.892,13:41:51.892,162451.552,0x8A,0x00,True,4,3.13,3.73,-0.52
13:42:21.922,13:42:21.922,162481.582,0x8A,0x00,True,4,3.19,3.75,-0.49
13:42:51.947,13:42:51.947,162511.607,0x8A,0x00,True,4,3.17,3.76,-0.47
13:43:21.962,13:43:21.962,162541.622,0x8A,0x00,True,4,3.16,3.75,-0.49
13:43:51.992,13:43:51.992,162571.652,0x8A,0x00,True,4,3.17,3.8,-0.51
13:44:22.020,13:44:22.020,162601.68,0x8A,0x00,True,4,3.15,3.77,-0.43
13:44:52.022,13:44:52.022,162631.682,0x8A,0x00,True,4,3.15,3.8,-0.45
13:45:22.057,13:45:22.057,162661.717,0x8A,0x00,True,4,3.17,3.77,-0.45
13:45:52.077,13:45:52.077,162691.737,0x8A,0x00,True,4,3.16,3.78,-0.5
13:46:22.097,13:46:22.097,162721.757,0x8A,0x00,True,4,3.17,3.74,-0.49
13:46:52.122,13:46:52.122,162751.782,0x8A,0x00,True,4,3.16,3.76,-0.51
13:47:22.147,13:47:22.147,162781.807,0x8A,0x00,True,4,3.17,3.77,-0.47
13:47:52.157,13:47:52.157,162811.817,0x8A,0x00,True,4,3.17,3.75,-0.5
13:48:22.177,13:48:22.177,162841.837,0x8A,0x00,True,4,3.13,3.76,-0.47
13:48:52.202,13:48:52.202,162871.862,0x8A,0x00,True,4,3.13,3.75,-0.46
13:49:22.237,13:49:22.237,162901.897,0x8A,0x00,True,4,3.16,3.76,-0.5
13:49:52.257,13:49:52.257,162931.917,0x8A,0x00,True,4,3.18,3.74,-0.5
13:50:22.268,13:50:22.268,162961.928,0x8A,0x00,True,4,3.17,3.76,-0.48
13:50:52.297,13:50:52.297,162991.957,0x8A,0x00,True,4,3.15,3.75,-0.48
13:51:22.312,13:51:22.312,163021.972,0x8A,0x00,True,4,3.16,3.76,-0.5
13:51:52.347,13:51:52.347,163052.007,0x8A,0x00,True,4,3.13,3.78,-0.53
13:52:22.367,13:52:22.367,163082.027,0x8A,0x00,True,4,3.16,3.77,-0.42
13:52:52.392,13:52:52.392,163112.052,0x8A,0x00,True,4,3.17,3.78,-0.47
13:53:22.417,13:53:22.417,163142.077,0x8A,0x00,True,4,3.19,3.75,-0.48
13:53:52.442,13:53:52.442,163172.102,0x8A,0x00,True,4,3.15,3.78,-0.48
13:54:22.478,13:54:22.478,163202.138,0x8A,0x00,True,4,3.15,3.73,-0.49
13:54:52.487,13:54:52.487,163232.147,0x8A,0x00,True,4,3.16,3.73,-0.46
13:55:22.512,13:55:22.512,163262.172,0x8A,0x00,True,4,3.14,3.73,-0.48
13:55:52.517,13:55:52.517,163292.177,0x8A,0x00,True,4,3.15,3.72,-0.47
13:56:22.547,13:56:22.547,163322.207,0x8A,0x00,True,4,3.17,3.76,-0.47
13:56:52.582,13:56:52.582,163352.242,0x8A,0x00,True,4,3.17,3.78,-0.43
13:57:22.592,13:57:22.592,163382.252,0x8A,0x00,True,4,3.14,3.76,-0.48
13:57:52.627,13:57:52.627,163412.287,0x8A,0x00,True,4,3.16,3.77,-0.49
13:58:22.647,13:58:22.647,163442.307,0x8A,0x00,True,4,3.14,3.73,-0.52
13:58:52.689,13:58:52.689,163472.349,0x8A,0x00,True,4,3.17,3.8,-0.51
13:59:22.687,13:59:22.687,163502.347,0x8A,0x00,True,4,3.19,3.81,-0.5
13:59:52.701,13:59:52.701,163532.361,0x8A,0x00,True,4,3.14,3.76,-0.43
14:00:22.721,14:00:22.721,163562.381,0x8A,0x00,True,4,3.15,3.75,-0.5
14:00:52.746,14:00:52.746,163592.406,0x8A,0x00,True,4,3.17,3.76,-0.45
14:01:22.751,14:01:22.751,163622.411,0x8A,0x00,True,4,3.15,3.73,-0.46
14:01:52.771,14:01:52.771,163652.431,0x8A,0x00,True,4,3.16,3.78,-0.46
14:02:22.801,14:02:22.801,163682.461,0x8A,0x00,True,4,3.16,3.76,-0.42
14:02:52.815,14:02:52.815,163712.475,0x8A,0x00,True,4,3.16,3.76,-0.45
14:03:22.849,14:03:22.849,163742.509,0x8A,0x00,True,4,3.16,3.75,-0.5
14:03:52.852,14:03:52.852,163772.512,0x8A,0x00,True,4,3.18,3.77,-0.45
14:04:22.909,14:04:22.909,163802.569,0x8A,0x00,True,4,3.14,3.76,-0.49
14:04:52.900,14:04:52.900,163832.56,0x8A,0x00,True,4,3.18,3.79,-0.5
14:05:22.911,14:05:22.911,163862.571,0x8A,0x00,True,4,3.16,3.76,-0.48
14:05:52.936,14:05:52.936,163892.596,0x8A,0x00,True,4,3.14,3.76,-0.48
14:06:22.951,14:06:22.951,163922.611,0x8A,0x00,True,4,3.16,3.73,-0.44
14:06:52.971,14:06:52.971,163952.631,0x8A,0x00,True,4,3.16,3.77,-0.44
14:07:22.985,14:07:22.985,163982.645,0x8A,0x00,True,4,3.17,3.76,-0.48
14:07:52.996,14:07:52.996,164012.656,0x8A,0x00,True,4,3.16,3.79,-0.48
14:08:23.030,14:08:23.030,164042.69,0x8A,0x00,True,4,3.17,3.73,-0.48
14:08:53.064,14:08:53.064,164072.724,0x8A,0x00,True,4,3.14,3.74,-0.46
14:09:23.066,14:09:23.066,164102.726,0x8A,0x00,True,4,3.19,3.79,-0.46
14:09:53.081,14:09:53.081,164132.741,0x8A,0x00,True,4,3.14,3.73,-0.51
14:10:23.105,14:10:23.105,164162.765,0x8A,0x00,True,4,3.16,3.76,-0.44
14:10:53.142,14:10:53.142,164192.802,0x8A,0x00,True,4,3.17,3.75,-0.49
14:11:23.150,14:11:23.150,164222.81,0x8A,0x00,True,4,3.15,3.74,-0.49
14:11:53.199,14:11:53.199,164252.859,0x8A,0x00,True,4,3.17,3.74,-0.47
14:12:23.216,14:12:23.216,164282.876,0x8A,0x00,True,4,3.15,3.72,-0.46
14:12:53.241,14:12:53.241,164312.901,0x8A,0x00,True,4,3.16,3.75,-0.49
14:13:23.279,14:13:23.279,164342.939,0x8A,0x00,True,4,3.16,3.76,-0.39
14:13:53.291,14:13:53.291,164372.951,0x8A,0x00,True,4,3.16,3.76,-0.52
14:14:23.315,14:14:23.315,164402.975,0x8A,0x00,True,4,3.14,3.7,-0.49
14:14:53.336,14:14:53.336,164432.996,0x8A,0x00,True,4,3.18,3.76,-0.44
14:15:23.366,14:15:23.366,164463.026,0x8A,0x00,True,4,3.16,3.7,-0.45
14:15:53.395,14:15:53.395,164493.055,0x8A,0x00,True,4,3.17,3.72,-0.51
14:16:23.416,14:16:23.416,164523.076,0x8A,0x00,True,4,3.16,3.74,-0.47
14:16:53.451,14:16:53.451,164553.111,0x8A,0x00,True,4,3.14,3.77,-0.54
14:17:23.476,14:17:23.476,164583.136,0x8A,0x00,True,4,3.16,3.72,-0.54
14:17:53.506,14:17:53.506,164613.166,0x8A,0x00,True,4,3.13,3.76,-0.46
14:18:23.540,14:18:23.540,164643.2,0x8A,0x00,True,4,3.17,3.73,-0.49
14:18:53.576,14:18:53.576,164673.236,0x8A,0x00,True,4,3.17,3.73,-0.45
14:19:23.586,14:19:23.586,164703.246,0x8A,0x00,True,4,3.13,3.76,-0.47
14:19:53.611,14:19:53.611,164733.271,0x8A,0x00,True,4,3.19,3.72,-0.49
14:20:23.650,14:20:23.650,164763.31,0x8A,0x00,True,4,3.17,3.7,-0.48
14:20:53.682,14:20:53.682,164793.342,0x8A,0x00,True,4,3.16,3.76,-0.45
14:21:23.701,14:21:23.701,164823.361,0x8A,0x00,True,4,3.18,3.75,-0.48
14:21:53.731,14:21:53.731,164853.391,0x8A,0x00,True,4,3.16,3.76,-0.49
14:22:23.766,14:22:23.766,164883.426,0x8A,0x00,True,4,3.14,3.75,-0.48
14:22:53.786,14:22:53.786,164913.446,0x8A,0x00,True,4,3.13,3.72,-0.48
14:23:23.821,14:23:23.821,164943.481,0x8A,0x00,True,4,3.15,3.74,-0.5
14:23:53.851,14:23:53.851,164973.511,0x8A,0x00,True,4,3.15,3.76,-0.45
14:24:23.866,14:24:23.866,165003.526,0x8A,0x00,True,4,3.18,3.73,-0.44
14:24:53.906,14:24:53.906,165033.566,0x8A,0x00,True,4,3.16,3.77,-0.45
14:25:23.926,14:25:23.926,165063.586,0x8A,0x00,True,4,3.14,3.76,-0.42
14:25:53.951,14:25:53.951,165093.611,0x8A,0x00,True,4,3.15,3.72,-0.47
14:26:23.991,14:26:23.991,165123.651,0x8A,0x00,True,4,3.16,3.75,-0.49
14:26:54.021,14:26:54.021,165153.681,0x8A,0x00,True,4,3.13,3.75,-0.5
14:27:24.031,14:27:24.031,165183.691,0x8A,0x00,True,4,3.17,3.73,-0.5
14:27:54.071,14:27:54.071,165213.731,0x8A,0x00,True,4,3.16,3.75,-0.47
14:28:24.105,14:28:24.105,165243.765,0x8A,0x00,True,4,3.16,3.76,-0.51
14:28:54.121,14:28:54.121,165273.781,0x8A,0x00,True,4,3.14,3.76,-0.47
14:29:24.156,14:29:24.156,165303.816,0x8A,0x00,True,4,3.18,3.78,-0.43
14:29:54.175,14:29:54.175,165333.835,0x8A,0x00,True,4,3.16,3.76,-0.49
14:30:24.209,14:30:24.209,165363.869,0x8A,0x00,True,4,3.18,3.73,-0.46
14:30:54.255,14:30:54.255,165393.915,0x8A,0x00,True,4,3.15,3.73,-0.54
14:31:24.275,14:31:24.275,165423.935,0x8A,0x00,True,4,3.17,3.78,-0.47
14:31:54.307,14:31:54.307,165453.967,0x8A,0x00,True,4,3.16,3.74,-0.49
14:32:24.350,14:32:24.350,165484.01,0x8A,0x00,True,4,3.13,3.74,-0.45
14:32:54.371,14:32:54.371,165514.031,0x8A,0x00,True,4,3.15,3.78,-0.48
14:33:24.415,14:33:24.415,165544.075,0x8A,0x00,True,4,3.15,3.77,-0.48
14:33:54.426,14:33:54.426,165574.086,0x8A,0x00,True,4,3.16,3.74,-0.51
14:34:24.451,14:34:24.451,165604.111,0x8A,0x00,True,4,3.12,3.77,-0.42
14:34:54.495,14:34:54.495,165634.155,0x8A,0x00,True,4,3.14,3.76,-0.52
14:35:24.506,14:35:24.506,165664.166,0x8A,0x00,True,4,3.14,3.8,-0.44
14:35:54.536,14:35:54.536,165694.196,0x8A,0x00,True,4,3.17,3.77,-0.46
14:36:24.574,14:36:24.574,165724.234,0x8A,0x00,True,4,3.12,3.77,-0.49
14:36:54.591,14:36:54.591,165754.251,0x8A,0x00,True,4,3.14,3.74,-0.46
14:37:24.626,14:37:24.626,165784.286,0x8A,0x00,True,4,3.12,3.75,-0.46
14:37:54.661,14:37:54.661,165814.321,0x8A,0x00,True,4,3.18,3.75,-0.47
14:38:24.681,14:38:24.681,165844.341,0x8A,0x00,True,4,3.15,3.79,-0.49
14:38:54.716,14:38:54.716,165874.376,0x8A,0x00,True,4,3.12,3.75,-0.45
14:39:24.746,14:39:24.746,165904.406,0x8A,0x00,True,4,3.13,3.7,-0.47
14:39:54.761,14:39:54.761,165934.421,0x8A,0x00,True,4,3.14,3.77,-0.49
14:40:24.814,14:40:24.814,165964.474,0x8A,0x00,True,4,3.14,3.74,-0.46
14:40:54.831,14:40:54.831,165994.491,0x8A,0x00,True,4,3.13,3.75,-0.44
14:41:24.852,14:41:24.852,166024.512,0x8A,0x00,True,4,3.16,3.76,-0.46
14:41:54.896,14:41:54.896,166054.556,0x8A,0x00,True,4,3.12,3.74,-0.45
14:42:24.910,14:42:24.910,166084.57,0x8A,0x00,True,4,3.16,3.75,-0.47
14:42:54.950,14:42:54.950,166114.61,0x8A,0x00,True,4,3.11,3.76,-0.44
14:43:24.981,14:43:24.981,166144.641,0x8A,0x00,True,4,3.14,3.72,-0.4
14:43:55.006,14:43:55.006,166174.666,0x8A,0x00,True,4,3.12,3.75,-0.5
14:44:25.036,14:44:25.036,166204.696,0x8A,0x00,True,4,3.14,3.76,-0.49
14:44:55.066,14:44:55.066,166234.726,0x8A,0x00,True,4,3.14,3.77,-0.49
14:45:25.103,14:45:25.103,166264.763,0x8A,0x00,True,4,3.14,3.76,-0.45
14:45:55.110,14:45:55.110,166294.77,0x8A,0x00,True,4,3.18,3.79,-0.49
14:46:25.141,14:46:25.141,166324.801,0x8A,0x00,True,4,3.14,3.75,-0.48
14:46:55.189,14:46:55.189,166354.849,0x8A,0x00,True,4,3.13,3.77,-0.46
14:47:25.221,14:47:25.221,166384.881,0x8A,0x00,True,4,3.15,3.74,-0.45
14:47:55.241,14:47:55.241,166414.901,0x8A,0x00,True,4,3.18,3.73,-0.48
14:48:25.299,14:48:25.299,166444.959,0x8A,0x00,True,4,3.2,3.76,-0.5
14:48:55.306,14:48:55.306,166474.966,0x8A,0x00,True,4,3.15,3.73,-0.51
14:49:25.336,14:49:25.336,166504.996,0x8A,0x00,True,4,3.18,3.76,-0.46
14:49:55.375,14:49:55.375,166535.035,0x8A,0x00,True,4,3.12,3.76,-0.45
14:50:25.400,14:50:25.400,166565.06,0x8A,0x00,True,4,3.14,3.74,-0.5
14:50:55.431,14:50:55.431,166595.091,0x8A,0x00,True,4,3.16,3.75,-0.45
14:51:25.461,14:51:25.461,166625.121,0x8A,0x00,True,4,3.17,3.76,-0.47
14:51:55.496,14:51:55.496,166655.156,0x8A,0x00,True,4,3.14,3.73,-0.47
14:52:25.542,14:52:25.542,166685.202,0x8A,0x00,True,4,3.15,3.73,-0.51
14:52:55.551,14:52:55.551,166715.211,0x8A,0x00,True,4,3.15,3.75,-0.51
14:53:25.596,14:53:25.596,166745.256,0x8A,0x00,True,4,3.14,3.71,-0.48
14:53:55.621,14:53:55.621,166775.281,0x8A,0x00,True,4,3.14,3.73,-0.47
14:54:25.650,14:54:25.650,166805.31,0x8A,0x00,True,4,3.17,3.76,-0.47
14:54:55.703,14:54:55.703,166835.363,0x8A,0x00,True,4,3.16,3.75,-0.47
14:55:25.711,14:55:25.711,166865.371,0x8A,0x00,True,4,3.11,3.73,-0.46
14:55:55.751,14:55:55.751,166895.411,0x8A,0x00,True,4,3.18,3.73,-0.49
14:56:25.781,14:56:25.781,166925.441,0x8A,0x00,True,4,3.16,3.76,-0.48
14:56:55.811,14:56:55.811,166955.471,0x8A,0x00,True,4,3.12,3.7,-0.46
14:57:25.854,14:57:25.854,166985.514,0x8A,0x00,True,4,3.13,3.75,-0.44
14:57:55.876,14:57:55.876,167015.536,0x8A,0x00,True,4,3.11,3.74,-0.52
14:58:25.919,14:58:25.919,167045.579,0x8A,0x00,True,4,3.14,3.78,-0.5
14:58:55.946,14:58:55.946,167075.606,0x8A,0x00,True,4,3.16,3.72,-0.43
14:59:25.971,14:59:25.971,167105.631,0x8A,0x00,True,4,3.16,3.73,-0.43
14:59:56.015,14:59:56.015,167135.675,0x8A,0x00,True,4,3.17,3.76,-0.49
15:00:26.054,15:00:26.054,167165.714,0x8A,0x00,True,4,3.15,3.76,-0.45
15:00:56.076,15:00:56.076,167195.736,0x8A,0x00,True,4,3.15,3.78,-0.46
15:01:26.109,15:01:26.109,167225.769,0x8A,0x00,True,4,3.13,3.75,-0.49
15:01:56.141,15:01:56.141,167255.801,0x8A,0x00,True,4,3.14,3.75,-0.45
15:02:26.181,15:02:26.181,167285.841,0x8A,0x00,True,4,3.14,3.77,-0.42
15:02:56.196,15:02:56.196,167315.856,0x8A,0x00,True,4,3.13,3.75,-0.48
15:03:26.235,15:03:26.235,167345.895,0x8A,0x00,True,4,3.17,3.73,-0.49
15:03:56.261,15:03:56.261,167375.921,0x8A,0x00,True,4,3.19,3.72,-0.54
15:04:26.301,15:04:26.301,167405.961,0x8A,0x00,True,4,3.14,3.71,-0.47
15:04:56.342,15:04:56.342,167436.002,0x8A,0x00,True,4,3.15,3.72,-0.44
15:05:26.355,15:05:26.355,167466.015,0x8A,0x00,True,4,3.13,3.73,-0.49
15:05:56.415,15:05:56.415,167496.075,0x8A,0x00,True,4,3.17,3.75,-0.46
15:06:26.421,15:06:26.421,167526.081,0x8A,0x00,True,4,3.15,3.79,-0.5
15:06:56.461,15:06:56.461,167556.121,0x8A,0x00,True,4,3.16,3.75,-0.45
15:07:26.494,15:07:26.494,167586.154,0x8A,0x00,True,4,3.18,3.73,-0.5
15:07:56.511,15:07:56.511,167616.171,0x8A,0x00,True,4,3.16,3.75,-0.45
15:08:26.551,15:08:26.551,167646.211,0x8A,0x00,True,4,3.16,3.73,-0.52
15:08:56.586,15:08:56.586,167676.246,0x8A,0x00,True,4,3.16,3.73,-0.48
15:09:26.616,15:09:26.616,167706.276,0x8A,0x00,True,4,3.16,3.76,-0.51
15:09:56.655,15:09:56.655,167736.315,0x8A,0x00,True,4,3.16,3.71,-0.51
15:10:26.671,15:10:26.671,167766.331,0x8A,0x00,True,4,3.17,3.74,-0.47
15:10:56.716,15:10:56.716,167796.376,0x8A,0x00,True,4,3.15,3.76,-0.5
15:11:26.741,15:11:26.741,167826.401,0x8A,0x00,True,4,3.16,3.78,-0.48
15:11:56.781,15:11:56.781,167856.441,0x8A,0x00,True,4,3.15,3.78,-0.43
15:12:26.821,15:12:26.821,167886.481,0x8A,0x00,True,4,3.16,3.77,-0.5
15:12:56.836,15:12:56.836,167916.496,0x8A,0x00,True,4,3.16,3.71,-0.46
15:13:26.895,15:13:26.895,167946.555,0x8A,0x00,True,4,3.17,3.72,-0.5
15:13:56.916,15:13:56.916,167976.576,0x8A,0x00,True,4,3.15,3.75,-0.47
15:14:26.946,15:14:26.946,168006.606,0x8A,0x00,True,4,3.15,3.73,-0.45
15:14:56.975,15:14:56.975,168036.635,0x8A,0x00,True,4,3.15,3.76,-0.5
15:15:27.001,15:15:27.001,168066.661,0x8A,0x00,True,4,3.13,3.73,-0.51
15:15:57.031,15:15:57.031,168096.691,0x8A,0x00,True,4,3.15,3.72,-0.49
15:16:27.066,15:16:27.066,168126.726,0x8A,0x00,True,4,3.17,3.74,-0.52
15:16:57.106,15:16:57.106,168156.766,0x8A,0x00,True,4,3.14,3.74,-0.52
15:17:27.149,15:17:27.149,168186.809,0x8A,0x00,True,4,3.13,3.71,-0.47
15:17:57.161,15:17:57.161,168216.821,0x8A,0x00,True,4,3.18,3.76,-0.45
15:18:27.215,15:18:27.215,168246.875,0x8A,0x00,True,4,3.18,3.73,-0.46
15:18:57.241,15:18:57.241,168276.901,0x8A,0x00,True,4,3.13,3.75,-0.47
15:19:27.271,15:19:27.271,168306.931,0x8A,0x00,True,4,3.15,3.76,-0.49
15:19:57.295,15:19:57.295,168336.955,0x8A,0x00,True,4,3.14,3.74,-0.5
15:20:27.336,15:20:27.336,168366.996,0x8A,0x00,True,4,3.14,3.76,-0.46
15:20:57.375,15:20:57.375,168397.035,0x8A,0x00,True,4,3.16,3.77,-0.5
15:21:27.386,15:21:27.386,168427.046,0x8A,0x00,True,4,3.17,3.75,-0.44
15:21:57.429,15:21:57.429,168457.089,0x8A,0x00,True,4,3.15,3.73,-0.5
15:22:27.466,15:22:27.466,168487.126,0x8A,0x00,True,4,3.16,3.71,-0.48
15:22:57.480,15:22:57.480,168517.14,0x8A,0x00,True,4,3.16,3.75,-0.51
15:23:27.511,15:23:27.511,168547.171,0x8A,0x00,True,4,3.19,3.8,-0.44
15:23:57.541,15:23:57.541,168577.201,0x8A,0x00,True,4,3.18,3.74,-0.47
15:24:27.561,15:24:27.561,168607.221,0x8A,0x00,True,4,3.18,3.77,-0.47
15:24:57.623,15:24:57.623,168637.283,0x8A,0x00,True,5,3.2,3.81,-0.52
15:25:27.631,15:25:27.631,168667.291,0x8A,0x00,True,4,3.2,3.76,-0.52
15:25:57.656,15:25:57.656,168697.316,0x8A,0x00,True,4,3.14,3.71,-0.43
15:26:27.694,15:26:27.694,168727.354,0x8A,0x00,True,4,3.17,3.73,-0.48
15:26:57.711,15:26:57.711,168757.371,0x8A,0x00,True,4,3.16,3.78,-0.53
15:27:27.741,15:27:27.741,168787.401,0x8A,0x00,True,4,3.12,3.73,-0.53
15:27:57.775,15:27:57.775,168817.435,0x8A,0x00,True,4,3.16,3.75,-0.51
15:28:27.785,15:28:27.785,168847.445,0x8A,0x00,True,4,3.16,3.76,-0.52
15:28:57.836,15:28:57.836,168877.496,0x8A,0x00,True,4,3.15,3.75,-0.5
15:29:27.861,15:29:27.861,168907.521,0x8A,0x00,True,4,3.14,3.79,-0.44
15:29:57.895,15:29:57.895,168937.555,0x8A,0x00,True,4,3.19,3.74,-0.49
15:30:27.935,15:30:27.935,168967.595,0x8A,0x00,True,4,3.16,3.75,-0.42
15:30:57.949,15:30:57.949,168997.609,0x8A,0x00,True,4,3.16,3.78,-0.51
15:31:27.980,15:31:27.980,169027.64,0x8A,0x00,True,4,3.17,3.77,-0.51
15:31:58.015,15:31:58.015,169057.675,0x8A,0x00,True,4,3.14,3.67,-0.53
15:32:28.031,15:32:28.031,169087.691,0x8A,0x00,True,4,3.19,3.75,-0.49
15:32:58.070,15:32:58.070,169117.73,0x8A,0x00,True,4,3.17,3.75,-0.45
15:33:28.101,15:33:28.101,169147.761,0x8A,0x00,True,4,3.17,3.73,-0.53
15:33:58.121,15:33:58.121,169177.781,0x8A,0x00,True,4,3.14,3.78,-0.54
15:34:28.175,15:34:28.175,169207.835,0x8A,0x00,True,4,3.16,3.72,-0.5
15:34:58.186,15:34:58.186,169237.846,0x8A,0x00,True,4,3.14,3.74,-0.49
15:35:28.226,15:35:28.226,169267.886,0x8A,0x00,True,4,3.13,3.76,-0.47
15:35:58.266,15:35:58.266,169297.926,0x8A,0x00,True,4,3.16,3.74,-0.52
15:36:28.275,15:36:28.275,169327.935,0x8A,0x00,True,4,3.18,3.76,-0.52
15:36:58.316,15:36:58.316,169357.976,0x8A,0x00,True,4,3.16,3.75,-0.44
15:37:28.341,15:37:28.341,169388.001,0x8A,0x00,True,4,3.14,3.75,-0.5
15:37:58.371,15:37:58.371,169418.031,0x8A,0x00,True,4,3.14,3.7,-0.47
15:38:28.399,15:38:28.399,169448.059,0x8A,0x00,True,4,3.15,3.7,-0.4
15:38:58.421,15:38:58.421,169478.081,0x8A,0x00,True,4,3.16,3.74,-0.49
15:39:28.464,15:39:28.464,169508.124,0x8A,0x00,True,4,3.12,3.8,-0.51
15:39:58.476,15:39:58.476,169538.136,0x8A,0x00,True,4,3.14,3.73,-0.53
15:40:28.494,15:40:28.494,169568.154,0x8A,0x00,True,4,3.11,3.76,-0.5
15:40:58.511,15:40:58.511,169598.171,0x8A,0x00,True,4,3.1,3.76,-0.48
15:41:28.556,15:41:28.556,169628.216,0x8A,0x00,True,4,3.17,3.79,-0.46
15:41:58.581,15:41:58.581,169658.241,0x8A,0x00,True,4,3.15,3.75,-0.49
15:42:28.605,15:42:28.605,169688.265,0x8A,0x00,True,4,3.15,3.74,-0.49
15:42:58.620,15:42:58.620,169718.28,0x8A,0x00,True,4,3.14,3.77,-0.45
15:43:28.655,15:43:28.655,169748.315,0x8A,0x00,True,4,3.16,3.77,-0.49
15:43:58.665,15:43:58.665,169778.325,0x8A,0x00,True,4,3.17,3.77,-0.47
15:44:28.676,15:44:28.676,169808.336,0x8A,0x00,True,4,3.2,3.78,-0.48
15:44:58.711,15:44:58.711,169838.371,0x8A,0x00,True,4,3.18,3.81,-0.49
15:45:28.734,15:45:28.734,169868.394,0x8A,0x00,True,4,3.12,3.76,-0.45
15:45:58.754,15:45:58.754,169898.414,0x8A,0x00,True,4,3.17,3.78,-0.43
15:46:28.754,15:46:28.754,169928.414,0x8A,0x00,True,4,3.16,3.77,-0.45
15:46:58.776,15:46:58.776,169958.436,0x8A,0x00,True,4,3.12,3.76,-0.47
15:47:28.796,15:47:28.796,169988.456,0x8A,0x00,True,4,3.18,3.81,-0.47
15:47:58.815,15:47:58.815,170018.475,0x8A,0x00,True,4,3.21,3.72,-0.49
15:48:28.829,15:48:28.829,170048.489,0x8A,0x00,True,4,3.17,3.79,-0.49
15:48:58.831,15:48:58.831,170078.491,0x8A,0x00,True,4,3.16,3.8,-0.45
15:49:28.836,15:49:28.836,170108.496,0x8A,0x00,True,4,3.15,3.76,-0.49
15:49:58.856,15:49:58.856,170138.516,0x8A,0x00,True,4,3.14,3.76,-0.48
15:50:28.855,15:50:28.855,170168.515,0x8A,0x00,True,4,3.17,3.78,-0.51
15:50:58.895,15:50:58.895,170198.555,0x8A,0x00,True,4,3.14,3.79,-0.46
15:51:28.895,15:51:28.895,170228.555,0x8A,0x00,True,4,3.17,3.77,-0.47
15:51:58.901,15:51:58.901,170258.561,0x8A,0x00,True,4,3.15,3.77,-0.45
15:52:28.900,15:52:28.900,170288.56,0x8A,0x00,True,4,3.18,3.81,-0.56
15:52:58.906,15:52:58.906,170318.566,0x8A,0x00,True,4,3.16,3.76,-0.45
15:53:28.926,15:53:28.926,170348.586,0x8A,0x00,True,4,3.13,3.8,-0.54
15:53:58.929,15:53:58.929,170378.589,0x8A,0x00,True,4,3.14,3.79,-0.45
15:54:28.936,15:54:28.936,170408.596,0x8A,0x00,True,5,3.17,3.83,-0.47
15:54:58.932,15:54:58.932,170438.592,0x8A,0x00,True,4,3.16,3.81,-0.44
15:55:28.951,15:55:28.951,170468.611,0x8A,0x00,True,4,3.18,3.77,-0.57
15:55:58.956,15:55:58.956,170498.616,0x8A,0x00,True,4,3.17,3.78,-0.56
15:56:28.956,15:56:28.956,170528.616,0x8A,0x00,True,4,3.15,3.79,-0.5
15:56:58.975,15:56:58.975,170558.635,0x8A,0x00,True,4,3.17,3.76,-0.45
15:57:28.975,15:57:28.975,170588.635,0x8A,0x00,True,4,3.14,3.8,-0.45
15:57:58.976,15:57:58.976,170618.636,0x8A,0x00,True,4,3.16,3.77,-0.52
15:58:28.975,15:58:28.975,170648.635,0x8A,0x00,True,4,3.17,3.79,-0.45
15:58:58.975,15:58:58.975,170678.635,0x8A,0x00,True,4,3.16,3.76,-0.47
15:59:28.986,15:59:28.986,170708.646,0x8A,0x00,True,4,3.15,3.8,-0.52
15:59:58.975,15:59:58.975,170738.635,0x8A,0x00,True,4,3.17,3.8,-0.44
16:00:28.975,16:00:28.975,170768.635,0x8A,0x00,True,4,3.14,3.79,-0.46
16:00:58.986,16:00:58.986,170798.646,0x8A,0x00,True,4,3.16,3.8,-0.49
16:01:28.976,16:01:28.976,170828.636,0x8A,0x00,True,4,3.16,3.81,-0.46
16:01:58.976,16:01:58.976,170858.636,0x8A,0x00,True,4,3.17,3.8,-0.51
16:02:28.976,16:02:28.976,170888.636,0x8A,0x00,True,4,3.13,3.81,-0.47
16:02:58.975,16:02:58.975,170918.635,0x8A,0x00,True,4,3.16,3.76,-0.45
16:03:28.975,16:03:28.975,170948.635,0x8A,0x00,True,4,3.13,3.8,-0.44
16:03:58.976,16:03:58.976,170978.636,0x8A,0x00,True,5,3.21,3.81,-0.46
16:04:28.983,16:04:28.983,171008.643,0x8A,0x00,True,4,3.15,3.79,-0.46
16:04:58.975,16:04:58.975,171038.635,0x8A,0x00,True,4,3.2,3.77,-0.52
16:05:28.976,16:05:28.976,171068.636,0x8A,0x00,True,4,3.19,3.8,-0.47
16:05:58.951,16:05:58.951,171098.611,0x8A,0x00,True,4,3.14,3.83,-0.48
16:06:28.956,16:06:28.956,171128.616,0x8A,0x00,True,4,3.16,3.82,-0.48
16:06:58.956,16:06:58.956,171158.616,0x8A,0x00,True,4,3.14,3.77,-0.49
16:07:28.956,16:07:28.956,171188.616,0x8A,0x00,True,4,3.15,3.79,-0.51
16:07:58.950,16:07:58.950,171218.61,0x8A,0x00,True,4,3.14,3.79,-0.48
16:08:28.956,16:08:28.956,171248.616,0x8A,0x00,True,4,3.14,3.8,-0.5
16:08:58.951,16:08:58.951,171278.611,0x8A,0x00,True,4,3.15,3.81,-0.48
16:09:28.951,16:09:28.951,171308.611,0x8A,0x00,True,4,3.13,3.77,-0.46
16:09:58.941,16:09:58.941,171338.601,0x8A,0x00,True,4,3.18,3.79,-0.5
16:10:28.940,16:10:28.940,171368.6,0x8A,0x00,True,4,3.16,3.8,-0.46
16:10:58.937,16:10:58.937,171398.597,0x8A,0x00,True,4,3.15,3.77,-0.48
16:11:28.936,16:11:28.936,171428.596,0x8A,0x00,True,4,3.17,3.8,-0.49
16:11:58.916,16:11:58.916,171458.576,0x8A,0x00,True,4,3.14,3.8,-0.51
16:12:28.931,16:12:28.931,171488.591,0x8A,0x00,True,5,3.18,3.83,-0.5
16:12:58.922,16:12:58.922,171518.582,0x8A,0x00,True,4,3.09,3.81,-0.49
16:13:28.927,16:13:28.927,171548.587,0x8A,0x00,True,4,3.13,3.78,-0.48
16:13:58.911,16:13:58.911,171578.571,0x8A,0x00,True,4,3.17,3.77,-0.48
16:14:28.926,16:14:28.926,171608.586,0x8A,0x00,True,4,3.19,3.79,-0.49
16:14:58.911,16:14:58.911,171638.571,0x8A,0x00,True,4,3.18,3.8,-0.49
16:15:28.906,16:15:28.906,171668.566,0x8A,0x00,True,4,3.13,3.79,-0.48
16:15:58.906,16:15:58.906,171698.566,0x8A,0x00,True,4,3.19,3.78,-0.48
16:16:28.916,16:16:28.916,171728.576,0x8A,0x00,True,4,3.13,3.81,-0.44
16:16:58.909,16:16:58.909,171758.569,0x8A,0x00,True,4,3.14,3.78,-0.51
16:17:28.916,16:17:28.916,171788.576,0x8A,0x00,True,4,3.16,3.77,-0.47
16:17:58.906,16:17:58.906,171818.566,0x8A,0x00,True,4,3.13,3.82,-0.51
16:18:28.905,16:18:28.905,171848.565,0x8A,0x00,True,4,3.15,3.77,-0.49
16:18:58.901,16:18:58.901,171878.561,0x8A,0x00,True,4,3.17,3.78,-0.49
16:19:28.905,16:19:28.905,171908.565,0x8A,0x00,True,4,3.16,3.81,-0.46
16:19:58.901,16:19:58.901,171938.561,0x8A,0x00,True,4,3.18,3.79,-0.46
16:20:28.900,16:20:28.900,171968.56,0x8A,0x00,True,4,3.12,3.79,-0.47
16:20:58.901,16:20:58.901,171998.561,0x8A,0x00,True,4,3.16,3.77,-0.47
16:21:28.906,16:21:28.906,172028.566,0x8A,0x00,True,4,3.17,3.79,-0.46
16:21:58.900,16:21:58.900,172058.56,0x8A,0x00,True,4,3.17,3.81,-0.5
16:22:28.901,16:22:28.901,172088.561,0x8A,0x00,True,4,3.16,3.8,-0.47
16:22:58.909,16:22:58.909,172118.569,0x8A,0x00,True,4,3.16,3.79,-0.51
16:23:28.895,16:23:28.895,172148.555,0x8A,0x00,True,4,3.14,3.8,-0.46
16:23:58.895,16:23:58.895,172178.555,0x8A,0x00,True,4,3.19,3.81,-0.44
16:24:28.895,16:24:28.895,172208.555,0x8A,0x00,True,4,3.14,3.79,-0.51
16:24:58.895,16:24:58.895,172238.555,0x8A,0x00,True,4,3.17,3.81,-0.47
16:25:28.896,16:25:28.896,172268.556,0x8A,0x00,True,4,3.16,3.77,-0.5
16:25:58.895,16:25:58.895,172298.555,0x8A,0x00,True,4,3.17,3.8,-0.48
16:26:28.876,16:26:28.876,172328.536,0x8A,0x00,True,4,3.15,3.79,-0.46
16:26:58.861,16:26:58.861,172358.521,0x8A,0x00,True,5,3.21,3.83,-0.45
16:27:28.871,16:27:28.871,172388.531,0x8A,0x00,True,4,3.12,3.8,-0.46
16:27:58.871,16:27:58.871,172418.531,0x8A,0x00,True,4,3.18,3.78,-0.42
16:28:28.861,16:28:28.861,172448.521,0x8A,0x00,True,4,3.16,3.78,-0.46
16:28:58.856,16:28:58.856,172478.516,0x8A,0x00,True,4,3.16,3.8,-0.47
16:29:28.841,16:29:28.841,172508.501,0x8A,0x00,True,4,3.18,3.79,-0.48
16:29:58.847,16:29:58.847,172538.507,0x8A,0x00,True,5,3.18,3.83,-0.44
16:30:28.836,16:30:28.836,172568.496,0x8A,0x00,True,4,3.15,3.81,-0.49
16:30:58.826,16:30:58.826,172598.486,0x8A,0x00,True,5,3.19,3.83,-0.48
16:31:28.826,16:31:28.826,172628.486,0x8A,0x00,True,4,3.17,3.8,-0.49
16:31:58.831,16:31:58.831,172658.491,0x8A,0x00,True,4,3.18,3.79,-0.45
16:32:28.821,16:32:28.821,172688.481,0x8A,0x00,True,4,3.17,3.8,-0.5
16:32:58.820,16:32:58.820,172718.48,0x8A,0x00,True,4,3.19,3.77,-0.5
16:33:28.822,16:33:28.822,172748.482,0x8A,0x00,True,4,3.17,3.8,-0.49
16:33:58.821,16:33:58.821,172778.481,0x8A,0x00,True,4,3.16,3.81,-0.45
16:34:28.814,16:34:28.814,172808.474,0x8A,0x00,True,4,3.17,3.82,-0.45
16:34:58.796,16:34:58.796,172838.456,0x8A,0x00,True,4,3.16,3.81,-0.49
16:35:28.814,16:35:28.814,172868.474,0x8A,0x00,True,5,3.17,3.83,-0.48
16:35:58.796,16:35:58.796,172898.456,0x8A,0x00,True,4,3.18,3.8,-0.46
16:36:28.796,16:36:28.796,172928.456,0x8A,0x00,True,4,3.16,3.78,-0.47
16:36:58.791,16:36:58.791,172958.451,0x8A,0x00,True,4,3.18,3.79,-0.49
16:37:28.791,16:37:28.791,172988.451,0x8A,0x00,True,4,3.18,3.78,-0.48
16:37:58.815,16:37:58.815,173018.475,0x8A,0x00,True,4,3.16,3.76,-0.48
16:38:28.814,16:38:28.814,173048.474,0x8A,0x00,True,4,3.15,3.79,-0.47
16:38:58.778,16:38:58.778,173078.438,0x8A,0x00,True,5,3.17,3.83,-0.46
16:39:28.771,16:39:28.771,173108.431,0x8A,0x00,True,5,3.19,3.84,-0.52
16:39:58.756,16:39:58.756,173138.416,0x8A,0x00,True,4,3.17,3.8,-0.46
16:40:28.761,16:40:28.761,173168.421,0x8A,0x00,True,4,3.16,3.83,-0.5
16:40:58.746,16:40:58.746,173198.406,0x8A,0x00,True,4,3.14,3.79,-0.52
16:41:28.751,16:41:28.751,173228.411,0x8A,0x00,True,4,3.15,3.79,-0.46
16:41:58.746,16:41:58.746,173258.406,0x8A,0x00,True,4,3.18,3.82,-0.5
16:42:28.741,16:42:28.741,173288.401,0x8A,0x00,True,4,3.17,3.8,-0.47
16:42:58.734,16:42:58.734,173318.394,0x8A,0x00,True,4,3.14,3.79,-0.49
16:43:28.734,16:43:28.734,173348.394,0x8A,0x00,True,5,3.15,3.85,-0.49
16:43:58.734,16:43:58.734,173378.394,0x8A,0x00,True,4,3.16,3.79,-0.51
16:44:28.734,16:44:28.734,173408.394,0x8A,0x00,True,4,3.14,3.79,-0.53
16:44:58.716,16:44:58.716,173438.376,0x8A,0x00,True,4,3.14,3.81,-0.48
16:45:28.706,16:45:28.706,173468.366,0x8A,0x00,True,4,3.16,3.79,-0.44
16:45:58.711,16:45:58.711,173498.371,0x8A,0x00,True,4,3.17,3.8,-0.48
16:46:28.711,16:46:28.711,173528.371,0x8A,0x00,True,4,3.16,3.75,-0.53
16:46:58.700,16:46:58.700,173558.36,0x8A,0x00,True,4,3.18,3.81,-0.49
16:47:28.691,16:47:28.691,173588.351,0x8A,0x00,True,4,3.16,3.81,-0.44
16:47:58.701,16:47:58.701,173618.361,0x8A,0x00,True,4,3.18,3.81,-0.47
16:48:28.696,16:48:28.696,173648.356,0x8A,0x00,True,4,3.17,3.82,-0.53
16:48:58.701,16:48:58.701,173678.361,0x8A,0x00,True,4,3.14,3.77,-0.47
16:49:28.691,16:49:28.691,173708.351,0x8A,0x00,True,4,3.19,3.81,-0.44
16:49:58.696,16:49:58.696,173738.356,0x8A,0x00,True,4,3.16,3.78,-0.44
16:50:28.682,16:50:28.682,173768.342,0x8A,0x00,True,5,3.19,3.82,-0.46
16:50:58.691,16:50:58.691,173798.351,0x8A,0x00,True,5,3.19,3.83,-0.45
16:51:28.676,16:51:28.676,173828.336,0x8A,0x00,True,4,3.16,3.81,-0.46
16:51:58.686,16:51:58.686,173858.346,0x8A,0x00,True,4,3.18,3.78,-0.52
16:52:28.671,16:52:28.671,173888.331,0x8A,0x00,True,4,3.16,3.81,-0.48
16:52:58.676,16:52:58.676,173918.336,0x8A,0x00,True,4,3.18,3.8,-0.47
16:53:28.666,16:53:28.666,173948.326,0x8A,0x00,True,4,3.15,3.81,-0.46
16:53:58.666,16:53:58.666,173978.326,0x8A,0x00,True,4,3.16,3.78,-0.49
16:54:28.660,16:54:28.660,174008.32,0x8A,0x00,True,4,3.16,3.8,-0.5
16:54:58.661,16:54:58.661,174038.321,0x8A,0x00,True,4,3.14,3.82,-0.45
16:55:28.661,16:55:28.661,174068.321,0x8A,0x00,True,4,3.16,3.8,-0.48
16:55:58.655,16:55:58.655,174098.315,0x8A,0x00,True,4,3.17,3.79,-0.46
16:56:28.666,16:56:28.666,174128.326,0x8A,0x00,True,4,3.14,3.75,-0.54
16:56:58.655,16:56:58.655,174158.315,0x8A,0x00,True,4,3.18,3.78,-0.5
16:57:28.655,16:57:28.655,174188.315,0x8A,0x00,True,4,3.14,3.78,-0.54
16:57:58.637,16:57:58.637,174218.297,0x8A,0x00,True,4,3.17,3.78,-0.43
16:58:28.631,16:58:28.631,174248.291,0x8A,0x00,True,4,3.18,3.8,-0.45
16:58:58.626,16:58:58.626,174278.286,0x8A,0x00,True,4,3.16,3.79,-0.54
16:59:28.611,16:59:28.611,174308.271,0x8A,0x00,True,4,3.16,3.8,-0.48
16:59:58.616,16:59:58.616,174338.276,0x8A,0x00,True,4,3.14,3.77,-0.49
17:00:28.611,17:00:28.611,174368.271,0x8A,0x00,True,4,3.17,3.81,-0.46
17:00:58.596,17:00:58.596,174398.256,0x8A,0x00,True,5,3.19,3.83,-0.5
17:01:28.616,17:01:28.616,174428.276,0x8A,0x00,True,4,3.14,3.82,-0.5
17:01:58.602,17:01:58.602,174458.262,0x8A,0x00,True,4,3.16,3.81,-0.49
17:02:28.601,17:02:28.601,174488.261,0x8A,0x00,True,4,3.14,3.8,-0.48
17:02:58.592,17:02:58.592,174518.252,0x8A,0x00,True,4,3.12,3.77,-0.5
17:03:28.596,17:03:28.596,174548.256,0x8A,0x00,True,4,3.17,3.77,-0.48
17:03:58.586,17:03:58.586,174578.246,0x8A,0x00,True,4,3.17,3.77,-0.48
17:04:28.596,17:04:28.596,174608.256,0x8A,0x00,True,4,3.17,3.77,-0.5
17:04:58.594,17:04:58.594,174638.254,0x8A,0x00,True,4,3.14,3.8,-0.46
17:05:28.581,17:05:28.581,174668.241,0x8A,0x00,True,4,3.18,3.78,-0.52
17:05:58.581,17:05:58.581,174698.241,0x8A,0x00,True,4,3.16,3.8,-0.43
17:06:28.581,17:06:28.581,174728.241,0x8A,0x00,True,4,3.15,3.77,-0.48
17:06:58.582,17:06:58.582,174758.242,0x8A,0x00,True,5,3.17,3.84,-0.48
17:07:28.581,17:07:28.581,174788.241,0x8A,0x00,True,4,3.14,3.8,-0.46
17:07:58.581,17:07:58.581,174818.241,0x8A,0x00,True,4,3.16,3.8,-0.47
17:08:28.582,17:08:28.582,174848.242,0x8A,0x00,True,4,3.16,3.78,-0.5
17:08:58.575,17:08:58.575,174878.235,0x8A,0x00,True,4,3.13,3.76,-0.52
17:09:28.575,17:09:28.575,174908.235,0x8A,0x00,True,4,3.17,3.81,-0.45
17:09:58.581,17:09:58.581,174938.241,0x8A,0x00,True,4,3.15,3.8,-0.49
17:10:28.581,17:10:28.581,174968.241,0x8A,0x00,True,4,3.14,3.81,-0.51
17:10:58.589,17:10:58.589,174998.249,0x8A,0x00,True,4,3.13,3.81,-0.5
17:11:28.581,17:11:28.581,175028.241,0x8A,0x00,True,5,3.2,3.86,-0.54
17:11:58.586,17:11:58.586,175058.246,0x8A,0x00,True,4,3.16,3.8,-0.5
17:12:28.575,17:12:28.575,175088.235,0x8A,0x00,True,4,3.18,3.82,-0.47
17:12:58.575,17:12:58.575,175118.235,0x8A,0x00,True,4,3.16,3.76,-0.52
17:13:28.586,17:13:28.586,175148.246,0x8A,0x00,True,4,3.15,3.77,-0.46
17:13:58.575,17:13:58.575,175178.235,0x8A,0x00,True,5,3.21,3.81,-0.52
17:14:28.574,17:14:28.574,175208.234,0x8A,0x00,True,4,3.15,3.77,-0.51
17:14:58.575,17:14:58.575,175238.235,0x8A,0x00,True,4,3.14,3.79,-0.48
17:15:28.581,17:15:28.581,175268.241,0x8A,0x00,True,4,3.14,3.8,-0.48
17:15:58.586,17:15:58.586,175298.246,0x8A,0x00,True,4,3.16,3.78,-0.45
17:16:28.586,17:16:28.586,175328.246,0x8A,0x00,True,4,3.13,3.79,-0.54
17:16:58.575,17:16:58.575,175358.235,0x8A,0x00,True,4,3.14,3.78,-0.48
17:17:28.595,17:17:28.595,175388.255,0x8A,0x00,True,4,3.18,3.79,-0.44
17:17:58.581,17:17:58.581,175418.241,0x8A,0x00,True,4,3.13,3.77,-0.54
17:18:28.581,17:18:28.581,175448.241,0x8A,0x00,True,4,3.17,3.78,-0.47
17:18:58.581,17:18:58.581,175478.241,0x8A,0x00,True,4,3.17,3.79,-0.49
17:19:28.586,17:19:28.586,175508.246,0x8A,0x00,True,4,3.14,3.76,-0.43
17:19:58.594,17:19:58.594,175538.254,0x8A,0x00,True,4,3.14,3.79,-0.54
17:20:28.596,17:20:28.596,175568.256,0x8A,0x00,True,4,3.15,3.79,-0.51
17:20:58.586,17:20:58.586,175598.246,0x8A,0x00,True,4,3.15,3.8,-0.52
17:21:28.591,17:21:28.591,175628.251,0x8A,0x00,True,4,3.18,3.79,-0.45
17:21:58.601,17:21:58.601,175658.261,0x8A,0x00,True,4,3.15,3.78,-0.55
17:22:28.610,17:22:28.610,175688.27,0x8A,0x00,True,4,3.13,3.79,-0.52
17:22:58.610,17:22:58.610,175718.27,0x8A,0x00,True,4,3.16,3.78,-0.51
17:23:28.626,17:23:28.626,175748.286,0x8A,0x00,True,4,3.17,3.78,-0.44
17:23:58.631,17:23:58.631,175778.291,0x8A,0x00,True,4,3.16,3.77,-0.44
17:24:28.655,17:24:28.655,175808.315,0x8A,0x00,True,4,3.17,3.79,-0.49
17:24:58.655,17:24:58.655,175838.315,0x8A,0x00,True,4,3.15,3.78,-0.5
17:25:28.655,17:25:28.655,175868.315,0x8A,0x00,True,4,3.13,3.81,-0.49
17:25:58.666,17:25:58.666,175898.326,0x8A,0x00,True,4,3.2,3.79,-0.47
17:26:28.666,17:26:28.666,175928.326,0x8A,0x00,True,4,3.13,3.79,-0.46
17:26:58.686,17:26:58.686,175958.346,0x8A,0x00,True,4,3.15,3.78,-0.48
17:27:28.676,17:27:28.676,175988.336,0x8A,0x00,True,4,3.14,3.83,-0.45
17:27:58.706,17:27:58.706,176018.366,0x8A,0x00,True,4,3.16,3.78,-0.56
17:28:28.711,17:28:28.711,176048.371,0x8A,0x00,True,4,3.11,3.8,-0.49
17:28:58.734,17:28:58.734,176078.394,0x8A,0x00,True,4,3.15,3.77,-0.52
17:29:28.746,17:29:28.746,176108.406,0x8A,0x00,True,4,3.11,3.78,-0.48
17:29:58.746,17:29:58.746,176138.406,0x8A,0x00,True,4,3.16,3.76,-0.44
17:30:28.746,17:30:28.746,176168.406,0x8A,0x00,True,4,3.15,3.77,-0.51
17:30:58.761,17:30:58.761,176198.421,0x8A,0x00,True,4,3.17,3.78,-0.45
17:31:28.780,17:31:28.780,176228.44,0x8A,0x00,True,4,3.17,3.77,-0.49
17:31:58.791,17:31:58.791,176258.451,0x8A,0x00,True,5,3.17,3.84,-0.49
17:32:28.815,17:32:28.815,176288.475,0x8A,0x00,True,4,3.14,3.76,-0.53
17:32:58.826,17:32:58.826,176318.486,0x8A,0x00,True,4,3.14,3.79,-0.48
17:33:28.826,17:33:28.826,176348.486,0x8A,0x00,True,4,3.17,3.75,-0.5
17:33:58.846,17:33:58.846,176378.506,0x8A,0x00,True,4,3.16,3.81,-0.49
17:34:28.861,17:34:28.861,176408.521,0x8A,0x00,True,4,3.16,3.79,-0.45
17:34:58.876,17:34:58.876,176438.536,0x8A,0x00,True,4,3.09,3.77,-0.52
17:35:28.895,17:35:28.895,176468.555,0x8A,0x00,True,4,3.14,3.76,-0.45
17:35:58.901,17:35:58.901,176498.561,0x8A,0x00,True,4,3.15,3.73,-0.48
17:36:28.916,17:36:28.916,176528.576,0x8A,0x00,True,4,3.16,3.8,-0.54
17:36:58.921,17:36:58.921,176558.581,0x8A,0x00,True,4,3.13,3.75,-0.5
17:37:28.951,17:37:28.951,176588.611,0x8A,0x00,True,4,3.1,3.78,-0.51
17:37:58.976,17:37:58.976,176618.636,0x8A,0x00,True,4,3.18,3.73,-0.49
17:38:28.989,17:38:28.989,176648.649,0x8A,0x00,True,4,3.12,3.74,-0.51
17:38:59.006,17:38:59.006,176678.666,0x8A,0x00,True,4,3.14,3.79,-0.49
17:39:29.026,17:39:29.026,176708.686,0x8A,0x00,True,4,3.14,3.79,-0.51
17:39:59.056,17:39:59.056,176738.716,0x8A,0x00,True,4,3.12,3.8,-0.47
17:40:29.065,17:40:29.065,176768.725,0x8A,0x00,True,4,3.1,3.76,-0.46
17:40:59.076,17:40:59.076,176798.736,0x8A,0x00,True,4,3.13,3.76,-0.5
17:41:29.111,17:41:29.111,176828.771,0x8A,0x00,True,4,3.16,3.75,-0.51
17:41:59.154,17:41:59.154,176858.814,0x8A,0x00,True,4,3.14,3.78,-0.48
17:42:29.146,17:42:29.146,176888.806,0x8A,0x00,True,4,3.15,3.78,-0.52
17:42:59.182,17:42:59.182,176918.842,0x8A,0x00,True,4,3.13,3.79,-0.53
17:43:29.215,17:43:29.215,176948.875,0x8A,0x00,True,4,3.11,3.77,-0.53
17:43:59.222,17:43:59.222,176978.882,0x8A,0x00,True,4,3.15,3.76,-0.43
17:44:29.246,17:44:29.246,177008.906,0x8A,0x00,True,4,3.16,3.77,-0.46
17:44:59.256,17:44:59.256,177038.916,0x8A,0x00,True,4,3.13,3.75,-0.47
17:45:29.295,17:45:29.295,177068.955,0x8A,0x00,True,4,3.12,3.75,-0.49
17:45:59.306,17:45:59.306,177098.966,0x8A,0x00,True,4,3.11,3.74,-0.47
17:46:29.347,17:46:29.347,177129.007,0x8A,0x00,True,4,3.13,3.73,-0.46
17:46:59.375,17:46:59.375,177159.035,0x8A,0x00,True,4,3.12,3.78,-0.51
17:47:29.386,17:47:29.386,177189.046,0x8A,0x00,True,4,3.14,3.77,-0.55
17:47:59.408,17:47:59.408,177219.068,0x8A,0x00,True,4,3.14,3.75,-0.45
17:48:29.455,17:48:29.455,177249.115,0x8A,0x00,True,4,3.11,3.78,-0.51
17:48:59.461,17:48:59.461,177279.121,0x8A,0x00,True,4,3.13,3.79,-0.49
17:49:29.476,17:49:29.476,177309.136,0x8A,0x00,True,4,3.14,3.75,-0.5
17:49:59.512,17:49:59.512,177339.172,0x8A,0x00,True,4,3.13,3.72,-0.47
17:50:29.557,17:50:29.557,177369.217,0x8A,0x00,True,4,3.14,3.78,-0.46
17:50:59.557,17:50:59.557,177399.217,0x8A,0x00,True,4,3.12,3.74,-0.49
17:51:29.596,17:51:29.596,177429.256,0x8A,0x00,True,4,3.14,3.76,-0.48
17:51:59.615,17:51:59.615,177459.275,0x8A,0x00,True,4,3.14,3.75,-0.46
17:52:29.636,17:52:29.636,177489.296,0x8A,0x00,True,4,3.13,3.76,-0.48
17:52:59.671,17:52:59.671,177519.331,0x8A,0x00,True,4,3.12,3.75,-0.5
17:53:29.695,17:53:29.695,177549.355,0x8A,0x00,True,4,3.16,3.77,-0.45
17:53:59.709,17:53:59.709,177579.369,0x8A,0x00,True,4,3.13,3.77,-0.48
17:54:29.741,17:54:29.741,177609.401,0x8A,0x00,True,4,3.12,3.76,-0.44
17:54:59.775,17:54:59.775,177639.435,0x8A,0x00,True,4,3.15,3.78,-0.51
17:55:29.780,17:55:29.780,177669.44,0x8A,0x00,True,4,3.14,3.8,-0.51
17:55:59.820,17:55:59.820,177699.48,0x8A,0x00,True,4,3.17,3.78,-0.45
17:56:29.854,17:56:29.854,177729.514,0x8A,0x00,True,4,3.13,3.77,-0.51
17:56:59.874,17:56:59.874,177759.534,0x8A,0x00,True,4,3.15,3.75,-0.46
17:57:29.881,17:57:29.881,177789.541,0x8A,0x00,True,4,3.16,3.77,-0.45
17:57:59.935,17:57:59.935,177819.595,0x8A,0x00,True,4,3.13,3.73,-0.49
