时间戳,绝对时间,相对时间(s),功能码,参数,校验通过,Counter,IMU_Status,MAG_Status
16:34:30.338,16:34:30.338,9.998,0x8E,0x00,True,251,0,0
16:35:00.354,16:35:00.354,40.014,0x8E,0x00,True,252,0,0
16:35:30.399,16:35:30.399,70.059,0x8E,0x00,True,253,0,0
16:36:00.430,16:36:00.430,100.09,0x8E,0x00,True,254,0,0
16:36:30.461,16:36:30.461,130.121,0x8E,0x00,True,255,0,0
16:37:00.476,16:37:00.476,160.136,0x8E,0x00,True,0,0,0
16:37:30.516,16:37:30.516,190.176,0x8E,0x00,True,1,0,0
16:38:00.550,16:38:00.550,220.21,0x8E,0x00,True,2,0,0
16:38:30.580,16:38:30.580,250.24,0x8E,0x00,True,3,0,0
16:39:00.595,16:39:00.595,280.255,0x8E,0x00,True,4,0,0
16:39:30.635,16:39:30.635,310.295,0x8E,0x00,True,5,0,0
16:40:00.665,16:40:00.665,340.325,0x8E,0x00,True,6,0,0
16:40:30.705,16:40:30.705,370.365,0x8E,0x00,True,7,0,0
16:41:00.735,16:41:00.735,400.395,0x8E,0x00,True,8,0,0
16:41:30.755,16:41:30.755,430.415,0x8E,0x00,True,9,0,0
16:42:00.801,16:42:00.801,460.461,0x8E,0x00,True,10,0,0
16:42:30.810,16:42:30.810,490.47,0x8E,0x00,True,11,0,0
16:43:00.860,16:43:00.860,520.52,0x8E,0x00,True,12,0,0
16:43:30.906,16:43:30.906,550.566,0x8E,0x00,True,13,0,0
16:44:00.905,16:44:00.905,580.565,0x8E,0x00,True,14,0,0
16:44:30.950,16:44:30.950,610.61,0x8E,0x00,True,15,0,0
16:45:00.985,16:45:00.985,640.645,0x8E,0x00,True,16,0,0
16:45:31.000,16:45:31.000,670.66,0x8E,0x00,True,17,0,0
16:46:01.050,16:46:01.050,700.71,0x8E,0x00,True,18,0,0
16:46:31.070,16:46:31.070,730.73,0x8E,0x00,True,19,0,0
16:47:01.110,16:47:01.110,760.77,0x8E,0x00,True,20,0,0
16:47:31.140,16:47:31.140,790.8,0x8E,0x00,True,21,0,0
16:48:01.155,16:48:01.155,820.815,0x8E,0x00,True,22,0,0
16:48:31.205,16:48:31.205,850.865,0x8E,0x00,True,23,0,0
16:49:01.235,16:49:01.235,880.895,0x8E,0x00,True,24,0,0
16:49:31.265,16:49:31.265,910.925,0x8E,0x00,True,25,0,0
16:50:01.295,16:50:01.295,940.955,0x8E,0x00,True,26,0,0
16:50:31.314,16:50:31.314,970.974,0x8E,0x00,True,27,0,0
16:51:01.355,16:51:01.355,1001.015,0x8E,0x00,True,28,0,0
16:51:31.385,16:51:31.385,1031.045,0x8E,0x00,True,29,0,0
16:52:01.415,16:52:01.415,1061.075,0x8E,0x00,True,30,0,0
16:52:31.445,16:52:31.445,1091.105,0x8E,0x00,True,31,0,0
16:53:01.466,16:53:01.466,1121.126,0x8E,0x00,True,32,0,0
16:53:31.493,16:53:31.493,1151.153,0x8E,0x00,True,33,0,0
16:54:01.535,16:54:01.535,1181.195,0x8E,0x00,True,34,0,0
16:54:31.545,16:54:31.545,1211.205,0x8E,0x00,True,35,0,0
16:55:01.585,16:55:01.585,1241.245,0x8E,0x00,True,36,0,0
16:55:31.610,16:55:31.610,1271.27,0x8E,0x00,True,37,0,0
16:56:01.625,16:56:01.625,1301.285,0x8E,0x00,True,38,0,0
16:56:31.665,16:56:31.665,1331.325,0x8E,0x00,True,39,0,0
16:57:01.685,16:57:01.685,1361.345,0x8E,0x00,True,40,0,0
16:57:31.700,16:57:31.700,1391.36,0x8E,0x00,True,41,0,0
16:58:01.735,16:58:01.735,1421.395,0x8E,0x00,True,42,0,0
16:58:31.765,16:58:31.765,1451.425,0x8E,0x00,True,43,0,0
16:59:01.780,16:59:01.780,1481.44,0x8E,0x00,True,44,0,0
16:59:31.806,16:59:31.806,1511.466,0x8E,0x00,True,45,0,0
17:00:01.830,17:00:01.830,1541.49,0x8E,0x00,True,46,0,0
17:00:31.860,17:00:31.860,1571.52,0x8E,0x00,True,47,0,0
17:01:01.880,17:01:01.880,1601.54,0x8E,0x00,True,48,0,0
17:01:31.905,17:01:31.905,1631.565,0x8E,0x00,True,49,0,0
17:02:01.931,17:02:01.931,1661.591,0x8E,0x00,True,50,0,0
17:02:31.945,17:02:31.945,1691.605,0x8E,0x00,True,51,0,0
17:03:01.971,17:03:01.971,1721.631,0x8E,0x00,True,52,0,0
17:03:32.005,17:03:32.005,1751.665,0x8E,0x00,True,53,0,0
17:04:02.015,17:04:02.015,1781.675,0x8E,0x00,True,54,0,0
17:04:32.045,17:04:32.045,1811.705,0x8E,0x00,True,55,0,0
17:05:02.080,17:05:02.080,1841.74,0x8E,0x00,True,56,0,0
17:05:32.095,17:05:32.095,1871.755,0x8E,0x00,True,57,0,0
17:06:02.120,17:06:02.120,1901.78,0x8E,0x00,True,58,0,0
17:06:32.160,17:06:32.160,1931.82,0x8E,0x00,True,59,0,0
17:07:02.185,17:07:02.185,1961.845,0x8E,0x00,True,60,0,0
17:07:32.190,17:07:32.190,1991.85,0x8E,0x00,True,61,0,0
17:08:02.235,17:08:02.235,2021.895,0x8E,0x00,True,62,0,0
17:08:32.245,17:08:32.245,2051.905,0x8E,0x00,True,63,0,0
17:09:02.271,17:09:02.271,2081.931,0x8E,0x00,True,64,0,0
17:09:32.311,17:09:32.311,2111.971,0x8E,0x00,True,65,0,0
17:10:02.320,17:10:02.320,2141.98,0x8E,0x00,True,66,0,0
17:10:32.340,17:10:32.340,2172.0,0x8E,0x00,True,67,0,0
17:11:02.380,17:11:02.380,2202.04,0x8E,0x00,True,68,0,0
17:11:32.400,17:11:32.400,2232.06,0x8E,0x00,True,69,0,0
17:12:02.420,17:12:02.420,2262.08,0x8E,0x00,True,70,0,0
17:12:32.450,17:12:32.450,2292.11,0x8E,0x00,True,71,0,0
17:13:02.476,17:13:02.476,2322.136,0x8E,0x00,True,72,0,0
17:13:32.479,17:13:32.479,2352.139,0x8E,0x00,True,73,0,0
17:14:02.506,17:14:02.506,2382.166,0x8E,0x00,True,74,0,0
17:14:32.520,17:14:32.520,2412.18,0x8E,0x00,True,75,0,0
17:15:02.560,17:15:02.560,2442.22,0x8E,0x00,True,76,0,0
17:15:32.580,17:15:32.580,2472.24,0x8E,0x00,True,77,0,0
17:16:02.596,17:16:02.596,2502.256,0x8E,0x00,True,78,0,0
17:16:32.630,17:16:32.630,2532.29,0x8E,0x00,True,79,0,0
17:17:02.635,17:17:02.635,2562.295,0x8E,0x00,True,80,0,0
17:17:32.665,17:17:32.665,2592.325,0x8E,0x00,True,81,0,0
17:18:02.690,17:18:02.690,2622.35,0x8E,0x00,True,82,0,0
17:18:32.715,17:18:32.715,2652.375,0x8E,0x00,True,83,0,0
17:19:02.740,17:19:02.740,2682.4,0x8E,0x00,True,84,0,0
17:19:32.745,17:19:32.745,2712.405,0x8E,0x00,True,85,0,0
17:20:02.780,17:20:02.780,2742.44,0x8E,0x00,True,86,0,0
17:20:32.801,17:20:32.801,2772.461,0x8E,0x00,True,87,0,0
17:21:02.820,17:21:02.820,2802.48,0x8E,0x00,True,88,0,0
17:21:32.825,17:21:32.825,2832.485,0x8E,0x00,True,89,0,0
17:22:02.861,17:22:02.861,2862.521,0x8E,0x00,True,90,0,0
17:22:32.865,17:22:32.865,2892.525,0x8E,0x00,True,91,0,0
17:23:02.900,17:23:02.900,2922.56,0x8E,0x00,True,92,0,0
17:23:32.925,17:23:32.925,2952.585,0x8E,0x00,True,93,0,0
17:24:02.945,17:24:02.945,2982.605,0x8E,0x00,True,94,0,0
17:24:32.965,17:24:32.965,3012.625,0x8E,0x00,True,95,0,0
17:25:02.965,17:25:02.965,3042.625,0x8E,0x00,True,96,0,0
17:25:32.985,17:25:32.985,3072.645,0x8E,0x00,True,97,0,0
17:26:03.016,17:26:03.016,3102.676,0x8E,0x00,True,98,0,0
17:26:33.041,17:26:33.041,3132.701,0x8E,0x00,True,99,0,0
17:27:03.055,17:27:03.055,3162.715,0x8E,0x00,True,100,0,0
17:27:33.061,17:27:33.061,3192.721,0x8E,0x00,True,101,0,0
17:28:03.075,17:28:03.075,3222.735,0x8E,0x00,True,102,0,0
17:28:33.090,17:28:33.090,3252.75,0x8E,0x00,True,103,0,0
17:29:03.125,17:29:03.125,3282.785,0x8E,0x00,True,104,0,0
17:29:33.145,17:29:33.145,3312.805,0x8E,0x00,True,105,0,0
17:30:03.155,17:30:03.155,3342.815,0x8E,0x00,True,106,0,0
17:30:33.189,17:30:33.189,3372.849,0x8E,0x00,True,107,0,0
17:31:03.210,17:31:03.210,3402.87,0x8E,0x00,True,108,0,0
17:31:33.229,17:31:33.229,3432.889,0x8E,0x00,True,109,0,0
17:32:03.240,17:32:03.240,3462.9,0x8E,0x00,True,110,0,0
17:32:33.266,17:32:33.266,3492.926,0x8E,0x00,True,111,0,0
17:33:03.290,17:33:03.290,3522.95,0x8E,0x00,True,112,0,0
17:33:33.300,17:33:33.300,3552.96,0x8E,0x00,True,113,0,0
17:34:03.315,17:34:03.315,3582.975,0x8E,0x00,True,114,0,0
17:34:33.320,17:34:33.320,3612.98,0x8E,0x00,True,115,0,0
17:35:03.354,17:35:03.354,3643.014,0x8E,0x00,True,116,0,0
17:35:33.381,17:35:33.381,3673.041,0x8E,0x00,True,117,0,0
17:36:03.380,17:36:03.380,3703.04,0x8E,0x00,True,118,0,0
17:36:33.410,17:36:33.410,3733.07,0x8E,0x00,True,119,0,0
17:37:03.420,17:37:03.420,3763.08,0x8E,0x00,True,120,0,0
17:37:33.445,17:37:33.445,3793.105,0x8E,0x00,True,121,0,0
17:38:03.465,17:38:03.465,3823.125,0x8E,0x00,True,122,0,0
17:38:33.465,17:38:33.465,3853.125,0x8E,0x00,True,123,0,0
17:39:03.490,17:39:03.490,3883.15,0x8E,0x00,True,124,0,0
17:39:33.510,17:39:33.510,3913.17,0x8E,0x00,True,125,0,0
17:40:03.520,17:40:03.520,3943.18,0x8E,0x00,True,126,0,0
17:40:33.525,17:40:33.525,3973.185,0x8E,0x00,True,127,0,0
17:41:03.540,17:41:03.540,4003.2,0x8E,0x00,True,128,0,0
17:41:33.570,17:41:33.570,4033.23,0x8E,0x00,True,129,0,0
17:42:03.570,17:42:03.570,4063.23,0x8E,0x00,True,130,0,0
17:42:33.590,17:42:33.590,4093.25,0x8E,0x00,True,131,0,0
17:43:03.605,17:43:03.605,4123.265,0x8E,0x00,True,132,0,0
17:43:33.615,17:43:33.615,4153.275,0x8E,0x00,True,133,0,0
17:44:03.635,17:44:03.635,4183.295,0x8E,0x00,True,134,0,0
17:44:33.630,17:44:33.630,4213.29,0x8E,0x00,True,135,0,0
17:45:03.666,17:45:03.666,4243.326,0x8E,0x00,True,136,0,0
17:45:33.676,17:45:33.676,4273.336,0x8E,0x00,True,137,0,0
17:46:03.690,17:46:03.690,4303.35,0x8E,0x00,True,138,0,0
17:46:33.705,17:46:33.705,4333.365,0x8E,0x00,True,139,0,0
17:47:03.705,17:47:03.705,4363.365,0x8E,0x00,True,140,0,0
17:47:33.735,17:47:33.735,4393.395,0x8E,0x00,True,141,0,0
17:48:03.734,17:48:03.734,4423.394,0x8E,0x00,True,142,0,0
17:48:33.765,17:48:33.765,4453.425,0x8E,0x00,True,143,0,0
17:49:03.785,17:49:03.785,4483.445,0x8E,0x00,True,144,0,0
17:49:33.785,17:49:33.785,4513.445,0x8E,0x00,True,145,0,0
17:50:03.795,17:50:03.795,4543.455,0x8E,0x00,True,146,0,0
17:50:33.825,17:50:33.825,4573.485,0x8E,0x00,True,147,0,0
17:51:03.841,17:51:03.841,4603.501,0x8E,0x00,True,148,0,0
17:51:33.860,17:51:33.860,4633.52,0x8E,0x00,True,149,0,0
17:52:03.860,17:52:03.860,4663.52,0x8E,0x00,True,150,0,0
17:52:33.875,17:52:33.875,4693.535,0x8E,0x00,True,151,0,0
17:53:03.910,17:53:03.910,4723.57,0x8E,0x00,True,152,0,0
17:53:33.920,17:53:33.920,4753.58,0x8E,0x00,True,153,0,0
17:54:03.940,17:54:03.940,4783.6,0x8E,0x00,True,154,0,0
17:54:33.950,17:54:33.950,4813.61,0x8E,0x00,True,155,0,0
17:55:03.980,17:55:03.980,4843.64,0x8E,0x00,True,156,0,0
17:55:34.000,17:55:34.000,4873.66,0x8E,0x00,True,157,0,0
17:56:04.016,17:56:04.016,4903.676,0x8E,0x00,True,158,0,0
17:56:34.040,17:56:34.040,4933.7,0x8E,0x00,True,159,0,0
17:57:04.061,17:57:04.061,4963.721,0x8E,0x00,True,160,0,0
17:57:34.085,17:57:34.085,4993.745,0x8E,0x00,True,161,0,0
17:58:04.096,17:58:04.096,5023.756,0x8E,0x00,True,162,0,0
17:58:34.110,17:58:34.110,5053.77,0x8E,0x00,True,163,0,0
17:59:04.141,17:59:04.141,5083.801,0x8E,0x00,True,164,0,0
17:59:34.155,17:59:34.155,5113.815,0x8E,0x00,True,165,0,0
18:00:04.186,18:00:04.186,5143.846,0x8E,0x00,True,166,0,0
18:00:34.190,18:00:34.190,5173.85,0x8E,0x00,True,167,0,0
18:01:04.210,18:01:04.210,5203.87,0x8E,0x00,True,168,0,0
18:01:34.240,18:01:34.240,5233.9,0x8E,0x00,True,169,0,0
18:02:04.261,18:02:04.261,5263.921,0x8E,0x00,True,170,0,0
18:02:34.265,18:02:34.265,5293.925,0x8E,0x00,True,171,0,0
18:03:04.300,18:03:04.300,5323.96,0x8E,0x00,True,172,0,0
18:03:34.315,18:03:34.315,5353.975,0x8E,0x00,True,173,0,0
18:04:04.330,18:04:04.330,5383.99,0x8E,0x00,True,174,0,0
18:04:34.335,18:04:34.335,5413.995,0x8E,0x00,True,175,0,0
18:05:04.360,18:05:04.360,5444.02,0x8E,0x00,True,176,0,0
18:05:34.370,18:05:34.370,5474.03,0x8E,0x00,True,177,0,0
18:06:04.400,18:06:04.400,5504.06,0x8E,0x00,True,178,0,0
18:06:34.423,18:06:34.423,5534.083,0x8E,0x00,True,179,0,0
18:07:04.440,18:07:04.440,5564.1,0x8E,0x00,True,180,0,0
18:56:05.588,18:56:05.588,8505.248,0x8E,0x00,True,15,0,0
18:56:05.588,18:56:05.588,8505.248,0x8E,0x00,True,16,0,0
18:56:05.588,18:56:05.588,8505.248,0x8E,0x00,True,17,0,0
18:56:05.588,18:56:05.588,8505.248,0x8E,0x00,True,18,0,0
18:56:05.588,18:56:05.588,8505.248,0x8E,0x00,True,19,0,0
18:56:05.588,18:56:05.588,8505.248,0x8E,0x00,True,20,0,0
18:56:05.588,18:56:05.588,8505.248,0x8E,0x00,True,21,0,0
18:56:05.588,18:56:05.588,8505.248,0x8E,0x00,True,22,0,0
18:56:35.567,18:56:35.567,8535.227,0x8E,0x00,True,23,0,0
18:57:05.574,18:57:05.574,8565.234,0x8E,0x00,True,24,0,0
18:57:35.555,18:57:35.555,8595.215,0x8E,0x00,True,25,0,0
18:58:05.564,18:58:05.564,8625.224,0x8E,0x00,True,26,0,0
18:58:35.545,18:58:35.545,8655.205,0x8E,0x00,True,27,0,0
18:59:05.545,18:59:05.545,8685.205,0x8E,0x00,True,28,0,0
18:59:35.539,18:59:35.539,8715.199,0x8E,0x00,True,29,0,0
19:00:05.555,19:00:05.555,8745.215,0x8E,0x00,True,30,0,0
19:00:35.540,19:00:35.540,8775.2,0x8E,0x00,True,31,0,0
19:01:05.535,19:01:05.535,8805.195,0x8E,0x00,True,32,0,0
19:01:35.530,19:01:35.530,8835.19,0x8E,0x00,True,33,0,0
19:02:05.525,19:02:05.525,8865.185,0x8E,0x00,True,34,0,0
19:02:35.515,19:02:35.515,8895.175,0x8E,0x00,True,35,0,0
19:03:05.489,19:03:05.489,8925.149,0x8E,0x00,True,36,0,0
19:03:35.500,19:03:35.500,8955.16,0x8E,0x00,True,37,0,0
19:04:05.475,19:04:05.475,8985.135,0x8E,0x00,True,38,0,0
19:04:35.465,19:04:35.465,9015.125,0x8E,0x00,True,39,0,0
19:05:05.470,19:05:05.470,9045.13,0x8E,0x00,True,40,0,0
19:05:35.470,19:05:35.470,9075.13,0x8E,0x00,True,41,0,0
19:06:05.460,19:06:05.460,9105.12,0x8E,0x00,True,42,0,0
19:06:35.460,19:06:35.460,9135.12,0x8E,0x00,True,43,0,0
19:07:05.450,19:07:05.450,9165.11,0x8E,0x00,True,44,0,0
19:07:35.430,19:07:35.430,9195.09,0x8E,0x00,True,45,0,0
19:08:05.439,19:08:05.439,9225.099,0x8E,0x00,True,46,0,0
19:08:35.415,19:08:35.415,9255.075,0x8E,0x00,True,47,0,0
19:09:05.420,19:09:05.420,9285.08,0x8E,0x00,True,48,0,0
19:09:35.399,19:09:35.399,9315.059,0x8E,0x00,True,49,0,0
19:10:05.390,19:10:05.390,9345.05,0x8E,0x00,True,50,0,0
19:10:35.390,19:10:35.390,9375.05,0x8E,0x00,True,51,0,0
19:11:05.390,19:11:05.390,9405.05,0x8E,0x00,True,52,0,0
19:11:35.385,19:11:35.385,9435.045,0x8E,0x00,True,53,0,0
19:12:05.354,19:12:05.354,9465.014,0x8E,0x00,True,54,0,0
19:12:35.370,19:12:35.370,9495.03,0x8E,0x00,True,55,0,0
19:13:05.354,19:13:05.354,9525.014,0x8E,0x00,True,56,0,0
19:13:35.335,19:13:35.335,9554.995,0x8E,0x00,True,57,0,0
19:14:05.345,19:14:05.345,9585.005,0x8E,0x00,True,58,0,0
19:14:35.335,19:14:35.335,9614.995,0x8E,0x00,True,59,0,0
19:15:05.305,19:15:05.305,9644.965,0x8E,0x00,True,60,0,0
19:15:35.310,19:15:35.310,9674.97,0x8E,0x00,True,61,0,0
19:16:05.300,19:16:05.300,9704.96,0x8E,0x00,True,62,0,0
19:16:35.290,19:16:35.290,9734.95,0x8E,0x00,True,63,0,0
19:17:05.279,19:17:05.279,9764.939,0x8E,0x00,True,64,0,0
19:17:35.254,19:17:35.254,9794.914,0x8E,0x00,True,65,0,0
19:18:05.260,19:18:05.260,9824.92,0x8E,0x00,True,66,0,0
19:18:35.236,19:18:35.236,9854.896,0x8E,0x00,True,67,0,0
19:19:05.225,19:19:05.225,9884.885,0x8E,0x00,True,68,0,0
19:19:35.220,19:19:35.220,9914.88,0x8E,0x00,True,69,0,0
19:20:05.205,19:20:05.205,9944.865,0x8E,0x00,True,70,0,0
19:20:35.195,19:20:35.195,9974.855,0x8E,0x00,True,71,0,0
19:21:05.185,19:21:05.185,10004.845,0x8E,0x00,True,72,0,0
19:21:35.159,19:21:35.159,10034.819,0x8E,0x00,True,73,0,0
19:22:05.149,19:22:05.149,10064.809,0x8E,0x00,True,74,0,0
19:22:35.145,19:22:35.145,10094.805,0x8E,0x00,True,75,0,0
19:23:05.135,19:23:05.135,10124.795,0x8E,0x00,True,76,0,0
19:23:35.125,19:23:35.125,10154.785,0x8E,0x00,True,77,0,0
19:24:05.119,19:24:05.119,10184.779,0x8E,0x00,True,78,0,0
19:24:35.100,19:24:35.100,10214.76,0x8E,0x00,True,79,0,0
19:25:05.085,19:25:05.085,10244.745,0x8E,0x00,True,80,0,0
19:25:35.060,19:25:35.060,10274.72,0x8E,0x00,True,81,0,0
19:26:05.060,19:26:05.060,10304.72,0x8E,0x00,True,82,0,0
19:26:35.055,19:26:35.055,10334.715,0x8E,0x00,True,83,0,0
19:27:05.040,19:27:05.040,10364.7,0x8E,0x00,True,84,0,0
19:27:35.015,19:27:35.015,10394.675,0x8E,0x00,True,85,0,0
19:28:04.995,19:28:04.995,10424.655,0x8E,0x00,True,86,0,0
19:28:34.984,19:28:34.984,10454.644,0x8E,0x00,True,87,0,0
19:29:04.980,19:29:04.980,10484.64,0x8E,0x00,True,88,0,0
19:29:34.970,19:29:34.970,10514.63,0x8E,0x00,True,89,0,0
19:30:04.965,19:30:04.965,10544.625,0x8E,0x00,True,90,0,0
19:30:34.950,19:30:34.950,10574.61,0x8E,0x00,True,91,0,0
19:31:04.935,19:31:04.935,10604.595,0x8E,0x00,True,92,0,0
19:31:34.910,19:31:34.910,10634.57,0x8E,0x00,True,93,0,0
19:32:04.895,19:32:04.895,10664.555,0x8E,0x00,True,94,0,0
19:32:34.895,19:32:34.895,10694.555,0x8E,0x00,True,95,0,0
19:33:04.869,19:33:04.869,10724.529,0x8E,0x00,True,96,0,0
19:33:34.870,19:33:34.870,10754.53,0x8E,0x00,True,97,0,0
19:34:04.840,19:34:04.840,10784.5,0x8E,0x00,True,98,0,0
19:34:34.835,19:34:34.835,10814.495,0x8E,0x00,True,99,0,0
19:35:04.825,19:35:04.825,10844.485,0x8E,0x00,True,100,0,0
19:35:34.824,19:35:34.824,10874.484,0x8E,0x00,True,101,0,0
19:36:04.814,19:36:04.814,10904.474,0x8E,0x00,True,102,0,0
19:36:34.805,19:36:34.805,10934.465,0x8E,0x00,True,103,0,0
19:37:04.795,19:37:04.795,10964.455,0x8E,0x00,True,104,0,0
19:37:34.788,19:37:34.788,10994.448,0x8E,0x00,True,105,0,0
19:38:04.770,19:38:04.770,11024.43,0x8E,0x00,True,106,0,0
19:38:34.745,19:38:34.745,11054.405,0x8E,0x00,True,107,0,0
19:39:04.748,19:39:04.748,11084.408,0x8E,0x00,True,108,0,0
19:39:34.729,19:39:34.729,11114.389,0x8E,0x00,True,109,0,0
19:40:04.715,19:40:04.715,11144.375,0x8E,0x00,True,110,0,0
19:40:34.699,19:40:34.699,11174.359,0x8E,0x00,True,111,0,0
19:41:04.670,19:41:04.670,11204.33,0x8E,0x00,True,112,0,0
19:41:34.679,19:41:34.679,11234.339,0x8E,0x00,True,113,0,0
19:42:04.655,19:42:04.655,11264.315,0x8E,0x00,True,114,0,0
19:42:34.635,19:42:34.635,11294.295,0x8E,0x00,True,115,0,0
19:43:04.638,19:43:04.638,11324.298,0x8E,0x00,True,116,0,0
19:43:34.625,19:43:34.625,11354.285,0x8E,0x00,True,117,0,0
19:44:04.595,19:44:04.595,11384.255,0x8E,0x00,True,118,0,0
19:44:34.588,19:44:34.588,11414.248,0x8E,0x00,True,119,0,0
19:45:04.585,19:45:04.585,11444.245,0x8E,0x00,True,120,0,0
19:45:34.570,19:45:34.570,11474.23,0x8E,0x00,True,121,0,0
19:46:04.555,19:46:04.555,11504.215,0x8E,0x00,True,122,0,0
19:46:34.540,19:46:34.540,11534.2,0x8E,0x00,True,123,0,0
19:47:04.515,19:47:04.515,11564.175,0x8E,0x00,True,124,0,0
19:47:34.499,19:47:34.499,11594.159,0x8E,0x00,True,125,0,0
19:48:04.500,19:48:04.500,11624.16,0x8E,0x00,True,126,0,0
19:48:34.479,19:48:34.479,11654.139,0x8E,0x00,True,127,0,0
19:49:04.475,19:49:04.475,11684.135,0x8E,0x00,True,128,0,0
19:49:34.465,19:49:34.465,11714.125,0x8E,0x00,True,129,0,0
19:50:04.437,19:50:04.437,11744.097,0x8E,0x00,True,130,0,0
19:50:34.425,19:50:34.425,11774.085,0x8E,0x00,True,131,0,0
19:51:04.419,19:51:04.419,11804.079,0x8E,0x00,True,132,0,0
19:51:34.410,19:51:34.410,11834.07,0x8E,0x00,True,133,0,0
19:52:04.375,19:52:04.375,11864.035,0x8E,0x00,True,134,0,0
19:52:34.375,19:52:34.375,11894.035,0x8E,0x00,True,135,0,0
19:53:04.350,19:53:04.350,11924.01,0x8E,0x00,True,136,0,0
19:53:34.325,19:53:34.325,11953.985,0x8E,0x00,True,137,0,0
19:54:04.325,19:54:04.325,11983.985,0x8E,0x00,True,138,0,0
19:54:34.300,19:54:34.300,12013.96,0x8E,0x00,True,139,0,0
19:55:04.285,19:55:04.285,12043.945,0x8E,0x00,True,140,0,0
19:55:34.265,19:55:34.265,12073.925,0x8E,0x00,True,141,0,0
19:56:04.255,19:56:04.255,12103.915,0x8E,0x00,True,142,0,0
19:56:34.234,19:56:34.234,12133.894,0x8E,0x00,True,143,0,0
19:57:04.225,19:57:04.225,12163.885,0x8E,0x00,True,144,0,0
19:57:34.205,19:57:34.205,12193.865,0x8E,0x00,True,145,0,0
19:58:04.185,19:58:04.185,12223.845,0x8E,0x00,True,146,0,0
19:59:24.155,19:59:24.155,12303.815,0x8E,0x00,True,147,0,0
19:59:24.155,19:59:24.155,12303.815,0x8E,0x00,True,148,0,0
19:59:34.117,19:59:34.117,12313.777,0x8E,0x00,True,149,0,0
20:00:04.107,20:00:04.107,12343.767,0x8E,0x00,True,150,0,0
20:00:34.098,20:00:34.098,12373.758,0x8E,0x00,True,151,0,0
20:01:04.082,20:01:04.082,12403.742,0x8E,0x00,True,152,0,0
20:01:34.067,20:01:34.067,12433.727,0x8E,0x00,True,153,0,0
20:02:04.042,20:02:04.042,12463.702,0x8E,0x00,True,154,0,0
20:02:34.043,20:02:34.043,12493.703,0x8E,0x00,True,155,0,0
20:03:04.017,20:03:04.017,12523.677,0x8E,0x00,True,156,0,0
20:03:34.007,20:03:34.007,12553.667,0x8E,0x00,True,157,0,0
20:04:03.992,20:04:03.992,12583.652,0x8E,0x00,True,158,0,0
20:04:33.957,20:04:33.957,12613.617,0x8E,0x00,True,159,0,0
20:05:03.957,20:05:03.957,12643.617,0x8E,0x00,True,160,0,0
20:05:33.937,20:05:33.937,12673.597,0x8E,0x00,True,161,0,0
20:06:03.927,20:06:03.927,12703.587,0x8E,0x00,True,162,0,0
20:06:33.907,20:06:33.907,12733.567,0x8E,0x00,True,163,0,0
20:07:03.887,20:07:03.887,12763.547,0x8E,0x00,True,164,0,0
20:07:33.877,20:07:33.877,12793.537,0x8E,0x00,True,165,0,0
20:08:03.857,20:08:03.857,12823.517,0x8E,0x00,True,166,0,0
20:08:33.853,20:08:33.853,12853.513,0x8E,0x00,True,167,0,0
20:09:03.827,20:09:03.827,12883.487,0x8E,0x00,True,168,0,0
20:09:33.817,20:09:33.817,12913.477,0x8E,0x00,True,169,0,0
20:10:03.782,20:10:03.782,12943.442,0x8E,0x00,True,170,0,0
20:10:33.782,20:10:33.782,12973.442,0x8E,0x00,True,171,0,0
20:11:03.772,20:11:03.772,13003.432,0x8E,0x00,True,172,0,0
20:11:33.758,20:11:33.758,13033.418,0x8E,0x00,True,173,0,0
20:12:03.742,20:12:03.742,13063.402,0x8E,0x00,True,174,0,0
20:12:33.728,20:12:33.728,13093.388,0x8E,0x00,True,175,0,0
20:13:03.702,20:13:03.702,13123.362,0x8E,0x00,True,176,0,0
20:13:33.692,20:13:33.692,13153.352,0x8E,0x00,True,177,0,0
20:14:03.692,20:14:03.692,13183.352,0x8E,0x00,True,178,0,0
20:14:33.668,20:14:33.668,13213.328,0x8E,0x00,True,179,0,0
20:15:03.657,20:15:03.657,13243.317,0x8E,0x00,True,180,0,0
20:15:33.632,20:15:33.632,13273.292,0x8E,0x00,True,181,0,0
20:16:03.632,20:16:03.632,13303.292,0x8E,0x00,True,182,0,0
20:16:33.623,20:16:33.623,13333.283,0x8E,0x00,True,183,0,0
20:17:03.605,20:17:03.605,13363.265,0x8E,0x00,True,184,0,0
20:17:33.593,20:17:33.593,13393.253,0x8E,0x00,True,185,0,0
20:18:03.577,20:18:03.577,13423.237,0x8E,0x00,True,186,0,0
20:18:33.558,20:18:33.558,13453.218,0x8E,0x00,True,187,0,0
20:19:03.537,20:19:03.537,13483.197,0x8E,0x00,True,188,0,0
20:19:33.527,20:19:33.527,13513.187,0x8E,0x00,True,189,0,0
20:20:03.513,20:20:03.513,13543.173,0x8E,0x00,True,190,0,0
20:20:33.497,20:20:33.497,13573.157,0x8E,0x00,True,191,0,0
20:21:03.482,20:21:03.482,13603.142,0x8E,0x00,True,192,0,0
20:21:33.458,20:21:33.458,13633.118,0x8E,0x00,True,193,0,0
20:22:03.447,20:22:03.447,13663.107,0x8E,0x00,True,194,0,0
20:22:33.433,20:22:33.433,13693.093,0x8E,0x00,True,195,0,0
20:23:03.418,20:23:03.418,13723.078,0x8E,0x00,True,196,0,0
20:23:33.397,20:23:33.397,13753.057,0x8E,0x00,True,197,0,0
20:24:03.377,20:24:03.377,13783.037,0x8E,0x00,True,198,0,0
20:24:33.368,20:24:33.368,13813.028,0x8E,0x00,True,199,0,0
20:25:03.353,20:25:03.353,13843.013,0x8E,0x00,True,200,0,0
20:25:33.337,20:25:33.337,13872.997,0x8E,0x00,True,201,0,0
20:26:03.319,20:26:03.319,13902.979,0x8E,0x00,True,202,0,0
20:26:33.297,20:26:33.297,13932.957,0x8E,0x00,True,203,0,0
20:27:03.282,20:27:03.282,13962.942,0x8E,0x00,True,204,0,0
20:27:33.268,20:27:33.268,13992.928,0x8E,0x00,True,205,0,0
20:28:03.242,20:28:03.242,14022.902,0x8E,0x00,True,206,0,0
20:28:33.242,20:28:33.242,14052.902,0x8E,0x00,True,207,0,0
20:29:03.218,20:29:03.218,14082.878,0x8E,0x00,True,208,0,0
20:29:33.208,20:29:33.208,14112.868,0x8E,0x00,True,209,0,0
20:30:03.192,20:30:03.192,14142.852,0x8E,0x00,True,210,0,0
20:30:33.172,20:30:33.172,14172.832,0x8E,0x00,True,211,0,0
20:31:03.147,20:31:03.147,14202.807,0x8E,0x00,True,212,0,0
20:31:33.138,20:31:33.138,14232.798,0x8E,0x00,True,213,0,0
20:32:03.123,20:32:03.123,14262.783,0x8E,0x00,True,214,0,0
20:32:33.107,20:32:33.107,14292.767,0x8E,0x00,True,215,0,0
20:33:03.077,20:33:03.077,14322.737,0x8E,0x00,True,216,0,0
20:33:33.061,20:33:33.061,14352.721,0x8E,0x00,True,217,0,0
20:34:03.062,20:34:03.062,14382.722,0x8E,0x00,True,218,0,0
20:34:33.043,20:34:33.043,14412.703,0x8E,0x00,True,219,0,0
20:35:03.032,20:35:03.032,14442.692,0x8E,0x00,True,220,0,0
20:35:33.018,20:35:33.018,14472.678,0x8E,0x00,True,221,0,0
20:36:03.002,20:36:03.002,14502.662,0x8E,0x00,True,222,0,0
20:36:32.978,20:36:32.978,14532.638,0x8E,0x00,True,223,0,0
20:37:02.957,20:37:02.957,14562.617,0x8E,0x00,True,224,0,0
20:37:32.958,20:37:32.958,14592.618,0x8E,0x00,True,225,0,0
20:38:02.942,20:38:02.942,14622.602,0x8E,0x00,True,226,0,0
20:38:32.933,20:38:32.933,14652.593,0x8E,0x00,True,227,0,0
20:39:02.897,20:39:02.897,14682.557,0x8E,0x00,True,228,0,0
20:39:32.897,20:39:32.897,14712.557,0x8E,0x00,True,229,0,0
20:40:02.867,20:40:02.867,14742.527,0x8E,0x00,True,230,0,0
20:40:32.857,20:40:32.857,14772.517,0x8E,0x00,True,231,0,0
20:41:02.853,20:41:02.853,14802.513,0x8E,0x00,True,232,0,0
20:41:32.832,20:41:32.832,14832.492,0x8E,0x00,True,233,0,0
20:42:02.808,20:42:02.808,14862.468,0x8E,0x00,True,234,0,0
20:42:32.803,20:42:32.803,14892.463,0x8E,0x00,True,235,0,0
20:43:02.787,20:43:02.787,14922.447,0x8E,0x00,True,236,0,0
20:43:32.774,20:43:32.774,14952.434,0x8E,0x00,True,237,0,0
20:44:02.747,20:44:02.747,14982.407,0x8E,0x00,True,238,0,0
20:44:32.737,20:44:32.737,15012.397,0x8E,0x00,True,239,0,0
20:45:02.728,20:45:02.728,15042.388,0x8E,0x00,True,240,0,0
20:45:32.707,20:45:32.707,15072.367,0x8E,0x00,True,241,0,0
20:46:02.697,20:46:02.697,15102.357,0x8E,0x00,True,242,0,0
20:46:32.668,20:46:32.668,15132.328,0x8E,0x00,True,243,0,0
20:47:02.647,20:47:02.647,15162.307,0x8E,0x00,True,244,0,0
20:47:32.638,20:47:32.638,15192.298,0x8E,0x00,True,245,0,0
20:48:02.612,20:48:02.612,15222.272,0x8E,0x00,True,246,0,0
20:48:32.603,20:48:32.603,15252.263,0x8E,0x00,True,247,0,0
20:49:02.571,20:49:02.571,15282.231,0x8E,0x00,True,248,0,0
20:49:32.562,20:49:32.562,15312.222,0x8E,0x00,True,249,0,0
20:50:02.537,20:50:02.537,15342.197,0x8E,0x00,True,250,0,0
20:50:32.522,20:50:32.522,15372.182,0x8E,0x00,True,251,0,0
20:51:02.525,20:51:02.525,15402.185,0x8E,0x00,True,252,0,0
20:51:32.502,20:51:32.502,15432.162,0x8E,0x00,True,253,0,0
20:52:02.487,20:52:02.487,15462.147,0x8E,0x00,True,254,0,0
20:52:32.473,20:52:32.473,15492.133,0x8E,0x00,True,255,0,0
20:53:02.463,20:53:02.463,15522.123,0x8E,0x00,True,0,0,0
20:53:32.428,20:53:32.428,15552.088,0x8E,0x00,True,1,0,0
20:54:02.417,20:54:02.417,15582.077,0x8E,0x00,True,2,0,0
20:54:32.412,20:54:32.412,15612.072,0x8E,0x00,True,3,0,0
20:55:02.397,20:55:02.397,15642.057,0x8E,0x00,True,4,0,0
20:55:32.372,20:55:32.372,15672.032,0x8E,0x00,True,5,0,0
20:56:02.372,20:56:02.372,15702.032,0x8E,0x00,True,6,0,0
20:56:32.348,20:56:32.348,15732.008,0x8E,0x00,True,7,0,0
20:57:02.327,20:57:02.327,15761.987,0x8E,0x00,True,8,0,0
20:57:32.327,20:57:32.327,15791.987,0x8E,0x00,True,9,0,0
20:58:02.317,20:58:02.317,15821.977,0x8E,0x00,True,10,0,0
20:58:32.303,20:58:32.303,15851.963,0x8E,0x00,True,11,0,0
20:59:02.272,20:59:02.272,15881.932,0x8E,0x00,True,12,0,0
20:59:32.270,20:59:32.270,15911.93,0x8E,0x00,True,13,0,0
21:00:02.266,21:00:02.266,15941.926,0x8E,0x00,True,14,0,0
21:00:32.232,21:00:32.232,15971.892,0x8E,0x00,True,15,0,0
21:01:02.232,21:01:02.232,16001.892,0x8E,0x00,True,16,0,0
21:01:32.223,21:01:32.223,16031.883,0x8E,0x00,True,17,0,0
21:02:02.202,21:02:02.202,16061.862,0x8E,0x00,True,18,0,0
21:02:32.183,21:02:32.183,16091.843,0x8E,0x00,True,19,0,0
21:03:02.172,21:03:02.172,16121.832,0x8E,0x00,True,20,0,0
21:03:32.167,21:03:32.167,16151.827,0x8E,0x00,True,21,0,0
21:04:02.152,21:04:02.152,16181.812,0x8E,0x00,True,22,0,0
21:04:32.133,21:04:32.133,16211.793,0x8E,0x00,True,23,0,0
21:05:02.107,21:05:02.107,16241.767,0x8E,0x00,True,24,0,0
21:05:32.103,21:05:32.103,16271.763,0x8E,0x00,True,25,0,0
21:06:02.093,21:06:02.093,16301.753,0x8E,0x00,True,26,0,0
21:06:32.083,21:06:32.083,16331.743,0x8E,0x00,True,27,0,0
21:07:02.062,21:07:02.062,16361.722,0x8E,0x00,True,28,0,0
21:07:32.042,21:07:32.042,16391.702,0x8E,0x00,True,29,0,0
21:08:02.032,21:08:02.032,16421.692,0x8E,0x00,True,30,0,0
21:08:32.025,21:08:32.025,16451.685,0x8E,0x00,True,31,0,0
21:09:02.012,21:09:02.012,16481.672,0x8E,0x00,True,32,0,0
21:09:31.997,21:09:31.997,16511.657,0x8E,0x00,True,33,0,0
21:10:01.987,21:10:01.987,16541.647,0x8E,0x00,True,34,0,0
21:10:31.978,21:10:31.978,16571.638,0x8E,0x00,True,35,0,0
21:11:01.952,21:11:01.952,16601.612,0x8E,0x00,True,36,0,0
21:11:31.937,21:11:31.937,16631.597,0x8E,0x00,True,37,0,0
21:12:01.940,21:12:01.940,16661.6,0x8E,0x00,True,38,0,0
21:12:31.902,21:12:31.902,16691.562,0x8E,0x00,True,39,0,0
21:13:01.902,21:13:01.902,16721.562,0x8E,0x00,True,40,0,0
21:13:31.877,21:13:31.877,16751.537,0x8E,0x00,True,41,0,0
21:14:01.862,21:14:01.862,16781.522,0x8E,0x00,True,42,0,0
21:14:31.878,21:14:31.878,16811.538,0x8E,0x00,True,43,0,0
21:15:01.843,21:15:01.843,16841.503,0x8E,0x00,True,44,0,0
21:15:31.832,21:15:31.832,16871.492,0x8E,0x00,True,45,0,0
21:16:01.822,21:16:01.822,16901.482,0x8E,0x00,True,46,0,0
21:16:31.803,21:16:31.803,16931.463,0x8E,0x00,True,47,0,0
21:17:01.777,21:17:01.777,16961.437,0x8E,0x00,True,48,0,0
21:17:31.758,21:17:31.758,16991.418,0x8E,0x00,True,49,0,0
21:18:01.758,21:18:01.758,17021.418,0x8E,0x00,True,50,0,0
21:18:31.737,21:18:31.737,17051.397,0x8E,0x00,True,51,0,0
21:19:01.723,21:19:01.723,17081.383,0x8E,0x00,True,52,0,0
21:19:31.697,21:19:31.697,17111.357,0x8E,0x00,True,53,0,0
21:20:01.692,21:20:01.692,17141.352,0x8E,0x00,True,54,0,0
21:20:31.677,21:20:31.677,17171.337,0x8E,0x00,True,55,0,0
21:21:01.662,21:21:01.662,17201.322,0x8E,0x00,True,56,0,0
21:21:31.652,21:21:31.652,17231.312,0x8E,0x00,True,57,0,0
21:22:01.628,21:22:01.628,17261.288,0x8E,0x00,True,58,0,0
21:22:31.612,21:22:31.612,17291.272,0x8E,0x00,True,59,0,0
21:23:01.607,21:23:01.607,17321.267,0x8E,0x00,True,60,0,0
21:23:31.598,21:23:31.598,17351.258,0x8E,0x00,True,61,0,0
21:24:01.583,21:24:01.583,17381.243,0x8E,0x00,True,62,0,0
21:24:31.558,21:24:31.558,17411.218,0x8E,0x00,True,63,0,0
21:25:01.548,21:25:01.548,17441.208,0x8E,0x00,True,64,0,0
21:25:31.540,21:25:31.540,17471.2,0x8E,0x00,True,65,0,0
21:26:01.532,21:26:01.532,17501.192,0x8E,0x00,True,66,0,0
21:26:31.518,21:26:31.518,17531.178,0x8E,0x00,True,67,0,0
21:27:01.503,21:27:01.503,17561.163,0x8E,0x00,True,68,0,0
21:27:31.493,21:27:31.493,17591.153,0x8E,0x00,True,69,0,0
21:28:01.468,21:28:01.468,17621.128,0x8E,0x00,True,70,0,0
21:28:31.462,21:28:31.462,17651.122,0x8E,0x00,True,71,0,0
21:29:01.452,21:29:01.452,17681.112,0x8E,0x00,True,72,0,0
21:29:31.442,21:29:31.442,17711.102,0x8E,0x00,True,73,0,0
21:30:01.437,21:30:01.437,17741.097,0x8E,0x00,True,74,0,0
21:30:31.423,21:30:31.423,17771.083,0x8E,0x00,True,75,0,0
21:31:01.397,21:31:01.397,17801.057,0x8E,0x00,True,76,0,0
21:31:31.388,21:31:31.388,17831.048,0x8E,0x00,True,77,0,0
21:32:01.383,21:32:01.383,17861.043,0x8E,0x00,True,78,0,0
21:32:31.372,21:32:31.372,17891.032,0x8E,0x00,True,79,0,0
21:33:01.357,21:33:01.357,17921.017,0x8E,0x00,True,80,0,0
21:33:31.348,21:33:31.348,17951.008,0x8E,0x00,True,81,0,0
21:34:01.322,21:34:01.322,17980.982,0x8E,0x00,True,82,0,0
21:34:31.312,21:34:31.312,18010.972,0x8E,0x00,True,83,0,0
21:35:01.298,21:35:01.298,18040.958,0x8E,0x00,True,84,0,0
21:35:31.303,21:35:31.303,18070.963,0x8E,0x00,True,85,0,0
21:36:01.282,21:36:01.282,18100.942,0x8E,0x00,True,86,0,0
21:36:31.257,21:36:31.257,18130.917,0x8E,0x00,True,87,0,0
21:37:01.243,21:37:01.243,18160.903,0x8E,0x00,True,88,0,0
21:37:31.240,21:37:31.240,18190.9,0x8E,0x00,True,89,0,0
21:38:01.223,21:38:01.223,18220.883,0x8E,0x00,True,90,0,0
21:38:31.218,21:38:31.218,18250.878,0x8E,0x00,True,91,0,0
21:39:01.207,21:39:01.207,18280.867,0x8E,0x00,True,92,0,0
21:39:31.197,21:39:31.197,18310.857,0x8E,0x00,True,93,0,0
21:40:01.187,21:40:01.187,18340.847,0x8E,0x00,True,94,0,0
21:40:31.162,21:40:31.162,18370.822,0x8E,0x00,True,95,0,0
21:41:01.147,21:41:01.147,18400.807,0x8E,0x00,True,96,0,0
21:41:31.142,21:41:31.142,18430.802,0x8E,0x00,True,97,0,0
21:42:01.133,21:42:01.133,18460.793,0x8E,0x00,True,98,0,0
21:42:31.123,21:42:31.123,18490.783,0x8E,0x00,True,99,0,0
21:43:01.107,21:43:01.107,18520.767,0x8E,0x00,True,100,0,0
21:43:31.098,21:43:31.098,18550.758,0x8E,0x00,True,101,0,0
21:44:01.082,21:44:01.082,18580.742,0x8E,0x00,True,102,0,0
21:44:31.062,21:44:31.062,18610.722,0x8E,0x00,True,103,0,0
21:45:01.048,21:45:01.048,18640.708,0x8E,0x00,True,104,0,0
21:45:31.042,21:45:31.042,18670.702,0x8E,0x00,True,105,0,0
21:46:01.032,21:46:01.032,18700.692,0x8E,0x00,True,106,0,0
21:46:31.023,21:46:31.023,18730.683,0x8E,0x00,True,107,0,0
21:47:00.998,21:47:00.998,18760.658,0x8E,0x00,True,108,0,0
21:47:30.992,21:47:30.992,18790.652,0x8E,0x00,True,109,0,0
21:48:00.978,21:48:00.978,18820.638,0x8E,0x00,True,110,0,0
21:48:30.976,21:48:30.976,18850.636,0x8E,0x00,True,111,0,0
21:49:00.963,21:49:00.963,18880.623,0x8E,0x00,True,112,0,0
21:49:30.928,21:49:30.928,18910.588,0x8E,0x00,True,113,0,0
21:50:00.928,21:50:00.928,18940.588,0x8E,0x00,True,114,0,0
21:50:30.907,21:50:30.907,18970.567,0x8E,0x00,True,115,0,0
21:51:00.897,21:51:00.897,19000.557,0x8E,0x00,True,116,0,0
21:51:30.893,21:51:30.893,19030.553,0x8E,0x00,True,117,0,0
21:52:00.883,21:52:00.883,19060.543,0x8E,0x00,True,118,0,0
21:52:30.867,21:52:30.867,19090.527,0x8E,0x00,True,119,0,0
21:53:00.865,21:53:00.865,19120.525,0x8E,0x00,True,120,0,0
21:53:30.843,21:53:30.843,19150.503,0x8E,0x00,True,121,0,0
21:54:00.817,21:54:00.817,19180.477,0x8E,0x00,True,122,0,0
21:54:30.822,21:54:30.822,19210.482,0x8E,0x00,True,123,0,0
21:55:00.808,21:55:00.808,19240.468,0x8E,0x00,True,124,0,0
21:55:30.798,21:55:30.798,19270.458,0x8E,0x00,True,125,0,0
21:56:00.787,21:56:00.787,19300.447,0x8E,0x00,True,126,0,0
21:56:30.757,21:56:30.757,19330.417,0x8E,0x00,True,127,0,0
21:57:00.757,21:57:00.757,19360.417,0x8E,0x00,True,128,0,0
21:57:30.737,21:57:30.737,19390.397,0x8E,0x00,True,129,0,0
21:58:00.732,21:58:00.732,19420.392,0x8E,0x00,True,130,0,0
21:58:30.718,21:58:30.718,19450.378,0x8E,0x00,True,131,0,0
21:59:00.700,21:59:00.700,19480.36,0x8E,0x00,True,132,0,0
21:59:30.697,21:59:30.697,19510.357,0x8E,0x00,True,133,0,0
22:00:00.672,22:00:00.672,19540.332,0x8E,0x00,True,134,0,0
22:00:30.667,22:00:30.667,19570.327,0x8E,0x00,True,135,0,0
22:01:00.652,22:01:00.652,19600.312,0x8E,0x00,True,136,0,0
22:01:30.622,22:01:30.622,19630.282,0x8E,0x00,True,137,0,0
22:02:00.623,22:02:00.623,19660.283,0x8E,0x00,True,138,0,0
22:02:30.598,22:02:30.598,19690.258,0x8E,0x00,True,139,0,0
22:03:00.587,22:03:00.587,19720.247,0x8E,0x00,True,140,0,0
22:03:30.562,22:03:30.562,19750.222,0x8E,0x00,True,141,0,0
22:04:00.558,22:04:00.558,19780.218,0x8E,0x00,True,142,0,0
22:04:30.532,22:04:30.532,19810.192,0x8E,0x00,True,143,0,0
22:05:00.518,22:05:00.518,19840.178,0x8E,0x00,True,144,0,0
22:05:30.502,22:05:30.502,19870.162,0x8E,0x00,True,145,0,0
22:06:00.503,22:06:00.503,19900.163,0x8E,0x00,True,146,0,0
22:06:30.478,22:06:30.478,19930.138,0x8E,0x00,True,147,0,0
22:07:00.462,22:07:00.462,19960.122,0x8E,0x00,True,148,0,0
22:07:30.442,22:07:30.442,19990.102,0x8E,0x00,True,149,0,0
22:08:00.433,22:08:00.433,20020.093,0x8E,0x00,True,150,0,0
22:08:30.407,22:08:30.407,20050.067,0x8E,0x00,True,151,0,0
22:09:00.402,22:09:00.402,20080.062,0x8E,0x00,True,152,0,0
22:09:30.387,22:09:30.387,20110.047,0x8E,0x00,True,153,0,0
22:10:00.365,22:10:00.365,20140.025,0x8E,0x00,True,154,0,0
22:10:30.348,22:10:30.348,20170.008,0x8E,0x00,True,155,0,0
22:11:00.343,22:11:00.343,20200.003,0x8E,0x00,True,156,0,0
22:11:30.322,22:11:30.322,20229.982,0x8E,0x00,True,157,0,0
22:12:00.308,22:12:00.308,20259.968,0x8E,0x00,True,158,0,0
22:12:30.282,22:12:30.282,20289.942,0x8E,0x00,True,159,0,0
22:13:00.268,22:13:00.268,20319.928,0x8E,0x00,True,160,0,0
22:13:30.258,22:13:30.258,20349.918,0x8E,0x00,True,161,0,0
22:14:00.253,22:14:00.253,20379.913,0x8E,0x00,True,162,0,0
22:14:30.242,22:14:30.242,20409.902,0x8E,0x00,True,163,0,0
22:15:00.232,22:15:00.232,20439.892,0x8E,0x00,True,164,0,0
22:15:30.218,22:15:30.218,20469.878,0x8E,0x00,True,165,0,0
22:16:00.197,22:16:00.197,20499.857,0x8E,0x00,True,166,0,0
22:16:30.183,22:16:30.183,20529.843,0x8E,0x00,True,167,0,0
22:17:00.177,22:17:00.177,20559.837,0x8E,0x00,True,168,0,0
22:17:30.167,22:17:30.167,20589.827,0x8E,0x00,True,169,0,0
22:18:00.157,22:18:00.157,20619.817,0x8E,0x00,True,170,0,0
22:18:30.143,22:18:30.143,20649.803,0x8E,0x00,True,171,0,0
22:19:00.117,22:19:00.117,20679.777,0x8E,0x00,True,172,0,0
22:19:30.103,22:19:30.103,20709.763,0x8E,0x00,True,173,0,0
22:20:00.087,22:20:00.087,20739.747,0x8E,0x00,True,174,0,0
22:20:30.077,22:20:30.077,20769.737,0x8E,0x00,True,175,0,0
22:21:00.077,22:21:00.077,20799.737,0x8E,0x00,True,176,0,0
22:21:30.062,22:21:30.062,20829.722,0x8E,0x00,True,177,0,0
22:22:00.042,22:22:00.042,20859.702,0x8E,0x00,True,178,0,0
22:22:30.027,22:22:30.027,20889.687,0x8E,0x00,True,179,0,0
22:23:00.022,22:23:00.022,20919.682,0x8E,0x00,True,180,0,0
22:23:30.013,22:23:30.013,20949.673,0x8E,0x00,True,181,0,0
22:24:00.000,22:24:00.000,20979.66,0x8E,0x00,True,182,0,0
22:24:29.987,22:24:29.987,21009.647,0x8E,0x00,True,183,0,0
22:24:59.979,22:24:59.979,21039.639,0x8E,0x00,True,184,0,0
22:25:29.952,22:25:29.952,21069.612,0x8E,0x00,True,185,0,0
22:25:59.942,22:25:59.942,21099.602,0x8E,0x00,True,186,0,0
22:26:29.943,22:26:29.943,21129.603,0x8E,0x00,True,187,0,0
22:26:59.923,22:26:59.923,21159.583,0x8E,0x00,True,188,0,0
22:27:29.907,22:27:29.907,21189.567,0x8E,0x00,True,189,0,0
22:27:59.902,22:27:59.902,21219.562,0x8E,0x00,True,190,0,0
22:28:29.888,22:28:29.888,21249.548,0x8E,0x00,True,191,0,0
22:28:59.862,22:28:59.862,21279.522,0x8E,0x00,True,192,0,0
22:29:29.862,22:29:29.862,21309.522,0x8E,0x00,True,193,0,0
22:29:59.843,22:29:59.843,21339.503,0x8E,0x00,True,194,0,0
22:30:29.837,22:30:29.837,21369.497,0x8E,0x00,True,195,0,0
22:30:59.827,22:30:59.827,21399.487,0x8E,0x00,True,196,0,0
22:31:29.803,22:31:29.803,21429.463,0x8E,0x00,True,197,0,0
22:31:59.803,22:31:59.803,21459.463,0x8E,0x00,True,198,0,0
22:32:29.777,22:32:29.777,21489.437,0x8E,0x00,True,199,0,0
22:32:59.785,22:32:59.785,21519.445,0x8E,0x00,True,200,0,0
22:33:29.768,22:33:29.768,21549.428,0x8E,0x00,True,201,0,0
22:33:59.752,22:33:59.752,21579.412,0x8E,0x00,True,202,0,0
22:34:29.742,22:34:29.742,21609.402,0x8E,0x00,True,203,0,0
22:34:59.718,22:34:59.718,21639.378,0x8E,0x00,True,204,0,0
22:35:29.713,22:35:29.713,21669.373,0x8E,0x00,True,205,0,0
22:35:59.697,22:35:59.697,21699.357,0x8E,0x00,True,206,0,0
22:36:29.678,22:36:29.678,21729.338,0x8E,0x00,True,207,0,0
22:36:59.686,22:36:59.686,21759.346,0x8E,0x00,True,208,0,0
22:37:29.668,22:37:29.668,21789.328,0x8E,0x00,True,209,0,0
22:37:59.652,22:37:59.652,21819.312,0x8E,0x00,True,210,0,0
22:38:29.627,22:38:29.627,21849.287,0x8E,0x00,True,211,0,0
22:38:59.623,22:38:59.623,21879.283,0x8E,0x00,True,212,0,0
22:39:29.603,22:39:29.603,21909.263,0x8E,0x00,True,213,0,0
22:39:59.603,22:39:59.603,21939.263,0x8E,0x00,True,214,0,0
22:40:29.582,22:40:29.582,21969.242,0x8E,0x00,True,215,0,0
22:40:59.559,22:40:59.559,21999.219,0x8E,0x00,True,216,0,0
22:41:29.558,22:41:29.558,22029.218,0x8E,0x00,True,217,0,0
22:41:59.537,22:41:59.537,22059.197,0x8E,0x00,True,218,0,0
22:42:29.518,22:42:29.518,22089.178,0x8E,0x00,True,219,0,0
22:42:59.508,22:42:59.508,22119.168,0x8E,0x00,True,220,0,0
22:43:29.485,22:43:29.485,22149.145,0x8E,0x00,True,221,0,0
22:43:59.478,22:43:59.478,22179.138,0x8E,0x00,True,222,0,0
22:44:29.465,22:44:29.465,22209.125,0x8E,0x00,True,223,0,0
22:44:59.452,22:44:59.452,22239.112,0x8E,0x00,True,224,0,0
22:45:29.432,22:45:29.432,22269.092,0x8E,0x00,True,225,0,0
22:45:59.417,22:45:59.417,22299.077,0x8E,0x00,True,226,0,0
22:46:29.388,22:46:29.388,22329.048,0x8E,0x00,True,227,0,0
22:46:59.372,22:46:59.372,22359.032,0x8E,0x00,True,228,0,0
22:47:29.357,22:47:29.357,22389.017,0x8E,0x00,True,229,0,0
22:47:59.357,22:47:59.357,22419.017,0x8E,0x00,True,230,0,0
22:48:29.342,22:48:29.342,22449.002,0x8E,0x00,True,231,0,0
22:48:59.327,22:48:59.327,22478.987,0x8E,0x00,True,232,0,0
22:49:29.297,22:49:29.297,22508.957,0x8E,0x00,True,233,0,0
22:49:59.298,22:49:59.298,22538.958,0x8E,0x00,True,234,0,0
22:50:29.282,22:50:29.282,22568.942,0x8E,0x00,True,235,0,0
22:50:59.253,22:50:59.253,22598.913,0x8E,0x00,True,236,0,0
22:51:29.248,22:51:29.248,22628.908,0x8E,0x00,True,237,0,0
22:51:59.223,22:51:59.223,22658.883,0x8E,0x00,True,238,0,0
22:52:29.214,22:52:29.214,22688.874,0x8E,0x00,True,239,0,0
22:52:59.202,22:52:59.202,22718.862,0x8E,0x00,True,240,0,0
22:53:29.178,22:53:29.178,22748.838,0x8E,0x00,True,241,0,0
22:53:59.173,22:53:59.173,22778.833,0x8E,0x00,True,242,0,0
22:54:29.143,22:54:29.143,22808.803,0x8E,0x00,True,243,0,0
22:54:59.143,22:54:59.143,22838.803,0x8E,0x00,True,244,0,0
22:55:29.128,22:55:29.128,22868.788,0x8E,0x00,True,245,0,0
22:55:59.107,22:55:59.107,22898.767,0x8E,0x00,True,246,0,0
22:56:29.098,22:56:29.098,22928.758,0x8E,0x00,True,247,0,0
22:56:59.063,22:56:59.063,22958.723,0x8E,0x00,True,248,0,0
22:57:29.062,22:57:29.062,22988.722,0x8E,0x00,True,249,0,0
22:57:59.043,22:57:59.043,23018.703,0x8E,0x00,True,250,0,0
22:58:29.027,22:58:29.027,23048.687,0x8E,0x00,True,251,0,0
22:58:59.007,22:58:59.007,23078.667,0x8E,0x00,True,252,0,0
22:59:28.987,22:59:28.987,23108.647,0x8E,0x00,True,253,0,0
22:59:58.985,22:59:58.985,23138.645,0x8E,0x00,True,254,0,0
23:00:28.963,23:00:28.963,23168.623,0x8E,0x00,True,255,0,0
23:00:58.938,23:00:58.938,23198.598,0x8E,0x00,True,0,0,0
23:01:28.938,23:01:28.938,23228.598,0x8E,0x00,True,1,0,0
23:01:58.910,23:01:58.910,23258.57,0x8E,0x00,True,2,0,0
23:02:28.893,23:02:28.893,23288.553,0x8E,0x00,True,3,0,0
23:02:58.877,23:02:58.877,23318.537,0x8E,0x00,True,4,0,0
23:03:28.867,23:03:28.867,23348.527,0x8E,0x00,True,5,0,0
23:03:58.853,23:03:58.853,23378.513,0x8E,0x00,True,6,0,0
23:04:28.833,23:04:28.833,23408.493,0x8E,0x00,True,7,0,0
23:04:58.827,23:04:58.827,23438.487,0x8E,0x00,True,8,0,0
23:05:28.817,23:05:28.817,23468.477,0x8E,0x00,True,9,0,0
23:05:58.798,23:05:58.798,23498.458,0x8E,0x00,True,10,0,0
23:06:28.792,23:06:28.792,23528.452,0x8E,0x00,True,11,0,0
23:06:58.778,23:06:58.778,23558.438,0x8E,0x00,True,12,0,0
23:07:28.753,23:07:28.753,23588.413,0x8E,0x00,True,13,0,0
23:07:58.737,23:07:58.737,23618.397,0x8E,0x00,True,14,0,0
23:08:28.728,23:08:28.728,23648.388,0x8E,0x00,True,15,0,0
23:08:58.730,23:08:58.730,23678.39,0x8E,0x00,True,16,0,0
23:09:28.729,23:09:28.729,23708.389,0x8E,0x00,True,17,0,0
23:09:58.697,23:09:58.697,23738.357,0x8E,0x00,True,18,0,0
23:10:28.673,23:10:28.673,23768.333,0x8E,0x00,True,19,0,0
23:10:58.680,23:10:58.680,23798.34,0x8E,0x00,True,20,0,0
23:11:28.666,23:11:28.666,23828.326,0x8E,0x00,True,21,0,0
23:11:58.643,23:11:58.643,23858.303,0x8E,0x00,True,22,0,0
23:12:28.617,23:12:28.617,23888.277,0x8E,0x00,True,23,0,0
23:12:58.617,23:12:58.617,23918.277,0x8E,0x00,True,24,0,0
23:13:28.588,23:13:28.588,23948.248,0x8E,0x00,True,25,0,0
23:13:58.577,23:13:58.577,23978.237,0x8E,0x00,True,26,0,0
23:14:28.562,23:14:28.562,24008.222,0x8E,0x00,True,27,0,0
23:14:58.562,23:14:58.562,24038.222,0x8E,0x00,True,28,0,0
23:15:28.552,23:15:28.552,24068.212,0x8E,0x00,True,29,0,0
23:15:58.532,23:15:58.532,24098.192,0x8E,0x00,True,30,0,0
23:16:28.507,23:16:28.507,24128.167,0x8E,0x00,True,31,0,0
23:16:58.497,23:16:58.497,24158.157,0x8E,0x00,True,32,0,0
23:17:28.492,23:17:28.492,24188.152,0x8E,0x00,True,33,0,0
23:17:58.482,23:17:58.482,24218.142,0x8E,0x00,True,34,0,0
23:18:28.473,23:18:28.473,24248.133,0x8E,0x00,True,35,0,0
23:18:58.437,23:18:58.437,24278.097,0x8E,0x00,True,36,0,0
23:19:28.437,23:19:28.437,24308.097,0x8E,0x00,True,37,0,0
23:19:58.426,23:19:58.426,24338.086,0x8E,0x00,True,38,0,0
23:20:28.407,23:20:28.407,24368.067,0x8E,0x00,True,39,0,0
23:20:58.397,23:20:58.397,24398.057,0x8E,0x00,True,40,0,0
23:21:28.372,23:21:28.372,24428.032,0x8E,0x00,True,41,0,0
23:21:58.367,23:21:58.367,24458.027,0x8E,0x00,True,42,0,0
23:22:28.343,23:22:28.343,24488.003,0x8E,0x00,True,43,0,0
23:22:58.322,23:22:58.322,24517.982,0x8E,0x00,True,44,0,0
23:23:28.323,23:23:28.323,24547.983,0x8E,0x00,True,45,0,0
23:23:58.312,23:23:58.312,24577.972,0x8E,0x00,True,46,0,0
23:24:28.293,23:24:28.293,24607.953,0x8E,0x00,True,47,0,0
23:24:58.268,23:24:58.268,24637.928,0x8E,0x00,True,48,0,0
23:25:28.263,23:25:28.263,24667.923,0x8E,0x00,True,49,0,0
23:25:58.248,23:25:58.248,24697.908,0x8E,0x00,True,50,0,0
23:26:28.232,23:26:28.232,24727.892,0x8E,0x00,True,51,0,0
23:26:58.213,23:26:58.213,24757.873,0x8E,0x00,True,52,0,0
23:27:28.197,23:27:28.197,24787.857,0x8E,0x00,True,53,0,0
23:27:58.187,23:27:58.187,24817.847,0x8E,0x00,True,54,0,0
23:28:28.183,23:28:28.183,24847.843,0x8E,0x00,True,55,0,0
23:28:58.172,23:28:58.172,24877.832,0x8E,0x00,True,56,0,0
23:29:28.168,23:29:28.168,24907.828,0x8E,0x00,True,57,0,0
23:29:58.153,23:29:58.153,24937.813,0x8E,0x00,True,58,0,0
23:30:28.147,23:30:28.147,24967.807,0x8E,0x00,True,59,0,0
23:30:58.143,23:30:58.143,24997.803,0x8E,0x00,True,60,0,0
23:31:28.127,23:31:28.127,25027.787,0x8E,0x00,True,61,0,0
23:31:58.107,23:31:58.107,25057.767,0x8E,0x00,True,62,0,0
23:32:28.112,23:32:28.112,25087.772,0x8E,0x00,True,63,0,0
23:32:58.098,23:32:58.098,25117.758,0x8E,0x00,True,64,0,0
23:33:28.093,23:33:28.093,25147.753,0x8E,0x00,True,65,0,0
23:33:58.062,23:33:58.062,25177.722,0x8E,0x00,True,66,0,0
23:34:28.072,23:34:28.072,25207.732,0x8E,0x00,True,67,0,0
23:34:58.058,23:34:58.058,25237.718,0x8E,0x00,True,68,0,0
23:35:28.045,23:35:28.045,25267.705,0x8E,0x00,True,69,0,0
23:35:58.037,23:35:58.037,25297.697,0x8E,0x00,True,70,0,0
23:36:28.022,23:36:28.022,25327.682,0x8E,0x00,True,71,0,0
23:36:58.012,23:36:58.012,25357.672,0x8E,0x00,True,72,0,0
23:37:28.008,23:37:28.008,25387.668,0x8E,0x00,True,73,0,0
23:37:57.978,23:37:57.978,25417.638,0x8E,0x00,True,74,0,0
23:38:27.968,23:38:27.968,25447.628,0x8E,0x00,True,75,0,0
23:38:57.957,23:38:57.957,25477.617,0x8E,0x00,True,76,0,0
23:39:27.958,23:39:27.958,25507.618,0x8E,0x00,True,77,0,0
23:39:57.940,23:39:57.940,25537.6,0x8E,0x00,True,78,0,0
23:40:27.923,23:40:27.923,25567.583,0x8E,0x00,True,79,0,0
23:40:57.918,23:40:57.918,25597.578,0x8E,0x00,True,80,0,0
23:41:27.907,23:41:27.907,25627.567,0x8E,0x00,True,81,0,0
23:41:57.897,23:41:57.897,25657.557,0x8E,0x00,True,82,0,0
23:42:27.872,23:42:27.872,25687.532,0x8E,0x00,True,83,0,0
23:42:57.877,23:42:57.877,25717.537,0x8E,0x00,True,84,0,0
23:43:27.857,23:43:27.857,25747.517,0x8E,0x00,True,85,0,0
23:43:57.857,23:43:57.857,25777.517,0x8E,0x00,True,86,0,0
23:44:27.848,23:44:27.848,25807.508,0x8E,0x00,True,87,0,0
23:44:57.833,23:44:57.833,25837.493,0x8E,0x00,True,88,0,0
23:45:27.827,23:45:27.827,25867.487,0x8E,0x00,True,89,0,0
23:45:57.798,23:45:57.798,25897.458,0x8E,0x00,True,90,0,0
23:46:27.782,23:46:27.782,25927.442,0x8E,0x00,True,91,0,0
23:46:57.782,23:46:57.782,25957.442,0x8E,0x00,True,92,0,0
23:47:27.763,23:47:27.763,25987.423,0x8E,0x00,True,93,0,0
23:47:57.766,23:47:57.766,26017.426,0x8E,0x00,True,94,0,0
23:48:27.742,23:48:27.742,26047.402,0x8E,0x00,True,95,0,0
23:48:57.732,23:48:57.732,26077.392,0x8E,0x00,True,96,0,0
23:49:27.713,23:49:27.713,26107.373,0x8E,0x00,True,97,0,0
23:49:57.697,23:49:57.697,26137.357,0x8E,0x00,True,98,0,0
23:50:27.697,23:50:27.697,26167.357,0x8E,0x00,True,99,0,0
23:50:57.683,23:50:57.683,26197.343,0x8E,0x00,True,100,0,0
23:51:27.672,23:51:27.672,26227.332,0x8E,0x00,True,101,0,0
23:51:57.657,23:51:57.657,26257.317,0x8E,0x00,True,102,0,0
23:52:27.647,23:52:27.647,26287.307,0x8E,0x00,True,103,0,0
23:52:57.622,23:52:57.622,26317.282,0x8E,0x00,True,104,0,0
23:53:27.622,23:53:27.622,26347.282,0x8E,0x00,True,105,0,0
23:53:57.607,23:53:57.607,26377.267,0x8E,0x00,True,106,0,0
23:54:27.598,23:54:27.598,26407.258,0x8E,0x00,True,107,0,0
23:54:57.572,23:54:57.572,26437.232,0x8E,0x00,True,108,0,0
23:55:27.558,23:55:27.558,26467.218,0x8E,0x00,True,109,0,0
23:55:57.558,23:55:57.558,26497.218,0x8E,0x00,True,110,0,0
23:56:27.542,23:56:27.542,26527.202,0x8E,0x00,True,111,0,0
23:56:57.518,23:56:57.518,26557.178,0x8E,0x00,True,112,0,0
23:57:27.518,23:57:27.518,26587.178,0x8E,0x00,True,113,0,0
23:57:57.487,23:57:57.487,26617.147,0x8E,0x00,True,114,0,0
23:58:27.473,23:58:27.473,26647.133,0x8E,0x00,True,115,0,0
23:58:57.463,23:58:57.463,26677.123,0x8E,0x00,True,116,0,0
23:59:27.453,23:59:27.453,26707.113,0x8E,0x00,True,117,0,0
23:59:57.452,23:59:57.452,26737.112,0x8E,0x00,True,118,0,0
00:00:27.437,00:00:27.437,26767.097,0x8E,0x00,True,119,0,0
00:00:57.423,00:00:57.423,26797.083,0x8E,0x00,True,120,0,0
00:01:27.405,00:01:27.405,26827.065,0x8E,0x00,True,121,0,0
00:01:57.383,00:01:57.383,26857.043,0x8E,0x00,True,122,0,0
00:02:27.377,00:02:27.377,26887.037,0x8E,0x00,True,123,0,0
00:02:57.372,00:02:57.372,26917.032,0x8E,0x00,True,124,0,0
00:03:27.357,00:03:27.357,26947.017,0x8E,0x00,True,125,0,0
00:03:57.345,00:03:57.345,26977.005,0x8E,0x00,True,126,0,0
00:04:27.337,00:04:27.337,27006.997,0x8E,0x00,True,127,0,0
00:04:57.312,00:04:57.312,27036.972,0x8E,0x00,True,128,0,0
00:05:27.303,00:05:27.303,27066.963,0x8E,0x00,True,129,0,0
00:05:57.298,00:05:57.298,27096.958,0x8E,0x00,True,130,0,0
00:06:27.283,00:06:27.283,27126.943,0x8E,0x00,True,131,0,0
00:06:57.268,00:06:57.268,27156.928,0x8E,0x00,True,132,0,0
00:07:27.258,00:07:27.258,27186.918,0x8E,0x00,True,133,0,0
00:07:57.248,00:07:57.248,27216.908,0x8E,0x00,True,134,0,0
00:08:27.226,00:08:27.226,27246.886,0x8E,0x00,True,135,0,0
00:08:57.207,00:08:57.207,27276.867,0x8E,0x00,True,136,0,0
00:09:27.208,00:09:27.208,27306.868,0x8E,0x00,True,137,0,0
00:09:57.193,00:09:57.193,27336.853,0x8E,0x00,True,138,0,0
00:10:27.187,00:10:27.187,27366.847,0x8E,0x00,True,139,0,0
00:10:57.171,00:10:57.171,27396.831,0x8E,0x00,True,140,0,0
00:11:27.168,00:11:27.168,27426.828,0x8E,0x00,True,141,0,0
00:11:57.138,00:11:57.138,27456.798,0x8E,0x00,True,142,0,0
00:12:27.143,00:12:27.143,27486.803,0x8E,0x00,True,143,0,0
00:12:57.130,00:12:57.130,27516.79,0x8E,0x00,True,144,0,0
00:13:27.107,00:13:27.107,27546.767,0x8E,0x00,True,145,0,0
00:13:57.103,00:13:57.103,27576.763,0x8E,0x00,True,146,0,0
00:14:27.077,00:14:27.077,27606.737,0x8E,0x00,True,147,0,0
00:14:57.077,00:14:57.077,27636.737,0x8E,0x00,True,148,0,0
00:15:27.062,00:15:27.062,27666.722,0x8E,0x00,True,149,0,0
00:15:57.052,00:15:57.052,27696.712,0x8E,0x00,True,150,0,0
00:16:27.047,00:16:27.047,27726.707,0x8E,0x00,True,151,0,0
00:16:57.022,00:16:57.022,27756.682,0x8E,0x00,True,152,0,0
00:17:27.018,00:17:27.018,27786.678,0x8E,0x00,True,153,0,0
00:17:56.998,00:17:56.998,27816.658,0x8E,0x00,True,154,0,0
00:18:26.993,00:18:26.993,27846.653,0x8E,0x00,True,155,0,0
00:18:56.985,00:18:56.985,27876.645,0x8E,0x00,True,156,0,0
00:19:26.973,00:19:26.973,27906.633,0x8E,0x00,True,157,0,0
00:19:56.957,00:19:56.957,27936.617,0x8E,0x00,True,158,0,0
00:20:26.942,00:20:26.942,27966.602,0x8E,0x00,True,159,0,0
00:20:56.923,00:20:56.923,27996.583,0x8E,0x00,True,160,0,0
00:21:26.912,00:21:26.912,28026.572,0x8E,0x00,True,161,0,0
00:21:56.912,00:21:56.912,28056.572,0x8E,0x00,True,162,0,0
00:22:26.897,00:22:26.897,28086.557,0x8E,0x00,True,163,0,0
00:22:56.878,00:22:56.878,28116.538,0x8E,0x00,True,164,0,0
00:23:26.873,00:23:26.873,28146.533,0x8E,0x00,True,165,0,0
00:23:56.862,00:23:56.862,28176.522,0x8E,0x00,True,166,0,0
00:24:26.848,00:24:26.848,28206.508,0x8E,0x00,True,167,0,0
00:24:56.828,00:24:56.828,28236.488,0x8E,0x00,True,168,0,0
00:25:26.822,00:25:26.822,28266.482,0x8E,0x00,True,169,0,0
00:25:56.812,00:25:56.812,28296.472,0x8E,0x00,True,170,0,0
00:26:26.787,00:26:26.787,28326.447,0x8E,0x00,True,171,0,0
00:26:56.777,00:26:56.777,28356.437,0x8E,0x00,True,172,0,0
00:27:26.777,00:27:26.777,28386.437,0x8E,0x00,True,173,0,0
00:27:56.758,00:27:56.758,28416.418,0x8E,0x00,True,174,0,0
00:28:26.747,00:28:26.747,28446.407,0x8E,0x00,True,175,0,0
00:28:56.742,00:28:56.742,28476.402,0x8E,0x00,True,176,0,0
00:29:26.723,00:29:26.723,28506.383,0x8E,0x00,True,177,0,0
00:29:56.723,00:29:56.723,28536.383,0x8E,0x00,True,178,0,0
00:30:26.713,00:30:26.713,28566.373,0x8E,0x00,True,179,0,0
00:30:56.703,00:30:56.703,28596.363,0x8E,0x00,True,180,0,0
00:31:26.698,00:31:26.698,28626.358,0x8E,0x00,True,181,0,0
00:31:56.673,00:31:56.673,28656.333,0x8E,0x00,True,182,0,0
00:32:26.673,00:32:26.673,28686.333,0x8E,0x00,True,183,0,0
00:32:56.657,00:32:56.657,28716.317,0x8E,0x00,True,184,0,0
00:33:26.652,00:33:26.652,28746.312,0x8E,0x00,True,185,0,0
00:33:56.655,00:33:56.655,28776.315,0x8E,0x00,True,186,0,0
00:34:26.638,00:34:26.638,28806.298,0x8E,0x00,True,187,0,0
00:34:56.622,00:34:56.622,28836.282,0x8E,0x00,True,188,0,0
00:35:26.603,00:35:26.603,28866.263,0x8E,0x00,True,189,0,0
00:35:56.593,00:35:56.593,28896.253,0x8E,0x00,True,190,0,0
00:36:26.578,00:36:26.578,28926.238,0x8E,0x00,True,191,0,0
00:36:56.572,00:36:56.572,28956.232,0x8E,0x00,True,192,0,0
00:37:26.572,00:37:26.572,28986.232,0x8E,0x00,True,193,0,0
00:37:56.558,00:37:56.558,29016.218,0x8E,0x00,True,194,0,0
00:38:26.562,00:38:26.562,29046.222,0x8E,0x00,True,195,0,0
00:38:56.532,00:38:56.532,29076.192,0x8E,0x00,True,196,0,0
00:39:26.537,00:39:26.537,29106.197,0x8E,0x00,True,197,0,0
00:39:56.522,00:39:56.522,29136.182,0x8E,0x00,True,198,0,0
00:40:26.513,00:40:26.513,29166.173,0x8E,0x00,True,199,0,0
00:40:56.507,00:40:56.507,29196.167,0x8E,0x00,True,200,0,0
00:41:26.498,00:41:26.498,29226.158,0x8E,0x00,True,201,0,0
00:41:56.502,00:41:56.502,29256.162,0x8E,0x00,True,202,0,0
00:42:26.487,00:42:26.487,29286.147,0x8E,0x00,True,203,0,0
00:42:56.478,00:42:56.478,29316.138,0x8E,0x00,True,204,0,0
00:43:26.473,00:43:26.473,29346.133,0x8E,0x00,True,205,0,0
00:43:56.462,00:43:56.462,29376.122,0x8E,0x00,True,206,0,0
00:44:26.452,00:44:26.452,29406.112,0x8E,0x00,True,207,0,0
00:44:56.447,00:44:56.447,29436.107,0x8E,0x00,True,208,0,0
00:45:26.422,00:45:26.422,29466.082,0x8E,0x00,True,209,0,0
00:45:56.433,00:45:56.433,29496.093,0x8E,0x00,True,210,0,0
00:46:26.412,00:46:26.412,29526.072,0x8E,0x00,True,211,0,0
00:46:56.407,00:46:56.407,29556.067,0x8E,0x00,True,212,0,0
00:47:26.397,00:47:26.397,29586.057,0x8E,0x00,True,213,0,0
00:47:56.377,00:47:56.377,29616.037,0x8E,0x00,True,214,0,0
00:48:26.377,00:48:26.377,29646.037,0x8E,0x00,True,215,0,0
00:48:56.357,00:48:56.357,29676.017,0x8E,0x00,True,216,0,0
00:49:26.348,00:49:26.348,29706.008,0x8E,0x00,True,217,0,0
00:49:56.337,00:49:56.337,29735.997,0x8E,0x00,True,218,0,0
00:50:26.348,00:50:26.348,29766.008,0x8E,0x00,True,219,0,0
00:50:56.338,00:50:56.338,29795.998,0x8E,0x00,True,220,0,0
00:51:26.327,00:51:26.327,29825.987,0x8E,0x00,True,221,0,0
00:51:56.320,00:51:56.320,29855.98,0x8E,0x00,True,222,0,0
00:52:26.302,00:52:26.302,29885.962,0x8E,0x00,True,223,0,0
00:52:56.293,00:52:56.293,29915.953,0x8E,0x00,True,224,0,0
00:53:26.272,00:53:26.272,29945.932,0x8E,0x00,True,225,0,0
00:53:56.272,00:53:56.272,29975.932,0x8E,0x00,True,226,0,0
00:54:26.258,00:54:26.258,30005.918,0x8E,0x00,True,227,0,0
00:54:56.253,00:54:56.253,30035.913,0x8E,0x00,True,228,0,0
00:55:26.242,00:55:26.242,30065.902,0x8E,0x00,True,229,0,0
00:55:56.232,00:55:56.232,30095.892,0x8E,0x00,True,230,0,0
00:56:26.223,00:56:26.223,30125.883,0x8E,0x00,True,231,0,0
00:56:56.218,00:56:56.218,30155.878,0x8E,0x00,True,232,0,0
00:57:26.207,00:57:26.207,30185.867,0x8E,0x00,True,233,0,0
00:57:56.192,00:57:56.192,30215.852,0x8E,0x00,True,234,0,0
00:58:26.183,00:58:26.183,30245.843,0x8E,0x00,True,235,0,0
00:58:56.178,00:58:56.178,30275.838,0x8E,0x00,True,236,0,0
00:59:26.173,00:59:26.173,30305.833,0x8E,0x00,True,237,0,0
00:59:56.162,00:59:56.162,30335.822,0x8E,0x00,True,238,0,0
01:00:26.143,01:00:26.143,30365.803,0x8E,0x00,True,239,0,0
01:00:56.143,01:00:56.143,30395.803,0x8E,0x00,True,240,0,0
01:01:26.133,01:01:26.133,30425.793,0x8E,0x00,True,241,0,0
01:01:56.112,01:01:56.112,30455.772,0x8E,0x00,True,242,0,0
01:02:26.098,01:02:26.098,30485.758,0x8E,0x00,True,243,0,0
01:02:56.103,01:02:56.103,30515.763,0x8E,0x00,True,244,0,0
01:03:26.098,01:03:26.098,30545.758,0x8E,0x00,True,245,0,0
01:03:56.088,01:03:56.088,30575.748,0x8E,0x00,True,246,0,0
01:04:26.072,01:04:26.072,30605.732,0x8E,0x00,True,247,0,0
01:04:56.048,01:04:56.048,30635.708,0x8E,0x00,True,248,0,0
01:05:26.037,01:05:26.037,30665.697,0x8E,0x00,True,249,0,0
01:05:56.028,01:05:56.028,30695.688,0x8E,0x00,True,250,0,0
01:06:26.027,01:06:26.027,30725.687,0x8E,0x00,True,251,0,0
01:06:56.019,01:06:56.019,30755.679,0x8E,0x00,True,252,0,0
01:07:26.003,01:07:26.003,30785.663,0x8E,0x00,True,253,0,0
01:07:55.992,01:07:55.992,30815.652,0x8E,0x00,True,254,0,0
01:08:25.982,01:08:25.982,30845.642,0x8E,0x00,True,255,0,0
01:08:55.958,01:08:55.958,30875.618,0x8E,0x00,True,0,0,0
01:09:25.947,01:09:25.947,30905.607,0x8E,0x00,True,1,0,0
01:09:55.947,01:09:55.947,30935.607,0x8E,0x00,True,2,0,0
01:10:25.923,01:10:25.923,30965.583,0x8E,0x00,True,3,0,0
01:10:55.923,01:10:55.923,30995.583,0x8E,0x00,True,4,0,0
01:11:25.913,01:11:25.913,31025.573,0x8E,0x00,True,5,0,0
01:11:55.905,01:11:55.905,31055.565,0x8E,0x00,True,6,0,0
01:12:25.877,01:12:25.877,31085.537,0x8E,0x00,True,7,0,0
01:12:55.868,01:12:55.868,31115.528,0x8E,0x00,True,8,0,0
01:13:25.867,01:13:25.867,31145.527,0x8E,0x00,True,9,0,0
01:13:55.857,01:13:55.857,31175.517,0x8E,0x00,True,10,0,0
01:14:25.848,01:14:25.848,31205.508,0x8E,0x00,True,11,0,0
01:14:55.836,01:14:55.836,31235.496,0x8E,0x00,True,12,0,0
01:15:25.827,01:15:25.827,31265.487,0x8E,0x00,True,13,0,0
01:15:55.803,01:15:55.803,31295.463,0x8E,0x00,True,14,0,0
01:16:25.798,01:16:25.798,31325.458,0x8E,0x00,True,15,0,0
01:16:55.777,01:16:55.777,31355.437,0x8E,0x00,True,16,0,0
01:17:25.783,01:17:25.783,31385.443,0x8E,0x00,True,17,0,0
01:17:55.762,01:17:55.762,31415.422,0x8E,0x00,True,18,0,0
01:18:25.763,01:18:25.763,31445.423,0x8E,0x00,True,19,0,0
01:18:55.753,01:18:55.753,31475.413,0x8E,0x00,True,20,0,0
01:19:25.738,01:19:25.738,31505.398,0x8E,0x00,True,21,0,0
01:19:55.718,01:19:55.718,31535.378,0x8E,0x00,True,22,0,0
01:20:25.718,01:20:25.718,31565.378,0x8E,0x00,True,23,0,0
01:20:55.702,01:20:55.702,31595.362,0x8E,0x00,True,24,0,0
01:21:25.692,01:21:25.692,31625.352,0x8E,0x00,True,25,0,0
01:21:55.683,01:21:55.683,31655.343,0x8E,0x00,True,26,0,0
01:22:25.673,01:22:25.673,31685.333,0x8E,0x00,True,27,0,0
01:22:55.647,01:22:55.647,31715.307,0x8E,0x00,True,28,0,0
01:23:25.638,01:23:25.638,31745.298,0x8E,0x00,True,29,0,0
01:23:55.633,01:23:55.633,31775.293,0x8E,0x00,True,30,0,0
01:24:25.617,01:24:25.617,31805.277,0x8E,0x00,True,31,0,0
01:24:55.607,01:24:55.607,31835.267,0x8E,0x00,True,32,0,0
01:25:25.598,01:25:25.598,31865.258,0x8E,0x00,True,33,0,0
01:25:55.588,01:25:55.588,31895.248,0x8E,0x00,True,34,0,0
01:26:25.573,01:26:25.573,31925.233,0x8E,0x00,True,35,0,0
01:26:55.538,01:26:55.538,31955.198,0x8E,0x00,True,36,0,0
01:27:25.558,01:27:25.558,31985.218,0x8E,0x00,True,37,0,0
01:27:55.546,01:27:55.546,32015.206,0x8E,0x00,True,38,0,0
01:28:25.532,01:28:25.532,32045.192,0x8E,0x00,True,39,0,0
01:28:55.513,01:28:55.513,32075.173,0x8E,0x00,True,40,0,0
01:29:25.503,01:29:25.503,32105.163,0x8E,0x00,True,41,0,0
01:29:55.492,01:29:55.492,32135.152,0x8E,0x00,True,42,0,0
01:30:25.473,01:30:25.473,32165.133,0x8E,0x00,True,43,0,0
01:30:55.467,01:30:55.467,32195.127,0x8E,0x00,True,44,0,0
01:31:25.458,01:31:25.458,32225.118,0x8E,0x00,True,45,0,0
01:31:55.447,01:31:55.447,32255.107,0x8E,0x00,True,46,0,0
01:32:25.442,01:32:25.442,32285.102,0x8E,0x00,True,47,0,0
01:32:55.433,01:32:55.433,32315.093,0x8E,0x00,True,48,0,0
01:33:25.423,01:33:25.423,32345.083,0x8E,0x00,True,49,0,0
01:33:55.408,01:33:55.408,32375.068,0x8E,0x00,True,50,0,0
01:34:25.393,01:34:25.393,32405.053,0x8E,0x00,True,51,0,0
01:34:55.383,01:34:55.383,32435.043,0x8E,0x00,True,52,0,0
01:35:25.372,01:35:25.372,32465.032,0x8E,0x00,True,53,0,0
01:35:55.389,01:35:55.389,32495.049,0x8E,0x00,True,54,0,0
01:36:25.367,01:36:25.367,32525.027,0x8E,0x00,True,55,0,0
01:36:55.348,01:36:55.348,32555.008,0x8E,0x00,True,56,0,0
01:37:25.343,01:37:25.343,32585.003,0x8E,0x00,True,57,0,0
01:37:55.346,01:37:55.346,32615.006,0x8E,0x00,True,58,0,0
01:38:25.317,01:38:25.317,32644.977,0x8E,0x00,True,59,0,0
01:38:55.317,01:38:55.317,32674.977,0x8E,0x00,True,60,0,0
01:39:25.303,01:39:25.303,32704.963,0x8E,0x00,True,61,0,0
01:39:55.298,01:39:55.298,32734.958,0x8E,0x00,True,62,0,0
01:40:25.288,01:40:25.288,32764.948,0x8E,0x00,True,63,0,0
01:40:55.272,01:40:55.272,32794.932,0x8E,0x00,True,64,0,0
01:41:25.263,01:41:25.263,32824.923,0x8E,0x00,True,65,0,0
01:41:55.237,01:41:55.237,32854.897,0x8E,0x00,True,66,0,0
01:42:25.237,01:42:25.237,32884.897,0x8E,0x00,True,67,0,0
01:42:55.218,01:42:55.218,32914.878,0x8E,0x00,True,68,0,0
01:43:25.213,01:43:25.213,32944.873,0x8E,0x00,True,69,0,0
01:43:55.203,01:43:55.203,32974.863,0x8E,0x00,True,70,0,0
01:44:25.187,01:44:25.187,33004.847,0x8E,0x00,True,71,0,0
01:44:55.183,01:44:55.183,33034.843,0x8E,0x00,True,72,0,0
01:45:25.157,01:45:25.157,33064.817,0x8E,0x00,True,73,0,0
01:45:55.162,01:45:55.162,33094.822,0x8E,0x00,True,74,0,0
01:46:25.138,01:46:25.138,33124.798,0x8E,0x00,True,75,0,0
01:46:55.143,01:46:55.143,33154.803,0x8E,0x00,True,76,0,0
01:47:25.141,01:47:25.141,33184.801,0x8E,0x00,True,77,0,0
01:47:55.112,01:47:55.112,33214.772,0x8E,0x00,True,78,0,0
01:48:25.112,01:48:25.112,33244.772,0x8E,0x00,True,79,0,0
01:48:55.107,01:48:55.107,33274.767,0x8E,0x00,True,80,0,0
01:49:25.092,01:49:25.092,33304.752,0x8E,0x00,True,81,0,0
01:49:55.077,01:49:55.077,33334.737,0x8E,0x00,True,82,0,0
01:50:25.072,01:50:25.072,33364.732,0x8E,0x00,True,83,0,0
01:50:55.062,01:50:55.062,33394.722,0x8E,0x00,True,84,0,0
01:51:25.048,01:51:25.048,33424.708,0x8E,0x00,True,85,0,0
01:51:55.058,01:51:55.058,33454.718,0x8E,0x00,True,86,0,0
01:52:25.048,01:52:25.048,33484.708,0x8E,0x00,True,87,0,0
01:52:55.037,01:52:55.037,33514.697,0x8E,0x00,True,88,0,0
01:53:25.023,01:53:25.023,33544.683,0x8E,0x00,True,89,0,0
01:53:55.018,01:53:55.018,33574.678,0x8E,0x00,True,90,0,0
01:54:24.997,01:54:24.997,33604.657,0x8E,0x00,True,91,0,0
01:54:54.988,01:54:54.988,33634.648,0x8E,0x00,True,92,0,0
01:55:24.982,01:55:24.982,33664.642,0x8E,0x00,True,93,0,0
01:55:54.978,01:55:54.978,33694.638,0x8E,0x00,True,94,0,0
01:56:24.978,01:56:24.978,33724.638,0x8E,0x00,True,95,0,0
01:56:54.968,01:56:54.968,33754.628,0x8E,0x00,True,96,0,0
01:57:24.957,01:57:24.957,33784.617,0x8E,0x00,True,97,0,0
01:57:54.942,01:57:54.942,33814.602,0x8E,0x00,True,98,0,0
01:58:24.933,01:58:24.933,33844.593,0x8E,0x00,True,99,0,0
01:58:54.912,01:58:54.912,33874.572,0x8E,0x00,True,100,0,0
01:59:24.923,01:59:24.923,33904.583,0x8E,0x00,True,101,0,0
01:59:54.902,01:59:54.902,33934.562,0x8E,0x00,True,102,0,0
02:00:24.908,02:00:24.908,33964.568,0x8E,0x00,True,103,0,0
02:00:54.902,02:00:54.902,33994.562,0x8E,0x00,True,104,0,0
02:01:24.893,02:01:24.893,34024.553,0x8E,0x00,True,105,0,0
02:01:54.888,02:01:54.888,34054.548,0x8E,0x00,True,106,0,0
02:02:24.872,02:02:24.872,34084.532,0x8E,0x00,True,107,0,0
02:02:54.857,02:02:54.857,34114.517,0x8E,0x00,True,108,0,0
02:03:24.863,02:03:24.863,34144.523,0x8E,0x00,True,109,0,0
02:03:54.857,02:03:54.857,34174.517,0x8E,0x00,True,110,0,0
02:04:24.838,02:04:24.838,34204.498,0x8E,0x00,True,111,0,0
02:04:54.838,02:04:54.838,34234.498,0x8E,0x00,True,112,0,0
02:05:24.817,02:05:24.817,34264.477,0x8E,0x00,True,113,0,0
02:05:54.822,02:05:54.822,34294.482,0x8E,0x00,True,114,0,0
02:06:24.812,02:06:24.812,34324.472,0x8E,0x00,True,115,0,0
02:06:54.798,02:06:54.798,34354.458,0x8E,0x00,True,116,0,0
02:07:24.798,02:07:24.798,34384.458,0x8E,0x00,True,117,0,0
02:07:54.798,02:07:54.798,34414.458,0x8E,0x00,True,118,0,0
02:08:24.783,02:08:24.783,34444.443,0x8E,0x00,True,119,0,0
02:08:54.768,02:08:54.768,34474.428,0x8E,0x00,True,120,0,0
02:09:24.753,02:09:24.753,34504.413,0x8E,0x00,True,121,0,0
02:09:54.748,02:09:54.748,34534.408,0x8E,0x00,True,122,0,0
02:10:24.742,02:10:24.742,34564.402,0x8E,0x00,True,123,0,0
02:10:54.740,02:10:54.740,34594.4,0x8E,0x00,True,124,0,0
02:11:24.728,02:11:24.728,34624.388,0x8E,0x00,True,125,0,0
02:11:54.732,02:11:54.732,34654.392,0x8E,0x00,True,126,0,0
02:12:24.730,02:12:24.730,34684.39,0x8E,0x00,True,127,0,0
02:12:54.718,02:12:54.718,34714.378,0x8E,0x00,True,128,0,0
02:13:24.713,02:13:24.713,34744.373,0x8E,0x00,True,129,0,0
02:13:54.708,02:13:54.708,34774.368,0x8E,0x00,True,130,0,0
02:14:24.701,02:14:24.701,34804.361,0x8E,0x00,True,131,0,0
02:14:54.683,02:14:54.683,34834.343,0x8E,0x00,True,132,0,0
02:15:24.672,02:15:24.672,34864.332,0x8E,0x00,True,133,0,0
02:15:54.672,02:15:54.672,34894.332,0x8E,0x00,True,134,0,0
02:16:24.665,02:16:24.665,34924.325,0x8E,0x00,True,135,0,0
02:16:54.652,02:16:54.652,34954.312,0x8E,0x00,True,136,0,0
02:17:24.643,02:17:24.643,34984.303,0x8E,0x00,True,137,0,0
02:17:54.652,02:17:54.652,35014.312,0x8E,0x00,True,138,0,0
02:18:24.647,02:18:24.647,35044.307,0x8E,0x00,True,139,0,0
02:18:54.643,02:18:54.643,35074.303,0x8E,0x00,True,140,0,0
02:19:24.638,02:19:24.638,35104.298,0x8E,0x00,True,141,0,0
02:19:54.623,02:19:54.623,35134.283,0x8E,0x00,True,142,0,0
02:20:24.607,02:20:24.607,35164.267,0x8E,0x00,True,143,0,0
02:20:54.603,02:20:54.603,35194.263,0x8E,0x00,True,144,0,0
02:21:24.603,02:21:24.603,35224.263,0x8E,0x00,True,145,0,0
02:21:54.582,02:21:54.582,35254.242,0x8E,0x00,True,146,0,0
02:22:24.567,02:22:24.567,35284.227,0x8E,0x00,True,147,0,0
02:22:54.573,02:22:54.573,35314.233,0x8E,0x00,True,148,0,0
02:23:24.570,02:23:24.570,35344.23,0x8E,0x00,True,149,0,0
02:23:54.558,02:23:54.558,35374.218,0x8E,0x00,True,150,0,0
02:24:24.528,02:24:24.528,35404.188,0x8E,0x00,True,151,0,0
02:24:54.537,02:24:54.537,35434.197,0x8E,0x00,True,152,0,0
02:25:24.518,02:25:24.518,35464.178,0x8E,0x00,True,153,0,0
02:25:54.522,02:25:54.522,35494.182,0x8E,0x00,True,154,0,0
02:26:24.503,02:26:24.503,35524.163,0x8E,0x00,True,155,0,0
02:26:54.493,02:26:54.493,35554.153,0x8E,0x00,True,156,0,0
02:27:24.501,02:27:24.501,35584.161,0x8E,0x00,True,157,0,0
02:27:54.478,02:27:54.478,35614.138,0x8E,0x00,True,158,0,0
02:28:24.473,02:28:24.473,35644.133,0x8E,0x00,True,159,0,0
02:28:54.458,02:28:54.458,35674.118,0x8E,0x00,True,160,0,0
02:29:24.452,02:29:24.452,35704.112,0x8E,0x00,True,161,0,0
02:29:54.433,02:29:54.433,35734.093,0x8E,0x00,True,162,0,0
02:30:24.433,02:30:24.433,35764.093,0x8E,0x00,True,163,0,0
02:30:54.417,02:30:54.417,35794.077,0x8E,0x00,True,164,0,0
02:31:24.423,02:31:24.423,35824.083,0x8E,0x00,True,165,0,0
02:31:54.412,02:31:54.412,35854.072,0x8E,0x00,True,166,0,0
02:32:24.388,02:32:24.388,35884.048,0x8E,0x00,True,167,0,0
02:32:54.397,02:32:54.397,35914.057,0x8E,0x00,True,168,0,0
02:33:24.382,02:33:24.382,35944.042,0x8E,0x00,True,169,0,0
02:33:54.378,02:33:54.378,35974.038,0x8E,0x00,True,170,0,0
02:34:24.353,02:34:24.353,36004.013,0x8E,0x00,True,171,0,0
02:34:54.343,02:34:54.343,36034.003,0x8E,0x00,True,172,0,0
02:35:24.349,02:35:24.349,36064.009,0x8E,0x00,True,173,0,0
02:35:54.333,02:35:54.333,36093.993,0x8E,0x00,True,174,0,0
02:36:24.343,02:36:24.343,36124.003,0x8E,0x00,True,175,0,0
02:36:54.332,02:36:54.332,36153.992,0x8E,0x00,True,176,0,0
02:37:24.323,02:37:24.323,36183.983,0x8E,0x00,True,177,0,0
02:37:54.312,02:37:54.312,36213.972,0x8E,0x00,True,178,0,0
02:38:24.308,02:38:24.308,36243.968,0x8E,0x00,True,179,0,0
02:38:54.298,02:38:54.298,36273.958,0x8E,0x00,True,180,0,0
02:39:24.287,02:39:24.287,36303.947,0x8E,0x00,True,181,0,0
02:39:54.272,02:39:54.272,36333.932,0x8E,0x00,True,182,0,0
02:40:24.273,02:40:24.273,36363.933,0x8E,0x00,True,183,0,0
02:40:54.258,02:40:54.258,36393.918,0x8E,0x00,True,184,0,0
02:41:24.258,02:41:24.258,36423.918,0x8E,0x00,True,185,0,0
02:41:54.261,02:41:54.261,36453.921,0x8E,0x00,True,186,0,0
02:42:24.243,02:42:24.243,36483.903,0x8E,0x00,True,187,0,0
02:42:54.232,02:42:54.232,36513.892,0x8E,0x00,True,188,0,0
02:43:24.228,02:43:24.228,36543.888,0x8E,0x00,True,189,0,0
02:43:54.213,02:43:54.213,36573.873,0x8E,0x00,True,190,0,0
02:44:24.197,02:44:24.197,36603.857,0x8E,0x00,True,191,0,0
02:44:54.183,02:44:54.183,36633.843,0x8E,0x00,True,192,0,0
02:45:24.178,02:45:24.178,36663.838,0x8E,0x00,True,193,0,0
02:45:54.178,02:45:54.178,36693.838,0x8E,0x00,True,194,0,0
02:46:24.173,02:46:24.173,36723.833,0x8E,0x00,True,195,0,0
02:46:54.152,02:46:54.152,36753.812,0x8E,0x00,True,196,0,0
02:47:24.143,02:47:24.143,36783.803,0x8E,0x00,True,197,0,0
02:47:54.128,02:47:54.128,36813.788,0x8E,0x00,True,198,0,0
02:48:24.121,02:48:24.121,36843.781,0x8E,0x00,True,199,0,0
02:48:54.103,02:48:54.103,36873.763,0x8E,0x00,True,200,0,0
02:49:24.098,02:49:24.098,36903.758,0x8E,0x00,True,201,0,0
02:49:54.103,02:49:54.103,36933.763,0x8E,0x00,True,202,0,0
02:50:24.095,02:50:24.095,36963.755,0x8E,0x00,True,203,0,0
02:50:54.083,02:50:54.083,36993.743,0x8E,0x00,True,204,0,0
02:51:24.070,02:51:24.070,37023.73,0x8E,0x00,True,205,0,0
02:51:54.053,02:51:54.053,37053.713,0x8E,0x00,True,206,0,0
02:52:24.038,02:52:24.038,37083.698,0x8E,0x00,True,207,0,0
02:52:54.027,02:52:54.027,37113.687,0x8E,0x00,True,208,0,0
02:53:24.018,02:53:24.018,37143.678,0x8E,0x00,True,209,0,0
02:53:54.022,02:53:54.022,37173.682,0x8E,0x00,True,210,0,0
02:54:24.013,02:54:24.013,37203.673,0x8E,0x00,True,211,0,0
02:54:53.998,02:54:53.998,37233.658,0x8E,0x00,True,212,0,0
02:55:23.992,02:55:23.992,37263.652,0x8E,0x00,True,213,0,0
02:55:53.987,02:55:53.987,37293.647,0x8E,0x00,True,214,0,0
02:56:23.978,02:56:23.978,37323.638,0x8E,0x00,True,215,0,0
02:56:53.957,02:56:53.957,37353.617,0x8E,0x00,True,216,0,0
02:57:23.958,02:57:23.958,37383.618,0x8E,0x00,True,217,0,0
02:57:53.937,02:57:53.937,37413.597,0x8E,0x00,True,218,0,0
02:58:23.942,02:58:23.942,37443.602,0x8E,0x00,True,219,0,0
02:58:53.933,02:58:53.933,37473.593,0x8E,0x00,True,220,0,0
02:59:23.922,02:59:23.922,37503.582,0x8E,0x00,True,221,0,0
02:59:53.913,02:59:53.913,37533.573,0x8E,0x00,True,222,0,0
03:00:23.888,03:00:23.888,37563.548,0x8E,0x00,True,223,0,0
03:00:53.883,03:00:53.883,37593.543,0x8E,0x00,True,224,0,0
03:01:23.873,03:01:23.873,37623.533,0x8E,0x00,True,225,0,0
03:01:53.877,03:01:53.877,37653.537,0x8E,0x00,True,226,0,0
03:02:23.860,03:02:23.860,37683.52,0x8E,0x00,True,227,0,0
03:02:53.857,03:02:53.857,37713.517,0x8E,0x00,True,228,0,0
03:03:23.843,03:03:23.843,37743.503,0x8E,0x00,True,229,0,0
03:03:53.843,03:03:53.843,37773.503,0x8E,0x00,True,230,0,0
03:04:23.838,03:04:23.838,37803.498,0x8E,0x00,True,231,0,0
03:04:53.827,03:04:53.827,37833.487,0x8E,0x00,True,232,0,0
03:05:23.817,03:05:23.817,37863.477,0x8E,0x00,True,233,0,0
03:05:53.798,03:05:53.798,37893.458,0x8E,0x00,True,234,0,0
03:06:23.808,03:06:23.808,37923.468,0x8E,0x00,True,235,0,0
03:06:53.787,03:06:53.787,37953.447,0x8E,0x00,True,236,0,0
03:07:23.782,03:07:23.782,37983.442,0x8E,0x00,True,237,0,0
03:07:53.778,03:07:53.778,38013.438,0x8E,0x00,True,238,0,0
03:08:23.772,03:08:23.772,38043.432,0x8E,0x00,True,239,0,0
03:08:53.772,03:08:53.772,38073.432,0x8E,0x00,True,240,0,0
03:09:23.748,03:09:23.748,38103.408,0x8E,0x00,True,241,0,0
03:09:53.752,03:09:53.752,38133.412,0x8E,0x00,True,242,0,0
03:10:23.742,03:10:23.742,38163.402,0x8E,0x00,True,243,0,0
03:10:53.737,03:10:53.737,38193.397,0x8E,0x00,True,244,0,0
03:11:23.713,03:11:23.713,38223.373,0x8E,0x00,True,245,0,0
03:11:53.723,03:11:53.723,38253.383,0x8E,0x00,True,246,0,0
03:12:23.703,03:12:23.703,38283.363,0x8E,0x00,True,247,0,0
03:12:53.707,03:12:53.707,38313.367,0x8E,0x00,True,248,0,0
03:13:23.705,03:13:23.705,38343.365,0x8E,0x00,True,249,0,0
03:13:53.692,03:13:53.692,38373.352,0x8E,0x00,True,250,0,0
03:14:23.687,03:14:23.687,38403.347,0x8E,0x00,True,251,0,0
03:14:53.683,03:14:53.683,38433.343,0x8E,0x00,True,252,0,0
03:15:23.678,03:15:23.678,38463.338,0x8E,0x00,True,253,0,0
03:15:53.658,03:15:53.658,38493.318,0x8E,0x00,True,254,0,0
03:16:23.663,03:16:23.663,38523.323,0x8E,0x00,True,255,0,0
03:16:53.657,03:16:53.657,38553.317,0x8E,0x00,True,0,0,0
03:17:23.652,03:17:23.652,38583.312,0x8E,0x00,True,1,0,0
03:17:53.638,03:17:53.638,38613.298,0x8E,0x00,True,2,0,0
03:18:23.633,03:18:23.633,38643.293,0x8E,0x00,True,3,0,0
03:18:53.622,03:18:53.622,38673.282,0x8E,0x00,True,4,0,0
03:19:23.636,03:19:23.636,38703.296,0x8E,0x00,True,5,0,0
03:19:53.618,03:19:53.618,38733.278,0x8E,0x00,True,6,0,0
03:20:23.617,03:20:23.617,38763.277,0x8E,0x00,True,7,0,0
03:20:53.607,03:20:53.607,38793.267,0x8E,0x00,True,8,0,0
03:21:23.598,03:21:23.598,38823.258,0x8E,0x00,True,9,0,0
03:21:53.598,03:21:53.598,38853.258,0x8E,0x00,True,10,0,0
03:22:23.588,03:22:23.588,38883.248,0x8E,0x00,True,11,0,0
03:22:53.578,03:22:53.578,38913.238,0x8E,0x00,True,12,0,0
03:23:23.562,03:23:23.562,38943.222,0x8E,0x00,True,13,0,0
03:23:53.571,03:23:53.571,38973.231,0x8E,0x00,True,14,0,0
03:24:23.548,03:24:23.548,39003.208,0x8E,0x00,True,15,0,0
03:24:53.548,03:24:53.548,39033.208,0x8E,0x00,True,16,0,0
03:25:23.573,03:25:23.573,39063.233,0x8E,0x00,True,17,0,0
03:25:53.537,03:25:53.537,39093.197,0x8E,0x00,True,18,0,0
03:26:23.541,03:26:23.541,39123.201,0x8E,0x00,True,19,0,0
03:26:53.527,03:26:53.527,39153.187,0x8E,0x00,True,20,0,0
03:27:23.522,03:27:23.522,39183.182,0x8E,0x00,True,21,0,0
03:27:53.508,03:27:53.508,39213.168,0x8E,0x00,True,22,0,0
03:28:23.508,03:28:23.508,39243.168,0x8E,0x00,True,23,0,0
03:28:53.508,03:28:53.508,39273.168,0x8E,0x00,True,24,0,0
03:29:23.498,03:29:23.498,39303.158,0x8E,0x00,True,25,0,0
03:29:53.478,03:29:53.478,39333.138,0x8E,0x00,True,26,0,0
03:30:23.483,03:30:23.483,39363.143,0x8E,0x00,True,27,0,0
03:30:53.468,03:30:53.468,39393.128,0x8E,0x00,True,28,0,0
03:31:23.467,03:31:23.467,39423.127,0x8E,0x00,True,29,0,0
03:31:53.463,03:31:53.463,39453.123,0x8E,0x00,True,30,0,0
03:32:23.442,03:32:23.442,39483.102,0x8E,0x00,True,31,0,0
03:32:53.447,03:32:53.447,39513.107,0x8E,0x00,True,32,0,0
03:33:23.437,03:33:23.437,39543.097,0x8E,0x00,True,33,0,0
03:33:53.433,03:33:53.433,39573.093,0x8E,0x00,True,34,0,0
03:34:23.422,03:34:23.422,39603.082,0x8E,0x00,True,35,0,0
03:34:53.418,03:34:53.418,39633.078,0x8E,0x00,True,36,0,0
03:35:23.397,03:35:23.397,39663.057,0x8E,0x00,True,37,0,0
03:35:53.397,03:35:53.397,39693.057,0x8E,0x00,True,38,0,0
03:36:23.388,03:36:23.388,39723.048,0x8E,0x00,True,39,0,0
03:36:53.383,03:36:53.383,39753.043,0x8E,0x00,True,40,0,0
03:37:23.367,03:37:23.367,39783.027,0x8E,0x00,True,41,0,0
03:37:53.373,03:37:53.373,39813.033,0x8E,0x00,True,42,0,0
03:38:23.367,03:38:23.367,39843.027,0x8E,0x00,True,43,0,0
03:38:53.348,03:38:53.348,39873.008,0x8E,0x00,True,44,0,0
03:39:23.353,03:39:23.353,39903.013,0x8E,0x00,True,45,0,0
03:39:53.333,03:39:53.333,39932.993,0x8E,0x00,True,46,0,0
03:40:23.343,03:40:23.343,39963.003,0x8E,0x00,True,47,0,0
03:40:53.318,03:40:53.318,39992.978,0x8E,0x00,True,48,0,0
03:41:23.323,03:41:23.323,40022.983,0x8E,0x00,True,49,0,0
03:41:53.313,03:41:53.313,40052.973,0x8E,0x00,True,50,0,0
03:42:23.318,03:42:23.318,40082.978,0x8E,0x00,True,51,0,0
03:42:53.298,03:42:53.298,40112.958,0x8E,0x00,True,52,0,0
03:43:23.303,03:43:23.303,40142.963,0x8E,0x00,True,53,0,0
03:43:53.306,03:43:53.306,40172.966,0x8E,0x00,True,54,0,0
03:44:23.293,03:44:23.293,40202.953,0x8E,0x00,True,55,0,0
03:44:53.277,03:44:53.277,40232.937,0x8E,0x00,True,56,0,0
03:45:23.268,03:45:23.268,40262.928,0x8E,0x00,True,57,0,0
03:45:53.272,03:45:53.272,40292.932,0x8E,0x00,True,58,0,0
03:46:23.253,03:46:23.253,40322.913,0x8E,0x00,True,59,0,0
03:46:53.258,03:46:53.258,40352.918,0x8E,0x00,True,60,0,0
03:47:23.242,03:47:23.242,40382.902,0x8E,0x00,True,61,0,0
03:47:53.232,03:47:53.232,40412.892,0x8E,0x00,True,62,0,0
03:48:23.223,03:48:23.223,40442.883,0x8E,0x00,True,63,0,0
03:48:53.228,03:48:53.228,40472.888,0x8E,0x00,True,64,0,0
03:49:23.218,03:49:23.218,40502.878,0x8E,0x00,True,65,0,0
03:49:53.198,03:49:53.198,40532.858,0x8E,0x00,True,66,0,0
03:50:23.208,03:50:23.208,40562.868,0x8E,0x00,True,67,0,0
03:50:53.187,03:50:53.187,40592.847,0x8E,0x00,True,68,0,0
03:51:23.198,03:51:23.198,40622.858,0x8E,0x00,True,69,0,0
03:51:53.187,03:51:53.187,40652.847,0x8E,0x00,True,70,0,0
03:52:23.173,03:52:23.173,40682.833,0x8E,0x00,True,71,0,0
03:52:53.158,03:52:53.158,40712.818,0x8E,0x00,True,72,0,0
03:53:23.163,03:53:23.163,40742.823,0x8E,0x00,True,73,0,0
03:53:53.143,03:53:53.143,40772.803,0x8E,0x00,True,74,0,0
03:54:23.147,03:54:23.147,40802.807,0x8E,0x00,True,75,0,0
03:54:53.139,03:54:53.139,40832.799,0x8E,0x00,True,76,0,0
03:55:23.133,03:55:23.133,40862.793,0x8E,0x00,True,77,0,0
03:55:53.112,03:55:53.112,40892.772,0x8E,0x00,True,78,0,0
03:56:23.118,03:56:23.118,40922.778,0x8E,0x00,True,79,0,0
03:56:53.112,03:56:53.112,40952.772,0x8E,0x00,True,80,0,0
03:57:23.107,03:57:23.107,40982.767,0x8E,0x00,True,81,0,0
03:57:53.105,03:57:53.105,41012.765,0x8E,0x00,True,82,0,0
03:58:23.078,03:58:23.078,41042.738,0x8E,0x00,True,83,0,0
03:58:53.073,03:58:53.073,41072.733,0x8E,0x00,True,84,0,0
03:59:23.067,03:59:23.067,41102.727,0x8E,0x00,True,85,0,0
03:59:53.072,03:59:53.072,41132.732,0x8E,0x00,True,86,0,0
04:00:23.058,04:00:23.058,41162.718,0x8E,0x00,True,87,0,0
04:00:53.058,04:00:53.058,41192.718,0x8E,0x00,True,88,0,0
04:01:23.061,04:01:23.061,41222.721,0x8E,0x00,True,89,0,0
04:01:53.048,04:01:53.048,41252.708,0x8E,0x00,True,90,0,0
04:02:23.043,04:02:23.043,41282.703,0x8E,0x00,True,91,0,0
04:02:53.022,04:02:53.022,41312.682,0x8E,0x00,True,92,0,0
04:03:23.027,04:03:23.027,41342.687,0x8E,0x00,True,93,0,0
04:03:53.022,04:03:53.022,41372.682,0x8E,0x00,True,94,0,0
04:04:23.019,04:04:23.019,41402.679,0x8E,0x00,True,95,0,0
04:04:52.998,04:04:52.998,41432.658,0x8E,0x00,True,96,0,0
04:05:23.008,04:05:23.008,41462.668,0x8E,0x00,True,97,0,0
04:05:52.987,04:05:52.987,41492.647,0x8E,0x00,True,98,0,0
04:06:22.985,04:06:22.985,41522.645,0x8E,0x00,True,99,0,0
04:06:52.978,04:06:52.978,41552.638,0x8E,0x00,True,100,0,0
04:07:22.985,04:07:22.985,41582.645,0x8E,0x00,True,101,0,0
04:07:52.958,04:07:52.958,41612.618,0x8E,0x00,True,102,0,0
04:08:22.962,04:08:22.962,41642.622,0x8E,0x00,True,103,0,0
04:08:52.957,04:08:52.957,41672.617,0x8E,0x00,True,104,0,0
04:09:22.937,04:09:22.937,41702.597,0x8E,0x00,True,105,0,0
04:09:52.942,04:09:52.942,41732.602,0x8E,0x00,True,106,0,0
04:10:22.945,04:10:22.945,41762.605,0x8E,0x00,True,107,0,0
04:10:52.928,04:10:52.928,41792.588,0x8E,0x00,True,108,0,0
04:11:22.908,04:11:22.908,41822.568,0x8E,0x00,True,109,0,0
04:11:52.912,04:11:52.912,41852.572,0x8E,0x00,True,110,0,0
04:12:22.905,04:12:22.905,41882.565,0x8E,0x00,True,111,0,0
04:12:52.900,04:12:52.900,41912.56,0x8E,0x00,True,112,0,0
04:13:22.888,04:13:22.888,41942.548,0x8E,0x00,True,113,0,0
04:13:52.883,04:13:52.883,41972.543,0x8E,0x00,True,114,0,0
04:14:22.862,04:14:22.862,42002.522,0x8E,0x00,True,115,0,0
04:14:52.857,04:14:52.857,42032.517,0x8E,0x00,True,116,0,0
04:15:22.865,04:15:22.865,42062.525,0x8E,0x00,True,117,0,0
04:15:52.843,04:15:52.843,42092.503,0x8E,0x00,True,118,0,0
04:16:22.843,04:16:22.843,42122.503,0x8E,0x00,True,119,0,0
04:16:52.829,04:16:52.829,42152.489,0x8E,0x00,True,120,0,0
04:17:22.822,04:17:22.822,42182.482,0x8E,0x00,True,121,0,0
04:17:52.817,04:17:52.817,42212.477,0x8E,0x00,True,122,0,0
04:18:22.817,04:18:22.817,42242.477,0x8E,0x00,True,123,0,0
04:18:52.808,04:18:52.808,42272.468,0x8E,0x00,True,124,0,0
04:19:22.803,04:19:22.803,42302.463,0x8E,0x00,True,125,0,0
04:19:52.821,04:19:52.821,42332.481,0x8E,0x00,True,126,0,0
04:20:22.777,04:20:22.777,42362.437,0x8E,0x00,True,127,0,0
04:20:52.782,04:20:52.782,42392.442,0x8E,0x00,True,128,0,0
04:21:22.768,04:21:22.768,42422.428,0x8E,0x00,True,129,0,0
04:21:52.772,04:21:52.772,42452.432,0x8E,0x00,True,130,0,0
04:22:22.753,04:22:22.753,42482.413,0x8E,0x00,True,131,0,0
04:22:52.758,04:22:52.758,42512.418,0x8E,0x00,True,132,0,0
04:23:22.738,04:23:22.738,42542.398,0x8E,0x00,True,133,0,0
04:23:52.747,04:23:52.747,42572.407,0x8E,0x00,True,134,0,0
04:24:22.738,04:24:22.738,42602.398,0x8E,0x00,True,135,0,0
04:24:52.737,04:24:52.737,42632.397,0x8E,0x00,True,136,0,0
04:25:22.740,04:25:22.740,42662.4,0x8E,0x00,True,137,0,0
04:25:52.723,04:25:52.723,42692.383,0x8E,0x00,True,138,0,0
04:26:22.718,04:26:22.718,42722.378,0x8E,0x00,True,139,0,0
04:26:52.697,04:26:52.697,42752.357,0x8E,0x00,True,140,0,0
04:27:22.703,04:27:22.703,42782.363,0x8E,0x00,True,141,0,0
04:27:52.697,04:27:52.697,42812.357,0x8E,0x00,True,142,0,0
04:28:22.683,04:28:22.683,42842.343,0x8E,0x00,True,143,0,0
04:28:52.673,04:28:52.673,42872.333,0x8E,0x00,True,144,0,0
04:29:22.672,04:29:22.672,42902.332,0x8E,0x00,True,145,0,0
04:29:52.657,04:29:52.657,42932.317,0x8E,0x00,True,146,0,0
04:30:22.652,04:30:22.652,42962.312,0x8E,0x00,True,147,0,0
04:30:52.652,04:30:52.652,42992.312,0x8E,0x00,True,148,0,0
04:31:22.644,04:31:22.644,43022.304,0x8E,0x00,True,149,0,0
04:31:52.633,04:31:52.633,43052.293,0x8E,0x00,True,150,0,0
04:32:22.623,04:32:22.623,43082.283,0x8E,0x00,True,151,0,0
04:32:52.607,04:32:52.607,43112.267,0x8E,0x00,True,152,0,0
04:33:22.605,04:33:22.605,43142.265,0x8E,0x00,True,153,0,0
04:33:52.603,04:33:52.603,43172.263,0x8E,0x00,True,154,0,0
04:34:22.583,04:34:22.583,43202.243,0x8E,0x00,True,155,0,0
04:34:52.588,04:34:52.588,43232.248,0x8E,0x00,True,156,0,0
04:35:22.577,04:35:22.577,43262.237,0x8E,0x00,True,157,0,0
04:35:52.578,04:35:52.578,43292.238,0x8E,0x00,True,158,0,0
04:36:22.581,04:36:22.581,43322.241,0x8E,0x00,True,159,0,0
04:36:52.563,04:36:52.563,43352.223,0x8E,0x00,True,160,0,0
04:37:22.552,04:37:22.552,43382.212,0x8E,0x00,True,161,0,0
04:37:52.548,04:37:52.548,43412.208,0x8E,0x00,True,162,0,0
04:38:22.543,04:38:22.543,43442.203,0x8E,0x00,True,163,0,0
04:38:52.528,04:38:52.528,43472.188,0x8E,0x00,True,164,0,0
04:39:22.532,04:39:22.532,43502.192,0x8E,0x00,True,165,0,0
04:39:52.513,04:39:52.513,43532.173,0x8E,0x00,True,166,0,0
04:40:22.518,04:40:22.518,43562.178,0x8E,0x00,True,167,0,0
04:40:52.503,04:40:52.503,43592.163,0x8E,0x00,True,168,0,0
04:41:22.498,04:41:22.498,43622.158,0x8E,0x00,True,169,0,0
04:41:52.503,04:41:52.503,43652.163,0x8E,0x00,True,170,0,0
04:42:22.487,04:42:22.487,43682.147,0x8E,0x00,True,171,0,0
04:42:52.482,04:42:52.482,43712.142,0x8E,0x00,True,172,0,0
04:43:22.478,04:43:22.478,43742.138,0x8E,0x00,True,173,0,0
04:43:52.473,04:43:52.473,43772.133,0x8E,0x00,True,174,0,0
04:44:22.452,04:44:22.452,43802.112,0x8E,0x00,True,175,0,0
04:44:52.457,04:44:52.457,43832.117,0x8E,0x00,True,176,0,0
04:45:22.437,04:45:22.437,43862.097,0x8E,0x00,True,177,0,0
04:45:52.428,04:45:52.428,43892.088,0x8E,0x00,True,178,0,0
04:46:22.422,04:46:22.422,43922.082,0x8E,0x00,True,179,0,0
04:46:52.428,04:46:52.428,43952.088,0x8E,0x00,True,180,0,0
04:47:22.422,04:47:22.422,43982.082,0x8E,0x00,True,181,0,0
04:47:52.413,04:47:52.413,44012.073,0x8E,0x00,True,182,0,0
04:48:22.397,04:48:22.397,44042.057,0x8E,0x00,True,183,0,0
04:48:52.397,04:48:52.397,44072.057,0x8E,0x00,True,184,0,0
04:49:22.383,04:49:22.383,44102.043,0x8E,0x00,True,185,0,0
04:49:52.367,04:49:52.367,44132.027,0x8E,0x00,True,186,0,0
04:50:22.353,04:50:22.353,44162.013,0x8E,0x00,True,187,0,0
04:50:52.351,04:50:52.351,44192.011,0x8E,0x00,True,188,0,0
04:51:22.360,04:51:22.360,44222.02,0x8E,0x00,True,189,0,0
04:51:52.343,04:51:52.343,44252.003,0x8E,0x00,True,190,0,0
04:52:22.333,04:52:22.333,44281.993,0x8E,0x00,True,191,0,0
04:52:52.317,04:52:52.317,44311.977,0x8E,0x00,True,192,0,0
04:53:22.312,04:53:22.312,44341.972,0x8E,0x00,True,193,0,0
04:53:52.298,04:53:52.298,44371.958,0x8E,0x00,True,194,0,0
04:54:22.282,04:54:22.282,44401.942,0x8E,0x00,True,195,0,0
04:54:52.282,04:54:52.282,44431.942,0x8E,0x00,True,196,0,0
04:55:22.263,04:55:22.263,44461.923,0x8E,0x00,True,197,0,0
04:55:52.272,04:55:52.272,44491.932,0x8E,0x00,True,198,0,0
04:56:22.266,04:56:22.266,44521.926,0x8E,0x00,True,199,0,0
04:56:52.257,04:56:52.257,44551.917,0x8E,0x00,True,200,0,0
04:57:22.247,04:57:22.247,44581.907,0x8E,0x00,True,201,0,0
04:57:52.242,04:57:52.242,44611.902,0x8E,0x00,True,202,0,0
04:58:22.228,04:58:22.228,44641.888,0x8E,0x00,True,203,0,0
04:58:52.223,04:58:52.223,44671.883,0x8E,0x00,True,204,0,0
04:59:22.223,04:59:22.223,44701.883,0x8E,0x00,True,205,0,0
04:59:52.202,04:59:52.202,44731.862,0x8E,0x00,True,206,0,0
05:00:22.203,05:00:22.203,44761.863,0x8E,0x00,True,207,0,0
05:00:52.187,05:00:52.187,44791.847,0x8E,0x00,True,208,0,0
05:01:22.187,05:01:22.187,44821.847,0x8E,0x00,True,209,0,0
05:01:52.178,05:01:52.178,44851.838,0x8E,0x00,True,210,0,0
05:02:22.173,05:02:22.173,44881.833,0x8E,0x00,True,211,0,0
05:02:52.169,05:02:52.169,44911.829,0x8E,0x00,True,212,0,0
05:03:22.147,05:03:22.147,44941.807,0x8E,0x00,True,213,0,0
05:03:52.162,05:03:52.162,44971.822,0x8E,0x00,True,214,0,0
05:04:22.140,05:04:22.140,45001.8,0x8E,0x00,True,215,0,0
05:04:52.143,05:04:52.143,45031.803,0x8E,0x00,True,216,0,0
05:05:22.127,05:05:22.127,45061.787,0x8E,0x00,True,217,0,0
05:05:52.117,05:05:52.117,45091.777,0x8E,0x00,True,218,0,0
05:06:22.112,05:06:22.112,45121.772,0x8E,0x00,True,219,0,0
05:06:52.118,05:06:52.118,45151.778,0x8E,0x00,True,220,0,0
05:07:22.103,05:07:22.103,45181.763,0x8E,0x00,True,221,0,0
05:07:52.098,05:07:52.098,45211.758,0x8E,0x00,True,222,0,0
05:08:22.102,05:08:22.102,45241.762,0x8E,0x00,True,223,0,0
05:08:52.078,05:08:52.078,45271.738,0x8E,0x00,True,224,0,0
05:09:22.078,05:09:22.078,45301.738,0x8E,0x00,True,225,0,0
05:09:52.073,05:09:52.073,45331.733,0x8E,0x00,True,226,0,0
05:10:22.062,05:10:22.062,45361.722,0x8E,0x00,True,227,0,0
05:10:52.059,05:10:52.059,45391.719,0x8E,0x00,True,228,0,0
05:11:22.037,05:11:22.037,45421.697,0x8E,0x00,True,229,0,0
05:11:52.027,05:11:52.027,45451.687,0x8E,0x00,True,230,0,0
05:12:22.022,05:12:22.022,45481.682,0x8E,0x00,True,231,0,0
05:12:52.018,05:12:52.018,45511.678,0x8E,0x00,True,232,0,0
05:13:22.027,05:13:22.027,45541.687,0x8E,0x00,True,233,0,0
05:13:52.020,05:13:52.020,45571.68,0x8E,0x00,True,234,0,0
05:14:22.013,05:14:22.013,45601.673,0x8E,0x00,True,235,0,0
05:14:51.998,05:14:51.998,45631.658,0x8E,0x00,True,236,0,0
05:15:22.003,05:15:22.003,45661.663,0x8E,0x00,True,237,0,0
05:15:51.998,05:15:51.998,45691.658,0x8E,0x00,True,238,0,0
05:16:21.997,05:16:21.997,45721.657,0x8E,0x00,True,239,0,0
05:16:51.993,05:16:51.993,45751.653,0x8E,0x00,True,240,0,0
05:17:21.973,05:17:21.973,45781.633,0x8E,0x00,True,241,0,0
05:17:51.968,05:17:51.968,45811.628,0x8E,0x00,True,242,0,0
05:18:21.963,05:18:21.963,45841.623,0x8E,0x00,True,243,0,0
05:18:51.973,05:18:51.973,45871.633,0x8E,0x00,True,244,0,0
05:19:21.952,05:19:21.952,45901.612,0x8E,0x00,True,245,0,0
05:19:51.942,05:19:51.942,45931.602,0x8E,0x00,True,246,0,0
05:20:21.937,05:20:21.937,45961.597,0x8E,0x00,True,247,0,0
05:20:51.933,05:20:51.933,45991.593,0x8E,0x00,True,248,0,0
05:21:21.942,05:21:21.942,46021.602,0x8E,0x00,True,249,0,0
05:21:51.937,05:21:51.937,46051.597,0x8E,0x00,True,250,0,0
05:22:21.922,05:22:21.922,46081.582,0x8E,0x00,True,251,0,0
05:22:51.928,05:22:51.928,46111.588,0x8E,0x00,True,252,0,0
05:23:21.923,05:23:21.923,46141.583,0x8E,0x00,True,253,0,0
05:23:51.921,05:23:51.921,46171.581,0x8E,0x00,True,254,0,0
05:24:21.897,05:24:21.897,46201.557,0x8E,0x00,True,255,0,0
05:24:51.888,05:24:51.888,46231.548,0x8E,0x00,True,0,0,0
05:25:21.888,05:25:21.888,46261.548,0x8E,0x00,True,1,0,0
05:25:51.872,05:25:51.872,46291.532,0x8E,0x00,True,2,0,0
05:26:21.873,05:26:21.873,46321.533,0x8E,0x00,True,3,0,0
05:26:51.866,05:26:51.866,46351.526,0x8E,0x00,True,4,0,0
05:27:21.862,05:27:21.862,46381.522,0x8E,0x00,True,5,0,0
05:27:51.865,05:27:51.865,46411.525,0x8E,0x00,True,6,0,0
05:28:21.853,05:28:21.853,46441.513,0x8E,0x00,True,7,0,0
05:28:51.840,05:28:51.840,46471.5,0x8E,0x00,True,8,0,0
05:29:21.828,05:29:21.828,46501.488,0x8E,0x00,True,9,0,0
05:29:51.827,05:29:51.827,46531.487,0x8E,0x00,True,10,0,0
05:30:21.808,05:30:21.808,46561.468,0x8E,0x00,True,11,0,0
05:30:51.808,05:30:51.808,46591.468,0x8E,0x00,True,12,0,0
05:31:21.793,05:31:21.793,46621.453,0x8E,0x00,True,13,0,0
05:31:51.798,05:31:51.798,46651.458,0x8E,0x00,True,14,0,0
05:32:21.787,05:32:21.787,46681.447,0x8E,0x00,True,15,0,0
05:32:51.788,05:32:51.788,46711.448,0x8E,0x00,True,16,0,0
05:33:21.780,05:33:21.780,46741.44,0x8E,0x00,True,17,0,0
05:33:51.780,05:33:51.780,46771.44,0x8E,0x00,True,18,0,0
05:34:21.758,05:34:21.758,46801.418,0x8E,0x00,True,19,0,0
05:34:51.737,05:34:51.737,46831.397,0x8E,0x00,True,20,0,0
05:35:21.742,05:35:21.742,46861.402,0x8E,0x00,True,21,0,0
05:35:51.723,05:35:51.723,46891.383,0x8E,0x00,True,22,0,0
05:36:21.723,05:36:21.723,46921.383,0x8E,0x00,True,23,0,0
05:36:51.708,05:36:51.708,46951.368,0x8E,0x00,True,24,0,0
05:37:21.712,05:37:21.712,46981.372,0x8E,0x00,True,25,0,0
05:37:51.696,05:37:51.696,47011.356,0x8E,0x00,True,26,0,0
05:38:21.678,05:38:21.678,47041.338,0x8E,0x00,True,27,0,0
05:38:51.678,05:38:51.678,47071.338,0x8E,0x00,True,28,0,0
05:39:21.668,05:39:21.668,47101.328,0x8E,0x00,True,29,0,0
05:39:51.658,05:39:51.658,47131.318,0x8E,0x00,True,30,0,0
05:40:21.638,05:40:21.638,47161.298,0x8E,0x00,True,31,0,0
05:40:51.638,05:40:51.638,47191.298,0x8E,0x00,True,32,0,0
05:41:21.623,05:41:21.623,47221.283,0x8E,0x00,True,33,0,0
05:41:51.628,05:41:51.628,47251.288,0x8E,0x00,True,34,0,0
05:42:21.618,05:42:21.618,47281.278,0x8E,0x00,True,35,0,0
05:42:51.607,05:42:51.607,47311.267,0x8E,0x00,True,36,0,0
05:43:21.603,05:43:21.603,47341.263,0x8E,0x00,True,37,0,0
05:43:51.588,05:43:51.588,47371.248,0x8E,0x00,True,38,0,0
05:44:21.583,05:44:21.583,47401.243,0x8E,0x00,True,39,0,0
05:44:51.562,05:44:51.562,47431.222,0x8E,0x00,True,40,0,0
05:45:21.573,05:45:21.573,47461.233,0x8E,0x00,True,41,0,0
05:45:51.553,05:45:51.553,47491.213,0x8E,0x00,True,42,0,0
05:46:21.558,05:46:21.558,47521.218,0x8E,0x00,True,43,0,0
05:46:51.537,05:46:51.537,47551.197,0x8E,0x00,True,44,0,0
05:47:21.543,05:47:21.543,47581.203,0x8E,0x00,True,45,0,0
05:47:51.537,05:47:51.537,47611.197,0x8E,0x00,True,46,0,0
05:48:21.522,05:48:21.522,47641.182,0x8E,0x00,True,47,0,0
05:48:51.512,05:48:51.512,47671.172,0x8E,0x00,True,48,0,0
05:49:21.497,05:49:21.497,47701.157,0x8E,0x00,True,49,0,0
05:49:51.497,05:49:51.497,47731.157,0x8E,0x00,True,50,0,0
05:50:21.478,05:50:21.478,47761.138,0x8E,0x00,True,51,0,0
05:50:51.473,05:50:51.473,47791.133,0x8E,0x00,True,52,0,0
05:51:21.463,05:51:21.463,47821.123,0x8E,0x00,True,53,0,0
05:51:51.468,05:51:51.468,47851.128,0x8E,0x00,True,54,0,0
05:52:21.475,05:52:21.475,47881.135,0x8E,0x00,True,55,0,0
05:52:51.452,05:52:51.452,47911.112,0x8E,0x00,True,56,0,0
05:53:21.452,05:53:21.452,47941.112,0x8E,0x00,True,57,0,0
05:53:51.442,05:53:51.442,47971.102,0x8E,0x00,True,58,0,0
05:54:21.433,05:54:21.433,48001.093,0x8E,0x00,True,59,0,0
05:54:51.428,05:54:51.428,48031.088,0x8E,0x00,True,60,0,0
05:55:21.423,05:55:21.423,48061.083,0x8E,0x00,True,61,0,0
05:55:51.403,05:55:51.403,48091.063,0x8E,0x00,True,62,0,0
05:56:21.393,05:56:21.393,48121.053,0x8E,0x00,True,63,0,0
05:56:51.388,05:56:51.388,48151.048,0x8E,0x00,True,64,0,0
05:57:21.393,05:57:21.393,48181.053,0x8E,0x00,True,65,0,0
05:57:51.383,05:57:51.383,48211.043,0x8E,0x00,True,66,0,0
05:58:21.378,05:58:21.378,48241.038,0x8E,0x00,True,67,0,0
05:58:51.373,05:58:51.373,48271.033,0x8E,0x00,True,68,0,0
05:59:21.368,05:59:21.368,48301.028,0x8E,0x00,True,69,0,0
05:59:51.368,05:59:51.368,48331.028,0x8E,0x00,True,70,0,0
06:00:21.357,06:00:21.357,48361.017,0x8E,0x00,True,71,0,0
06:00:51.353,06:00:51.353,48391.013,0x8E,0x00,True,72,0,0
06:01:21.348,06:01:21.348,48421.008,0x8E,0x00,True,73,0,0
06:01:51.343,06:01:51.343,48451.003,0x8E,0x00,True,74,0,0
06:02:21.337,06:02:21.337,48480.997,0x8E,0x00,True,75,0,0
06:02:51.333,06:02:51.333,48510.993,0x8E,0x00,True,76,0,0
06:03:21.320,06:03:21.320,48540.98,0x8E,0x00,True,77,0,0
06:03:51.312,06:03:51.312,48570.972,0x8E,0x00,True,78,0,0
06:04:21.303,06:04:21.303,48600.963,0x8E,0x00,True,79,0,0
06:04:51.308,06:04:51.308,48630.968,0x8E,0x00,True,80,0,0
06:05:21.293,06:05:21.293,48660.953,0x8E,0x00,True,81,0,0
06:05:51.298,06:05:51.298,48690.958,0x8E,0x00,True,82,0,0
06:06:21.306,06:06:21.306,48720.966,0x8E,0x00,True,83,0,0
06:06:51.288,06:06:51.288,48750.948,0x8E,0x00,True,84,0,0
06:07:21.287,06:07:21.287,48780.947,0x8E,0x00,True,85,0,0
06:07:51.268,06:07:51.268,48810.928,0x8E,0x00,True,86,0,0
06:08:21.272,06:08:21.272,48840.932,0x8E,0x00,True,87,0,0
06:08:51.268,06:08:51.268,48870.928,0x8E,0x00,True,88,0,0
06:09:21.258,06:09:21.258,48900.918,0x8E,0x00,True,89,0,0
06:09:51.248,06:09:51.248,48930.908,0x8E,0x00,True,90,0,0
06:10:21.252,06:10:21.252,48960.912,0x8E,0x00,True,91,0,0
06:10:51.232,06:10:51.232,48990.892,0x8E,0x00,True,92,0,0
06:11:21.232,06:11:21.232,49020.892,0x8E,0x00,True,93,0,0
06:11:51.231,06:11:51.231,49050.891,0x8E,0x00,True,94,0,0
06:12:21.236,06:12:21.236,49080.896,0x8E,0x00,True,95,0,0
06:12:51.271,06:12:51.271,49110.931,0x8E,0x00,True,96,0,0
06:13:21.236,06:13:21.236,49140.896,0x8E,0x00,True,97,0,0
06:13:51.217,06:13:51.217,49170.877,0x8E,0x00,True,98,0,0
06:14:21.222,06:14:21.222,49200.882,0x8E,0x00,True,99,0,0
06:14:51.212,06:14:51.212,49230.872,0x8E,0x00,True,100,0,0
06:15:21.217,06:15:21.217,49260.877,0x8E,0x00,True,101,0,0
06:15:51.212,06:15:51.212,49290.872,0x8E,0x00,True,102,0,0
06:16:21.207,06:16:21.207,49320.867,0x8E,0x00,True,103,0,0
06:16:51.217,06:16:51.217,49350.877,0x8E,0x00,True,104,0,0
06:17:21.201,06:17:21.201,49380.861,0x8E,0x00,True,105,0,0
06:17:51.201,06:17:51.201,49410.861,0x8E,0x00,True,106,0,0
06:18:21.197,06:18:21.197,49440.857,0x8E,0x00,True,107,0,0
06:18:51.192,06:18:51.192,49470.852,0x8E,0x00,True,108,0,0
06:19:21.191,06:19:21.191,49500.851,0x8E,0x00,True,109,0,0
06:19:51.187,06:19:51.187,49530.847,0x8E,0x00,True,110,0,0
06:20:21.186,06:20:21.186,49560.846,0x8E,0x00,True,111,0,0
06:20:51.177,06:20:51.177,49590.837,0x8E,0x00,True,112,0,0
06:21:21.162,06:21:21.162,49620.822,0x8E,0x00,True,113,0,0
06:21:51.167,06:21:51.167,49650.827,0x8E,0x00,True,114,0,0
06:22:21.156,06:22:21.156,49680.816,0x8E,0x00,True,115,0,0
06:22:51.156,06:22:51.156,49710.816,0x8E,0x00,True,116,0,0
06:23:21.151,06:23:21.151,49740.811,0x8E,0x00,True,117,0,0
06:23:51.151,06:23:51.151,49770.811,0x8E,0x00,True,118,0,0
06:24:21.146,06:24:21.146,49800.806,0x8E,0x00,True,119,0,0
06:24:51.146,06:24:51.146,49830.806,0x8E,0x00,True,120,0,0
06:25:21.146,06:25:21.146,49860.806,0x8E,0x00,True,121,0,0
06:25:51.156,06:25:51.156,49890.816,0x8E,0x00,True,122,0,0
06:26:21.143,06:26:21.143,49920.803,0x8E,0x00,True,123,0,0
06:26:51.142,06:26:51.142,49950.802,0x8E,0x00,True,124,0,0
06:27:21.137,06:27:21.137,49980.797,0x8E,0x00,True,125,0,0
06:27:51.142,06:27:51.142,50010.802,0x8E,0x00,True,126,0,0
06:28:21.132,06:28:21.132,50040.792,0x8E,0x00,True,127,0,0
06:28:51.137,06:28:51.137,50070.797,0x8E,0x00,True,128,0,0
06:29:21.132,06:29:21.132,50100.792,0x8E,0x00,True,129,0,0
06:29:51.116,06:29:51.116,50130.776,0x8E,0x00,True,130,0,0
06:30:21.127,06:30:21.127,50160.787,0x8E,0x00,True,131,0,0
06:30:51.111,06:30:51.111,50190.771,0x8E,0x00,True,132,0,0
06:31:21.116,06:31:21.116,50220.776,0x8E,0x00,True,133,0,0
06:31:51.112,06:31:51.112,50250.772,0x8E,0x00,True,134,0,0
06:32:21.121,06:32:21.121,50280.781,0x8E,0x00,True,135,0,0
06:32:51.116,06:32:51.116,50310.776,0x8E,0x00,True,136,0,0
06:33:21.116,06:33:21.116,50340.776,0x8E,0x00,True,137,0,0
06:33:51.111,06:33:51.111,50370.771,0x8E,0x00,True,138,0,0
06:34:21.106,06:34:21.106,50400.766,0x8E,0x00,True,139,0,0
06:34:51.106,06:34:51.106,50430.766,0x8E,0x00,True,140,0,0
06:35:21.106,06:35:21.106,50460.766,0x8E,0x00,True,141,0,0
06:35:51.102,06:35:51.102,50490.762,0x8E,0x00,True,142,0,0
06:36:21.102,06:36:21.102,50520.762,0x8E,0x00,True,143,0,0
06:36:51.106,06:36:51.106,50550.766,0x8E,0x00,True,144,0,0
06:37:21.102,06:37:21.102,50580.762,0x8E,0x00,True,145,0,0
06:37:51.106,06:37:51.106,50610.766,0x8E,0x00,True,146,0,0
06:38:21.102,06:38:21.102,50640.762,0x8E,0x00,True,147,0,0
06:38:51.111,06:38:51.111,50670.771,0x8E,0x00,True,148,0,0
06:39:21.102,06:39:21.102,50700.762,0x8E,0x00,True,149,0,0
06:39:51.102,06:39:51.102,50730.762,0x8E,0x00,True,150,0,0
06:40:21.086,06:40:21.086,50760.746,0x8E,0x00,True,151,0,0
06:40:51.097,06:40:51.097,50790.757,0x8E,0x00,True,152,0,0
06:41:21.087,06:41:21.087,50820.747,0x8E,0x00,True,153,0,0
06:41:51.096,06:41:51.096,50850.756,0x8E,0x00,True,154,0,0
06:42:21.092,06:42:21.092,50880.752,0x8E,0x00,True,155,0,0
06:42:51.077,06:42:51.077,50910.737,0x8E,0x00,True,156,0,0
06:43:21.077,06:43:21.077,50940.737,0x8E,0x00,True,157,0,0
06:43:51.071,06:43:51.071,50970.731,0x8E,0x00,True,158,0,0
06:44:21.076,06:44:21.076,51000.736,0x8E,0x00,True,159,0,0
06:44:51.062,06:44:51.062,51030.722,0x8E,0x00,True,160,0,0
06:45:21.071,06:45:21.071,51060.731,0x8E,0x00,True,161,0,0
06:45:51.057,06:45:51.057,51090.717,0x8E,0x00,True,162,0,0
06:46:21.062,06:46:21.062,51120.722,0x8E,0x00,True,163,0,0
06:46:51.052,06:46:51.052,51150.712,0x8E,0x00,True,164,0,0
06:47:21.073,06:47:21.073,51180.733,0x8E,0x00,True,165,0,0
06:47:51.052,06:47:51.052,51210.712,0x8E,0x00,True,166,0,0
06:48:21.062,06:48:21.062,51240.722,0x8E,0x00,True,167,0,0
06:48:51.052,06:48:51.052,51270.712,0x8E,0x00,True,168,0,0
06:49:21.057,06:49:21.057,51300.717,0x8E,0x00,True,169,0,0
06:49:51.052,06:49:51.052,51330.712,0x8E,0x00,True,170,0,0
06:50:21.057,06:50:21.057,51360.717,0x8E,0x00,True,171,0,0
06:50:51.052,06:50:51.052,51390.712,0x8E,0x00,True,172,0,0
06:51:21.062,06:51:21.062,51420.722,0x8E,0x00,True,173,0,0
06:51:51.057,06:51:51.057,51450.717,0x8E,0x00,True,174,0,0
06:52:21.062,06:52:21.062,51480.722,0x8E,0x00,True,175,0,0
06:52:51.052,06:52:51.052,51510.712,0x8E,0x00,True,176,0,0
06:53:21.052,06:53:21.052,51540.712,0x8E,0x00,True,177,0,0
06:53:51.052,06:53:51.052,51570.712,0x8E,0x00,True,178,0,0
06:54:21.047,06:54:21.047,51600.707,0x8E,0x00,True,179,0,0
06:54:51.047,06:54:51.047,51630.707,0x8E,0x00,True,180,0,0
06:55:21.042,06:55:21.042,51660.702,0x8E,0x00,True,181,0,0
06:55:51.042,06:55:51.042,51690.702,0x8E,0x00,True,182,0,0
06:56:21.042,06:56:21.042,51720.702,0x8E,0x00,True,183,0,0
06:56:51.042,06:56:51.042,51750.702,0x8E,0x00,True,184,0,0
06:57:21.031,06:57:21.031,51780.691,0x8E,0x00,True,185,0,0
06:57:51.042,06:57:51.042,51810.702,0x8E,0x00,True,186,0,0
06:58:21.041,06:58:21.041,51840.701,0x8E,0x00,True,187,0,0
06:58:51.037,06:58:51.037,51870.697,0x8E,0x00,True,188,0,0
06:59:21.037,06:59:21.037,51900.697,0x8E,0x00,True,189,0,0
06:59:51.037,06:59:51.037,51930.697,0x8E,0x00,True,190,0,0
07:00:21.037,07:00:21.037,51960.697,0x8E,0x00,True,191,0,0
07:00:51.041,07:00:51.041,51990.701,0x8E,0x00,True,192,0,0
07:01:21.036,07:01:21.036,52020.696,0x8E,0x00,True,193,0,0
07:01:51.037,07:01:51.037,52050.697,0x8E,0x00,True,194,0,0
07:02:21.026,07:02:21.026,52080.686,0x8E,0x00,True,195,0,0
07:02:51.047,07:02:51.047,52110.707,0x8E,0x00,True,196,0,0
07:03:21.047,07:03:21.047,52140.707,0x8E,0x00,True,197,0,0
07:03:51.041,07:03:51.041,52170.701,0x8E,0x00,True,198,0,0
07:04:21.041,07:04:21.041,52200.701,0x8E,0x00,True,199,0,0
07:04:51.042,07:04:51.042,52230.702,0x8E,0x00,True,200,0,0
07:05:21.037,07:05:21.037,52260.697,0x8E,0x00,True,201,0,0
07:05:51.031,07:05:51.031,52290.691,0x8E,0x00,True,202,0,0
07:06:21.031,07:06:21.031,52320.691,0x8E,0x00,True,203,0,0
07:06:51.047,07:06:51.047,52350.707,0x8E,0x00,True,204,0,0
07:07:21.055,07:07:21.055,52380.715,0x8E,0x00,True,205,0,0
07:07:51.047,07:07:51.047,52410.707,0x8E,0x00,True,206,0,0
07:08:21.052,07:08:21.052,52440.712,0x8E,0x00,True,207,0,0
07:08:51.052,07:08:51.052,52470.712,0x8E,0x00,True,208,0,0
07:09:21.077,07:09:21.077,52500.737,0x8E,0x00,True,209,0,0
07:09:51.057,07:09:51.057,52530.717,0x8E,0x00,True,210,0,0
07:10:21.057,07:10:21.057,52560.717,0x8E,0x00,True,211,0,0
07:10:51.052,07:10:51.052,52590.712,0x8E,0x00,True,212,0,0
07:11:21.057,07:11:21.057,52620.717,0x8E,0x00,True,213,0,0
07:11:51.051,07:11:51.051,52650.711,0x8E,0x00,True,214,0,0
07:12:21.057,07:12:21.057,52680.717,0x8E,0x00,True,215,0,0
07:12:51.052,07:12:51.052,52710.712,0x8E,0x00,True,216,0,0
07:13:21.057,07:13:21.057,52740.717,0x8E,0x00,True,217,0,0
07:13:51.062,07:13:51.062,52770.722,0x8E,0x00,True,218,0,0
07:14:21.061,07:14:21.061,52800.721,0x8E,0x00,True,219,0,0
07:14:51.052,07:14:51.052,52830.712,0x8E,0x00,True,220,0,0
07:15:21.062,07:15:21.062,52860.722,0x8E,0x00,True,221,0,0
07:15:51.057,07:15:51.057,52890.717,0x8E,0x00,True,222,0,0
07:16:21.057,07:16:21.057,52920.717,0x8E,0x00,True,223,0,0
07:16:51.052,07:16:51.052,52950.712,0x8E,0x00,True,224,0,0
07:17:21.052,07:17:21.052,52980.712,0x8E,0x00,True,225,0,0
07:17:51.052,07:17:51.052,53010.712,0x8E,0x00,True,226,0,0
07:18:21.047,07:18:21.047,53040.707,0x8E,0x00,True,227,0,0
07:18:51.041,07:18:51.041,53070.701,0x8E,0x00,True,228,0,0
07:19:21.041,07:19:21.041,53100.701,0x8E,0x00,True,229,0,0
07:19:51.036,07:19:51.036,53130.696,0x8E,0x00,True,230,0,0
07:20:21.032,07:20:21.032,53160.692,0x8E,0x00,True,231,0,0
07:20:51.032,07:20:51.032,53190.692,0x8E,0x00,True,232,0,0
07:21:21.017,07:21:21.017,53220.677,0x8E,0x00,True,233,0,0
07:21:51.021,07:21:51.021,53250.681,0x8E,0x00,True,234,0,0
07:22:21.021,07:22:21.021,53280.681,0x8E,0x00,True,235,0,0
07:22:51.017,07:22:51.017,53310.677,0x8E,0x00,True,236,0,0
07:23:21.017,07:23:21.017,53340.677,0x8E,0x00,True,237,0,0
07:23:51.012,07:23:51.012,53370.672,0x8E,0x00,True,238,0,0
07:24:20.997,07:24:20.997,53400.657,0x8E,0x00,True,239,0,0
07:24:51.007,07:24:51.007,53430.667,0x8E,0x00,True,240,0,0
07:25:20.991,07:25:20.991,53460.651,0x8E,0x00,True,241,0,0
07:25:50.987,07:25:50.987,53490.647,0x8E,0x00,True,242,0,0
07:26:20.981,07:26:20.981,53520.641,0x8E,0x00,True,243,0,0
07:26:50.992,07:26:50.992,53550.652,0x8E,0x00,True,244,0,0
07:27:20.977,07:27:20.977,53580.637,0x8E,0x00,True,245,0,0
07:27:50.981,07:27:50.981,53610.641,0x8E,0x00,True,246,0,0
07:28:20.977,07:28:20.977,53640.637,0x8E,0x00,True,247,0,0
07:28:50.984,07:28:50.984,53670.644,0x8E,0x00,True,248,0,0
07:29:20.972,07:29:20.972,53700.632,0x8E,0x00,True,249,0,0
07:29:50.972,07:29:50.972,53730.632,0x8E,0x00,True,250,0,0
07:30:20.977,07:30:20.977,53760.637,0x8E,0x00,True,251,0,0
07:30:50.972,07:30:50.972,53790.632,0x8E,0x00,True,252,0,0
07:31:20.966,07:31:20.966,53820.626,0x8E,0x00,True,253,0,0
07:31:50.972,07:31:50.972,53850.632,0x8E,0x00,True,254,0,0
07:32:20.967,07:32:20.967,53880.627,0x8E,0x00,True,255,0,0
07:32:50.967,07:32:50.967,53910.627,0x8E,0x00,True,0,0,0
07:33:20.967,07:33:20.967,53940.627,0x8E,0x00,True,1,0,0
07:33:50.957,07:33:50.957,53970.617,0x8E,0x00,True,2,0,0
07:34:20.967,07:34:20.967,54000.627,0x8E,0x00,True,3,0,0
07:34:50.967,07:34:50.967,54030.627,0x8E,0x00,True,4,0,0
07:35:20.967,07:35:20.967,54060.627,0x8E,0x00,True,5,0,0
07:35:50.967,07:35:50.967,54090.627,0x8E,0x00,True,6,0,0
07:36:20.967,07:36:20.967,54120.627,0x8E,0x00,True,7,0,0
07:36:50.972,07:36:50.972,54150.632,0x8E,0x00,True,8,0,0
07:37:20.972,07:37:20.972,54180.632,0x8E,0x00,True,9,0,0
07:37:50.970,07:37:50.970,54210.63,0x8E,0x00,True,10,0,0
07:38:20.977,07:38:20.977,54240.637,0x8E,0x00,True,11,0,0
07:38:50.972,07:38:50.972,54270.632,0x8E,0x00,True,12,0,0
07:39:20.977,07:39:20.977,54300.637,0x8E,0x00,True,13,0,0
07:39:50.972,07:39:50.972,54330.632,0x8E,0x00,True,14,0,0
07:40:20.967,07:40:20.967,54360.627,0x8E,0x00,True,15,0,0
07:40:50.972,07:40:50.972,54390.632,0x8E,0x00,True,16,0,0
07:41:20.977,07:41:20.977,54420.637,0x8E,0x00,True,17,0,0
07:41:50.957,07:41:50.957,54450.617,0x8E,0x00,True,18,0,0
07:42:20.973,07:42:20.973,54480.633,0x8E,0x00,True,19,0,0
07:42:50.962,07:42:50.962,54510.622,0x8E,0x00,True,20,0,0
07:43:20.962,07:43:20.962,54540.622,0x8E,0x00,True,21,0,0
07:43:50.957,07:43:50.957,54570.617,0x8E,0x00,True,22,0,0
07:44:20.951,07:44:20.951,54600.611,0x8E,0x00,True,23,0,0
07:44:50.951,07:44:50.951,54630.611,0x8E,0x00,True,24,0,0
07:45:20.947,07:45:20.947,54660.607,0x8E,0x00,True,25,0,0
07:45:50.946,07:45:50.946,54690.606,0x8E,0x00,True,26,0,0
07:46:20.947,07:46:20.947,54720.607,0x8E,0x00,True,27,0,0
07:46:50.950,07:46:50.950,54750.61,0x8E,0x00,True,28,0,0
07:47:20.941,07:47:20.941,54780.601,0x8E,0x00,True,29,0,0
07:47:50.941,07:47:50.941,54810.601,0x8E,0x00,True,30,0,0
07:48:20.937,07:48:20.937,54840.597,0x8E,0x00,True,31,0,0
07:48:50.936,07:48:50.936,54870.596,0x8E,0x00,True,32,0,0
07:49:20.936,07:49:20.936,54900.596,0x8E,0x00,True,33,0,0
07:49:50.922,07:49:50.922,54930.582,0x8E,0x00,True,34,0,0
07:50:20.922,07:50:20.922,54960.582,0x8E,0x00,True,35,0,0
07:50:50.911,07:50:50.911,54990.571,0x8E,0x00,True,36,0,0
07:51:20.922,07:51:20.922,55020.582,0x8E,0x00,True,37,0,0
07:51:50.925,07:51:50.925,55050.585,0x8E,0x00,True,38,0,0
07:52:20.917,07:52:20.917,55080.577,0x8E,0x00,True,39,0,0
07:52:50.906,07:52:50.906,55110.566,0x8E,0x00,True,40,0,0
07:53:20.896,07:53:20.896,55140.556,0x8E,0x00,True,41,0,0
07:53:50.896,07:53:50.896,55170.556,0x8E,0x00,True,42,0,0
07:54:20.901,07:54:20.901,55200.561,0x8E,0x00,True,43,0,0
07:54:50.892,07:54:50.892,55230.552,0x8E,0x00,True,44,0,0
07:55:20.887,07:55:20.887,55260.547,0x8E,0x00,True,45,0,0
07:55:50.897,07:55:50.897,55290.557,0x8E,0x00,True,46,0,0
07:56:20.892,07:56:20.892,55320.552,0x8E,0x00,True,47,0,0
07:56:50.892,07:56:50.892,55350.552,0x8E,0x00,True,48,0,0
07:57:20.896,07:57:20.896,55380.556,0x8E,0x00,True,49,0,0
07:57:50.896,07:57:50.896,55410.556,0x8E,0x00,True,50,0,0
07:58:20.892,07:58:20.892,55440.552,0x8E,0x00,True,51,0,0
07:58:50.887,07:58:50.887,55470.547,0x8E,0x00,True,52,0,0
07:59:20.892,07:59:20.892,55500.552,0x8E,0x00,True,53,0,0
07:59:50.892,07:59:50.892,55530.552,0x8E,0x00,True,54,0,0
08:00:20.887,08:00:20.887,55560.547,0x8E,0x00,True,55,0,0
08:00:50.887,08:00:50.887,55590.547,0x8E,0x00,True,56,0,0
08:01:20.887,08:01:20.887,55620.547,0x8E,0x00,True,57,0,0
08:01:50.887,08:01:50.887,55650.547,0x8E,0x00,True,58,0,0
08:02:20.892,08:02:20.892,55680.552,0x8E,0x00,True,59,0,0
08:02:50.887,08:02:50.887,55710.547,0x8E,0x00,True,60,0,0
08:03:20.882,08:03:20.882,55740.542,0x8E,0x00,True,61,0,0
08:03:50.882,08:03:50.882,55770.542,0x8E,0x00,True,62,0,0
08:04:20.871,08:04:20.871,55800.531,0x8E,0x00,True,63,0,0
08:04:50.882,08:04:50.882,55830.542,0x8E,0x00,True,64,0,0
08:05:20.881,08:05:20.881,55860.541,0x8E,0x00,True,65,0,0
08:05:50.882,08:05:50.882,55890.542,0x8E,0x00,True,66,0,0
08:06:20.881,08:06:20.881,55920.541,0x8E,0x00,True,67,0,0
08:06:50.882,08:06:50.882,55950.542,0x8E,0x00,True,68,0,0
08:07:20.882,08:07:20.882,55980.542,0x8E,0x00,True,69,0,0
08:07:50.882,08:07:50.882,56010.542,0x8E,0x00,True,70,0,0
08:08:20.882,08:08:20.882,56040.542,0x8E,0x00,True,71,0,0
08:08:50.890,08:08:50.890,56070.55,0x8E,0x00,True,72,0,0
08:09:20.876,08:09:20.876,56100.536,0x8E,0x00,True,73,0,0
08:09:50.877,08:09:50.877,56130.537,0x8E,0x00,True,74,0,0
08:10:20.876,08:10:20.876,56160.536,0x8E,0x00,True,75,0,0
08:10:50.871,08:10:50.871,56190.531,0x8E,0x00,True,76,0,0
08:11:20.871,08:11:20.871,56220.531,0x8E,0x00,True,77,0,0
08:11:50.877,08:11:50.877,56250.537,0x8E,0x00,True,78,0,0
08:12:20.872,08:12:20.872,56280.532,0x8E,0x00,True,79,0,0
08:12:50.876,08:12:50.876,56310.536,0x8E,0x00,True,80,0,0
08:13:20.866,08:13:20.866,56340.526,0x8E,0x00,True,81,0,0
08:13:50.867,08:13:50.867,56370.527,0x8E,0x00,True,82,0,0
08:14:20.867,08:14:20.867,56400.527,0x8E,0x00,True,83,0,0
08:14:50.874,08:14:50.874,56430.534,0x8E,0x00,True,84,0,0
08:15:20.862,08:15:20.862,56460.522,0x8E,0x00,True,85,0,0
08:15:50.861,08:15:50.861,56490.521,0x8E,0x00,True,86,0,0
08:16:20.852,08:16:20.852,56520.512,0x8E,0x00,True,87,0,0
08:16:50.861,08:16:50.861,56550.521,0x8E,0x00,True,88,0,0
08:17:20.866,08:17:20.866,56580.526,0x8E,0x00,True,89,0,0
08:17:50.866,08:17:50.866,56610.526,0x8E,0x00,True,90,0,0
08:18:20.861,08:18:20.861,56640.521,0x8E,0x00,True,91,0,0
08:18:50.861,08:18:50.861,56670.521,0x8E,0x00,True,92,0,0
08:19:20.869,08:19:20.869,56700.529,0x8E,0x00,True,93,0,0
08:19:50.856,08:19:50.856,56730.516,0x8E,0x00,True,94,0,0
08:20:20.856,08:20:20.856,56760.516,0x8E,0x00,True,95,0,0
08:20:50.861,08:20:50.861,56790.521,0x8E,0x00,True,96,0,0
08:21:20.842,08:21:20.842,56820.502,0x8E,0x00,True,97,0,0
08:21:50.856,08:21:50.856,56850.516,0x8E,0x00,True,98,0,0
08:22:20.842,08:22:20.842,56880.502,0x8E,0x00,True,99,0,0
08:22:50.852,08:22:50.852,56910.512,0x8E,0x00,True,100,0,0
08:23:20.837,08:23:20.837,56940.497,0x8E,0x00,True,101,0,0
08:23:50.847,08:23:50.847,56970.507,0x8E,0x00,True,102,0,0
08:24:20.832,08:24:20.832,57000.492,0x8E,0x00,True,103,0,0
08:24:50.826,08:24:50.826,57030.486,0x8E,0x00,True,104,0,0
08:25:20.826,08:25:20.826,57060.486,0x8E,0x00,True,105,0,0
08:25:50.836,08:25:50.836,57090.496,0x8E,0x00,True,106,0,0
08:26:20.827,08:26:20.827,57120.487,0x8E,0x00,True,107,0,0
08:26:50.820,08:26:50.820,57150.48,0x8E,0x00,True,108,0,0
08:27:20.826,08:27:20.826,57180.486,0x8E,0x00,True,109,0,0
08:27:50.826,08:27:50.826,57210.486,0x8E,0x00,True,110,0,0
08:28:20.826,08:28:20.826,57240.486,0x8E,0x00,True,111,0,0
08:28:50.827,08:28:50.827,57270.487,0x8E,0x00,True,112,0,0
08:29:20.826,08:29:20.826,57300.486,0x8E,0x00,True,113,0,0
08:29:50.837,08:29:50.837,57330.497,0x8E,0x00,True,114,0,0
08:30:20.835,08:30:20.835,57360.495,0x8E,0x00,True,115,0,0
08:30:50.836,08:30:50.836,57390.496,0x8E,0x00,True,116,0,0
08:31:20.826,08:31:20.826,57420.486,0x8E,0x00,True,117,0,0
08:31:50.826,08:31:50.826,57450.486,0x8E,0x00,True,118,0,0
08:32:20.826,08:32:20.826,57480.486,0x8E,0x00,True,119,0,0
08:32:50.826,08:32:50.826,57510.486,0x8E,0x00,True,120,0,0
08:33:20.826,08:33:20.826,57540.486,0x8E,0x00,True,121,0,0
08:33:50.836,08:33:50.836,57570.496,0x8E,0x00,True,122,0,0
08:34:20.837,08:34:20.837,57600.497,0x8E,0x00,True,123,0,0
08:34:50.842,08:34:50.842,57630.502,0x8E,0x00,True,124,0,0
08:35:20.832,08:35:20.832,57660.492,0x8E,0x00,True,125,0,0
08:35:50.846,08:35:50.846,57690.506,0x8E,0x00,True,126,0,0
08:36:20.842,08:36:20.842,57720.502,0x8E,0x00,True,127,0,0
08:36:50.836,08:36:50.836,57750.496,0x8E,0x00,True,128,0,0
08:37:20.852,08:37:20.852,57780.512,0x8E,0x00,True,129,0,0
08:37:50.852,08:37:50.852,57810.512,0x8E,0x00,True,130,0,0
08:38:20.852,08:38:20.852,57840.512,0x8E,0x00,True,131,0,0
08:38:50.856,08:38:50.856,57870.516,0x8E,0x00,True,132,0,0
08:39:20.847,08:39:20.847,57900.507,0x8E,0x00,True,133,0,0
08:39:50.856,08:39:50.856,57930.516,0x8E,0x00,True,134,0,0
08:40:20.856,08:40:20.856,57960.516,0x8E,0x00,True,135,0,0
08:40:50.856,08:40:50.856,57990.516,0x8E,0x00,True,136,0,0
08:41:20.856,08:41:20.856,58020.516,0x8E,0x00,True,137,0,0
08:41:50.856,08:41:50.856,58050.516,0x8E,0x00,True,138,0,0
08:42:20.866,08:42:20.866,58080.526,0x8E,0x00,True,139,0,0
08:42:50.866,08:42:50.866,58110.526,0x8E,0x00,True,140,0,0
08:43:20.866,08:43:20.866,58140.526,0x8E,0x00,True,141,0,0
08:43:50.872,08:43:50.872,58170.532,0x8E,0x00,True,142,0,0
08:44:20.871,08:44:20.871,58200.531,0x8E,0x00,True,143,0,0
08:44:50.866,08:44:50.866,58230.526,0x8E,0x00,True,144,0,0
08:45:20.856,08:45:20.856,58260.516,0x8E,0x00,True,145,0,0
08:45:50.866,08:45:50.866,58290.526,0x8E,0x00,True,146,0,0
08:46:20.866,08:46:20.866,58320.526,0x8E,0x00,True,147,0,0
08:46:50.866,08:46:50.866,58350.526,0x8E,0x00,True,148,0,0
08:47:20.866,08:47:20.866,58380.526,0x8E,0x00,True,149,0,0
08:47:50.866,08:47:50.866,58410.526,0x8E,0x00,True,150,0,0
08:48:20.866,08:48:20.866,58440.526,0x8E,0x00,True,151,0,0
08:48:50.866,08:48:50.866,58470.526,0x8E,0x00,True,152,0,0
08:49:20.872,08:49:20.872,58500.532,0x8E,0x00,True,153,0,0
08:49:50.885,08:49:50.885,58530.545,0x8E,0x00,True,154,0,0
08:50:20.877,08:50:20.877,58560.537,0x8E,0x00,True,155,0,0
08:50:50.882,08:50:50.882,58590.542,0x8E,0x00,True,156,0,0
08:51:20.887,08:51:20.887,58620.547,0x8E,0x00,True,157,0,0
08:51:50.882,08:51:50.882,58650.542,0x8E,0x00,True,158,0,0
08:52:20.887,08:52:20.887,58680.547,0x8E,0x00,True,159,0,0
08:52:50.887,08:52:50.887,58710.547,0x8E,0x00,True,160,0,0
08:53:20.877,08:53:20.877,58740.537,0x8E,0x00,True,161,0,0
08:53:50.896,08:53:50.896,58770.556,0x8E,0x00,True,162,0,0
08:54:20.896,08:54:20.896,58800.556,0x8E,0x00,True,163,0,0
08:54:50.893,08:54:50.893,58830.553,0x8E,0x00,True,164,0,0
08:55:20.887,08:55:20.887,58860.547,0x8E,0x00,True,165,0,0
08:55:50.892,08:55:50.892,58890.552,0x8E,0x00,True,166,0,0
08:56:20.896,08:56:20.896,58920.556,0x8E,0x00,True,167,0,0
08:56:50.887,08:56:50.887,58950.547,0x8E,0x00,True,168,0,0
08:57:20.896,08:57:20.896,58980.556,0x8E,0x00,True,169,0,0
08:57:50.904,08:57:50.904,59010.564,0x8E,0x00,True,170,0,0
08:58:20.901,08:58:20.901,59040.561,0x8E,0x00,True,171,0,0
08:58:50.896,08:58:50.896,59070.556,0x8E,0x00,True,172,0,0
08:59:20.906,08:59:20.906,59100.566,0x8E,0x00,True,173,0,0
08:59:50.901,08:59:50.901,59130.561,0x8E,0x00,True,174,0,0
09:00:20.911,09:00:20.911,59160.571,0x8E,0x00,True,175,0,0
09:00:50.907,09:00:50.907,59190.567,0x8E,0x00,True,176,0,0
09:01:20.907,09:01:20.907,59220.567,0x8E,0x00,True,177,0,0
09:01:50.907,09:01:50.907,59250.567,0x8E,0x00,True,178,0,0
09:02:20.917,09:02:20.917,59280.577,0x8E,0x00,True,179,0,0
09:02:50.906,09:02:50.906,59310.566,0x8E,0x00,True,180,0,0
09:03:20.916,09:03:20.916,59340.576,0x8E,0x00,True,181,0,0
09:03:50.906,09:03:50.906,59370.566,0x8E,0x00,True,182,0,0
09:04:20.917,09:04:20.917,59400.577,0x8E,0x00,True,183,0,0
09:04:50.915,09:04:50.915,59430.575,0x8E,0x00,True,184,0,0
09:05:20.920,09:05:20.920,59460.58,0x8E,0x00,True,185,0,0
09:05:50.901,09:05:50.901,59490.561,0x8E,0x00,True,186,0,0
09:06:20.922,09:06:20.922,59520.582,0x8E,0x00,True,187,0,0
09:06:50.914,09:06:50.914,59550.574,0x8E,0x00,True,188,0,0
09:07:20.915,09:07:20.915,59580.575,0x8E,0x00,True,189,0,0
09:23:10.997,09:23:10.997,60530.657,0x8E,0x00,True,220,0,0
09:23:20.987,09:23:20.987,60540.647,0x8E,0x00,True,221,0,0
09:23:51.003,09:23:51.003,60570.663,0x8E,0x00,True,222,0,0
09:24:20.992,09:24:20.992,60600.652,0x8E,0x00,True,223,0,0
09:24:51.007,09:24:51.007,60630.667,0x8E,0x00,True,224,0,0
09:25:20.998,09:25:20.998,60660.658,0x8E,0x00,True,225,0,0
09:25:50.992,09:25:50.992,60690.652,0x8E,0x00,True,226,0,0
09:26:20.997,09:26:20.997,60720.657,0x8E,0x00,True,227,0,0
09:26:51.003,09:26:51.003,60750.663,0x8E,0x00,True,228,0,0
09:27:20.997,09:27:20.997,60780.657,0x8E,0x00,True,229,0,0
09:27:51.002,09:27:51.002,60810.662,0x8E,0x00,True,230,0,0
09:28:20.992,09:28:20.992,60840.652,0x8E,0x00,True,231,0,0
09:28:51.008,09:28:51.008,60870.668,0x8E,0x00,True,232,0,0
09:29:20.992,09:29:20.992,60900.652,0x8E,0x00,True,233,0,0
09:29:50.997,09:29:50.997,60930.657,0x8E,0x00,True,234,0,0
09:30:20.992,09:30:20.992,60960.652,0x8E,0x00,True,235,0,0
09:30:51.008,09:30:51.008,60990.668,0x8E,0x00,True,236,0,0
09:31:21.006,09:31:21.006,61020.666,0x8E,0x00,True,237,0,0
09:31:51.002,09:31:51.002,61050.662,0x8E,0x00,True,238,0,0
09:32:20.993,09:32:20.993,61080.653,0x8E,0x00,True,239,0,0
09:32:51.003,09:32:51.003,61110.663,0x8E,0x00,True,240,0,0
09:33:20.992,09:33:20.992,61140.652,0x8E,0x00,True,241,0,0
09:33:50.987,09:33:50.987,61170.647,0x8E,0x00,True,242,0,0
09:34:21.000,09:34:21.000,61200.66,0x8E,0x00,True,243,0,0
09:34:50.997,09:34:50.997,61230.657,0x8E,0x00,True,244,0,0
09:35:20.982,09:35:20.982,61260.642,0x8E,0x00,True,245,0,0
09:35:50.987,09:35:50.987,61290.647,0x8E,0x00,True,246,0,0
09:36:20.987,09:36:20.987,61320.647,0x8E,0x00,True,247,0,0
09:36:51.005,09:36:51.005,61350.665,0x8E,0x00,True,248,0,0
09:37:20.987,09:37:20.987,61380.647,0x8E,0x00,True,249,0,0
09:37:50.988,09:37:50.988,61410.648,0x8E,0x00,True,250,0,0
09:38:20.992,09:38:20.992,61440.652,0x8E,0x00,True,251,0,0
09:38:50.997,09:38:50.997,61470.657,0x8E,0x00,True,252,0,0
09:39:20.987,09:39:20.987,61500.647,0x8E,0x00,True,253,0,0
09:39:50.982,09:39:50.982,61530.642,0x8E,0x00,True,254,0,0
09:40:20.982,09:40:20.982,61560.642,0x8E,0x00,True,255,0,0
09:40:50.997,09:40:50.997,61590.657,0x8E,0x00,True,0,0,0
09:41:20.982,09:41:20.982,61620.642,0x8E,0x00,True,1,0,0
09:41:50.987,09:41:50.987,61650.647,0x8E,0x00,True,2,0,0
09:42:20.982,09:42:20.982,61680.642,0x8E,0x00,True,3,0,0
09:42:50.987,09:42:50.987,61710.647,0x8E,0x00,True,4,0,0
09:43:20.973,09:43:20.973,61740.633,0x8E,0x00,True,5,0,0
09:43:50.982,09:43:50.982,61770.642,0x8E,0x00,True,6,0,0
09:44:20.987,09:44:20.987,61800.647,0x8E,0x00,True,7,0,0
09:44:50.967,09:44:50.967,61830.627,0x8E,0x00,True,8,0,0
09:45:20.978,09:45:20.978,61860.638,0x8E,0x00,True,9,0,0
09:45:50.978,09:45:50.978,61890.638,0x8E,0x00,True,10,0,0
09:46:20.978,09:46:20.978,61920.638,0x8E,0x00,True,11,0,0
09:46:50.982,09:46:50.982,61950.642,0x8E,0x00,True,12,0,0
09:47:20.973,09:47:20.973,61980.633,0x8E,0x00,True,13,0,0
09:47:50.972,09:47:50.972,62010.632,0x8E,0x00,True,14,0,0
09:48:20.978,09:48:20.978,62040.638,0x8E,0x00,True,15,0,0
09:48:50.963,09:48:50.963,62070.623,0x8E,0x00,True,16,0,0
09:49:20.972,09:49:20.972,62100.632,0x8E,0x00,True,17,0,0
09:49:50.973,09:49:50.973,62130.633,0x8E,0x00,True,18,0,0
09:50:20.978,09:50:20.978,62160.638,0x8E,0x00,True,19,0,0
09:50:50.973,09:50:50.973,62190.633,0x8E,0x00,True,20,0,0
09:51:20.973,09:51:20.973,62220.633,0x8E,0x00,True,21,0,0
09:51:50.968,09:51:50.968,62250.628,0x8E,0x00,True,22,0,0
09:52:20.968,09:52:20.968,62280.628,0x8E,0x00,True,23,0,0
09:52:50.968,09:52:50.968,62310.628,0x8E,0x00,True,24,0,0
09:53:20.968,09:53:20.968,62340.628,0x8E,0x00,True,25,0,0
09:53:50.957,09:53:50.957,62370.617,0x8E,0x00,True,26,0,0
09:54:20.967,09:54:20.967,62400.627,0x8E,0x00,True,27,0,0
09:54:50.967,09:54:50.967,62430.627,0x8E,0x00,True,28,0,0
09:55:20.967,09:55:20.967,62460.627,0x8E,0x00,True,29,0,0
09:55:50.967,09:55:50.967,62490.627,0x8E,0x00,True,30,0,0
09:56:20.968,09:56:20.968,62520.628,0x8E,0x00,True,31,0,0
09:56:50.967,09:56:50.967,62550.627,0x8E,0x00,True,32,0,0
09:57:20.968,09:57:20.968,62580.628,0x8E,0x00,True,33,0,0
09:57:50.967,09:57:50.967,62610.627,0x8E,0x00,True,34,0,0
09:58:20.967,09:58:20.967,62640.627,0x8E,0x00,True,35,0,0
09:58:50.963,09:58:50.963,62670.623,0x8E,0x00,True,36,0,0
09:59:20.963,09:59:20.963,62700.623,0x8E,0x00,True,37,0,0
09:59:50.957,09:59:50.957,62730.617,0x8E,0x00,True,38,0,0
10:00:20.957,10:00:20.957,62760.617,0x8E,0x00,True,39,0,0
10:00:50.962,10:00:50.962,62790.622,0x8E,0x00,True,40,0,0
10:01:20.957,10:01:20.957,62820.617,0x8E,0x00,True,41,0,0
10:01:50.947,10:01:50.947,62850.607,0x8E,0x00,True,42,0,0
10:02:20.947,10:02:20.947,62880.607,0x8E,0x00,True,43,0,0
10:02:50.947,10:02:50.947,62910.607,0x8E,0x00,True,44,0,0
10:03:20.942,10:03:20.942,62940.602,0x8E,0x00,True,45,0,0
10:03:50.938,10:03:50.938,62970.598,0x8E,0x00,True,46,0,0
10:04:20.927,10:04:20.927,63000.587,0x8E,0x00,True,47,0,0
10:04:50.912,10:04:50.912,63030.572,0x8E,0x00,True,48,0,0
10:05:20.907,10:05:20.907,63060.567,0x8E,0x00,True,49,0,0
10:05:50.902,10:05:50.902,63090.562,0x8E,0x00,True,50,0,0
10:06:20.902,10:06:20.902,63120.562,0x8E,0x00,True,51,0,0
10:06:50.893,10:06:50.893,63150.553,0x8E,0x00,True,52,0,0
10:07:20.902,10:07:20.902,63180.562,0x8E,0x00,True,53,0,0
10:07:50.892,10:07:50.892,63210.552,0x8E,0x00,True,54,0,0
10:08:20.903,10:08:20.903,63240.563,0x8E,0x00,True,55,0,0
10:08:50.893,10:08:50.893,63270.553,0x8E,0x00,True,56,0,0
10:09:20.892,10:09:20.892,63300.552,0x8E,0x00,True,57,0,0
10:09:50.887,10:09:50.887,63330.547,0x8E,0x00,True,58,0,0
10:10:20.888,10:10:20.888,63360.548,0x8E,0x00,True,59,0,0
10:10:50.881,10:10:50.881,63390.541,0x8E,0x00,True,60,0,0
10:11:20.883,10:11:20.883,63420.543,0x8E,0x00,True,61,0,0
10:11:50.883,10:11:50.883,63450.543,0x8E,0x00,True,62,0,0
10:12:20.883,10:12:20.883,63480.543,0x8E,0x00,True,63,0,0
10:12:50.912,10:12:50.912,63510.572,0x8E,0x00,True,64,0,0
10:13:20.870,10:13:20.870,63540.53,0x8E,0x00,True,65,0,0
10:13:50.878,10:13:50.878,63570.538,0x8E,0x00,True,66,0,0
10:14:20.867,10:14:20.867,63600.527,0x8E,0x00,True,67,0,0
10:14:50.872,10:14:50.872,63630.532,0x8E,0x00,True,68,0,0
10:15:20.870,10:15:20.870,63660.53,0x8E,0x00,True,69,0,0
10:15:50.857,10:15:50.857,63690.517,0x8E,0x00,True,70,0,0
10:16:20.843,10:16:20.843,63720.503,0x8E,0x00,True,71,0,0
10:16:50.857,10:16:50.857,63750.517,0x8E,0x00,True,72,0,0
10:17:20.857,10:17:20.857,63780.517,0x8E,0x00,True,73,0,0
10:17:50.852,10:17:50.852,63810.512,0x8E,0x00,True,74,0,0
10:18:20.837,10:18:20.837,63840.497,0x8E,0x00,True,75,0,0
10:18:50.838,10:18:50.838,63870.498,0x8E,0x00,True,76,0,0
10:19:20.840,10:19:20.840,63900.5,0x8E,0x00,True,77,0,0
10:19:50.848,10:19:50.848,63930.508,0x8E,0x00,True,78,0,0
10:20:20.832,10:20:20.832,63960.492,0x8E,0x00,True,79,0,0
10:20:50.832,10:20:50.832,63990.492,0x8E,0x00,True,80,0,0
10:21:20.827,10:21:20.827,64020.487,0x8E,0x00,True,81,0,0
10:21:50.832,10:21:50.832,64050.492,0x8E,0x00,True,82,0,0
10:22:20.817,10:22:20.817,64080.477,0x8E,0x00,True,83,0,0
10:22:50.827,10:22:50.827,64110.487,0x8E,0x00,True,84,0,0
10:23:20.820,10:23:20.820,64140.48,0x8E,0x00,True,85,0,0
10:23:50.822,10:23:50.822,64170.482,0x8E,0x00,True,86,0,0
10:24:20.817,10:24:20.817,64200.477,0x8E,0x00,True,87,0,0
10:24:50.822,10:24:50.822,64230.482,0x8E,0x00,True,88,0,0
10:25:20.812,10:25:20.812,64260.472,0x8E,0x00,True,89,0,0
10:25:50.822,10:25:50.822,64290.482,0x8E,0x00,True,90,0,0
10:26:20.812,10:26:20.812,64320.472,0x8E,0x00,True,91,0,0
10:26:50.832,10:26:50.832,64350.492,0x8E,0x00,True,92,0,0
10:27:20.822,10:27:20.822,64380.482,0x8E,0x00,True,93,0,0
10:27:50.832,10:27:50.832,64410.492,0x8E,0x00,True,94,0,0
10:28:20.830,10:28:20.830,64440.49,0x8E,0x00,True,95,0,0
10:28:50.822,10:28:50.822,64470.482,0x8E,0x00,True,96,0,0
10:29:20.822,10:29:20.822,64500.482,0x8E,0x00,True,97,0,0
10:29:50.827,10:29:50.827,64530.487,0x8E,0x00,True,98,0,0
10:30:20.822,10:30:20.822,64560.482,0x8E,0x00,True,99,0,0
10:30:50.832,10:30:50.832,64590.492,0x8E,0x00,True,100,0,0
10:31:20.827,10:31:20.827,64620.487,0x8E,0x00,True,101,0,0
10:31:50.838,10:31:50.838,64650.498,0x8E,0x00,True,102,0,0
10:32:20.828,10:32:20.828,64680.488,0x8E,0x00,True,103,0,0
10:32:50.827,10:32:50.827,64710.487,0x8E,0x00,True,104,0,0
10:33:20.827,10:33:20.827,64740.487,0x8E,0x00,True,105,0,0
10:33:50.842,10:33:50.842,64770.502,0x8E,0x00,True,106,0,0
10:34:20.832,10:34:20.832,64800.492,0x8E,0x00,True,107,0,0
10:34:50.848,10:34:50.848,64830.508,0x8E,0x00,True,108,0,0
10:35:20.843,10:35:20.843,64860.503,0x8E,0x00,True,109,0,0
10:35:50.853,10:35:50.853,64890.513,0x8E,0x00,True,110,0,0
10:36:20.852,10:36:20.852,64920.512,0x8E,0x00,True,111,0,0
10:36:50.860,10:36:50.860,64950.52,0x8E,0x00,True,112,0,0
10:37:20.857,10:37:20.857,64980.517,0x8E,0x00,True,113,0,0
10:37:50.862,10:37:50.862,65010.522,0x8E,0x00,True,114,0,0
10:38:20.875,10:38:20.875,65040.535,0x8E,0x00,True,115,0,0
10:38:50.867,10:38:50.867,65070.527,0x8E,0x00,True,116,0,0
10:39:20.862,10:39:20.862,65100.522,0x8E,0x00,True,117,0,0
10:39:50.872,10:39:50.872,65130.532,0x8E,0x00,True,118,0,0
10:40:20.867,10:40:20.867,65160.527,0x8E,0x00,True,119,0,0
10:40:50.867,10:40:50.867,65190.527,0x8E,0x00,True,120,0,0
10:41:20.867,10:41:20.867,65220.527,0x8E,0x00,True,121,0,0
10:41:50.872,10:41:50.872,65250.532,0x8E,0x00,True,122,0,0
10:42:20.867,10:42:20.867,65280.527,0x8E,0x00,True,123,0,0
10:42:50.867,10:42:50.867,65310.527,0x8E,0x00,True,124,0,0
10:43:20.872,10:43:20.872,65340.532,0x8E,0x00,True,125,0,0
10:43:50.872,10:43:50.872,65370.532,0x8E,0x00,True,126,0,0
10:44:20.882,10:44:20.882,65400.542,0x8E,0x00,True,127,0,0
10:44:50.877,10:44:50.877,65430.537,0x8E,0x00,True,128,0,0
10:45:20.883,10:45:20.883,65460.543,0x8E,0x00,True,129,0,0
10:45:50.882,10:45:50.882,65490.542,0x8E,0x00,True,130,0,0
10:46:20.887,10:46:20.887,65520.547,0x8E,0x00,True,131,0,0
10:46:50.883,10:46:50.883,65550.543,0x8E,0x00,True,132,0,0
10:47:20.892,10:47:20.892,65580.552,0x8E,0x00,True,133,0,0
10:47:50.893,10:47:50.893,65610.553,0x8E,0x00,True,134,0,0
10:48:20.892,10:48:20.892,65640.552,0x8E,0x00,True,135,0,0
10:48:50.882,10:48:50.882,65670.542,0x8E,0x00,True,136,0,0
10:49:20.897,10:49:20.897,65700.557,0x8E,0x00,True,137,0,0
10:49:50.892,10:49:50.892,65730.552,0x8E,0x00,True,138,0,0
10:50:20.902,10:50:20.902,65760.562,0x8E,0x00,True,139,0,0
10:50:50.893,10:50:50.893,65790.553,0x8E,0x00,True,140,0,0
10:51:20.912,10:51:20.912,65820.572,0x8E,0x00,True,141,0,0
10:51:50.902,10:51:50.902,65850.562,0x8E,0x00,True,142,0,0
10:52:20.917,10:52:20.917,65880.577,0x8E,0x00,True,143,0,0
10:52:50.902,10:52:50.902,65910.562,0x8E,0x00,True,144,0,0
10:53:20.907,10:53:20.907,65940.567,0x8E,0x00,True,145,0,0
10:53:50.913,10:53:50.913,65970.573,0x8E,0x00,True,146,0,0
10:54:20.928,10:54:20.928,66000.588,0x8E,0x00,True,147,0,0
10:54:50.917,10:54:50.917,66030.577,0x8E,0x00,True,148,0,0
10:55:20.941,10:55:20.941,66060.601,0x8E,0x00,True,149,0,0
10:55:50.937,10:55:50.937,66090.597,0x8E,0x00,True,150,0,0
10:56:20.937,10:56:20.937,66120.597,0x8E,0x00,True,151,0,0
10:56:50.942,10:56:50.942,66150.602,0x8E,0x00,True,152,0,0
10:57:20.942,10:57:20.942,66180.602,0x8E,0x00,True,153,0,0
10:57:50.942,10:57:50.942,66210.602,0x8E,0x00,True,154,0,0
10:58:20.992,10:58:20.992,66240.652,0x8E,0x00,True,155,0,0
10:58:50.947,10:58:50.947,66270.607,0x8E,0x00,True,156,0,0
10:59:20.952,10:59:20.952,66300.612,0x8E,0x00,True,157,0,0
10:59:50.957,10:59:50.957,66330.617,0x8E,0x00,True,158,0,0
11:00:20.952,11:00:20.952,66360.612,0x8E,0x00,True,159,0,0
11:00:50.947,11:00:50.947,66390.607,0x8E,0x00,True,160,0,0
11:01:20.963,11:01:20.963,66420.623,0x8E,0x00,True,161,0,0
11:01:50.968,11:01:50.968,66450.628,0x8E,0x00,True,162,0,0
11:02:20.967,11:02:20.967,66480.627,0x8E,0x00,True,163,0,0
11:02:50.967,11:02:50.967,66510.627,0x8E,0x00,True,164,0,0
11:03:20.962,11:03:20.962,66540.622,0x8E,0x00,True,165,0,0
11:03:50.973,11:03:50.973,66570.633,0x8E,0x00,True,166,0,0
11:04:20.973,11:04:20.973,66600.633,0x8E,0x00,True,167,0,0
11:04:50.978,11:04:50.978,66630.638,0x8E,0x00,True,168,0,0
11:05:20.973,11:05:20.973,66660.633,0x8E,0x00,True,169,0,0
11:05:50.982,11:05:50.982,66690.642,0x8E,0x00,True,170,0,0
11:06:20.978,11:06:20.978,66720.638,0x8E,0x00,True,171,0,0
11:06:50.987,11:06:50.987,66750.647,0x8E,0x00,True,172,0,0
11:07:20.987,11:07:20.987,66780.647,0x8E,0x00,True,173,0,0
11:07:51.002,11:07:51.002,66810.662,0x8E,0x00,True,174,0,0
11:08:20.997,11:08:20.997,66840.657,0x8E,0x00,True,175,0,0
11:08:50.997,11:08:50.997,66870.657,0x8E,0x00,True,176,0,0
11:09:21.017,11:09:21.017,66900.677,0x8E,0x00,True,177,0,0
11:09:51.018,11:09:51.018,66930.678,0x8E,0x00,True,178,0,0
11:10:21.022,11:10:21.022,66960.682,0x8E,0x00,True,179,0,0
11:10:51.042,11:10:51.042,66990.702,0x8E,0x00,True,180,0,0
11:11:21.042,11:11:21.042,67020.702,0x8E,0x00,True,181,0,0
11:11:51.048,11:11:51.048,67050.708,0x8E,0x00,True,182,0,0
11:12:21.057,11:12:21.057,67080.717,0x8E,0x00,True,183,0,0
11:12:51.058,11:12:51.058,67110.718,0x8E,0x00,True,184,0,0
11:13:21.072,11:13:21.072,67140.732,0x8E,0x00,True,185,0,0
11:13:51.062,11:13:51.062,67170.722,0x8E,0x00,True,186,0,0
11:14:21.072,11:14:21.072,67200.732,0x8E,0x00,True,187,0,0
11:14:51.082,11:14:51.082,67230.742,0x8E,0x00,True,188,0,0
11:15:21.098,11:15:21.098,67260.758,0x8E,0x00,True,189,0,0
11:15:51.103,11:15:51.103,67290.763,0x8E,0x00,True,190,0,0
11:16:21.107,11:16:21.107,67320.767,0x8E,0x00,True,191,0,0
11:16:51.107,11:16:51.107,67350.767,0x8E,0x00,True,192,0,0
11:17:21.122,11:17:21.122,67380.782,0x8E,0x00,True,193,0,0
11:17:51.127,11:17:51.127,67410.787,0x8E,0x00,True,194,0,0
11:18:21.132,11:18:21.132,67440.792,0x8E,0x00,True,195,0,0
11:18:51.127,11:18:51.127,67470.787,0x8E,0x00,True,196,0,0
11:19:21.133,11:19:21.133,67500.793,0x8E,0x00,True,197,0,0
11:19:51.138,11:19:51.138,67530.798,0x8E,0x00,True,198,0,0
11:20:21.143,11:20:21.143,67560.803,0x8E,0x00,True,199,0,0
11:20:51.153,11:20:51.153,67590.813,0x8E,0x00,True,200,0,0
11:21:21.147,11:21:21.147,67620.807,0x8E,0x00,True,201,0,0
11:21:51.152,11:21:51.152,67650.812,0x8E,0x00,True,202,0,0
11:22:21.152,11:22:21.152,67680.812,0x8E,0x00,True,203,0,0
11:22:51.157,11:22:51.157,67710.817,0x8E,0x00,True,204,0,0
11:23:21.162,11:23:21.162,67740.822,0x8E,0x00,True,205,0,0
11:23:51.177,11:23:51.177,67770.837,0x8E,0x00,True,206,0,0
11:24:21.189,11:24:21.189,67800.849,0x8E,0x00,True,207,0,0
11:24:51.187,11:24:51.187,67830.847,0x8E,0x00,True,208,0,0
11:25:21.192,11:25:21.192,67860.852,0x8E,0x00,True,209,0,0
11:25:51.197,11:25:51.197,67890.857,0x8E,0x00,True,210,0,0
11:26:21.197,11:26:21.197,67920.857,0x8E,0x00,True,211,0,0
11:26:51.207,11:26:51.207,67950.867,0x8E,0x00,True,212,0,0
11:27:21.212,11:27:21.212,67980.872,0x8E,0x00,True,213,0,0
11:27:51.212,11:27:51.212,68010.872,0x8E,0x00,True,214,0,0
11:28:21.228,11:28:21.228,68040.888,0x8E,0x00,True,215,0,0
11:28:51.218,11:28:51.218,68070.878,0x8E,0x00,True,216,0,0
11:29:21.232,11:29:21.232,68100.892,0x8E,0x00,True,217,0,0
11:29:51.228,11:29:51.228,68130.888,0x8E,0x00,True,218,0,0
11:30:21.242,11:30:21.242,68160.902,0x8E,0x00,True,219,0,0
11:30:51.232,11:30:51.232,68190.892,0x8E,0x00,True,220,0,0
11:31:21.242,11:31:21.242,68220.902,0x8E,0x00,True,221,0,0
11:31:51.252,11:31:51.252,68250.912,0x8E,0x00,True,222,0,0
11:32:21.258,11:32:21.258,68280.918,0x8E,0x00,True,223,0,0
11:32:51.257,11:32:51.257,68310.917,0x8E,0x00,True,224,0,0
11:33:21.270,11:33:21.270,68340.93,0x8E,0x00,True,225,0,0
11:33:51.272,11:33:51.272,68370.932,0x8E,0x00,True,226,0,0
11:34:21.277,11:34:21.277,68400.937,0x8E,0x00,True,227,0,0
11:34:51.282,11:34:51.282,68430.942,0x8E,0x00,True,228,0,0
11:35:21.282,11:35:21.282,68460.942,0x8E,0x00,True,229,0,0
11:35:51.272,11:35:51.272,68490.932,0x8E,0x00,True,230,0,0
11:36:21.292,11:36:21.292,68520.952,0x8E,0x00,True,231,0,0
11:36:51.296,11:36:51.296,68550.956,0x8E,0x00,True,232,0,0
11:37:21.292,11:37:21.292,68580.952,0x8E,0x00,True,233,0,0
11:37:51.308,11:37:51.308,68610.968,0x8E,0x00,True,234,0,0
11:38:21.302,11:38:21.302,68640.962,0x8E,0x00,True,235,0,0
11:38:51.317,11:38:51.317,68670.977,0x8E,0x00,True,236,0,0
11:39:21.312,11:39:21.312,68700.972,0x8E,0x00,True,237,0,0
11:39:51.332,11:39:51.332,68730.992,0x8E,0x00,True,238,0,0
11:40:21.338,11:40:21.338,68760.998,0x8E,0x00,True,239,0,0
11:40:51.343,11:40:51.343,68791.003,0x8E,0x00,True,240,0,0
11:41:21.348,11:41:21.348,68821.008,0x8E,0x00,True,241,0,0
11:41:51.353,11:41:51.353,68851.013,0x8E,0x00,True,242,0,0
11:42:21.357,11:42:21.357,68881.017,0x8E,0x00,True,243,0,0
11:42:51.362,11:42:51.362,68911.022,0x8E,0x00,True,244,0,0
11:43:21.368,11:43:21.368,68941.028,0x8E,0x00,True,245,0,0
11:43:51.367,11:43:51.367,68971.027,0x8E,0x00,True,246,0,0
11:44:21.362,11:44:21.362,69001.022,0x8E,0x00,True,247,0,0
11:44:51.378,11:44:51.378,69031.038,0x8E,0x00,True,248,0,0
11:45:21.388,11:45:21.388,69061.048,0x8E,0x00,True,249,0,0
11:45:51.377,11:45:51.377,69091.037,0x8E,0x00,True,250,0,0
11:46:21.393,11:46:21.393,69121.053,0x8E,0x00,True,251,0,0
11:46:51.392,11:46:51.392,69151.052,0x8E,0x00,True,252,0,0
11:47:21.407,11:47:21.407,69181.067,0x8E,0x00,True,253,0,0
11:47:51.418,11:47:51.418,69211.078,0x8E,0x00,True,254,0,0
11:48:21.423,11:48:21.423,69241.083,0x8E,0x00,True,255,0,0
11:48:51.433,11:48:51.433,69271.093,0x8E,0x00,True,0,0,0
11:49:21.433,11:49:21.433,69301.093,0x8E,0x00,True,1,0,0
11:49:51.447,11:49:51.447,69331.107,0x8E,0x00,True,2,0,0
11:50:21.452,11:50:21.452,69361.112,0x8E,0x00,True,3,0,0
11:50:51.457,11:50:51.457,69391.117,0x8E,0x00,True,4,0,0
11:51:21.457,11:51:21.457,69421.117,0x8E,0x00,True,5,0,0
11:51:51.482,11:51:51.482,69451.142,0x8E,0x00,True,6,0,0
11:52:21.478,11:52:21.478,69481.138,0x8E,0x00,True,7,0,0
11:52:51.502,11:52:51.502,69511.162,0x8E,0x00,True,8,0,0
11:53:21.513,11:53:21.513,69541.173,0x8E,0x00,True,9,0,0
11:53:51.507,11:53:51.507,69571.167,0x8E,0x00,True,10,0,0
11:54:21.553,11:54:21.553,69601.213,0x8E,0x00,True,11,0,0
11:54:51.532,11:54:51.532,69631.192,0x8E,0x00,True,12,0,0
11:55:21.553,11:55:21.553,69661.213,0x8E,0x00,True,13,0,0
11:55:51.553,11:55:51.553,69691.213,0x8E,0x00,True,14,0,0
11:56:21.572,11:56:21.572,69721.232,0x8E,0x00,True,15,0,0
11:56:51.582,11:56:51.582,69751.242,0x8E,0x00,True,16,0,0
11:57:21.598,11:57:21.598,69781.258,0x8E,0x00,True,17,0,0
11:57:51.607,11:57:51.607,69811.267,0x8E,0x00,True,18,0,0
11:58:21.612,11:58:21.612,69841.272,0x8E,0x00,True,19,0,0
11:58:51.643,11:58:51.643,69871.303,0x8E,0x00,True,20,0,0
11:59:21.638,11:59:21.638,69901.298,0x8E,0x00,True,21,0,0
11:59:51.662,11:59:51.662,69931.322,0x8E,0x00,True,22,0,0
12:00:21.677,12:00:21.677,69961.337,0x8E,0x00,True,23,0,0
12:00:51.687,12:00:51.687,69991.347,0x8E,0x00,True,24,0,0
12:01:21.702,12:01:21.702,70021.362,0x8E,0x00,True,25,0,0
12:01:51.708,12:01:51.708,70051.368,0x8E,0x00,True,26,0,0
12:02:21.731,12:02:21.731,70081.391,0x8E,0x00,True,27,0,0
12:02:51.747,12:02:51.747,70111.407,0x8E,0x00,True,28,0,0
12:03:21.763,12:03:21.763,70141.423,0x8E,0x00,True,29,0,0
12:03:51.777,12:03:51.777,70171.437,0x8E,0x00,True,30,0,0
12:04:21.782,12:04:21.782,70201.442,0x8E,0x00,True,31,0,0
12:04:51.812,12:04:51.812,70231.472,0x8E,0x00,True,32,0,0
12:05:21.827,12:05:21.827,70261.487,0x8E,0x00,True,33,0,0
12:05:51.837,12:05:51.837,70291.497,0x8E,0x00,True,34,0,0
12:06:21.853,12:06:21.853,70321.513,0x8E,0x00,True,35,0,0
12:06:51.862,12:06:51.862,70351.522,0x8E,0x00,True,36,0,0
12:07:21.882,12:07:21.882,70381.542,0x8E,0x00,True,37,0,0
12:07:51.912,12:07:51.912,70411.572,0x8E,0x00,True,38,0,0
12:08:21.927,12:08:21.927,70441.587,0x8E,0x00,True,39,0,0
12:08:51.937,12:08:51.937,70471.597,0x8E,0x00,True,40,0,0
12:09:21.950,12:09:21.950,70501.61,0x8E,0x00,True,41,0,0
12:09:51.980,12:09:51.980,70531.64,0x8E,0x00,True,42,0,0
12:10:21.987,12:10:21.987,70561.647,0x8E,0x00,True,43,0,0
12:10:52.007,12:10:52.007,70591.667,0x8E,0x00,True,44,0,0
12:11:22.022,12:11:22.022,70621.682,0x8E,0x00,True,45,0,0
12:11:52.037,12:11:52.037,70651.697,0x8E,0x00,True,46,0,0
12:12:22.047,12:12:22.047,70681.707,0x8E,0x00,True,47,0,0
12:12:52.067,12:12:52.067,70711.727,0x8E,0x00,True,48,0,0
12:13:22.093,12:13:22.093,70741.753,0x8E,0x00,True,49,0,0
12:13:52.112,12:13:52.112,70771.772,0x8E,0x00,True,50,0,0
12:14:22.141,12:14:22.141,70801.801,0x8E,0x00,True,51,0,0
12:14:52.156,12:14:52.156,70831.816,0x8E,0x00,True,52,0,0
12:15:22.174,12:15:22.174,70861.834,0x8E,0x00,True,53,0,0
12:15:52.183,12:15:52.183,70891.843,0x8E,0x00,True,54,0,0
12:16:22.212,12:16:22.212,70921.872,0x8E,0x00,True,55,0,0
12:16:52.237,12:16:52.237,70951.897,0x8E,0x00,True,56,0,0
12:17:22.253,12:17:22.253,70981.913,0x8E,0x00,True,57,0,0
12:17:52.267,12:17:52.267,71011.927,0x8E,0x00,True,58,0,0
12:18:22.287,12:18:22.287,71041.947,0x8E,0x00,True,59,0,0
12:18:52.322,12:18:52.322,71071.982,0x8E,0x00,True,60,0,0
12:19:22.347,12:19:22.347,71102.007,0x8E,0x00,True,61,0,0
12:19:52.362,12:19:52.362,71132.022,0x8E,0x00,True,62,0,0
12:20:22.393,12:20:22.393,71162.053,0x8E,0x00,True,63,0,0
12:20:52.412,12:20:52.412,71192.072,0x8E,0x00,True,64,0,0
12:21:22.433,12:21:22.433,71222.093,0x8E,0x00,True,65,0,0
12:21:52.468,12:21:52.468,71252.128,0x8E,0x00,True,66,0,0
12:22:22.492,12:22:22.492,71282.152,0x8E,0x00,True,67,0,0
12:22:52.497,12:22:52.497,71312.157,0x8E,0x00,True,68,0,0
12:23:22.522,12:23:22.522,71342.182,0x8E,0x00,True,69,0,0
12:23:52.553,12:23:52.553,71372.213,0x8E,0x00,True,70,0,0
12:24:22.585,12:24:22.585,71402.245,0x8E,0x00,True,71,0,0
12:24:52.598,12:24:52.598,71432.258,0x8E,0x00,True,72,0,0
12:25:22.617,12:25:22.617,71462.277,0x8E,0x00,True,73,0,0
12:25:52.637,12:25:52.637,71492.297,0x8E,0x00,True,74,0,0
12:26:22.662,12:26:22.662,71522.322,0x8E,0x00,True,75,0,0
12:26:52.672,12:26:52.672,71552.332,0x8E,0x00,True,76,0,0
12:27:22.687,12:27:22.687,71582.347,0x8E,0x00,True,77,0,0
12:27:52.727,12:27:52.727,71612.387,0x8E,0x00,True,78,0,0
12:28:22.732,12:28:22.732,71642.392,0x8E,0x00,True,79,0,0
12:28:52.757,12:28:52.757,71672.417,0x8E,0x00,True,80,0,0
12:29:22.792,12:29:22.792,71702.452,0x8E,0x00,True,81,0,0
12:29:52.812,12:29:52.812,71732.472,0x8E,0x00,True,82,0,0
12:30:22.832,12:30:22.832,71762.492,0x8E,0x00,True,83,0,0
12:30:52.843,12:30:52.843,71792.503,0x8E,0x00,True,84,0,0
12:31:22.872,12:31:22.872,71822.532,0x8E,0x00,True,85,0,0
12:31:52.892,12:31:52.892,71852.552,0x8E,0x00,True,86,0,0
12:32:22.897,12:32:22.897,71882.557,0x8E,0x00,True,87,0,0
12:32:52.933,12:32:52.933,71912.593,0x8E,0x00,True,88,0,0
12:33:22.952,12:33:22.952,71942.612,0x8E,0x00,True,89,0,0
12:33:52.973,12:33:52.973,71972.633,0x8E,0x00,True,90,0,0
12:34:22.982,12:34:22.982,72002.642,0x8E,0x00,True,91,0,0
12:34:53.012,12:34:53.012,72032.672,0x8E,0x00,True,92,0,0
12:35:23.022,12:35:23.022,72062.682,0x8E,0x00,True,93,0,0
12:35:53.057,12:35:53.057,72092.717,0x8E,0x00,True,94,0,0
12:36:23.067,12:36:23.067,72122.727,0x8E,0x00,True,95,0,0
12:36:53.098,12:36:53.098,72152.758,0x8E,0x00,True,96,0,0
12:37:23.112,12:37:23.112,72182.772,0x8E,0x00,True,97,0,0
12:37:53.133,12:37:53.133,72212.793,0x8E,0x00,True,98,0,0
12:38:23.143,12:38:23.143,72242.803,0x8E,0x00,True,99,0,0
12:38:53.157,12:38:53.157,72272.817,0x8E,0x00,True,100,0,0
12:39:23.183,12:39:23.183,72302.843,0x8E,0x00,True,101,0,0
12:39:53.197,12:39:53.197,72332.857,0x8E,0x00,True,102,0,0
12:40:23.212,12:40:23.212,72362.872,0x8E,0x00,True,103,0,0
12:40:53.232,12:40:53.232,72392.892,0x8E,0x00,True,104,0,0
12:41:23.263,12:41:23.263,72422.923,0x8E,0x00,True,105,0,0
12:41:53.283,12:41:53.283,72452.943,0x8E,0x00,True,106,0,0
12:42:23.303,12:42:23.303,72482.963,0x8E,0x00,True,107,0,0
12:42:53.312,12:42:53.312,72512.972,0x8E,0x00,True,108,0,0
12:43:23.348,12:43:23.348,72543.008,0x8E,0x00,True,109,0,0
12:43:53.367,12:43:53.367,72573.027,0x8E,0x00,True,110,0,0
12:44:23.378,12:44:23.378,72603.038,0x8E,0x00,True,111,0,0
12:44:53.393,12:44:53.393,72633.053,0x8E,0x00,True,112,0,0
12:45:23.433,12:45:23.433,72663.093,0x8E,0x00,True,113,0,0
12:45:53.441,12:45:53.441,72693.101,0x8E,0x00,True,114,0,0
12:46:23.447,12:46:23.447,72723.107,0x8E,0x00,True,115,0,0
12:46:53.468,12:46:53.468,72753.128,0x8E,0x00,True,116,0,0
12:47:23.497,12:47:23.497,72783.157,0x8E,0x00,True,117,0,0
12:47:53.507,12:47:53.507,72813.167,0x8E,0x00,True,118,0,0
12:48:23.532,12:48:23.532,72843.192,0x8E,0x00,True,119,0,0
12:48:53.547,12:48:53.547,72873.207,0x8E,0x00,True,120,0,0
12:49:23.553,12:49:23.553,72903.213,0x8E,0x00,True,121,0,0
12:49:53.577,12:49:53.577,72933.237,0x8E,0x00,True,122,0,0
12:50:23.588,12:50:23.588,72963.248,0x8E,0x00,True,123,0,0
12:50:53.603,12:50:53.603,72993.263,0x8E,0x00,True,124,0,0
12:51:23.612,12:51:23.612,73023.272,0x8E,0x00,True,125,0,0
12:51:53.612,12:51:53.612,73053.272,0x8E,0x00,True,126,0,0
12:52:23.637,12:52:23.637,73083.297,0x8E,0x00,True,127,0,0
12:52:53.637,12:52:53.637,73113.297,0x8E,0x00,True,128,0,0
12:53:23.657,12:53:23.657,73143.317,0x8E,0x00,True,129,0,0
12:53:53.673,12:53:53.673,73173.333,0x8E,0x00,True,130,0,0
12:54:23.677,12:54:23.677,73203.337,0x8E,0x00,True,131,0,0
12:54:53.687,12:54:53.687,73233.347,0x8E,0x00,True,132,0,0
12:55:23.692,12:55:23.692,73263.352,0x8E,0x00,True,133,0,0
12:55:53.697,12:55:53.697,73293.357,0x8E,0x00,True,134,0,0
12:56:23.692,12:56:23.692,73323.352,0x8E,0x00,True,135,0,0
12:56:53.712,12:56:53.712,73353.372,0x8E,0x00,True,136,0,0
12:57:23.707,12:57:23.707,73383.367,0x8E,0x00,True,137,0,0
12:57:53.718,12:57:53.718,73413.378,0x8E,0x00,True,138,0,0
12:58:23.718,12:58:23.718,73443.378,0x8E,0x00,True,139,0,0
12:58:53.732,12:58:53.732,73473.392,0x8E,0x00,True,140,0,0
12:59:23.737,12:59:23.737,73503.397,0x8E,0x00,True,141,0,0
12:59:53.742,12:59:53.742,73533.402,0x8E,0x00,True,142,0,0
13:00:23.747,13:00:23.747,73563.407,0x8E,0x00,True,143,0,0
13:00:53.747,13:00:53.747,73593.407,0x8E,0x00,True,144,0,0
13:01:23.752,13:01:23.752,73623.412,0x8E,0x00,True,145,0,0
13:01:53.752,13:01:53.752,73653.412,0x8E,0x00,True,146,0,0
13:02:23.757,13:02:23.757,73683.417,0x8E,0x00,True,147,0,0
13:02:53.758,13:02:53.758,73713.418,0x8E,0x00,True,148,0,0
13:03:23.762,13:03:23.762,73743.422,0x8E,0x00,True,149,0,0
13:03:53.762,13:03:53.762,73773.422,0x8E,0x00,True,150,0,0
13:04:23.768,13:04:23.768,73803.428,0x8E,0x00,True,151,0,0
13:04:53.768,13:04:53.768,73833.428,0x8E,0x00,True,152,0,0
13:05:23.767,13:05:23.767,73863.427,0x8E,0x00,True,153,0,0
13:05:53.771,13:05:53.771,73893.431,0x8E,0x00,True,154,0,0
13:06:23.762,13:06:23.762,73923.422,0x8E,0x00,True,155,0,0
13:06:53.762,13:06:53.762,73953.422,0x8E,0x00,True,156,0,0
13:07:23.782,13:07:23.782,73983.442,0x8E,0x00,True,157,0,0
13:07:53.772,13:07:53.772,74013.432,0x8E,0x00,True,158,0,0
13:08:23.768,13:08:23.768,74043.428,0x8E,0x00,True,159,0,0
13:08:53.772,13:08:53.772,74073.432,0x8E,0x00,True,160,0,0
13:09:23.777,13:09:23.777,74103.437,0x8E,0x00,True,161,0,0
13:09:53.772,13:09:53.772,74133.432,0x8E,0x00,True,162,0,0
13:10:23.782,13:10:23.782,74163.442,0x8E,0x00,True,163,0,0
13:10:53.777,13:10:53.777,74193.437,0x8E,0x00,True,164,0,0
13:11:23.782,13:11:23.782,74223.442,0x8E,0x00,True,165,0,0
13:11:53.778,13:11:53.778,74253.438,0x8E,0x00,True,166,0,0
13:12:23.787,13:12:23.787,74283.447,0x8E,0x00,True,167,0,0
13:12:53.790,13:12:53.790,74313.45,0x8E,0x00,True,168,0,0
13:13:23.767,13:13:23.767,74343.427,0x8E,0x00,True,169,0,0
13:13:53.777,13:13:53.777,74373.437,0x8E,0x00,True,170,0,0
13:14:23.772,13:14:23.772,74403.432,0x8E,0x00,True,171,0,0
13:14:53.772,13:14:53.772,74433.432,0x8E,0x00,True,172,0,0
13:15:23.777,13:15:23.777,74463.437,0x8E,0x00,True,173,0,0
13:15:53.777,13:15:53.777,74493.437,0x8E,0x00,True,174,0,0
13:16:23.777,13:16:23.777,74523.437,0x8E,0x00,True,175,0,0
13:16:53.772,13:16:53.772,74553.432,0x8E,0x00,True,176,0,0
13:17:23.763,13:17:23.763,74583.423,0x8E,0x00,True,177,0,0
13:17:53.772,13:17:53.772,74613.432,0x8E,0x00,True,178,0,0
13:18:23.772,13:18:23.772,74643.432,0x8E,0x00,True,179,0,0
13:18:53.758,13:18:53.758,74673.418,0x8E,0x00,True,180,0,0
13:19:23.772,13:19:23.772,74703.432,0x8E,0x00,True,181,0,0
13:19:53.763,13:19:53.763,74733.423,0x8E,0x00,True,182,0,0
13:20:23.768,13:20:23.768,74763.428,0x8E,0x00,True,183,0,0
13:20:53.763,13:20:53.763,74793.423,0x8E,0x00,True,184,0,0
13:21:23.791,13:21:23.791,74823.451,0x8E,0x00,True,185,0,0
13:21:53.757,13:21:53.757,74853.417,0x8E,0x00,True,186,0,0
13:22:23.758,13:22:23.758,74883.418,0x8E,0x00,True,187,0,0
13:22:53.753,13:22:53.753,74913.413,0x8E,0x00,True,188,0,0
13:23:23.787,13:23:23.787,74943.447,0x8E,0x00,True,189,0,0
13:23:53.752,13:23:53.752,74973.412,0x8E,0x00,True,190,0,0
13:24:23.748,13:24:23.748,75003.408,0x8E,0x00,True,191,0,0
13:24:53.748,13:24:53.748,75033.408,0x8E,0x00,True,192,0,0
13:25:23.737,13:25:23.737,75063.397,0x8E,0x00,True,193,0,0
13:25:53.743,13:25:53.743,75093.403,0x8E,0x00,True,194,0,0
13:26:23.742,13:26:23.742,75123.402,0x8E,0x00,True,195,0,0
13:26:53.737,13:26:53.737,75153.397,0x8E,0x00,True,196,0,0
13:27:23.737,13:27:23.737,75183.397,0x8E,0x00,True,197,0,0
13:27:53.737,13:27:53.737,75213.397,0x8E,0x00,True,198,0,0
13:28:23.737,13:28:23.737,75243.397,0x8E,0x00,True,199,0,0
13:28:53.735,13:28:53.735,75273.395,0x8E,0x00,True,200,0,0
13:29:23.722,13:29:23.722,75303.382,0x8E,0x00,True,201,0,0
13:29:53.713,13:29:53.713,75333.373,0x8E,0x00,True,202,0,0
13:30:23.707,13:30:23.707,75363.367,0x8E,0x00,True,203,0,0
13:30:53.702,13:30:53.702,75393.362,0x8E,0x00,True,204,0,0
13:31:23.707,13:31:23.707,75423.367,0x8E,0x00,True,205,0,0
13:31:53.707,13:31:53.707,75453.367,0x8E,0x00,True,206,0,0
13:32:23.692,13:32:23.692,75483.352,0x8E,0x00,True,207,0,0
13:32:53.702,13:32:53.702,75513.362,0x8E,0x00,True,208,0,0
13:33:23.692,13:33:23.692,75543.352,0x8E,0x00,True,209,0,0
13:33:53.697,13:33:53.697,75573.357,0x8E,0x00,True,210,0,0
13:34:23.683,13:34:23.683,75603.343,0x8E,0x00,True,211,0,0
13:34:53.697,13:34:53.697,75633.357,0x8E,0x00,True,212,0,0
13:35:23.688,13:35:23.688,75663.348,0x8E,0x00,True,213,0,0
13:35:53.695,13:35:53.695,75693.355,0x8E,0x00,True,214,0,0
13:36:23.682,13:36:23.682,75723.342,0x8E,0x00,True,215,0,0
13:36:53.683,13:36:53.683,75753.343,0x8E,0x00,True,216,0,0
13:37:23.678,13:37:23.678,75783.338,0x8E,0x00,True,217,0,0
13:37:53.678,13:37:53.678,75813.338,0x8E,0x00,True,218,0,0
13:38:23.662,13:38:23.662,75843.322,0x8E,0x00,True,219,0,0
13:38:53.678,13:38:53.678,75873.338,0x8E,0x00,True,220,0,0
13:39:23.672,13:39:23.672,75903.332,0x8E,0x00,True,221,0,0
13:39:53.662,13:39:53.662,75933.322,0x8E,0x00,True,222,0,0
13:40:23.663,13:40:23.663,75963.323,0x8E,0x00,True,223,0,0
13:40:53.652,13:40:53.652,75993.312,0x8E,0x00,True,224,0,0
13:41:23.647,13:41:23.647,76023.307,0x8E,0x00,True,225,0,0
13:41:53.638,13:41:53.638,76053.298,0x8E,0x00,True,226,0,0
13:42:23.622,13:42:23.622,76083.282,0x8E,0x00,True,227,0,0
13:42:53.617,13:42:53.617,76113.277,0x8E,0x00,True,228,0,0
13:43:23.622,13:43:23.622,76143.282,0x8E,0x00,True,229,0,0
13:43:53.612,13:43:53.612,76173.272,0x8E,0x00,True,230,0,0
13:44:23.612,13:44:23.612,76203.272,0x8E,0x00,True,231,0,0
13:44:53.607,13:44:53.607,76233.267,0x8E,0x00,True,232,0,0
13:45:23.607,13:45:23.607,76263.267,0x8E,0x00,True,233,0,0
13:45:53.598,13:45:53.598,76293.258,0x8E,0x00,True,234,0,0
13:46:23.592,13:46:23.592,76323.252,0x8E,0x00,True,235,0,0
13:46:53.603,13:46:53.603,76353.263,0x8E,0x00,True,236,0,0
13:47:23.598,13:47:23.598,76383.258,0x8E,0x00,True,237,0,0
13:47:53.603,13:47:53.603,76413.263,0x8E,0x00,True,238,0,0
13:48:23.597,13:48:23.597,76443.257,0x8E,0x00,True,239,0,0
13:48:53.598,13:48:53.598,76473.258,0x8E,0x00,True,240,0,0
13:49:23.592,13:49:23.592,76503.252,0x8E,0x00,True,241,0,0
13:49:53.592,13:49:53.592,76533.252,0x8E,0x00,True,242,0,0
13:50:23.593,13:50:23.593,76563.253,0x8E,0x00,True,243,0,0
13:50:53.588,13:50:53.588,76593.248,0x8E,0x00,True,244,0,0
13:51:23.592,13:51:23.592,76623.252,0x8E,0x00,True,245,0,0
13:51:53.593,13:51:53.593,76653.253,0x8E,0x00,True,246,0,0
13:52:23.582,13:52:23.582,76683.242,0x8E,0x00,True,247,0,0
13:52:53.583,13:52:53.583,76713.243,0x8E,0x00,True,248,0,0
13:53:23.577,13:53:23.577,76743.237,0x8E,0x00,True,249,0,0
13:53:53.603,13:53:53.603,76773.263,0x8E,0x00,True,250,0,0
13:54:23.577,13:54:23.577,76803.237,0x8E,0x00,True,251,0,0
13:54:53.578,13:54:53.578,76833.238,0x8E,0x00,True,252,0,0
13:55:23.562,13:55:23.562,76863.222,0x8E,0x00,True,253,0,0
13:55:53.572,13:55:53.572,76893.232,0x8E,0x00,True,254,0,0
13:56:23.558,13:56:23.558,76923.218,0x8E,0x00,True,255,0,0
13:56:53.567,13:56:53.567,76953.227,0x8E,0x00,True,0,0,0
13:57:23.553,13:57:23.553,76983.213,0x8E,0x00,True,1,0,0
13:57:53.553,13:57:53.553,77013.213,0x8E,0x00,True,2,0,0
13:58:23.558,13:58:23.558,77043.218,0x8E,0x00,True,3,0,0
13:58:53.580,13:58:53.580,77073.24,0x8E,0x00,True,4,0,0
13:59:23.558,13:59:23.558,77103.218,0x8E,0x00,True,5,0,0
13:59:53.580,13:59:53.580,77133.24,0x8E,0x00,True,6,0,0
14:00:23.567,14:00:23.567,77163.227,0x8E,0x00,True,7,0,0
14:00:53.563,14:00:53.563,77193.223,0x8E,0x00,True,8,0,0
14:01:23.582,14:01:23.582,77223.242,0x8E,0x00,True,9,0,0
14:01:53.577,14:01:53.577,77253.237,0x8E,0x00,True,10,0,0
14:02:23.587,14:02:23.587,77283.247,0x8E,0x00,True,11,0,0
14:02:53.588,14:02:53.588,77313.248,0x8E,0x00,True,12,0,0
14:03:23.592,14:03:23.592,77343.252,0x8E,0x00,True,13,0,0
14:03:53.603,14:03:53.603,77373.263,0x8E,0x00,True,14,0,0
14:04:23.615,14:04:23.615,77403.275,0x8E,0x00,True,15,0,0
14:04:53.612,14:04:53.612,77433.272,0x8E,0x00,True,16,0,0
14:05:23.627,14:05:23.627,77463.287,0x8E,0x00,True,17,0,0
14:05:53.627,14:05:53.627,77493.287,0x8E,0x00,True,18,0,0
14:06:23.638,14:06:23.638,77523.298,0x8E,0x00,True,19,0,0
14:06:53.657,14:06:53.657,77553.317,0x8E,0x00,True,20,0,0
14:07:23.668,14:07:23.668,77583.328,0x8E,0x00,True,21,0,0
14:07:53.679,14:07:53.679,77613.339,0x8E,0x00,True,22,0,0
14:08:23.697,14:08:23.697,77643.357,0x8E,0x00,True,23,0,0
14:08:53.702,14:08:53.702,77673.362,0x8E,0x00,True,24,0,0
14:09:23.708,14:09:23.708,77703.368,0x8E,0x00,True,25,0,0
14:09:53.733,14:09:53.733,77733.393,0x8E,0x00,True,26,0,0
14:10:23.742,14:10:23.742,77763.402,0x8E,0x00,True,27,0,0
14:10:53.748,14:10:53.748,77793.408,0x8E,0x00,True,28,0,0
14:11:23.781,14:11:23.781,77823.441,0x8E,0x00,True,29,0,0
14:11:53.791,14:11:53.791,77853.451,0x8E,0x00,True,30,0,0
14:12:23.803,14:12:23.803,77883.463,0x8E,0x00,True,31,0,0
14:12:53.808,14:12:53.808,77913.468,0x8E,0x00,True,32,0,0
14:13:23.832,14:13:23.832,77943.492,0x8E,0x00,True,33,0,0
14:13:53.843,14:13:53.843,77973.503,0x8E,0x00,True,34,0,0
14:14:23.853,14:14:23.853,78003.513,0x8E,0x00,True,35,0,0
14:14:53.872,14:14:53.872,78033.532,0x8E,0x00,True,36,0,0
14:15:23.878,14:15:23.878,78063.538,0x8E,0x00,True,37,0,0
14:15:53.915,14:15:53.915,78093.575,0x8E,0x00,True,38,0,0
14:16:23.931,14:16:23.931,78123.591,0x8E,0x00,True,39,0,0
14:16:53.937,14:16:53.937,78153.597,0x8E,0x00,True,40,0,0
14:17:23.953,14:17:23.953,78183.613,0x8E,0x00,True,41,0,0
14:17:53.957,14:17:53.957,78213.617,0x8E,0x00,True,42,0,0
14:18:23.996,14:18:23.996,78243.656,0x8E,0x00,True,43,0,0
14:18:53.992,14:18:53.992,78273.652,0x8E,0x00,True,44,0,0
14:19:24.020,14:19:24.020,78303.68,0x8E,0x00,True,45,0,0
14:19:54.032,14:19:54.032,78333.692,0x8E,0x00,True,46,0,0
14:20:24.037,14:20:24.037,78363.697,0x8E,0x00,True,47,0,0
14:20:54.062,14:20:54.062,78393.722,0x8E,0x00,True,48,0,0
14:21:24.077,14:21:24.077,78423.737,0x8E,0x00,True,49,0,0
14:21:54.100,14:21:54.100,78453.76,0x8E,0x00,True,50,0,0
14:22:24.107,14:22:24.107,78483.767,0x8E,0x00,True,51,0,0
14:22:54.117,14:22:54.117,78513.777,0x8E,0x00,True,52,0,0
14:23:24.143,14:23:24.143,78543.803,0x8E,0x00,True,53,0,0
14:23:54.147,14:23:54.147,78573.807,0x8E,0x00,True,54,0,0
14:24:24.167,14:24:24.167,78603.827,0x8E,0x00,True,55,0,0
14:24:54.172,14:24:54.172,78633.832,0x8E,0x00,True,56,0,0
14:25:24.183,14:25:24.183,78663.843,0x8E,0x00,True,57,0,0
14:25:54.202,14:25:54.202,78693.862,0x8E,0x00,True,58,0,0
14:26:24.217,14:26:24.217,78723.877,0x8E,0x00,True,59,0,0
14:26:54.226,14:26:54.226,78753.886,0x8E,0x00,True,60,0,0
14:27:24.257,14:27:24.257,78783.917,0x8E,0x00,True,61,0,0
14:27:54.263,14:27:54.263,78813.923,0x8E,0x00,True,62,0,0
14:28:24.292,14:28:24.292,78843.952,0x8E,0x00,True,63,0,0
14:28:54.297,14:28:54.297,78873.957,0x8E,0x00,True,64,0,0
14:29:24.327,14:29:24.327,78903.987,0x8E,0x00,True,65,0,0
14:29:54.342,14:29:54.342,78934.002,0x8E,0x00,True,66,0,0
14:30:24.342,14:30:24.342,78964.002,0x8E,0x00,True,67,0,0
14:30:54.360,14:30:54.360,78994.02,0x8E,0x00,True,68,0,0
14:31:24.372,14:31:24.372,79024.032,0x8E,0x00,True,69,0,0
14:31:54.393,14:31:54.393,79054.053,0x8E,0x00,True,70,0,0
14:32:24.402,14:32:24.402,79084.062,0x8E,0x00,True,71,0,0
14:32:54.417,14:32:54.417,79114.077,0x8E,0x00,True,72,0,0
14:33:24.433,14:33:24.433,79144.093,0x8E,0x00,True,73,0,0
14:33:54.433,14:33:54.433,79174.093,0x8E,0x00,True,74,0,0
14:34:24.458,14:34:24.458,79204.118,0x8E,0x00,True,75,0,0
14:34:54.473,14:34:54.473,79234.133,0x8E,0x00,True,76,0,0
14:35:24.487,14:35:24.487,79264.147,0x8E,0x00,True,77,0,0
14:35:54.502,14:35:54.502,79294.162,0x8E,0x00,True,78,0,0
14:36:24.505,14:36:24.505,79324.165,0x8E,0x00,True,79,0,0
14:36:54.512,14:36:54.512,79354.172,0x8E,0x00,True,80,0,0
14:37:24.530,14:37:24.530,79384.19,0x8E,0x00,True,81,0,0
14:37:54.553,14:37:54.553,79414.213,0x8E,0x00,True,82,0,0
14:38:24.567,14:38:24.567,79444.227,0x8E,0x00,True,83,0,0
14:38:54.572,14:38:54.572,79474.232,0x8E,0x00,True,84,0,0
14:39:24.587,14:39:24.587,79504.247,0x8E,0x00,True,85,0,0
14:39:54.588,14:39:54.588,79534.248,0x8E,0x00,True,86,0,0
14:40:24.603,14:40:24.603,79564.263,0x8E,0x00,True,87,0,0
14:40:54.628,14:40:54.628,79594.288,0x8E,0x00,True,88,0,0
14:41:24.643,14:41:24.643,79624.303,0x8E,0x00,True,89,0,0
14:41:54.663,14:41:54.663,79654.323,0x8E,0x00,True,90,0,0
14:42:24.671,14:42:24.671,79684.331,0x8E,0x00,True,91,0,0
14:42:54.688,14:42:54.688,79714.348,0x8E,0x00,True,92,0,0
14:43:24.697,14:43:24.697,79744.357,0x8E,0x00,True,93,0,0
14:43:54.712,14:43:54.712,79774.372,0x8E,0x00,True,94,0,0
14:44:24.728,14:44:24.728,79804.388,0x8E,0x00,True,95,0,0
14:44:54.732,14:44:54.732,79834.392,0x8E,0x00,True,96,0,0
14:45:24.752,14:45:24.752,79864.412,0x8E,0x00,True,97,0,0
14:45:54.777,14:45:54.777,79894.437,0x8E,0x00,True,98,0,0
14:46:24.792,14:46:24.792,79924.452,0x8E,0x00,True,99,0,0
14:46:54.812,14:46:54.812,79954.472,0x8E,0x00,True,100,0,0
14:47:24.812,14:47:24.812,79984.472,0x8E,0x00,True,101,0,0
14:47:54.838,14:47:54.838,80014.498,0x8E,0x00,True,102,0,0
14:48:24.843,14:48:24.843,80044.503,0x8E,0x00,True,103,0,0
14:48:54.873,14:48:54.873,80074.533,0x8E,0x00,True,104,0,0
14:49:24.888,14:49:24.888,80104.548,0x8E,0x00,True,105,0,0
14:49:54.893,14:49:54.893,80134.553,0x8E,0x00,True,106,0,0
14:50:24.907,14:50:24.907,80164.567,0x8E,0x00,True,107,0,0
14:50:54.917,14:50:54.917,80194.577,0x8E,0x00,True,108,0,0
14:51:24.947,14:51:24.947,80224.607,0x8E,0x00,True,109,0,0
14:51:54.957,14:51:54.957,80254.617,0x8E,0x00,True,110,0,0
14:52:24.985,14:52:24.985,80284.645,0x8E,0x00,True,111,0,0
14:52:54.987,14:52:54.987,80314.647,0x8E,0x00,True,112,0,0
14:53:24.992,14:53:24.992,80344.652,0x8E,0x00,True,113,0,0
14:53:55.022,14:53:55.022,80374.682,0x8E,0x00,True,114,0,0
14:54:25.033,14:54:25.033,80404.693,0x8E,0x00,True,115,0,0
14:54:55.053,14:54:55.053,80434.713,0x8E,0x00,True,116,0,0
14:55:25.053,14:55:25.053,80464.713,0x8E,0x00,True,117,0,0
14:55:55.067,14:55:55.067,80494.727,0x8E,0x00,True,118,0,0
14:56:25.093,14:56:25.093,80524.753,0x8E,0x00,True,119,0,0
14:56:55.098,14:56:55.098,80554.758,0x8E,0x00,True,120,0,0
14:57:25.107,14:57:25.107,80584.767,0x8E,0x00,True,121,0,0
14:57:55.117,14:57:55.117,80614.777,0x8E,0x00,True,122,0,0
14:58:25.128,14:58:25.128,80644.788,0x8E,0x00,True,123,0,0
14:58:55.138,14:58:55.138,80674.798,0x8E,0x00,True,124,0,0
14:59:25.138,14:59:25.138,80704.798,0x8E,0x00,True,125,0,0
14:59:55.147,14:59:55.147,80734.807,0x8E,0x00,True,126,0,0
15:00:25.178,15:00:25.178,80764.838,0x8E,0x00,True,127,0,0
15:00:55.188,15:00:55.188,80794.848,0x8E,0x00,True,128,0,0
15:01:25.190,15:01:25.190,80824.85,0x8E,0x00,True,129,0,0
15:01:55.208,15:01:55.208,80854.868,0x8E,0x00,True,130,0,0
15:02:25.218,15:02:25.218,80884.878,0x8E,0x00,True,131,0,0
15:02:55.213,15:02:55.213,80914.873,0x8E,0x00,True,132,0,0
15:03:25.237,15:03:25.237,80944.897,0x8E,0x00,True,133,0,0
15:03:55.238,15:03:55.238,80974.898,0x8E,0x00,True,134,0,0
15:04:25.263,15:04:25.263,81004.923,0x8E,0x00,True,135,0,0
15:04:55.272,15:04:55.272,81034.932,0x8E,0x00,True,136,0,0
15:05:25.287,15:05:25.287,81064.947,0x8E,0x00,True,137,0,0
15:05:55.293,15:05:55.293,81094.953,0x8E,0x00,True,138,0,0
15:06:25.292,15:06:25.292,81124.952,0x8E,0x00,True,139,0,0
15:06:55.298,15:06:55.298,81154.958,0x8E,0x00,True,140,0,0
15:07:25.308,15:07:25.308,81184.968,0x8E,0x00,True,141,0,0
15:07:55.322,15:07:55.322,81214.982,0x8E,0x00,True,142,0,0
15:08:25.322,15:08:25.322,81244.982,0x8E,0x00,True,143,0,0
15:08:55.338,15:08:55.338,81274.998,0x8E,0x00,True,144,0,0
15:09:25.343,15:09:25.343,81305.003,0x8E,0x00,True,145,0,0
15:09:55.348,15:09:55.348,81335.008,0x8E,0x00,True,146,0,0
15:10:25.353,15:10:25.353,81365.013,0x8E,0x00,True,147,0,0
15:10:55.357,15:10:55.357,81395.017,0x8E,0x00,True,148,0,0
15:11:25.357,15:11:25.357,81425.017,0x8E,0x00,True,149,0,0
15:11:55.377,15:11:55.377,81455.037,0x8E,0x00,True,150,0,0
15:12:25.373,15:12:25.373,81485.033,0x8E,0x00,True,151,0,0
15:12:55.372,15:12:55.372,81515.032,0x8E,0x00,True,152,0,0
15:13:25.388,15:13:25.388,81545.048,0x8E,0x00,True,153,0,0
15:13:55.388,15:13:55.388,81575.048,0x8E,0x00,True,154,0,0
15:14:25.402,15:14:25.402,81605.062,0x8E,0x00,True,155,0,0
15:14:55.393,15:14:55.393,81635.053,0x8E,0x00,True,156,0,0
15:15:25.407,15:15:25.407,81665.067,0x8E,0x00,True,157,0,0
15:15:55.397,15:15:55.397,81695.057,0x8E,0x00,True,158,0,0
15:16:25.413,15:16:25.413,81725.073,0x8E,0x00,True,159,0,0
15:16:55.422,15:16:55.422,81755.082,0x8E,0x00,True,160,0,0
15:17:25.433,15:17:25.433,81785.093,0x8E,0x00,True,161,0,0
15:17:55.428,15:17:55.428,81815.088,0x8E,0x00,True,162,0,0
15:18:25.442,15:18:25.442,81845.102,0x8E,0x00,True,163,0,0
15:18:55.447,15:18:55.447,81875.107,0x8E,0x00,True,164,0,0
15:19:25.447,15:19:25.447,81905.107,0x8E,0x00,True,165,0,0
15:19:55.458,15:19:55.458,81935.118,0x8E,0x00,True,166,0,0
15:20:25.457,15:20:25.457,81965.117,0x8E,0x00,True,167,0,0
15:20:55.477,15:20:55.477,81995.137,0x8E,0x00,True,168,0,0
15:21:25.472,15:21:25.472,82025.132,0x8E,0x00,True,169,0,0
15:21:55.482,15:21:55.482,82055.142,0x8E,0x00,True,170,0,0
15:22:25.503,15:22:25.503,82085.163,0x8E,0x00,True,171,0,0
15:22:55.507,15:22:55.507,82115.167,0x8E,0x00,True,172,0,0
15:23:25.507,15:23:25.507,82145.167,0x8E,0x00,True,173,0,0
15:23:55.527,15:23:55.527,82175.187,0x8E,0x00,True,174,0,0
15:24:25.539,15:24:25.539,82205.199,0x8E,0x00,True,175,0,0
15:24:55.542,15:24:55.542,82235.202,0x8E,0x00,True,176,0,0
15:25:25.572,15:25:25.572,82265.232,0x8E,0x00,True,177,0,0
15:25:55.597,15:25:55.597,82295.257,0x8E,0x00,True,178,0,0
15:26:25.592,15:26:25.592,82325.252,0x8E,0x00,True,179,0,0
15:26:55.607,15:26:55.607,82355.267,0x8E,0x00,True,180,0,0
15:27:25.617,15:27:25.617,82385.277,0x8E,0x00,True,181,0,0
15:27:55.627,15:27:55.627,82415.287,0x8E,0x00,True,182,0,0
15:28:25.632,15:28:25.632,82445.292,0x8E,0x00,True,183,0,0
15:28:55.652,15:28:55.652,82475.312,0x8E,0x00,True,184,0,0
15:29:25.672,15:29:25.672,82505.332,0x8E,0x00,True,185,0,0
15:29:55.678,15:29:55.678,82535.338,0x8E,0x00,True,186,0,0
15:30:25.687,15:30:25.687,82565.347,0x8E,0x00,True,187,0,0
15:30:55.697,15:30:55.697,82595.357,0x8E,0x00,True,188,0,0
15:31:25.712,15:31:25.712,82625.372,0x8E,0x00,True,189,0,0
15:31:55.737,15:31:55.737,82655.397,0x8E,0x00,True,190,0,0
15:32:25.747,15:32:25.747,82685.407,0x8E,0x00,True,191,0,0
15:32:55.763,15:32:55.763,82715.423,0x8E,0x00,True,192,0,0
15:33:25.772,15:33:25.772,82745.432,0x8E,0x00,True,193,0,0
15:33:55.792,15:33:55.792,82775.452,0x8E,0x00,True,194,0,0
15:34:25.797,15:34:25.797,82805.457,0x8E,0x00,True,195,0,0
15:34:55.822,15:34:55.822,82835.482,0x8E,0x00,True,196,0,0
15:35:25.827,15:35:25.827,82865.487,0x8E,0x00,True,197,0,0
15:35:55.848,15:35:55.848,82895.508,0x8E,0x00,True,198,0,0
15:36:25.853,15:36:25.853,82925.513,0x8E,0x00,True,199,0,0
15:36:55.862,15:36:55.862,82955.522,0x8E,0x00,True,200,0,0
15:37:25.887,15:37:25.887,82985.547,0x8E,0x00,True,201,0,0
15:37:55.902,15:37:55.902,83015.562,0x8E,0x00,True,202,0,0
15:38:25.917,15:38:25.917,83045.577,0x8E,0x00,True,203,0,0
15:38:55.933,15:38:55.933,83075.593,0x8E,0x00,True,204,0,0
15:39:25.947,15:39:25.947,83105.607,0x8E,0x00,True,205,0,0
15:39:55.967,15:39:55.967,83135.627,0x8E,0x00,True,206,0,0
15:40:25.973,15:40:25.973,83165.633,0x8E,0x00,True,207,0,0
15:40:55.987,15:40:55.987,83195.647,0x8E,0x00,True,208,0,0
15:41:26.013,15:41:26.013,83225.673,0x8E,0x00,True,209,0,0
15:41:56.022,15:41:56.022,83255.682,0x8E,0x00,True,210,0,0
15:42:26.037,15:42:26.037,83285.697,0x8E,0x00,True,211,0,0
15:42:56.062,15:42:56.062,83315.722,0x8E,0x00,True,212,0,0
15:43:26.088,15:43:26.088,83345.748,0x8E,0x00,True,213,0,0
15:43:56.107,15:43:56.107,83375.767,0x8E,0x00,True,214,0,0
15:44:26.107,15:44:26.107,83405.767,0x8E,0x00,True,215,0,0
15:44:56.137,15:44:56.137,83435.797,0x8E,0x00,True,216,0,0
15:45:26.152,15:45:26.152,83465.812,0x8E,0x00,True,217,0,0
15:45:56.172,15:45:56.172,83495.832,0x8E,0x00,True,218,0,0
15:46:26.183,15:46:26.183,83525.843,0x8E,0x00,True,219,0,0
15:46:56.212,15:46:56.212,83555.872,0x8E,0x00,True,220,0,0
15:47:26.237,15:47:26.237,83585.897,0x8E,0x00,True,221,0,0
15:47:56.242,15:47:56.242,83615.902,0x8E,0x00,True,222,0,0
15:48:26.266,15:48:26.266,83645.926,0x8E,0x00,True,223,0,0
15:48:56.287,15:48:56.287,83675.947,0x8E,0x00,True,224,0,0
15:49:26.293,15:49:26.293,83705.953,0x8E,0x00,True,225,0,0
15:49:56.327,15:49:56.327,83735.987,0x8E,0x00,True,226,0,0
15:50:26.338,15:50:26.338,83765.998,0x8E,0x00,True,227,0,0
15:50:56.349,15:50:56.349,83796.009,0x8E,0x00,True,228,0,0
15:51:26.377,15:51:26.377,83826.037,0x8E,0x00,True,229,0,0
15:51:56.392,15:51:56.392,83856.052,0x8E,0x00,True,230,0,0
15:52:26.418,15:52:26.418,83886.078,0x8E,0x00,True,231,0,0
15:52:56.432,15:52:56.432,83916.092,0x8E,0x00,True,232,0,0
15:53:26.457,15:53:26.457,83946.117,0x8E,0x00,True,233,0,0
15:53:56.473,15:53:56.473,83976.133,0x8E,0x00,True,234,0,0
15:54:26.497,15:54:26.497,84006.157,0x8E,0x00,True,235,0,0
15:54:56.507,15:54:56.507,84036.167,0x8E,0x00,True,236,0,0
15:55:26.527,15:55:26.527,84066.187,0x8E,0x00,True,237,0,0
15:55:56.552,15:55:56.552,84096.212,0x8E,0x00,True,238,0,0
15:56:26.572,15:56:26.572,84126.232,0x8E,0x00,True,239,0,0
15:56:56.577,15:56:56.577,84156.237,0x8E,0x00,True,240,0,0
15:57:26.603,15:57:26.603,84186.263,0x8E,0x00,True,241,0,0
15:57:56.638,15:57:56.638,84216.298,0x8E,0x00,True,242,0,0
15:58:26.649,15:58:26.649,84246.309,0x8E,0x00,True,243,0,0
15:58:56.672,15:58:56.672,84276.332,0x8E,0x00,True,244,0,0
15:59:26.702,15:59:26.702,84306.362,0x8E,0x00,True,245,0,0
15:59:56.728,15:59:56.728,84336.388,0x8E,0x00,True,246,0,0
16:00:26.732,16:00:26.732,84366.392,0x8E,0x00,True,247,0,0
16:00:56.758,16:00:56.758,84396.418,0x8E,0x00,True,248,0,0
16:01:26.777,16:01:26.777,84426.437,0x8E,0x00,True,249,0,0
16:01:56.798,16:01:56.798,84456.458,0x8E,0x00,True,250,0,0
16:02:26.822,16:02:26.822,84486.482,0x8E,0x00,True,251,0,0
16:02:56.827,16:02:56.827,84516.487,0x8E,0x00,True,252,0,0
16:03:26.857,16:03:26.857,84546.517,0x8E,0x00,True,253,0,0
16:03:56.882,16:03:56.882,84576.542,0x8E,0x00,True,254,0,0
16:04:26.893,16:04:26.893,84606.553,0x8E,0x00,True,255,0,0
16:04:56.923,16:04:56.923,84636.583,0x8E,0x00,True,0,0,0
16:05:26.947,16:05:26.947,84666.607,0x8E,0x00,True,1,0,0
16:05:56.963,16:05:56.963,84696.623,0x8E,0x00,True,2,0,0
16:06:26.978,16:06:26.978,84726.638,0x8E,0x00,True,3,0,0
16:06:56.997,16:06:56.997,84756.657,0x8E,0x00,True,4,0,0
16:07:27.030,16:07:27.030,84786.69,0x8E,0x00,True,5,0,0
16:07:57.042,16:07:57.042,84816.702,0x8E,0x00,True,6,0,0
16:08:27.053,16:08:27.053,84846.713,0x8E,0x00,True,7,0,0
16:08:57.077,16:08:57.077,84876.737,0x8E,0x00,True,8,0,0
16:09:27.087,16:09:27.087,84906.747,0x8E,0x00,True,9,0,0
16:09:57.107,16:09:57.107,84936.767,0x8E,0x00,True,10,0,0
16:10:27.132,16:10:27.132,84966.792,0x8E,0x00,True,11,0,0
16:10:57.142,16:10:57.142,84996.802,0x8E,0x00,True,12,0,0
16:11:27.157,16:11:27.157,85026.817,0x8E,0x00,True,13,0,0
16:11:57.187,16:11:57.187,85056.847,0x8E,0x00,True,14,0,0
16:12:27.207,16:12:27.207,85086.867,0x8E,0x00,True,15,0,0
16:12:57.230,16:12:57.230,85116.89,0x8E,0x00,True,16,0,0
16:13:27.227,16:13:27.227,85146.887,0x8E,0x00,True,17,0,0
16:13:57.257,16:13:57.257,85176.917,0x8E,0x00,True,18,0,0
16:14:27.272,16:14:27.272,85206.932,0x8E,0x00,True,19,0,0
16:14:57.292,16:14:57.292,85236.952,0x8E,0x00,True,20,0,0
16:15:27.308,16:15:27.308,85266.968,0x8E,0x00,True,21,0,0
16:15:57.312,16:15:57.312,85296.972,0x8E,0x00,True,22,0,0
16:16:27.342,16:16:27.342,85327.002,0x8E,0x00,True,23,0,0
16:16:57.356,16:16:57.356,85357.016,0x8E,0x00,True,24,0,0
16:17:27.372,16:17:27.372,85387.032,0x8E,0x00,True,25,0,0
16:17:57.377,16:17:57.377,85417.037,0x8E,0x00,True,26,0,0
16:18:27.393,16:18:27.393,85447.053,0x8E,0x00,True,27,0,0
16:18:57.418,16:18:57.418,85477.078,0x8E,0x00,True,28,0,0
16:19:27.432,16:19:27.432,85507.092,0x8E,0x00,True,29,0,0
16:19:57.447,16:19:57.447,85537.107,0x8E,0x00,True,30,0,0
16:20:27.462,16:20:27.462,85567.122,0x8E,0x00,True,31,0,0
16:20:57.467,16:20:57.467,85597.127,0x8E,0x00,True,32,0,0
16:21:27.493,16:21:27.493,85627.153,0x8E,0x00,True,33,0,0
16:21:57.508,16:21:57.508,85657.168,0x8E,0x00,True,34,0,0
16:22:27.527,16:22:27.527,85687.187,0x8E,0x00,True,35,0,0
16:22:57.542,16:22:57.542,85717.202,0x8E,0x00,True,36,0,0
16:23:27.553,16:23:27.553,85747.213,0x8E,0x00,True,37,0,0
16:23:57.583,16:23:57.583,85777.243,0x8E,0x00,True,38,0,0
16:24:27.597,16:24:27.597,85807.257,0x8E,0x00,True,39,0,0
16:24:57.612,16:24:57.612,85837.272,0x8E,0x00,True,40,0,0
16:25:27.633,16:25:27.633,85867.293,0x8E,0x00,True,41,0,0
16:25:57.633,16:25:57.633,85897.293,0x8E,0x00,True,42,0,0
16:26:27.667,16:26:27.667,85927.327,0x8E,0x00,True,43,0,0
16:26:57.688,16:26:57.688,85957.348,0x8E,0x00,True,44,0,0
16:27:27.697,16:27:27.697,85987.357,0x8E,0x00,True,45,0,0
16:27:57.714,16:27:57.714,86017.374,0x8E,0x00,True,46,0,0
16:28:27.742,16:28:27.742,86047.402,0x8E,0x00,True,47,0,0
16:28:57.757,16:28:57.757,86077.417,0x8E,0x00,True,48,0,0
16:29:27.777,16:29:27.777,86107.437,0x8E,0x00,True,49,0,0
16:29:57.782,16:29:57.782,86137.442,0x8E,0x00,True,50,0,0
16:30:27.812,16:30:27.812,86167.472,0x8E,0x00,True,51,0,0
16:30:57.817,16:30:57.817,86197.477,0x8E,0x00,True,52,0,0
16:31:27.843,16:31:27.843,86227.503,0x8E,0x00,True,53,0,0
16:31:57.857,16:31:57.857,86257.517,0x8E,0x00,True,54,0,0
16:32:27.862,16:32:27.862,86287.522,0x8E,0x00,True,55,0,0
16:32:57.878,16:32:57.878,86317.538,0x8E,0x00,True,56,0,0
16:33:27.902,16:33:27.902,86347.562,0x8E,0x00,True,57,0,0
16:33:57.897,16:33:57.897,86377.557,0x8E,0x00,True,58,0,0
16:34:27.917,16:34:27.917,86407.577,0x8E,0x00,True,59,0,0
16:34:57.933,16:34:57.933,86437.593,0x8E,0x00,True,60,0,0
16:35:27.937,16:35:27.937,86467.597,0x8E,0x00,True,61,0,0
16:35:57.947,16:35:57.947,86497.607,0x8E,0x00,True,62,0,0
16:36:27.963,16:36:27.963,86527.623,0x8E,0x00,True,63,0,0
16:36:57.973,16:36:57.973,86557.633,0x8E,0x00,True,64,0,0
16:37:27.977,16:37:27.977,86587.637,0x8E,0x00,True,65,0,0
16:37:57.997,16:37:57.997,86617.657,0x8E,0x00,True,66,0,0
16:38:28.008,16:38:28.008,86647.668,0x8E,0x00,True,67,0,0
16:38:58.027,16:38:58.027,86677.687,0x8E,0x00,True,68,0,0
16:39:28.022,16:39:28.022,86707.682,0x8E,0x00,True,69,0,0
16:39:58.042,16:39:58.042,86737.702,0x8E,0x00,True,70,0,0
16:40:28.043,16:40:28.043,86767.703,0x8E,0x00,True,71,0,0
16:40:58.067,16:40:58.067,86797.727,0x8E,0x00,True,72,0,0
16:41:28.082,16:41:28.082,86827.742,0x8E,0x00,True,73,0,0
16:41:58.087,16:41:58.087,86857.747,0x8E,0x00,True,74,0,0
16:42:28.098,16:42:28.098,86887.758,0x8E,0x00,True,75,0,0
16:42:58.117,16:42:58.117,86917.777,0x8E,0x00,True,76,0,0
16:43:28.133,16:43:28.133,86947.793,0x8E,0x00,True,77,0,0
16:43:58.143,16:43:58.143,86977.803,0x8E,0x00,True,78,0,0
16:44:28.157,16:44:28.157,87007.817,0x8E,0x00,True,79,0,0
16:44:58.168,16:44:58.168,87037.828,0x8E,0x00,True,80,0,0
16:45:28.172,16:45:28.172,87067.832,0x8E,0x00,True,81,0,0
16:45:58.195,16:45:58.195,87097.855,0x8E,0x00,True,82,0,0
16:46:28.187,16:46:28.187,87127.847,0x8E,0x00,True,83,0,0
16:46:58.212,16:46:58.212,87157.872,0x8E,0x00,True,84,0,0
16:47:28.222,16:47:28.222,87187.882,0x8E,0x00,True,85,0,0
16:47:58.232,16:47:58.232,87217.892,0x8E,0x00,True,86,0,0
16:48:28.242,16:48:28.242,87247.902,0x8E,0x00,True,87,0,0
16:48:58.237,16:48:58.237,87277.897,0x8E,0x00,True,88,0,0
16:49:28.263,16:49:28.263,87307.923,0x8E,0x00,True,89,0,0
16:49:58.263,16:49:58.263,87337.923,0x8E,0x00,True,90,0,0
16:50:28.275,16:50:28.275,87367.935,0x8E,0x00,True,91,0,0
16:50:58.277,16:50:58.277,87397.937,0x8E,0x00,True,92,0,0
16:51:28.308,16:51:28.308,87427.968,0x8E,0x00,True,93,0,0
16:51:58.320,16:51:58.320,87457.98,0x8E,0x00,True,94,0,0
16:52:28.322,16:52:28.322,87487.982,0x8E,0x00,True,95,0,0
16:52:58.333,16:52:58.333,87517.993,0x8E,0x00,True,96,0,0
16:53:28.332,16:53:28.332,87547.992,0x8E,0x00,True,97,0,0
16:53:58.347,16:53:58.347,87578.007,0x8E,0x00,True,98,0,0
16:54:28.348,16:54:28.348,87608.008,0x8E,0x00,True,99,0,0
16:54:58.367,16:54:58.367,87638.027,0x8E,0x00,True,100,0,0
16:55:28.378,16:55:28.378,87668.038,0x8E,0x00,True,101,0,0
16:55:58.373,16:55:58.373,87698.033,0x8E,0x00,True,102,0,0
16:56:28.392,16:56:28.392,87728.052,0x8E,0x00,True,103,0,0
16:56:58.393,16:56:58.393,87758.053,0x8E,0x00,True,104,0,0
16:57:28.402,16:57:28.402,87788.062,0x8E,0x00,True,105,0,0
16:57:58.426,16:57:58.426,87818.086,0x8E,0x00,True,106,0,0
16:58:28.428,16:58:28.428,87848.088,0x8E,0x00,True,107,0,0
16:58:58.423,16:58:58.423,87878.083,0x8E,0x00,True,108,0,0
16:59:28.437,16:59:28.437,87908.097,0x8E,0x00,True,109,0,0
16:59:58.437,16:59:58.437,87938.097,0x8E,0x00,True,110,0,0
17:00:28.458,17:00:28.458,87968.118,0x8E,0x00,True,111,0,0
17:00:58.467,17:00:58.467,87998.127,0x8E,0x00,True,112,0,0
17:01:28.473,17:01:28.473,88028.133,0x8E,0x00,True,113,0,0
17:01:58.482,17:01:58.482,88058.142,0x8E,0x00,True,114,0,0
17:02:28.487,17:02:28.487,88088.147,0x8E,0x00,True,115,0,0
17:02:58.487,17:02:58.487,88118.147,0x8E,0x00,True,116,0,0
17:03:28.497,17:03:28.497,88148.157,0x8E,0x00,True,117,0,0
17:03:58.507,17:03:58.507,88178.167,0x8E,0x00,True,118,0,0
17:04:28.513,17:04:28.513,88208.173,0x8E,0x00,True,119,0,0
17:04:58.513,17:04:58.513,88238.173,0x8E,0x00,True,120,0,0
17:05:28.518,17:05:28.518,88268.178,0x8E,0x00,True,121,0,0
17:05:58.542,17:05:58.542,88298.202,0x8E,0x00,True,122,0,0
17:06:28.547,17:06:28.547,88328.207,0x8E,0x00,True,123,0,0
17:06:58.553,17:06:58.553,88358.213,0x8E,0x00,True,124,0,0
17:07:28.567,17:07:28.567,88388.227,0x8E,0x00,True,125,0,0
17:07:58.578,17:07:58.578,88418.238,0x8E,0x00,True,126,0,0
17:08:28.577,17:08:28.577,88448.237,0x8E,0x00,True,127,0,0
17:08:58.582,17:08:58.582,88478.242,0x8E,0x00,True,128,0,0
17:09:28.583,17:09:28.583,88508.243,0x8E,0x00,True,129,0,0
17:09:58.593,17:09:58.593,88538.253,0x8E,0x00,True,130,0,0
17:10:28.617,17:10:28.617,88568.277,0x8E,0x00,True,131,0,0
17:10:58.622,17:10:58.622,88598.282,0x8E,0x00,True,132,0,0
17:11:28.633,17:11:28.633,88628.293,0x8E,0x00,True,133,0,0
17:11:58.643,17:11:58.643,88658.303,0x8E,0x00,True,134,0,0
17:12:28.652,17:12:28.652,88688.312,0x8E,0x00,True,135,0,0
17:12:58.663,17:12:58.663,88718.323,0x8E,0x00,True,136,0,0
17:13:28.663,17:13:28.663,88748.323,0x8E,0x00,True,137,0,0
17:13:58.683,17:13:58.683,88778.343,0x8E,0x00,True,138,0,0
17:14:28.702,17:14:28.702,88808.362,0x8E,0x00,True,139,0,0
17:14:58.712,17:14:58.712,88838.372,0x8E,0x00,True,140,0,0
17:15:28.723,17:15:28.723,88868.383,0x8E,0x00,True,141,0,0
17:15:58.737,17:15:58.737,88898.397,0x8E,0x00,True,142,0,0
17:16:28.747,17:16:28.747,88928.407,0x8E,0x00,True,143,0,0
17:16:58.747,17:16:58.747,88958.407,0x8E,0x00,True,144,0,0
17:17:28.772,17:17:28.772,88988.432,0x8E,0x00,True,145,0,0
17:17:58.775,17:17:58.775,89018.435,0x8E,0x00,True,146,0,0
17:18:28.792,17:18:28.792,89048.452,0x8E,0x00,True,147,0,0
17:18:58.808,17:18:58.808,89078.468,0x8E,0x00,True,148,0,0
17:19:28.817,17:19:28.817,89108.477,0x8E,0x00,True,149,0,0
17:19:58.827,17:19:58.827,89138.487,0x8E,0x00,True,150,0,0
17:20:28.828,17:20:28.828,89168.488,0x8E,0x00,True,151,0,0
17:20:58.862,17:20:58.862,89198.522,0x8E,0x00,True,152,0,0
17:21:28.862,17:21:28.862,89228.522,0x8E,0x00,True,153,0,0
17:21:58.877,17:21:58.877,89258.537,0x8E,0x00,True,154,0,0
17:22:28.893,17:22:28.893,89288.553,0x8E,0x00,True,155,0,0
17:22:58.893,17:22:58.893,89318.553,0x8E,0x00,True,156,0,0
17:23:28.902,17:23:28.902,89348.562,0x8E,0x00,True,157,0,0
17:23:58.917,17:23:58.917,89378.577,0x8E,0x00,True,158,0,0
17:24:28.928,17:24:28.928,89408.588,0x8E,0x00,True,159,0,0
17:24:58.947,17:24:58.947,89438.607,0x8E,0x00,True,160,0,0
17:25:28.963,17:25:28.963,89468.623,0x8E,0x00,True,161,0,0
17:25:58.977,17:25:58.977,89498.637,0x8E,0x00,True,162,0,0
17:26:28.978,17:26:28.978,89528.638,0x8E,0x00,True,163,0,0
17:26:59.003,17:26:59.003,89558.663,0x8E,0x00,True,164,0,0
17:27:29.012,17:27:29.012,89588.672,0x8E,0x00,True,165,0,0
17:27:59.027,17:27:59.027,89618.687,0x8E,0x00,True,166,0,0
17:28:29.042,17:28:29.042,89648.702,0x8E,0x00,True,167,0,0
17:28:59.053,17:28:59.053,89678.713,0x8E,0x00,True,168,0,0
17:29:29.062,17:29:29.062,89708.722,0x8E,0x00,True,169,0,0
17:29:59.062,17:29:59.062,89738.722,0x8E,0x00,True,170,0,0
17:30:29.087,17:30:29.087,89768.747,0x8E,0x00,True,171,0,0
17:30:59.098,17:30:59.098,89798.758,0x8E,0x00,True,172,0,0
17:31:29.107,17:31:29.107,89828.767,0x8E,0x00,True,173,0,0
17:31:59.107,17:31:59.107,89858.767,0x8E,0x00,True,174,0,0
17:32:29.138,17:32:29.138,89888.798,0x8E,0x00,True,175,0,0
17:32:59.143,17:32:59.143,89918.803,0x8E,0x00,True,176,0,0
17:33:29.143,17:33:29.143,89948.803,0x8E,0x00,True,177,0,0
17:33:59.168,17:33:59.168,89978.828,0x8E,0x00,True,178,0,0
17:34:29.178,17:34:29.178,90008.838,0x8E,0x00,True,179,0,0
17:34:59.192,17:34:59.192,90038.852,0x8E,0x00,True,180,0,0
17:35:29.197,17:35:29.197,90068.857,0x8E,0x00,True,181,0,0
17:35:59.217,17:35:59.217,90098.877,0x8E,0x00,True,182,0,0
17:36:29.218,17:36:29.218,90128.878,0x8E,0x00,True,183,0,0
17:36:59.228,17:36:59.228,90158.888,0x8E,0x00,True,184,0,0
17:37:29.257,17:37:29.257,90188.917,0x8E,0x00,True,185,0,0
17:37:59.268,17:37:59.268,90218.928,0x8E,0x00,True,186,0,0
17:38:29.277,17:38:29.277,90248.937,0x8E,0x00,True,187,0,0
17:38:59.282,17:38:59.282,90278.942,0x8E,0x00,True,188,0,0
17:39:29.293,17:39:29.293,90308.953,0x8E,0x00,True,189,0,0
17:39:59.322,17:39:59.322,90338.982,0x8E,0x00,True,190,0,0
17:40:29.332,17:40:29.332,90368.992,0x8E,0x00,True,191,0,0
17:40:59.360,17:40:59.360,90399.02,0x8E,0x00,True,192,0,0
17:41:29.362,17:41:29.362,90429.022,0x8E,0x00,True,193,0,0
17:41:59.372,17:41:59.372,90459.032,0x8E,0x00,True,194,0,0
17:42:29.382,17:42:29.382,90489.042,0x8E,0x00,True,195,0,0
17:42:59.397,17:42:59.397,90519.057,0x8E,0x00,True,196,0,0
17:43:29.433,17:43:29.433,90549.093,0x8E,0x00,True,197,0,0
17:43:59.447,17:43:59.447,90579.107,0x8E,0x00,True,198,0,0
17:44:29.454,17:44:29.454,90609.114,0x8E,0x00,True,199,0,0
17:44:59.478,17:44:59.478,90639.138,0x8E,0x00,True,200,0,0
17:45:29.497,17:45:29.497,90669.157,0x8E,0x00,True,201,0,0
17:45:59.512,17:45:59.512,90699.172,0x8E,0x00,True,202,0,0
17:46:29.527,17:46:29.527,90729.187,0x8E,0x00,True,203,0,0
17:46:59.532,17:46:59.532,90759.192,0x8E,0x00,True,204,0,0
17:47:29.558,17:47:29.558,90789.218,0x8E,0x00,True,205,0,0
17:47:59.586,17:47:59.586,90819.246,0x8E,0x00,True,206,0,0
17:48:29.607,17:48:29.607,90849.267,0x8E,0x00,True,207,0,0
17:48:59.640,17:48:59.640,90879.3,0x8E,0x00,True,208,0,0
17:49:29.632,17:49:29.632,90909.292,0x8E,0x00,True,209,0,0
17:49:59.662,17:49:59.662,90939.322,0x8E,0x00,True,210,0,0
17:50:29.682,17:50:29.682,90969.342,0x8E,0x00,True,211,0,0
17:50:59.700,17:50:59.700,90999.36,0x8E,0x00,True,212,0,0
17:51:29.715,17:51:29.715,91029.375,0x8E,0x00,True,213,0,0
17:51:59.723,17:51:59.723,91059.383,0x8E,0x00,True,214,0,0
17:52:29.742,17:52:29.742,91089.402,0x8E,0x00,True,215,0,0
17:52:59.777,17:52:59.777,91119.437,0x8E,0x00,True,216,0,0
17:53:29.782,17:53:29.782,91149.442,0x8E,0x00,True,217,0,0
17:53:59.808,17:53:59.808,91179.468,0x8E,0x00,True,218,0,0
17:54:29.827,17:54:29.827,91209.487,0x8E,0x00,True,219,0,0
17:54:59.848,17:54:59.848,91239.508,0x8E,0x00,True,220,0,0
17:55:29.857,17:55:29.857,91269.517,0x8E,0x00,True,221,0,0
17:55:59.877,17:55:59.877,91299.537,0x8E,0x00,True,222,0,0
17:56:29.902,17:56:29.902,91329.562,0x8E,0x00,True,223,0,0
17:56:59.923,17:56:59.923,91359.583,0x8E,0x00,True,224,0,0
17:57:29.933,17:57:29.933,91389.593,0x8E,0x00,True,225,0,0
17:57:59.955,17:57:59.955,91419.615,0x8E,0x00,True,226,0,0
17:58:29.977,17:58:29.977,91449.637,0x8E,0x00,True,227,0,0
17:58:59.992,17:58:59.992,91479.652,0x8E,0x00,True,228,0,0
17:59:30.018,17:59:30.018,91509.678,0x8E,0x00,True,229,0,0
18:00:00.022,18:00:00.022,91539.682,0x8E,0x00,True,230,0,0
18:00:30.052,18:00:30.052,91569.712,0x8E,0x00,True,231,0,0
18:01:00.072,18:01:00.072,91599.732,0x8E,0x00,True,232,0,0
18:01:30.093,18:01:30.093,91629.753,0x8E,0x00,True,233,0,0
18:02:00.112,18:02:00.112,91659.772,0x8E,0x00,True,234,0,0
18:02:30.132,18:02:30.132,91689.792,0x8E,0x00,True,235,0,0
18:03:00.152,18:03:00.152,91719.812,0x8E,0x00,True,236,0,0
18:03:30.171,18:03:30.171,91749.831,0x8E,0x00,True,237,0,0
18:04:00.183,18:04:00.183,91779.843,0x8E,0x00,True,238,0,0
18:04:30.213,18:04:30.213,91809.873,0x8E,0x00,True,239,0,0
18:05:00.232,18:05:00.232,91839.892,0x8E,0x00,True,240,0,0
18:05:30.237,18:05:30.237,91869.897,0x8E,0x00,True,241,0,0
18:06:00.268,18:06:00.268,91899.928,0x8E,0x00,True,242,0,0
18:06:30.277,18:06:30.277,91929.937,0x8E,0x00,True,243,0,0
18:07:00.308,18:07:00.308,91959.968,0x8E,0x00,True,244,0,0
18:07:30.326,18:07:30.326,91989.986,0x8E,0x00,True,245,0,0
18:08:00.332,18:08:00.332,92019.992,0x8E,0x00,True,246,0,0
18:08:30.353,18:08:30.353,92050.013,0x8E,0x00,True,247,0,0
18:09:00.388,18:09:00.388,92080.048,0x8E,0x00,True,248,0,0
18:09:30.402,18:09:30.402,92110.062,0x8E,0x00,True,249,0,0
18:10:00.423,18:10:00.423,92140.083,0x8E,0x00,True,250,0,0
18:10:30.428,18:10:30.428,92170.088,0x8E,0x00,True,251,0,0
18:11:00.462,18:11:00.462,92200.122,0x8E,0x00,True,252,0,0
18:11:30.478,18:11:30.478,92230.138,0x8E,0x00,True,253,0,0
18:12:00.493,18:12:00.493,92260.153,0x8E,0x00,True,254,0,0
18:12:30.502,18:12:30.502,92290.162,0x8E,0x00,True,255,0,0
18:13:00.522,18:13:00.522,92320.182,0x8E,0x00,True,0,0,0
18:13:30.542,18:13:30.542,92350.202,0x8E,0x00,True,1,0,0
18:14:00.558,18:14:00.558,92380.218,0x8E,0x00,True,2,0,0
18:14:30.572,18:14:30.572,92410.232,0x8E,0x00,True,3,0,0
18:15:00.603,18:15:00.603,92440.263,0x8E,0x00,True,4,0,0
18:15:30.622,18:15:30.622,92470.282,0x8E,0x00,True,5,0,0
18:16:00.633,18:16:00.633,92500.293,0x8E,0x00,True,6,0,0
18:16:30.647,18:16:30.647,92530.307,0x8E,0x00,True,7,0,0
18:17:00.652,18:17:00.652,92560.312,0x8E,0x00,True,8,0,0
18:17:30.677,18:17:30.677,92590.337,0x8E,0x00,True,9,0,0
18:18:00.683,18:18:00.683,92620.343,0x8E,0x00,True,10,0,0
18:18:30.718,18:18:30.718,92650.378,0x8E,0x00,True,11,0,0
18:19:00.727,18:19:00.727,92680.387,0x8E,0x00,True,12,0,0
18:19:30.745,18:19:30.745,92710.405,0x8E,0x00,True,13,0,0
18:20:00.747,18:20:00.747,92740.407,0x8E,0x00,True,14,0,0
18:20:30.768,18:20:30.768,92770.428,0x8E,0x00,True,15,0,0
18:21:00.796,18:21:00.796,92800.456,0x8E,0x00,True,16,0,0
18:21:30.797,18:21:30.797,92830.457,0x8E,0x00,True,17,0,0
18:22:00.812,18:22:00.812,92860.472,0x8E,0x00,True,18,0,0
18:22:30.838,18:22:30.838,92890.498,0x8E,0x00,True,19,0,0
18:23:00.853,18:23:00.853,92920.513,0x8E,0x00,True,20,0,0
18:23:30.867,18:23:30.867,92950.527,0x8E,0x00,True,21,0,0
18:24:00.877,18:24:00.877,92980.537,0x8E,0x00,True,22,0,0
18:24:30.893,18:24:30.893,93010.553,0x8E,0x00,True,23,0,0
18:25:00.912,18:25:00.912,93040.572,0x8E,0x00,True,24,0,0
18:25:30.918,18:25:30.918,93070.578,0x8E,0x00,True,25,0,0
18:26:00.938,18:26:00.938,93100.598,0x8E,0x00,True,26,0,0
18:26:30.952,18:26:30.952,93130.612,0x8E,0x00,True,27,0,0
18:27:00.972,18:27:00.972,93160.632,0x8E,0x00,True,28,0,0
18:27:30.967,18:27:30.967,93190.627,0x8E,0x00,True,29,0,0
18:28:00.978,18:28:00.978,93220.638,0x8E,0x00,True,30,0,0
18:28:30.987,18:28:30.987,93250.647,0x8E,0x00,True,31,0,0
18:29:00.997,18:29:00.997,93280.657,0x8E,0x00,True,32,0,0
18:29:31.022,18:29:31.022,93310.682,0x8E,0x00,True,33,0,0
18:30:01.032,18:30:01.032,93340.692,0x8E,0x00,True,34,0,0
18:30:31.042,18:30:31.042,93370.702,0x8E,0x00,True,35,0,0
18:31:01.058,18:31:01.058,93400.718,0x8E,0x00,True,36,0,0
18:31:31.058,18:31:31.058,93430.718,0x8E,0x00,True,37,0,0
18:32:01.077,18:32:01.077,93460.737,0x8E,0x00,True,38,0,0
18:32:31.077,18:32:31.077,93490.737,0x8E,0x00,True,39,0,0
18:33:01.098,18:33:01.098,93520.758,0x8E,0x00,True,40,0,0
18:33:31.107,18:33:31.107,93550.767,0x8E,0x00,True,41,0,0
18:34:01.112,18:34:01.112,93580.772,0x8E,0x00,True,42,0,0
18:34:31.116,18:34:31.116,93610.776,0x8E,0x00,True,43,0,0
18:35:01.127,18:35:01.127,93640.787,0x8E,0x00,True,44,0,0
18:35:31.118,18:35:31.118,93670.778,0x8E,0x00,True,45,0,0
18:36:01.133,18:36:01.133,93700.793,0x8E,0x00,True,46,0,0
18:36:31.143,18:36:31.143,93730.803,0x8E,0x00,True,47,0,0
18:37:01.138,18:37:01.138,93760.798,0x8E,0x00,True,48,0,0
18:37:31.142,18:37:31.142,93790.802,0x8E,0x00,True,49,0,0
18:38:01.160,18:38:01.160,93820.82,0x8E,0x00,True,50,0,0
18:38:31.152,18:38:31.152,93850.812,0x8E,0x00,True,51,0,0
18:39:01.153,18:39:01.153,93880.813,0x8E,0x00,True,52,0,0
18:39:31.178,18:39:31.178,93910.838,0x8E,0x00,True,53,0,0
18:40:01.177,18:40:01.177,93940.837,0x8E,0x00,True,54,0,0
18:40:31.177,18:40:31.177,93970.837,0x8E,0x00,True,55,0,0
18:41:01.173,18:41:01.173,94000.833,0x8E,0x00,True,56,0,0
18:41:31.192,18:41:31.192,94030.852,0x8E,0x00,True,57,0,0
18:42:01.192,18:42:01.192,94060.852,0x8E,0x00,True,58,0,0
18:42:31.202,18:42:31.202,94090.862,0x8E,0x00,True,59,0,0
18:43:01.202,18:43:01.202,94120.862,0x8E,0x00,True,60,0,0
18:43:31.202,18:43:31.202,94150.862,0x8E,0x00,True,61,0,0
18:44:01.212,18:44:01.212,94180.872,0x8E,0x00,True,62,0,0
18:44:31.202,18:44:31.202,94210.862,0x8E,0x00,True,63,0,0
18:45:11.213,18:45:11.213,94250.873,0x8E,0x00,True,64,0,0
18:45:31.203,18:45:31.203,94270.863,0x8E,0x00,True,65,0,0
18:46:01.193,18:46:01.193,94300.853,0x8E,0x00,True,66,0,0
18:50:31.197,18:50:31.197,94570.857,0x8E,0x00,True,75,0,0
18:51:01.192,18:51:01.192,94600.852,0x8E,0x00,True,76,0,0
18:51:31.187,18:51:31.187,94630.847,0x8E,0x00,True,77,0,0
18:52:01.177,18:52:01.177,94660.837,0x8E,0x00,True,78,0,0
18:52:31.167,18:52:31.167,94690.827,0x8E,0x00,True,79,0,0
18:53:01.177,18:53:01.177,94720.837,0x8E,0x00,True,80,0,0
18:53:31.190,18:53:31.190,94750.85,0x8E,0x00,True,81,0,0
18:54:01.157,18:54:01.157,94780.817,0x8E,0x00,True,82,0,0
18:54:31.162,18:54:31.162,94810.822,0x8E,0x00,True,83,0,0
18:55:01.146,18:55:01.146,94840.806,0x8E,0x00,True,84,0,0
18:55:31.142,18:55:31.142,94870.802,0x8E,0x00,True,85,0,0
18:56:01.137,18:56:01.137,94900.797,0x8E,0x00,True,86,0,0
18:56:31.147,18:56:31.147,94930.807,0x8E,0x00,True,87,0,0
18:57:01.138,18:57:01.138,94960.798,0x8E,0x00,True,88,0,0
18:57:31.137,18:57:31.137,94990.797,0x8E,0x00,True,89,0,0
18:58:01.127,18:58:01.127,95020.787,0x8E,0x00,True,90,0,0
18:58:31.122,18:58:31.122,95050.782,0x8E,0x00,True,91,0,0
18:59:01.122,18:59:01.122,95080.782,0x8E,0x00,True,92,0,0
18:59:31.107,18:59:31.107,95110.767,0x8E,0x00,True,93,0,0
19:00:01.103,19:00:01.103,95140.763,0x8E,0x00,True,94,0,0
19:00:31.098,19:00:31.098,95170.758,0x8E,0x00,True,95,0,0
19:01:01.097,19:01:01.097,95200.757,0x8E,0x00,True,96,0,0
19:01:31.072,19:01:31.072,95230.732,0x8E,0x00,True,97,0,0
19:02:01.077,19:02:01.077,95260.737,0x8E,0x00,True,98,0,0
19:02:31.058,19:02:31.058,95290.718,0x8E,0x00,True,99,0,0
19:03:01.058,19:03:01.058,95320.718,0x8E,0x00,True,100,0,0
19:03:31.058,19:03:31.058,95350.718,0x8E,0x00,True,101,0,0
19:04:01.048,19:04:01.048,95380.708,0x8E,0x00,True,102,0,0
19:04:31.037,19:04:31.037,95410.697,0x8E,0x00,True,103,0,0
19:05:01.022,19:05:01.022,95440.682,0x8E,0x00,True,104,0,0
19:05:31.027,19:05:31.027,95470.687,0x8E,0x00,True,105,0,0
19:06:01.002,19:06:01.002,95500.662,0x8E,0x00,True,106,0,0
19:06:31.003,19:06:31.003,95530.663,0x8E,0x00,True,107,0,0
19:07:00.987,19:07:00.987,95560.647,0x8E,0x00,True,108,0,0
19:07:30.977,19:07:30.977,95590.637,0x8E,0x00,True,109,0,0
19:08:00.970,19:08:00.970,95620.63,0x8E,0x00,True,110,0,0
19:08:30.957,19:08:30.957,95650.617,0x8E,0x00,True,111,0,0
19:09:00.962,19:09:00.962,95680.622,0x8E,0x00,True,112,0,0
19:09:30.947,19:09:30.947,95710.607,0x8E,0x00,True,113,0,0
19:10:00.942,19:10:00.942,95740.602,0x8E,0x00,True,114,0,0
19:10:30.932,19:10:30.932,95770.592,0x8E,0x00,True,115,0,0
19:11:00.922,19:11:00.922,95800.582,0x8E,0x00,True,116,0,0
19:11:30.901,19:11:30.901,95830.561,0x8E,0x00,True,117,0,0
19:12:00.902,19:12:00.902,95860.562,0x8E,0x00,True,118,0,0
19:12:30.892,19:12:30.892,95890.552,0x8E,0x00,True,119,0,0
19:13:00.887,19:13:00.887,95920.547,0x8E,0x00,True,120,0,0
19:13:30.878,19:13:30.878,95950.538,0x8E,0x00,True,121,0,0
19:14:00.867,19:14:00.867,95980.527,0x8E,0x00,True,122,0,0
19:14:30.857,19:14:30.857,96010.517,0x8E,0x00,True,123,0,0
19:15:00.832,19:15:00.832,96040.492,0x8E,0x00,True,124,0,0
19:15:30.821,19:15:30.821,96070.481,0x8E,0x00,True,125,0,0
19:16:00.812,19:16:00.812,96100.472,0x8E,0x00,True,126,0,0
19:16:30.822,19:16:30.822,96130.482,0x8E,0x00,True,127,0,0
19:17:00.807,19:17:00.807,96160.467,0x8E,0x00,True,128,0,0
19:17:30.798,19:17:30.798,96190.458,0x8E,0x00,True,129,0,0
19:18:00.787,19:18:00.787,96220.447,0x8E,0x00,True,130,0,0
19:18:30.776,19:18:30.776,96250.436,0x8E,0x00,True,131,0,0
19:19:00.752,19:19:00.752,96280.412,0x8E,0x00,True,132,0,0
19:19:30.742,19:19:30.742,96310.402,0x8E,0x00,True,133,0,0
19:20:00.737,19:20:00.737,96340.397,0x8E,0x00,True,134,0,0
19:20:30.731,19:20:30.731,96370.391,0x8E,0x00,True,135,0,0
19:21:00.718,19:21:00.718,96400.378,0x8E,0x00,True,136,0,0
19:21:30.717,19:21:30.717,96430.377,0x8E,0x00,True,137,0,0
19:22:00.697,19:22:00.697,96460.357,0x8E,0x00,True,138,0,0
19:22:30.697,19:22:30.697,96490.357,0x8E,0x00,True,139,0,0
19:23:00.672,19:23:00.672,96520.332,0x8E,0x00,True,140,0,0
19:23:30.683,19:23:30.683,96550.343,0x8E,0x00,True,141,0,0
19:24:00.652,19:24:00.652,96580.312,0x8E,0x00,True,142,0,0
19:24:30.651,19:24:30.651,96610.311,0x8E,0x00,True,143,0,0
19:25:00.643,19:25:00.643,96640.303,0x8E,0x00,True,144,0,0
19:25:30.632,19:25:30.632,96670.292,0x8E,0x00,True,145,0,0
19:26:00.622,19:26:00.622,96700.282,0x8E,0x00,True,146,0,0
19:26:30.603,19:26:30.603,96730.263,0x8E,0x00,True,147,0,0
19:27:00.610,19:27:00.610,96760.27,0x8E,0x00,True,148,0,0
19:27:30.572,19:27:30.572,96790.232,0x8E,0x00,True,149,0,0
19:28:00.572,19:28:00.572,96820.232,0x8E,0x00,True,150,0,0
19:28:30.563,19:28:30.563,96850.223,0x8E,0x00,True,151,0,0
19:29:00.558,19:29:00.558,96880.218,0x8E,0x00,True,152,0,0
19:29:30.531,19:29:30.531,96910.191,0x8E,0x00,True,153,0,0
19:30:00.517,19:30:00.517,96940.177,0x8E,0x00,True,154,0,0
19:30:30.518,19:30:30.518,96970.178,0x8E,0x00,True,155,0,0
19:31:00.502,19:31:00.502,97000.162,0x8E,0x00,True,156,0,0
19:31:30.502,19:31:30.502,97030.162,0x8E,0x00,True,157,0,0
19:32:00.487,19:32:00.487,97060.147,0x8E,0x00,True,158,0,0
19:32:30.462,19:32:30.462,97090.122,0x8E,0x00,True,159,0,0
19:33:00.467,19:33:00.467,97120.127,0x8E,0x00,True,160,0,0
19:33:30.457,19:33:30.457,97150.117,0x8E,0x00,True,161,0,0
19:34:00.446,19:34:00.446,97180.106,0x8E,0x00,True,162,0,0
19:34:30.422,19:34:30.422,97210.082,0x8E,0x00,True,163,0,0
19:35:00.432,19:35:00.432,97240.092,0x8E,0x00,True,164,0,0
19:35:30.417,19:35:30.417,97270.077,0x8E,0x00,True,165,0,0
19:36:00.402,19:36:00.402,97300.062,0x8E,0x00,True,166,0,0
19:36:30.392,19:36:30.392,97330.052,0x8E,0x00,True,167,0,0
19:37:00.367,19:37:00.367,97360.027,0x8E,0x00,True,168,0,0
19:37:30.367,19:37:30.367,97390.027,0x8E,0x00,True,169,0,0
19:38:00.348,19:38:00.348,97420.008,0x8E,0x00,True,170,0,0
19:38:30.337,19:38:30.337,97449.997,0x8E,0x00,True,171,0,0
19:39:00.332,19:39:00.332,97479.992,0x8E,0x00,True,172,0,0
19:39:30.327,19:39:30.327,97509.987,0x8E,0x00,True,173,0,0
19:40:00.322,19:40:00.322,97539.982,0x8E,0x00,True,174,0,0
19:40:30.297,19:40:30.297,97569.957,0x8E,0x00,True,175,0,0
19:41:00.297,19:41:00.297,97599.957,0x8E,0x00,True,176,0,0
19:41:30.273,19:41:30.273,97629.933,0x8E,0x00,True,177,0,0
19:42:00.268,19:42:00.268,97659.928,0x8E,0x00,True,178,0,0
19:42:30.252,19:42:30.252,97689.912,0x8E,0x00,True,179,0,0
19:43:00.242,19:43:00.242,97719.902,0x8E,0x00,True,180,0,0
19:43:30.242,19:43:30.242,97749.902,0x8E,0x00,True,181,0,0
19:44:00.218,19:44:00.218,97779.878,0x8E,0x00,True,182,0,0
19:44:30.217,19:44:30.217,97809.877,0x8E,0x00,True,183,0,0
19:45:00.192,19:45:00.192,97839.852,0x8E,0x00,True,184,0,0
19:45:30.187,19:45:30.187,97869.847,0x8E,0x00,True,185,0,0
19:46:00.177,19:46:00.177,97899.837,0x8E,0x00,True,186,0,0
19:46:30.163,19:46:30.163,97929.823,0x8E,0x00,True,187,0,0
19:47:00.152,19:47:00.152,97959.812,0x8E,0x00,True,188,0,0
19:47:30.137,19:47:30.137,97989.797,0x8E,0x00,True,189,0,0
19:48:00.127,19:48:00.127,98019.787,0x8E,0x00,True,190,0,0
19:48:30.107,19:48:30.107,98049.767,0x8E,0x00,True,191,0,0
19:49:00.102,19:49:00.102,98079.762,0x8E,0x00,True,192,0,0
19:49:30.087,19:49:30.087,98109.747,0x8E,0x00,True,193,0,0
19:50:00.067,19:50:00.067,98139.727,0x8E,0x00,True,194,0,0
19:50:30.062,19:50:30.062,98169.722,0x8E,0x00,True,195,0,0
19:51:00.032,19:51:00.032,98199.692,0x8E,0x00,True,196,0,0
19:51:30.032,19:51:30.032,98229.692,0x8E,0x00,True,197,0,0
19:52:00.013,19:52:00.013,98259.673,0x8E,0x00,True,198,0,0
19:52:30.007,19:52:30.007,98289.667,0x8E,0x00,True,199,0,0
19:52:59.992,19:52:59.992,98319.652,0x8E,0x00,True,200,0,0
19:53:29.982,19:53:29.982,98349.642,0x8E,0x00,True,201,0,0
19:53:59.972,19:53:59.972,98379.632,0x8E,0x00,True,202,0,0
19:54:29.947,19:54:29.947,98409.607,0x8E,0x00,True,203,0,0
19:54:59.942,19:54:59.942,98439.602,0x8E,0x00,True,204,0,0
19:55:29.933,19:55:29.933,98469.593,0x8E,0x00,True,205,0,0
19:55:59.917,19:55:59.917,98499.577,0x8E,0x00,True,206,0,0
19:56:29.907,19:56:29.907,98529.567,0x8E,0x00,True,207,0,0
19:56:59.897,19:56:59.897,98559.557,0x8E,0x00,True,208,0,0
19:57:29.871,19:57:29.871,98589.531,0x8E,0x00,True,209,0,0
19:57:59.862,19:57:59.862,98619.522,0x8E,0x00,True,210,0,0
19:58:29.853,19:58:29.853,98649.513,0x8E,0x00,True,211,0,0
19:58:59.843,19:58:59.843,98679.503,0x8E,0x00,True,212,0,0
19:59:29.832,19:59:29.832,98709.492,0x8E,0x00,True,213,0,0
19:59:59.817,19:59:59.817,98739.477,0x8E,0x00,True,214,0,0
20:00:29.792,20:00:29.792,98769.452,0x8E,0x00,True,215,0,0
20:00:59.782,20:00:59.782,98799.442,0x8E,0x00,True,216,0,0
20:01:29.777,20:01:29.777,98829.437,0x8E,0x00,True,217,0,0
20:01:59.768,20:01:59.768,98859.428,0x8E,0x00,True,218,0,0
20:02:29.757,20:02:29.757,98889.417,0x8E,0x00,True,219,0,0
20:02:59.747,20:02:59.747,98919.407,0x8E,0x00,True,220,0,0
20:03:29.737,20:03:29.737,98949.397,0x8E,0x00,True,221,0,0
20:03:59.712,20:03:59.712,98979.372,0x8E,0x00,True,222,0,0
20:04:29.702,20:04:29.702,99009.362,0x8E,0x00,True,223,0,0
20:04:59.691,20:04:59.691,99039.351,0x8E,0x00,True,224,0,0
20:05:29.687,20:05:29.687,99069.347,0x8E,0x00,True,225,0,0
20:05:59.672,20:05:59.672,99099.332,0x8E,0x00,True,226,0,0
20:06:29.657,20:06:29.657,99129.317,0x8E,0x00,True,227,0,0
20:06:59.638,20:06:59.638,99159.298,0x8E,0x00,True,228,0,0
20:07:29.622,20:07:29.622,99189.282,0x8E,0x00,True,229,0,0
20:07:59.607,20:07:59.607,99219.267,0x8E,0x00,True,230,0,0
20:08:29.607,20:08:29.607,99249.267,0x8E,0x00,True,231,0,0
20:08:59.587,20:08:59.587,99279.247,0x8E,0x00,True,232,0,0
20:09:29.577,20:09:29.577,99309.237,0x8E,0x00,True,233,0,0
20:09:59.547,20:09:59.547,99339.207,0x8E,0x00,True,234,0,0
20:10:29.532,20:10:29.532,99369.192,0x8E,0x00,True,235,0,0
20:10:59.527,20:10:59.527,99399.187,0x8E,0x00,True,236,0,0
20:11:29.512,20:11:29.512,99429.172,0x8E,0x00,True,237,0,0
20:11:59.502,20:11:59.502,99459.162,0x8E,0x00,True,238,0,0
20:12:29.473,20:12:29.473,99489.133,0x8E,0x00,True,239,0,0
20:12:59.457,20:12:59.457,99519.117,0x8E,0x00,True,240,0,0
20:13:29.452,20:13:29.452,99549.112,0x8E,0x00,True,241,0,0
20:13:59.442,20:13:59.442,99579.102,0x8E,0x00,True,242,0,0
20:14:29.433,20:14:29.433,99609.093,0x8E,0x00,True,243,0,0
20:14:59.423,20:14:59.423,99639.083,0x8E,0x00,True,244,0,0
20:15:29.402,20:15:29.402,99669.062,0x8E,0x00,True,245,0,0
20:15:59.382,20:15:59.382,99699.042,0x8E,0x00,True,246,0,0
20:16:29.377,20:16:29.377,99729.037,0x8E,0x00,True,247,0,0
20:16:59.362,20:16:59.362,99759.022,0x8E,0x00,True,248,0,0
20:17:29.352,20:17:29.352,99789.012,0x8E,0x00,True,249,0,0
20:17:59.342,20:17:59.342,99819.002,0x8E,0x00,True,250,0,0
20:18:29.317,20:18:29.317,99848.977,0x8E,0x00,True,251,0,0
20:18:59.317,20:18:59.317,99878.977,0x8E,0x00,True,252,0,0
20:19:29.297,20:19:29.297,99908.957,0x8E,0x00,True,253,0,0
20:19:59.300,20:19:59.300,99938.96,0x8E,0x00,True,254,0,0
20:20:29.283,20:20:29.283,99968.943,0x8E,0x00,True,255,0,0
20:20:59.275,20:20:59.275,99998.935,0x8E,0x00,True,0,0,0
20:21:29.257,20:21:29.257,100028.917,0x8E,0x00,True,1,0,0
20:21:59.232,20:21:59.232,100058.892,0x8E,0x00,True,2,0,0
20:22:29.227,20:22:29.227,100088.887,0x8E,0x00,True,3,0,0
20:22:59.202,20:22:59.202,100118.862,0x8E,0x00,True,4,0,0
20:23:29.196,20:23:29.196,100148.856,0x8E,0x00,True,5,0,0
20:23:59.200,20:23:59.200,100178.86,0x8E,0x00,True,6,0,0
20:24:29.162,20:24:29.162,100208.822,0x8E,0x00,True,7,0,0
20:24:59.147,20:24:59.147,100238.807,0x8E,0x00,True,8,0,0
20:25:29.133,20:25:29.133,100268.793,0x8E,0x00,True,9,0,0
20:25:59.127,20:25:59.127,100298.787,0x8E,0x00,True,10,0,0
20:26:29.117,20:26:29.117,100328.777,0x8E,0x00,True,11,0,0
20:26:59.098,20:26:59.098,100358.758,0x8E,0x00,True,12,0,0
20:27:29.082,20:27:29.082,100388.742,0x8E,0x00,True,13,0,0
20:27:59.062,20:27:59.062,100418.722,0x8E,0x00,True,14,0,0
20:28:29.057,20:28:29.057,100448.717,0x8E,0x00,True,15,0,0
20:28:59.037,20:28:59.037,100478.697,0x8E,0x00,True,16,0,0
20:29:29.032,20:29:29.032,100508.692,0x8E,0x00,True,17,0,0
20:29:59.017,20:29:59.017,100538.677,0x8E,0x00,True,18,0,0
20:30:28.992,20:30:28.992,100568.652,0x8E,0x00,True,19,0,0
20:30:58.992,20:30:58.992,100598.652,0x8E,0x00,True,20,0,0
20:31:28.972,20:31:28.972,100628.632,0x8E,0x00,True,21,0,0
20:31:58.961,20:31:58.961,100658.621,0x8E,0x00,True,22,0,0
20:32:28.952,20:32:28.952,100688.612,0x8E,0x00,True,23,0,0
20:32:58.941,20:32:58.941,100718.601,0x8E,0x00,True,24,0,0
20:33:28.922,20:33:28.922,100748.582,0x8E,0x00,True,25,0,0
20:33:58.907,20:33:58.907,100778.567,0x8E,0x00,True,26,0,0
20:34:28.896,20:34:28.896,100808.556,0x8E,0x00,True,27,0,0
20:34:58.887,20:34:58.887,100838.547,0x8E,0x00,True,28,0,0
20:35:28.872,20:35:28.872,100868.532,0x8E,0x00,True,29,0,0
20:35:58.862,20:35:58.862,100898.522,0x8E,0x00,True,30,0,0
20:36:28.850,20:36:28.850,100928.51,0x8E,0x00,True,31,0,0
20:36:58.837,20:36:58.837,100958.497,0x8E,0x00,True,32,0,0
20:37:28.812,20:37:28.812,100988.472,0x8E,0x00,True,33,0,0
20:37:58.812,20:37:58.812,101018.472,0x8E,0x00,True,34,0,0
20:38:28.802,20:38:28.802,101048.462,0x8E,0x00,True,35,0,0
20:38:58.787,20:38:58.787,101078.447,0x8E,0x00,True,36,0,0
20:39:28.771,20:39:28.771,101108.431,0x8E,0x00,True,37,0,0
20:39:58.747,20:39:58.747,101138.407,0x8E,0x00,True,38,0,0
20:40:28.747,20:40:28.747,101168.407,0x8E,0x00,True,39,0,0
20:40:58.732,20:40:58.732,101198.392,0x8E,0x00,True,40,0,0
20:41:28.723,20:41:28.723,101228.383,0x8E,0x00,True,41,0,0
20:41:58.707,20:41:58.707,101258.367,0x8E,0x00,True,42,0,0
20:42:28.697,20:42:28.697,101288.357,0x8E,0x00,True,43,0,0
20:42:58.673,20:42:58.673,101318.333,0x8E,0x00,True,44,0,0
20:43:28.657,20:43:28.657,101348.317,0x8E,0x00,True,45,0,0
20:43:58.657,20:43:58.657,101378.317,0x8E,0x00,True,46,0,0
20:44:28.643,20:44:28.643,101408.303,0x8E,0x00,True,47,0,0
20:44:58.617,20:44:58.617,101438.277,0x8E,0x00,True,48,0,0
20:45:28.617,20:45:28.617,101468.277,0x8E,0x00,True,49,0,0
20:45:58.592,20:45:58.592,101498.252,0x8E,0x00,True,50,0,0
20:46:28.593,20:46:28.593,101528.253,0x8E,0x00,True,51,0,0
20:46:58.572,20:46:58.572,101558.232,0x8E,0x00,True,52,0,0
20:47:28.567,20:47:28.567,101588.227,0x8E,0x00,True,53,0,0
20:47:58.557,20:47:58.557,101618.217,0x8E,0x00,True,54,0,0
20:48:28.550,20:48:28.550,101648.21,0x8E,0x00,True,55,0,0
20:48:58.522,20:48:58.522,101678.182,0x8E,0x00,True,56,0,0
20:49:28.507,20:49:28.507,101708.167,0x8E,0x00,True,57,0,0
20:49:58.513,20:49:58.513,101738.173,0x8E,0x00,True,58,0,0
20:50:28.497,20:50:28.497,101768.157,0x8E,0x00,True,59,0,0
20:50:58.486,20:50:58.486,101798.146,0x8E,0x00,True,60,0,0
20:51:28.468,20:51:28.468,101828.128,0x8E,0x00,True,61,0,0
20:51:58.442,20:51:58.442,101858.102,0x8E,0x00,True,62,0,0
20:52:28.427,20:52:28.427,101888.087,0x8E,0x00,True,63,0,0
20:52:58.431,20:52:58.431,101918.091,0x8E,0x00,True,64,0,0
20:53:28.418,20:53:28.418,101948.078,0x8E,0x00,True,65,0,0
20:53:58.402,20:53:58.402,101978.062,0x8E,0x00,True,66,0,0
20:54:28.395,20:54:28.395,102008.055,0x8E,0x00,True,67,0,0
20:54:58.382,20:54:58.382,102038.042,0x8E,0x00,True,68,0,0
20:55:28.352,20:55:28.352,102068.012,0x8E,0x00,True,69,0,0
20:55:58.351,20:55:58.351,102098.011,0x8E,0x00,True,70,0,0
20:56:28.333,20:56:28.333,102127.993,0x8E,0x00,True,71,0,0
20:56:58.340,20:56:58.340,102158.0,0x8E,0x00,True,72,0,0
20:57:28.325,20:57:28.325,102187.985,0x8E,0x00,True,73,0,0
20:57:58.317,20:57:58.317,102217.977,0x8E,0x00,True,74,0,0
20:58:28.302,20:58:28.302,102247.962,0x8E,0x00,True,75,0,0
20:58:58.277,20:58:58.277,102277.937,0x8E,0x00,True,76,0,0
20:59:28.262,20:59:28.262,102307.922,0x8E,0x00,True,77,0,0
20:59:58.253,20:59:58.253,102337.913,0x8E,0x00,True,78,0,0
21:00:28.252,21:00:28.252,102367.912,0x8E,0x00,True,79,0,0
21:00:58.228,21:00:58.228,102397.888,0x8E,0x00,True,80,0,0
21:01:28.228,21:01:28.228,102427.888,0x8E,0x00,True,81,0,0
21:01:58.220,21:01:58.220,102457.88,0x8E,0x00,True,82,0,0
21:02:28.192,21:02:28.192,102487.852,0x8E,0x00,True,83,0,0
21:02:58.182,21:02:58.182,102517.842,0x8E,0x00,True,84,0,0
21:03:28.180,21:03:28.180,102547.84,0x8E,0x00,True,85,0,0
21:03:58.157,21:03:58.157,102577.817,0x8E,0x00,True,86,0,0
21:04:28.162,21:04:28.162,102607.822,0x8E,0x00,True,87,0,0
21:04:58.138,21:04:58.138,102637.798,0x8E,0x00,True,88,0,0
21:05:28.133,21:05:28.133,102667.793,0x8E,0x00,True,89,0,0
21:05:58.107,21:05:58.107,102697.767,0x8E,0x00,True,90,0,0
21:06:28.103,21:06:28.103,102727.763,0x8E,0x00,True,91,0,0
21:06:58.092,21:06:58.092,102757.752,0x8E,0x00,True,92,0,0
21:07:28.090,21:07:28.090,102787.75,0x8E,0x00,True,93,0,0
21:07:58.067,21:07:58.067,102817.727,0x8E,0x00,True,94,0,0
21:08:28.058,21:08:28.058,102847.718,0x8E,0x00,True,95,0,0
21:08:58.048,21:08:58.048,102877.708,0x8E,0x00,True,96,0,0
21:09:28.022,21:09:28.022,102907.682,0x8E,0x00,True,97,0,0
21:09:58.022,21:09:58.022,102937.682,0x8E,0x00,True,98,0,0
21:10:28.007,21:10:28.007,102967.667,0x8E,0x00,True,99,0,0
21:10:57.997,21:10:57.997,102997.657,0x8E,0x00,True,100,0,0
21:11:27.980,21:11:27.980,103027.64,0x8E,0x00,True,101,0,0
21:11:57.977,21:11:57.977,103057.637,0x8E,0x00,True,102,0,0
21:12:27.963,21:12:27.963,103087.623,0x8E,0x00,True,103,0,0
21:12:57.937,21:12:57.937,103117.597,0x8E,0x00,True,104,0,0
21:13:27.937,21:13:27.937,103147.597,0x8E,0x00,True,105,0,0
21:13:57.928,21:13:57.928,103177.588,0x8E,0x00,True,106,0,0
21:14:27.917,21:14:27.917,103207.577,0x8E,0x00,True,107,0,0
21:14:57.902,21:14:57.902,103237.562,0x8E,0x00,True,108,0,0
21:15:27.877,21:15:27.877,103267.537,0x8E,0x00,True,109,0,0
21:15:57.867,21:15:57.867,103297.527,0x8E,0x00,True,110,0,0
21:16:27.853,21:16:27.853,103327.513,0x8E,0x00,True,111,0,0
21:16:57.847,21:16:57.847,103357.507,0x8E,0x00,True,112,0,0
21:17:27.832,21:17:27.832,103387.492,0x8E,0x00,True,113,0,0
21:17:57.803,21:17:57.803,103417.463,0x8E,0x00,True,114,0,0
21:18:27.811,21:18:27.811,103447.471,0x8E,0x00,True,115,0,0
21:18:57.787,21:18:57.787,103477.447,0x8E,0x00,True,116,0,0
21:19:27.772,21:19:27.772,103507.432,0x8E,0x00,True,117,0,0
21:19:57.747,21:19:57.747,103537.407,0x8E,0x00,True,118,0,0
21:20:27.752,21:20:27.752,103567.412,0x8E,0x00,True,119,0,0
21:20:57.732,21:20:57.732,103597.392,0x8E,0x00,True,120,0,0
21:21:27.707,21:21:27.707,103627.367,0x8E,0x00,True,121,0,0
21:21:57.696,21:21:57.696,103657.356,0x8E,0x00,True,122,0,0
21:22:27.702,21:22:27.702,103687.362,0x8E,0x00,True,123,0,0
21:22:57.678,21:22:57.678,103717.338,0x8E,0x00,True,124,0,0
21:23:27.672,21:23:27.672,103747.332,0x8E,0x00,True,125,0,0
21:23:57.667,21:23:57.667,103777.327,0x8E,0x00,True,126,0,0
21:24:27.652,21:24:27.652,103807.312,0x8E,0x00,True,127,0,0
21:24:57.638,21:24:57.638,103837.298,0x8E,0x00,True,128,0,0
21:25:27.638,21:25:27.638,103867.298,0x8E,0x00,True,129,0,0
21:25:57.612,21:25:57.612,103897.272,0x8E,0x00,True,130,0,0
21:26:27.612,21:26:27.612,103927.272,0x8E,0x00,True,131,0,0
21:26:57.607,21:26:57.607,103957.267,0x8E,0x00,True,132,0,0
21:27:27.592,21:27:27.592,103987.252,0x8E,0x00,True,133,0,0
21:27:57.587,21:27:57.587,104017.247,0x8E,0x00,True,134,0,0
21:28:27.572,21:28:27.572,104047.232,0x8E,0x00,True,135,0,0
21:28:57.558,21:28:57.558,104077.218,0x8E,0x00,True,136,0,0
21:29:27.542,21:29:27.542,104107.202,0x8E,0x00,True,137,0,0
21:29:57.537,21:29:57.537,104137.197,0x8E,0x00,True,138,0,0
21:30:27.527,21:30:27.527,104167.187,0x8E,0x00,True,139,0,0
21:30:57.512,21:30:57.512,104197.172,0x8E,0x00,True,140,0,0
21:31:27.502,21:31:27.502,104227.162,0x8E,0x00,True,141,0,0
21:31:57.473,21:31:57.473,104257.133,0x8E,0x00,True,142,0,0
21:32:27.472,21:32:27.472,104287.132,0x8E,0x00,True,143,0,0
21:32:57.452,21:32:57.452,104317.112,0x8E,0x00,True,144,0,0
21:33:27.442,21:33:27.442,104347.102,0x8E,0x00,True,145,0,0
21:33:57.445,21:33:57.445,104377.105,0x8E,0x00,True,146,0,0
21:34:27.417,21:34:27.417,104407.077,0x8E,0x00,True,147,0,0
21:34:57.412,21:34:57.412,104437.072,0x8E,0x00,True,148,0,0
21:35:27.383,21:35:27.383,104467.043,0x8E,0x00,True,149,0,0
21:35:57.387,21:35:57.387,104497.047,0x8E,0x00,True,150,0,0
21:36:27.372,21:36:27.372,104527.032,0x8E,0x00,True,151,0,0
21:36:57.367,21:36:57.367,104557.027,0x8E,0x00,True,152,0,0
21:37:27.337,21:37:27.337,104586.997,0x8E,0x00,True,153,0,0
21:37:57.337,21:37:57.337,104616.997,0x8E,0x00,True,154,0,0
21:38:27.317,21:38:27.317,104646.977,0x8E,0x00,True,155,0,0
21:38:57.308,21:38:57.308,104676.968,0x8E,0x00,True,156,0,0
21:39:27.307,21:39:27.307,104706.967,0x8E,0x00,True,157,0,0
21:39:57.292,21:39:57.292,104736.952,0x8E,0x00,True,158,0,0
21:40:27.282,21:40:27.282,104766.942,0x8E,0x00,True,159,0,0
21:40:57.282,21:40:57.282,104796.942,0x8E,0x00,True,160,0,0
21:41:27.277,21:41:27.277,104826.937,0x8E,0x00,True,161,0,0
21:41:57.268,21:41:57.268,104856.928,0x8E,0x00,True,162,0,0
21:42:27.242,21:42:27.242,104886.902,0x8E,0x00,True,163,0,0
21:42:57.263,21:42:57.263,104916.923,0x8E,0x00,True,164,0,0
21:43:27.223,21:43:27.223,104946.883,0x8E,0x00,True,165,0,0
21:43:57.217,21:43:57.217,104976.877,0x8E,0x00,True,166,0,0
21:44:27.221,21:44:27.221,105006.881,0x8E,0x00,True,167,0,0
21:44:57.197,21:44:57.197,105036.857,0x8E,0x00,True,168,0,0
21:45:27.197,21:45:27.197,105066.857,0x8E,0x00,True,169,0,0
21:45:57.187,21:45:57.187,105096.847,0x8E,0x00,True,170,0,0
21:46:27.178,21:46:27.178,105126.838,0x8E,0x00,True,171,0,0
21:46:57.157,21:46:57.157,105156.817,0x8E,0x00,True,172,0,0
21:47:27.157,21:47:27.157,105186.817,0x8E,0x00,True,173,0,0
21:47:57.149,21:47:57.149,105216.809,0x8E,0x00,True,174,0,0
21:48:27.142,21:48:27.142,105246.802,0x8E,0x00,True,175,0,0
21:48:57.132,21:48:57.132,105276.792,0x8E,0x00,True,176,0,0
21:49:27.127,21:49:27.127,105306.787,0x8E,0x00,True,177,0,0
21:49:57.122,21:49:57.122,105336.782,0x8E,0x00,True,178,0,0
21:50:27.097,21:50:27.097,105366.757,0x8E,0x00,True,179,0,0
21:50:57.087,21:50:57.087,105396.747,0x8E,0x00,True,180,0,0
21:51:27.077,21:51:27.077,105426.737,0x8E,0x00,True,181,0,0
21:51:57.067,21:51:57.067,105456.727,0x8E,0x00,True,182,0,0
21:52:27.061,21:52:27.061,105486.721,0x8E,0x00,True,183,0,0
21:52:57.062,21:52:57.062,105516.722,0x8E,0x00,True,184,0,0
21:53:27.052,21:53:27.052,105546.712,0x8E,0x00,True,185,0,0
21:53:57.053,21:53:57.053,105576.713,0x8E,0x00,True,186,0,0
21:54:27.037,21:54:27.037,105606.697,0x8E,0x00,True,187,0,0
21:54:57.017,21:54:57.017,105636.677,0x8E,0x00,True,188,0,0
21:55:27.017,21:55:27.017,105666.677,0x8E,0x00,True,189,0,0
21:55:56.997,21:55:56.997,105696.657,0x8E,0x00,True,190,0,0
21:56:26.987,21:56:26.987,105726.647,0x8E,0x00,True,191,0,0
21:56:56.982,21:56:56.982,105756.642,0x8E,0x00,True,192,0,0
21:57:26.982,21:57:26.982,105786.642,0x8E,0x00,True,193,0,0
21:57:56.968,21:57:56.968,105816.628,0x8E,0x00,True,194,0,0
21:58:26.952,21:58:26.952,105846.612,0x8E,0x00,True,195,0,0
21:58:56.937,21:58:56.937,105876.597,0x8E,0x00,True,196,0,0
21:59:26.937,21:59:26.937,105906.597,0x8E,0x00,True,197,0,0
21:59:56.927,21:59:56.927,105936.587,0x8E,0x00,True,198,0,0
22:00:26.907,22:00:26.907,105966.567,0x8E,0x00,True,199,0,0
22:00:56.897,22:00:56.897,105996.557,0x8E,0x00,True,200,0,0
22:01:26.893,22:01:26.893,106026.553,0x8E,0x00,True,201,0,0
22:01:56.893,22:01:56.893,106056.553,0x8E,0x00,True,202,0,0
22:02:26.877,22:02:26.877,106086.537,0x8E,0x00,True,203,0,0
22:02:56.857,22:02:56.857,106116.517,0x8E,0x00,True,204,0,0
22:03:26.853,22:03:26.853,106146.513,0x8E,0x00,True,205,0,0
22:03:56.833,22:03:56.833,106176.493,0x8E,0x00,True,206,0,0
22:04:26.832,22:04:26.832,106206.492,0x8E,0x00,True,207,0,0
22:04:56.808,22:04:56.808,106236.468,0x8E,0x00,True,208,0,0
22:05:26.802,22:05:26.802,106266.462,0x8E,0x00,True,209,0,0
22:05:56.798,22:05:56.798,106296.458,0x8E,0x00,True,210,0,0
22:06:26.782,22:06:26.782,106326.442,0x8E,0x00,True,211,0,0
22:06:56.768,22:06:56.768,106356.428,0x8E,0x00,True,212,0,0
22:07:26.742,22:07:26.742,106386.402,0x8E,0x00,True,213,0,0
22:07:56.742,22:07:56.742,106416.402,0x8E,0x00,True,214,0,0
22:08:26.737,22:08:26.737,106446.397,0x8E,0x00,True,215,0,0
22:08:56.722,22:08:56.722,106476.382,0x8E,0x00,True,216,0,0
22:09:26.707,22:09:26.707,106506.367,0x8E,0x00,True,217,0,0
22:09:56.697,22:09:56.697,106536.357,0x8E,0x00,True,218,0,0
22:10:26.678,22:10:26.678,106566.338,0x8E,0x00,True,219,0,0
22:10:56.673,22:10:56.673,106596.333,0x8E,0x00,True,220,0,0
22:11:26.667,22:11:26.667,106626.327,0x8E,0x00,True,221,0,0
22:11:56.652,22:11:56.652,106656.312,0x8E,0x00,True,222,0,0
22:12:26.647,22:12:26.647,106686.307,0x8E,0x00,True,223,0,0
22:12:56.638,22:12:56.638,106716.298,0x8E,0x00,True,224,0,0
22:13:26.627,22:13:26.627,106746.287,0x8E,0x00,True,225,0,0
22:13:56.622,22:13:56.622,106776.282,0x8E,0x00,True,226,0,0
22:14:26.592,22:14:26.592,106806.252,0x8E,0x00,True,227,0,0
22:14:56.597,22:14:56.597,106836.257,0x8E,0x00,True,228,0,0
22:15:26.572,22:15:26.572,106866.232,0x8E,0x00,True,229,0,0
22:15:56.580,22:15:56.580,106896.24,0x8E,0x00,True,230,0,0
22:16:26.562,22:16:26.562,106926.222,0x8E,0x00,True,231,0,0
22:16:56.548,22:16:56.548,106956.208,0x8E,0x00,True,232,0,0
22:17:26.532,22:17:26.532,106986.192,0x8E,0x00,True,233,0,0
22:17:56.532,22:17:56.532,107016.192,0x8E,0x00,True,234,0,0
22:18:26.522,22:18:26.522,107046.182,0x8E,0x00,True,235,0,0
22:18:56.508,22:18:56.508,107076.168,0x8E,0x00,True,236,0,0
22:19:26.507,22:19:26.507,107106.167,0x8E,0x00,True,237,0,0
22:19:56.487,22:19:56.487,107136.147,0x8E,0x00,True,238,0,0
22:20:26.478,22:20:26.478,107166.138,0x8E,0x00,True,239,0,0
22:20:56.478,22:20:56.478,107196.138,0x8E,0x00,True,240,0,0
22:21:26.467,22:21:26.467,107226.127,0x8E,0x00,True,241,0,0
22:21:56.457,22:21:56.457,107256.117,0x8E,0x00,True,242,0,0
22:22:26.438,22:22:26.438,107286.098,0x8E,0x00,True,243,0,0
22:22:56.437,22:22:56.437,107316.097,0x8E,0x00,True,244,0,0
22:23:26.423,22:23:26.423,107346.083,0x8E,0x00,True,245,0,0
22:23:56.417,22:23:56.417,107376.077,0x8E,0x00,True,246,0,0
22:24:26.407,22:24:26.407,107406.067,0x8E,0x00,True,247,0,0
22:24:56.397,22:24:56.397,107436.057,0x8E,0x00,True,248,0,0
22:25:26.388,22:25:26.388,107466.048,0x8E,0x00,True,249,0,0
22:25:56.377,22:25:56.377,107496.037,0x8E,0x00,True,250,0,0
22:26:26.357,22:26:26.357,107526.017,0x8E,0x00,True,251,0,0
22:26:56.352,22:26:56.352,107556.012,0x8E,0x00,True,252,0,0
22:27:26.337,22:27:26.337,107585.997,0x8E,0x00,True,253,0,0
22:27:56.327,22:27:56.327,107615.987,0x8E,0x00,True,254,0,0
22:28:26.332,22:28:26.332,107645.992,0x8E,0x00,True,255,0,0
22:28:56.327,22:28:56.327,107675.987,0x8E,0x00,True,0,0,0
22:29:26.317,22:29:26.317,107705.977,0x8E,0x00,True,1,0,0
22:29:56.292,22:29:56.292,107735.952,0x8E,0x00,True,2,0,0
22:30:26.297,22:30:26.297,107765.957,0x8E,0x00,True,3,0,0
22:30:56.272,22:30:56.272,107795.932,0x8E,0x00,True,4,0,0
22:31:26.267,22:31:26.267,107825.927,0x8E,0x00,True,5,0,0
22:31:56.272,22:31:56.272,107855.932,0x8E,0x00,True,6,0,0
22:32:26.252,22:32:26.252,107885.912,0x8E,0x00,True,7,0,0
22:32:56.252,22:32:56.252,107915.912,0x8E,0x00,True,8,0,0
22:33:26.252,22:33:26.252,107945.912,0x8E,0x00,True,9,0,0
22:33:56.227,22:33:56.227,107975.887,0x8E,0x00,True,10,0,0
22:34:26.232,22:34:26.232,108005.892,0x8E,0x00,True,11,0,0
22:34:56.202,22:34:56.202,108035.862,0x8E,0x00,True,12,0,0
22:35:26.212,22:35:26.212,108065.872,0x8E,0x00,True,13,0,0
22:35:56.192,22:35:56.192,108095.852,0x8E,0x00,True,14,0,0
22:36:26.192,22:36:26.192,108125.852,0x8E,0x00,True,15,0,0
22:36:56.172,22:36:56.172,108155.832,0x8E,0x00,True,16,0,0
22:37:26.157,22:37:26.157,108185.817,0x8E,0x00,True,17,0,0
22:37:56.162,22:37:56.162,108215.822,0x8E,0x00,True,18,0,0
22:38:26.157,22:38:26.157,108245.817,0x8E,0x00,True,19,0,0
22:38:56.147,22:38:56.147,108275.807,0x8E,0x00,True,20,0,0
22:39:26.137,22:39:26.137,108305.797,0x8E,0x00,True,21,0,0
22:39:56.128,22:39:56.128,108335.788,0x8E,0x00,True,22,0,0
22:40:26.107,22:40:26.107,108365.767,0x8E,0x00,True,23,0,0
22:40:56.107,22:40:56.107,108395.767,0x8E,0x00,True,24,0,0
22:41:26.097,22:41:26.097,108425.757,0x8E,0x00,True,25,0,0
22:41:56.098,22:41:56.098,108455.758,0x8E,0x00,True,26,0,0
22:42:26.088,22:42:26.088,108485.748,0x8E,0x00,True,27,0,0
22:42:56.080,22:42:56.080,108515.74,0x8E,0x00,True,28,0,0
22:43:26.067,22:43:26.067,108545.727,0x8E,0x00,True,29,0,0
22:43:56.057,22:43:56.057,108575.717,0x8E,0x00,True,30,0,0
22:44:26.061,22:44:26.061,108605.721,0x8E,0x00,True,31,0,0
22:44:56.032,22:44:56.032,108635.692,0x8E,0x00,True,32,0,0
22:45:26.021,22:45:26.021,108665.681,0x8E,0x00,True,33,0,0
22:45:56.027,22:45:56.027,108695.687,0x8E,0x00,True,34,0,0
22:46:26.012,22:46:26.012,108725.672,0x8E,0x00,True,35,0,0
22:46:56.003,22:46:56.003,108755.663,0x8E,0x00,True,36,0,0
22:47:25.977,22:47:25.977,108785.637,0x8E,0x00,True,37,0,0
22:47:55.977,22:47:55.977,108815.637,0x8E,0x00,True,38,0,0
22:48:25.963,22:48:25.963,108845.623,0x8E,0x00,True,39,0,0
22:48:55.952,22:48:55.952,108875.612,0x8E,0x00,True,40,0,0
22:49:25.942,22:49:25.942,108905.602,0x8E,0x00,True,41,0,0
22:49:55.942,22:49:55.942,108935.602,0x8E,0x00,True,42,0,0
22:50:25.933,22:50:25.933,108965.593,0x8E,0x00,True,43,0,0
22:50:55.933,22:50:55.933,108995.593,0x8E,0x00,True,44,0,0
22:51:25.923,22:51:25.923,109025.583,0x8E,0x00,True,45,0,0
22:51:55.922,22:51:55.922,109055.582,0x8E,0x00,True,46,0,0
22:52:25.907,22:52:25.907,109085.567,0x8E,0x00,True,47,0,0
22:52:55.888,22:52:55.888,109115.548,0x8E,0x00,True,48,0,0
22:53:25.893,22:53:25.893,109145.553,0x8E,0x00,True,49,0,0
22:53:55.881,22:53:55.881,109175.541,0x8E,0x00,True,50,0,0
22:54:25.872,22:54:25.872,109205.532,0x8E,0x00,True,51,0,0
22:54:55.867,22:54:55.867,109235.527,0x8E,0x00,True,52,0,0
22:55:25.862,22:55:25.862,109265.522,0x8E,0x00,True,53,0,0
22:55:55.857,22:55:55.857,109295.517,0x8E,0x00,True,54,0,0
22:56:25.853,22:56:25.853,109325.513,0x8E,0x00,True,55,0,0
22:56:55.838,22:56:55.838,109355.498,0x8E,0x00,True,56,0,0
22:57:25.833,22:57:25.833,109385.493,0x8E,0x00,True,57,0,0
22:57:55.822,22:57:55.822,109415.482,0x8E,0x00,True,58,0,0
22:58:25.807,22:58:25.807,109445.467,0x8E,0x00,True,59,0,0
22:58:55.807,22:58:55.807,109475.467,0x8E,0x00,True,60,0,0
22:59:25.787,22:59:25.787,109505.447,0x8E,0x00,True,61,0,0
22:59:55.781,22:59:55.781,109535.441,0x8E,0x00,True,62,0,0
23:00:25.777,23:00:25.777,109565.437,0x8E,0x00,True,63,0,0
23:00:55.772,23:00:55.772,109595.432,0x8E,0x00,True,64,0,0
23:01:25.758,23:01:25.758,109625.418,0x8E,0x00,True,65,0,0
23:01:55.753,23:01:55.753,109655.413,0x8E,0x00,True,66,0,0
23:02:25.742,23:02:25.742,109685.402,0x8E,0x00,True,67,0,0
23:02:55.718,23:02:55.718,109715.378,0x8E,0x00,True,68,0,0
23:03:25.707,23:03:25.707,109745.367,0x8E,0x00,True,69,0,0
23:03:55.702,23:03:55.702,109775.362,0x8E,0x00,True,70,0,0
23:04:25.702,23:04:25.702,109805.362,0x8E,0x00,True,71,0,0
23:04:55.700,23:04:55.700,109835.36,0x8E,0x00,True,72,0,0
23:05:25.683,23:05:25.683,109865.343,0x8E,0x00,True,73,0,0
23:05:55.672,23:05:55.672,109895.332,0x8E,0x00,True,74,0,0
23:06:25.667,23:06:25.667,109925.327,0x8E,0x00,True,75,0,0
23:06:55.647,23:06:55.647,109955.307,0x8E,0x00,True,76,0,0
23:07:25.633,23:07:25.633,109985.293,0x8E,0x00,True,77,0,0
23:07:55.632,23:07:55.632,110015.292,0x8E,0x00,True,78,0,0
23:08:25.612,23:08:25.612,110045.272,0x8E,0x00,True,79,0,0
23:08:55.612,23:08:55.612,110075.272,0x8E,0x00,True,80,0,0
23:09:25.603,23:09:25.603,110105.263,0x8E,0x00,True,81,0,0
23:09:55.593,23:09:55.593,110135.253,0x8E,0x00,True,82,0,0
23:10:25.572,23:10:25.572,110165.232,0x8E,0x00,True,83,0,0
23:10:55.557,23:10:55.557,110195.217,0x8E,0x00,True,84,0,0
23:11:25.557,23:11:25.557,110225.217,0x8E,0x00,True,85,0,0
23:11:55.542,23:11:55.542,110255.202,0x8E,0x00,True,86,0,0
23:12:25.527,23:12:25.527,110285.187,0x8E,0x00,True,87,0,0
23:12:55.532,23:12:55.532,110315.192,0x8E,0x00,True,88,0,0
23:13:25.518,23:13:25.518,110345.178,0x8E,0x00,True,89,0,0
23:13:55.507,23:13:55.507,110375.167,0x8E,0x00,True,90,0,0
23:14:25.497,23:14:25.497,110405.157,0x8E,0x00,True,91,0,0
23:14:55.487,23:14:55.487,110435.147,0x8E,0x00,True,92,0,0
23:15:25.468,23:15:25.468,110465.128,0x8E,0x00,True,93,0,0
23:15:55.473,23:15:55.473,110495.133,0x8E,0x00,True,94,0,0
23:16:25.457,23:16:25.457,110525.117,0x8E,0x00,True,95,0,0
23:16:55.437,23:16:55.437,110555.097,0x8E,0x00,True,96,0,0
23:17:25.437,23:17:25.437,110585.097,0x8E,0x00,True,97,0,0
23:17:55.432,23:17:55.432,110615.092,0x8E,0x00,True,98,0,0
23:18:25.417,23:18:25.417,110645.077,0x8E,0x00,True,99,0,0
23:18:55.402,23:18:55.402,110675.062,0x8E,0x00,True,100,0,0
23:19:25.402,23:19:25.402,110705.062,0x8E,0x00,True,101,0,0
23:19:55.378,23:19:55.378,110735.038,0x8E,0x00,True,102,0,0
23:20:25.377,23:20:25.377,110765.037,0x8E,0x00,True,103,0,0
23:20:55.367,23:20:55.367,110795.027,0x8E,0x00,True,104,0,0
23:21:25.347,23:21:25.347,110825.007,0x8E,0x00,True,105,0,0
23:21:55.348,23:21:55.348,110855.008,0x8E,0x00,True,106,0,0
23:22:25.322,23:22:25.322,110884.982,0x8E,0x00,True,107,0,0
23:22:55.322,23:22:55.322,110914.982,0x8E,0x00,True,108,0,0
23:23:25.302,23:23:25.302,110944.962,0x8E,0x00,True,109,0,0
23:23:55.303,23:23:55.303,110974.963,0x8E,0x00,True,110,0,0
23:24:25.287,23:24:25.287,111004.947,0x8E,0x00,True,111,0,0
23:24:55.277,23:24:55.277,111034.937,0x8E,0x00,True,112,0,0
23:25:25.267,23:25:25.267,111064.927,0x8E,0x00,True,113,0,0
23:25:55.252,23:25:55.252,111094.912,0x8E,0x00,True,114,0,0
23:26:25.237,23:26:25.237,111124.897,0x8E,0x00,True,115,0,0
23:26:55.232,23:26:55.232,111154.892,0x8E,0x00,True,116,0,0
23:27:25.231,23:27:25.231,111184.891,0x8E,0x00,True,117,0,0
23:27:55.212,23:27:55.212,111214.872,0x8E,0x00,True,118,0,0
23:28:25.202,23:28:25.202,111244.862,0x8E,0x00,True,119,0,0
23:28:55.202,23:28:55.202,111274.862,0x8E,0x00,True,120,0,0
23:29:25.192,23:29:25.192,111304.852,0x8E,0x00,True,121,0,0
23:29:55.182,23:29:55.182,111334.842,0x8E,0x00,True,122,0,0
23:30:25.165,23:30:25.165,111364.825,0x8E,0x00,True,123,0,0
23:30:55.157,23:30:55.157,111394.817,0x8E,0x00,True,124,0,0
23:31:25.138,23:31:25.138,111424.798,0x8E,0x00,True,125,0,0
23:31:55.141,23:31:55.141,111454.801,0x8E,0x00,True,126,0,0
23:32:25.127,23:32:25.127,111484.787,0x8E,0x00,True,127,0,0
23:32:55.107,23:32:55.107,111514.767,0x8E,0x00,True,128,0,0
23:33:25.105,23:33:25.105,111544.765,0x8E,0x00,True,129,0,0
23:33:55.105,23:33:55.105,111574.765,0x8E,0x00,True,130,0,0
23:34:25.090,23:34:25.090,111604.75,0x8E,0x00,True,131,0,0
23:34:55.062,23:34:55.062,111634.722,0x8E,0x00,True,132,0,0
23:35:25.062,23:35:25.062,111664.722,0x8E,0x00,True,133,0,0
23:35:55.053,23:35:55.053,111694.713,0x8E,0x00,True,134,0,0
23:36:25.043,23:36:25.043,111724.703,0x8E,0x00,True,135,0,0
23:36:55.037,23:36:55.037,111754.697,0x8E,0x00,True,136,0,0
23:37:25.018,23:37:25.018,111784.678,0x8E,0x00,True,137,0,0
23:37:55.013,23:37:55.013,111814.673,0x8E,0x00,True,138,0,0
23:38:24.992,23:38:24.992,111844.652,0x8E,0x00,True,139,0,0
23:38:54.987,23:38:54.987,111874.647,0x8E,0x00,True,140,0,0
23:39:24.978,23:39:24.978,111904.638,0x8E,0x00,True,141,0,0
23:39:54.978,23:39:54.978,111934.638,0x8E,0x00,True,142,0,0
23:40:24.968,23:40:24.968,111964.628,0x8E,0x00,True,143,0,0
23:40:54.957,23:40:54.957,111994.617,0x8E,0x00,True,144,0,0
23:41:24.947,23:41:24.947,112024.607,0x8E,0x00,True,145,0,0
23:41:54.923,23:41:54.923,112054.583,0x8E,0x00,True,146,0,0
23:42:24.913,23:42:24.913,112084.573,0x8E,0x00,True,147,0,0
23:42:54.910,23:42:54.910,112114.57,0x8E,0x00,True,148,0,0
23:43:24.907,23:43:24.907,112144.567,0x8E,0x00,True,149,0,0
23:43:54.893,23:43:54.893,112174.553,0x8E,0x00,True,150,0,0
23:44:24.877,23:44:24.877,112204.537,0x8E,0x00,True,151,0,0
23:44:54.873,23:44:54.873,112234.533,0x8E,0x00,True,152,0,0
23:45:24.862,23:45:24.862,112264.522,0x8E,0x00,True,153,0,0
23:45:54.843,23:45:54.843,112294.503,0x8E,0x00,True,154,0,0
23:46:24.832,23:46:24.832,112324.492,0x8E,0x00,True,155,0,0
23:46:54.833,23:46:54.833,112354.493,0x8E,0x00,True,156,0,0
23:47:24.820,23:47:24.820,112384.48,0x8E,0x00,True,157,0,0
23:47:54.817,23:47:54.817,112414.477,0x8E,0x00,True,158,0,0
23:48:24.808,23:48:24.808,112444.468,0x8E,0x00,True,159,0,0
23:48:54.798,23:48:54.798,112474.458,0x8E,0x00,True,160,0,0
23:49:24.787,23:49:24.787,112504.447,0x8E,0x00,True,161,0,0
23:49:54.778,23:49:54.778,112534.438,0x8E,0x00,True,162,0,0
23:50:24.768,23:50:24.768,112564.428,0x8E,0x00,True,163,0,0
23:50:54.748,23:50:54.748,112594.408,0x8E,0x00,True,164,0,0
23:51:24.752,23:51:24.752,112624.412,0x8E,0x00,True,165,0,0
23:51:54.737,23:51:54.737,112654.397,0x8E,0x00,True,166,0,0
23:52:24.731,23:52:24.731,112684.391,0x8E,0x00,True,167,0,0
23:52:54.723,23:52:54.723,112714.383,0x8E,0x00,True,168,0,0
23:53:24.717,23:53:24.717,112744.377,0x8E,0x00,True,169,0,0
23:53:54.692,23:53:54.692,112774.352,0x8E,0x00,True,170,0,0
23:54:24.683,23:54:24.683,112804.343,0x8E,0x00,True,171,0,0
23:54:54.683,23:54:54.683,112834.343,0x8E,0x00,True,172,0,0
23:55:24.667,23:55:24.667,112864.327,0x8E,0x00,True,173,0,0
23:55:54.662,23:55:54.662,112894.322,0x8E,0x00,True,174,0,0
23:56:24.643,23:56:24.643,112924.303,0x8E,0x00,True,175,0,0
23:56:54.633,23:56:54.633,112954.293,0x8E,0x00,True,176,0,0
23:57:24.633,23:57:24.633,112984.293,0x8E,0x00,True,177,0,0
23:57:54.622,23:57:54.622,113014.282,0x8E,0x00,True,178,0,0
23:58:24.612,23:58:24.612,113044.272,0x8E,0x00,True,179,0,0
23:58:54.592,23:58:54.592,113074.252,0x8E,0x00,True,180,0,0
23:59:24.597,23:59:24.597,113104.257,0x8E,0x00,True,181,0,0
23:59:54.577,23:59:54.577,113134.237,0x8E,0x00,True,182,0,0
00:00:24.577,00:00:24.577,113164.237,0x8E,0x00,True,183,0,0
00:00:54.567,00:00:54.567,113194.227,0x8E,0x00,True,184,0,0
00:01:24.558,00:01:24.558,113224.218,0x8E,0x00,True,185,0,0
00:01:54.548,00:01:54.548,113254.208,0x8E,0x00,True,186,0,0
00:02:24.542,00:02:24.542,113284.202,0x8E,0x00,True,187,0,0
00:02:54.533,00:02:54.533,113314.193,0x8E,0x00,True,188,0,0
00:03:24.507,00:03:24.507,113344.167,0x8E,0x00,True,189,0,0
00:03:54.508,00:03:54.508,113374.168,0x8E,0x00,True,190,0,0
00:04:24.497,00:04:24.497,113404.157,0x8E,0x00,True,191,0,0
00:04:54.482,00:04:54.482,113434.142,0x8E,0x00,True,192,0,0
00:05:24.472,00:05:24.472,113464.132,0x8E,0x00,True,193,0,0
00:05:54.463,00:05:54.463,113494.123,0x8E,0x00,True,194,0,0
00:06:24.452,00:06:24.452,113524.112,0x8E,0x00,True,195,0,0
00:06:54.433,00:06:54.433,113554.093,0x8E,0x00,True,196,0,0
00:07:24.428,00:07:24.428,113584.088,0x8E,0x00,True,197,0,0
00:07:54.417,00:07:54.417,113614.077,0x8E,0x00,True,198,0,0
00:08:24.417,00:08:24.417,113644.077,0x8E,0x00,True,199,0,0
00:08:54.408,00:08:54.408,113674.068,0x8E,0x00,True,200,0,0
00:09:24.396,00:09:24.396,113704.056,0x8E,0x00,True,201,0,0
00:09:54.387,00:09:54.387,113734.047,0x8E,0x00,True,202,0,0
00:10:24.378,00:10:24.378,113764.038,0x8E,0x00,True,203,0,0
00:10:54.357,00:10:54.357,113794.017,0x8E,0x00,True,204,0,0
00:11:24.348,00:11:24.348,113824.008,0x8E,0x00,True,205,0,0
00:11:54.348,00:11:54.348,113854.008,0x8E,0x00,True,206,0,0
00:12:24.338,00:12:24.338,113883.998,0x8E,0x00,True,207,0,0
00:12:54.317,00:12:54.317,113913.977,0x8E,0x00,True,208,0,0
00:13:24.317,00:13:24.317,113943.977,0x8E,0x00,True,209,0,0
00:13:54.308,00:13:54.308,113973.968,0x8E,0x00,True,210,0,0
00:14:24.303,00:14:24.303,114003.963,0x8E,0x00,True,211,0,0
00:14:54.277,00:14:54.277,114033.937,0x8E,0x00,True,212,0,0
00:15:24.282,00:15:24.282,114063.942,0x8E,0x00,True,213,0,0
00:15:54.253,00:15:54.253,114093.913,0x8E,0x00,True,214,0,0
00:16:24.263,00:16:24.263,114123.923,0x8E,0x00,True,215,0,0
00:16:54.252,00:16:54.252,114153.912,0x8E,0x00,True,216,0,0
00:17:24.242,00:17:24.242,114183.902,0x8E,0x00,True,217,0,0
00:17:54.223,00:17:54.223,114213.883,0x8E,0x00,True,218,0,0
00:18:24.223,00:18:24.223,114243.883,0x8E,0x00,True,219,0,0
00:18:54.202,00:18:54.202,114273.862,0x8E,0x00,True,220,0,0
00:19:24.192,00:19:24.192,114303.852,0x8E,0x00,True,221,0,0
00:19:54.192,00:19:54.192,114333.852,0x8E,0x00,True,222,0,0
00:20:24.177,00:20:24.177,114363.837,0x8E,0x00,True,223,0,0
00:20:54.178,00:20:54.178,114393.838,0x8E,0x00,True,224,0,0
00:21:24.162,00:21:24.162,114423.822,0x8E,0x00,True,225,0,0
00:21:54.151,00:21:54.151,114453.811,0x8E,0x00,True,226,0,0
00:22:24.143,00:22:24.143,114483.803,0x8E,0x00,True,227,0,0
00:22:54.138,00:22:54.138,114513.798,0x8E,0x00,True,228,0,0
00:23:24.127,00:23:24.127,114543.787,0x8E,0x00,True,229,0,0
00:23:54.103,00:23:54.103,114573.763,0x8E,0x00,True,230,0,0
00:24:24.103,00:24:24.103,114603.763,0x8E,0x00,True,231,0,0
00:24:54.092,00:24:54.092,114633.752,0x8E,0x00,True,232,0,0
00:25:24.067,00:25:24.067,114663.727,0x8E,0x00,True,233,0,0
00:25:54.058,00:25:54.058,114693.718,0x8E,0x00,True,234,0,0
00:26:24.043,00:26:24.043,114723.703,0x8E,0x00,True,235,0,0
00:26:54.045,00:26:54.045,114753.705,0x8E,0x00,True,236,0,0
00:27:24.013,00:27:24.013,114783.673,0x8E,0x00,True,237,0,0
00:27:54.017,00:27:54.017,114813.677,0x8E,0x00,True,238,0,0
00:28:23.997,00:28:23.997,114843.657,0x8E,0x00,True,239,0,0
00:28:53.987,00:28:53.987,114873.647,0x8E,0x00,True,240,0,0
00:29:23.972,00:29:23.972,114903.632,0x8E,0x00,True,241,0,0
00:29:53.948,00:29:53.948,114933.608,0x8E,0x00,True,242,0,0
00:30:23.947,00:30:23.947,114963.607,0x8E,0x00,True,243,0,0
00:30:53.933,00:30:53.933,114993.593,0x8E,0x00,True,244,0,0
00:31:23.917,00:31:23.917,115023.577,0x8E,0x00,True,245,0,0
00:31:53.907,00:31:53.907,115053.567,0x8E,0x00,True,246,0,0
00:32:23.902,00:32:23.902,115083.562,0x8E,0x00,True,247,0,0
00:32:53.888,00:32:53.888,115113.548,0x8E,0x00,True,248,0,0
00:33:23.867,00:33:23.867,115143.527,0x8E,0x00,True,249,0,0
00:33:53.867,00:33:53.867,115173.527,0x8E,0x00,True,250,0,0
00:34:23.857,00:34:23.857,115203.517,0x8E,0x00,True,251,0,0
00:34:53.853,00:34:53.853,115233.513,0x8E,0x00,True,252,0,0
00:35:23.838,00:35:23.838,115263.498,0x8E,0x00,True,253,0,0
00:35:53.812,00:35:53.812,115293.472,0x8E,0x00,True,254,0,0
00:36:23.817,00:36:23.817,115323.477,0x8E,0x00,True,255,0,0
00:36:53.793,00:36:53.793,115353.453,0x8E,0x00,True,0,0,0
00:37:23.797,00:37:23.797,115383.457,0x8E,0x00,True,1,0,0
00:37:53.772,00:37:53.772,115413.432,0x8E,0x00,True,2,0,0
00:38:23.782,00:38:23.782,115443.442,0x8E,0x00,True,3,0,0
00:38:53.768,00:38:53.768,115473.428,0x8E,0x00,True,4,0,0
00:39:23.748,00:39:23.748,115503.408,0x8E,0x00,True,5,0,0
00:39:53.747,00:39:53.747,115533.407,0x8E,0x00,True,6,0,0
00:40:23.737,00:40:23.737,115563.397,0x8E,0x00,True,7,0,0
00:40:53.728,00:40:53.728,115593.388,0x8E,0x00,True,8,0,0
00:41:23.702,00:41:23.702,115623.362,0x8E,0x00,True,9,0,0
00:41:53.708,00:41:53.708,115653.368,0x8E,0x00,True,10,0,0
00:42:23.692,00:42:23.692,115683.352,0x8E,0x00,True,11,0,0
00:42:53.683,00:42:53.683,115713.343,0x8E,0x00,True,12,0,0
00:43:23.677,00:43:23.677,115743.337,0x8E,0x00,True,13,0,0
00:43:53.675,00:43:53.675,115773.335,0x8E,0x00,True,14,0,0
00:44:23.652,00:44:23.652,115803.312,0x8E,0x00,True,15,0,0
00:44:53.632,00:44:53.632,115833.292,0x8E,0x00,True,16,0,0
00:45:23.627,00:45:23.627,115863.287,0x8E,0x00,True,17,0,0
00:45:53.617,00:45:53.617,115893.277,0x8E,0x00,True,18,0,0
00:46:23.598,00:46:23.598,115923.258,0x8E,0x00,True,19,0,0
00:46:53.593,00:46:53.593,115953.253,0x8E,0x00,True,20,0,0
00:47:23.583,00:47:23.583,115983.243,0x8E,0x00,True,21,0,0
00:47:53.558,00:47:53.558,116013.218,0x8E,0x00,True,22,0,0
00:48:23.548,00:48:23.548,116043.208,0x8E,0x00,True,23,0,0
00:48:53.547,00:48:53.547,116073.207,0x8E,0x00,True,24,0,0
00:49:23.547,00:49:23.547,116103.207,0x8E,0x00,True,25,0,0
00:49:53.513,00:49:53.513,116133.173,0x8E,0x00,True,26,0,0
00:50:23.513,00:50:23.513,116163.173,0x8E,0x00,True,27,0,0
00:50:53.502,00:50:53.502,116193.162,0x8E,0x00,True,28,0,0
00:51:23.492,00:51:23.492,116223.152,0x8E,0x00,True,29,0,0
00:51:53.467,00:51:53.467,116253.127,0x8E,0x00,True,30,0,0
00:52:23.468,00:52:23.468,116283.128,0x8E,0x00,True,31,0,0
00:52:53.452,00:52:53.452,116313.112,0x8E,0x00,True,32,0,0
00:53:23.442,00:53:23.442,116343.102,0x8E,0x00,True,33,0,0
00:53:53.442,00:53:53.442,116373.102,0x8E,0x00,True,34,0,0
00:54:23.433,00:54:23.433,116403.093,0x8E,0x00,True,35,0,0
00:54:53.436,00:54:53.436,116433.096,0x8E,0x00,True,36,0,0
00:55:23.418,00:55:23.418,116463.078,0x8E,0x00,True,37,0,0
00:55:53.397,00:55:53.397,116493.057,0x8E,0x00,True,38,0,0
00:56:23.388,00:56:23.388,116523.048,0x8E,0x00,True,39,0,0
00:56:53.382,00:56:53.382,116553.042,0x8E,0x00,True,40,0,0
00:57:23.373,00:57:23.373,116583.033,0x8E,0x00,True,41,0,0
00:57:53.372,00:57:53.372,116613.032,0x8E,0x00,True,42,0,0
00:58:23.362,00:58:23.362,116643.022,0x8E,0x00,True,43,0,0
00:58:53.348,00:58:53.348,116673.008,0x8E,0x00,True,44,0,0
00:59:23.342,00:59:23.342,116703.002,0x8E,0x00,True,45,0,0
00:59:53.322,00:59:53.322,116732.982,0x8E,0x00,True,46,0,0
01:00:23.313,01:00:23.313,116762.973,0x8E,0x00,True,47,0,0
01:00:53.302,01:00:53.302,116792.962,0x8E,0x00,True,48,0,0
01:01:23.298,01:01:23.298,116822.958,0x8E,0x00,True,49,0,0
01:01:53.287,01:01:53.287,116852.947,0x8E,0x00,True,50,0,0
01:02:23.267,01:02:23.267,116882.927,0x8E,0x00,True,51,0,0
01:02:53.272,01:02:53.272,116912.932,0x8E,0x00,True,52,0,0
01:03:23.263,01:03:23.263,116942.923,0x8E,0x00,True,53,0,0
01:03:53.253,01:03:53.253,116972.913,0x8E,0x00,True,54,0,0
01:04:23.228,01:04:23.228,117002.888,0x8E,0x00,True,55,0,0
01:04:53.232,01:04:53.232,117032.892,0x8E,0x00,True,56,0,0
01:05:23.216,01:05:23.216,117062.876,0x8E,0x00,True,57,0,0
01:05:53.218,01:05:53.218,117092.878,0x8E,0x00,True,58,0,0
01:06:23.213,01:06:23.213,117122.873,0x8E,0x00,True,59,0,0
01:06:53.202,01:06:53.202,117152.862,0x8E,0x00,True,60,0,0
01:07:23.192,01:07:23.192,117182.852,0x8E,0x00,True,61,0,0
01:07:53.183,01:07:53.183,117212.843,0x8E,0x00,True,62,0,0
01:08:23.178,01:08:23.178,117242.838,0x8E,0x00,True,63,0,0
01:08:53.178,01:08:53.178,117272.838,0x8E,0x00,True,64,0,0
01:09:23.157,01:09:23.157,117302.817,0x8E,0x00,True,65,0,0
01:09:53.152,01:09:53.152,117332.812,0x8E,0x00,True,66,0,0
01:10:23.158,01:10:23.158,117362.818,0x8E,0x00,True,67,0,0
01:10:53.137,01:10:53.137,117392.797,0x8E,0x00,True,68,0,0
01:11:23.133,01:11:23.133,117422.793,0x8E,0x00,True,69,0,0
01:11:53.132,01:11:53.132,117452.792,0x8E,0x00,True,70,0,0
01:12:23.128,01:12:23.128,117482.788,0x8E,0x00,True,71,0,0
01:12:53.117,01:12:53.117,117512.777,0x8E,0x00,True,72,0,0
01:13:23.107,01:13:23.107,117542.767,0x8E,0x00,True,73,0,0
01:13:53.103,01:13:53.103,117572.763,0x8E,0x00,True,74,0,0
01:14:23.083,01:14:23.083,117602.743,0x8E,0x00,True,75,0,0
01:14:53.071,01:14:53.071,117632.731,0x8E,0x00,True,76,0,0
01:15:23.067,01:15:23.067,117662.727,0x8E,0x00,True,77,0,0
01:15:53.067,01:15:53.067,117692.727,0x8E,0x00,True,78,0,0
01:16:23.057,01:16:23.057,117722.717,0x8E,0x00,True,79,0,0
01:16:53.053,01:16:53.053,117752.713,0x8E,0x00,True,80,0,0
01:17:23.042,01:17:23.042,117782.702,0x8E,0x00,True,81,0,0
01:17:53.021,01:17:53.021,117812.681,0x8E,0x00,True,82,0,0
01:18:23.013,01:18:23.013,117842.673,0x8E,0x00,True,83,0,0
01:18:53.002,01:18:53.002,117872.662,0x8E,0x00,True,84,0,0
01:19:22.997,01:19:22.997,117902.657,0x8E,0x00,True,85,0,0
01:19:52.987,01:19:52.987,117932.647,0x8E,0x00,True,86,0,0
01:20:22.987,01:20:22.987,117962.647,0x8E,0x00,True,87,0,0
01:20:52.978,01:20:52.978,117992.638,0x8E,0x00,True,88,0,0
01:21:22.957,01:21:22.957,118022.617,0x8E,0x00,True,89,0,0
01:21:52.958,01:21:52.958,118052.618,0x8E,0x00,True,90,0,0
01:22:22.933,01:22:22.933,118082.593,0x8E,0x00,True,91,0,0
01:22:52.917,01:22:52.917,118112.577,0x8E,0x00,True,92,0,0
01:23:22.912,01:23:22.912,118142.572,0x8E,0x00,True,93,0,0
01:23:52.912,01:23:52.912,118172.572,0x8E,0x00,True,94,0,0
01:24:22.897,01:24:22.897,118202.557,0x8E,0x00,True,95,0,0
01:24:52.897,01:24:52.897,118232.557,0x8E,0x00,True,96,0,0
01:25:22.893,01:25:22.893,118262.553,0x8E,0x00,True,97,0,0
01:25:52.883,01:25:52.883,118292.543,0x8E,0x00,True,98,0,0
01:26:22.872,01:26:22.872,118322.532,0x8E,0x00,True,99,0,0
01:26:52.853,01:26:52.853,118352.513,0x8E,0x00,True,100,0,0
01:27:22.857,01:27:22.857,118382.517,0x8E,0x00,True,101,0,0
01:27:52.837,01:27:52.837,118412.497,0x8E,0x00,True,102,0,0
01:28:22.845,01:28:22.845,118442.505,0x8E,0x00,True,103,0,0
01:28:52.812,01:28:52.812,118472.472,0x8E,0x00,True,104,0,0
01:29:22.817,01:29:22.817,118502.477,0x8E,0x00,True,105,0,0
01:29:52.808,01:29:52.808,118532.468,0x8E,0x00,True,106,0,0
01:30:22.803,01:30:22.803,118562.463,0x8E,0x00,True,107,0,0
01:30:52.798,01:30:52.798,118592.458,0x8E,0x00,True,108,0,0
01:31:22.792,01:31:22.792,118622.452,0x8E,0x00,True,109,0,0
01:31:52.787,01:31:52.787,118652.447,0x8E,0x00,True,110,0,0
01:32:22.777,01:32:22.777,118682.437,0x8E,0x00,True,111,0,0
01:32:52.758,01:32:52.758,118712.418,0x8E,0x00,True,112,0,0
01:33:22.747,01:33:22.747,118742.407,0x8E,0x00,True,113,0,0
01:33:52.760,01:33:52.760,118772.42,0x8E,0x00,True,114,0,0
01:34:22.737,01:34:22.737,118802.397,0x8E,0x00,True,115,0,0
01:34:52.732,01:34:52.732,118832.392,0x8E,0x00,True,116,0,0
01:35:22.722,01:35:22.722,118862.382,0x8E,0x00,True,117,0,0
01:35:52.712,01:35:52.712,118892.372,0x8E,0x00,True,118,0,0
01:36:22.707,01:36:22.707,118922.367,0x8E,0x00,True,119,0,0
01:36:52.702,01:36:52.702,118952.362,0x8E,0x00,True,120,0,0
01:37:22.692,01:37:22.692,118982.352,0x8E,0x00,True,121,0,0
01:37:52.673,01:37:52.673,119012.333,0x8E,0x00,True,122,0,0
01:38:22.677,01:38:22.677,119042.337,0x8E,0x00,True,123,0,0
01:38:52.652,01:38:52.652,119072.312,0x8E,0x00,True,124,0,0
01:39:22.647,01:39:22.647,119102.307,0x8E,0x00,True,125,0,0
01:39:52.652,01:39:52.652,119132.312,0x8E,0x00,True,126,0,0
01:40:22.647,01:40:22.647,119162.307,0x8E,0x00,True,127,0,0
01:40:52.637,01:40:52.637,119192.297,0x8E,0x00,True,128,0,0
01:41:22.632,01:41:22.632,119222.292,0x8E,0x00,True,129,0,0
01:41:52.622,01:41:52.622,119252.282,0x8E,0x00,True,130,0,0
01:42:22.607,01:42:22.607,119282.267,0x8E,0x00,True,131,0,0
01:42:52.617,01:42:52.617,119312.277,0x8E,0x00,True,132,0,0
01:43:22.593,01:43:22.593,119342.253,0x8E,0x00,True,133,0,0
01:43:52.587,01:43:52.587,119372.247,0x8E,0x00,True,134,0,0
01:44:22.591,01:44:22.591,119402.251,0x8E,0x00,True,135,0,0
01:44:52.582,01:44:52.582,119432.242,0x8E,0x00,True,136,0,0
01:45:22.572,01:45:22.572,119462.232,0x8E,0x00,True,137,0,0
01:45:52.567,01:45:52.567,119492.227,0x8E,0x00,True,138,0,0
01:46:22.562,01:46:22.562,119522.222,0x8E,0x00,True,139,0,0
01:46:52.563,01:46:52.563,119552.223,0x8E,0x00,True,140,0,0
01:47:22.548,01:47:22.548,119582.208,0x8E,0x00,True,141,0,0
01:47:52.547,01:47:52.547,119612.207,0x8E,0x00,True,142,0,0
01:48:22.540,01:48:22.540,119642.2,0x8E,0x00,True,143,0,0
01:48:52.518,01:48:52.518,119672.178,0x8E,0x00,True,144,0,0
01:49:22.522,01:49:22.522,119702.182,0x8E,0x00,True,145,0,0
01:49:52.507,01:49:52.507,119732.167,0x8E,0x00,True,146,0,0
01:50:22.497,01:50:22.497,119762.157,0x8E,0x00,True,147,0,0
01:50:52.492,01:50:52.492,119792.152,0x8E,0x00,True,148,0,0
01:51:22.478,01:51:22.478,119822.138,0x8E,0x00,True,149,0,0
01:51:52.482,01:51:52.482,119852.142,0x8E,0x00,True,150,0,0
01:52:22.466,01:52:22.466,119882.126,0x8E,0x00,True,151,0,0
01:52:52.467,01:52:52.467,119912.127,0x8E,0x00,True,152,0,0
01:53:22.442,01:53:22.442,119942.102,0x8E,0x00,True,153,0,0
01:53:52.437,01:53:52.437,119972.097,0x8E,0x00,True,154,0,0
01:54:22.433,01:54:22.433,120002.093,0x8E,0x00,True,155,0,0
01:54:52.428,01:54:52.428,120032.088,0x8E,0x00,True,156,0,0
01:55:22.423,01:55:22.423,120062.083,0x8E,0x00,True,157,0,0
01:55:52.428,01:55:52.428,120092.088,0x8E,0x00,True,158,0,0
01:56:22.426,01:56:22.426,120122.086,0x8E,0x00,True,159,0,0
01:56:52.417,01:56:52.417,120152.077,0x8E,0x00,True,160,0,0
01:57:22.412,01:57:22.412,120182.072,0x8E,0x00,True,161,0,0
01:57:52.412,01:57:52.412,120212.072,0x8E,0x00,True,162,0,0
01:58:22.407,01:58:22.407,120242.067,0x8E,0x00,True,163,0,0
01:58:52.402,01:58:52.402,120272.062,0x8E,0x00,True,164,0,0
01:59:22.402,01:59:22.402,120302.062,0x8E,0x00,True,165,0,0
01:59:52.397,01:59:52.397,120332.057,0x8E,0x00,True,166,0,0
02:00:22.392,02:00:22.392,120362.052,0x8E,0x00,True,167,0,0
02:00:52.367,02:00:52.367,120392.027,0x8E,0x00,True,168,0,0
02:01:22.372,02:01:22.372,120422.032,0x8E,0x00,True,169,0,0
02:01:52.353,02:01:52.353,120452.013,0x8E,0x00,True,170,0,0
02:02:22.353,02:02:22.353,120482.013,0x8E,0x00,True,171,0,0
02:02:52.337,02:02:52.337,120511.997,0x8E,0x00,True,172,0,0
02:03:22.342,02:03:22.342,120542.002,0x8E,0x00,True,173,0,0
02:03:52.333,02:03:52.333,120571.993,0x8E,0x00,True,174,0,0
02:04:22.327,02:04:22.327,120601.987,0x8E,0x00,True,175,0,0
02:04:52.317,02:04:52.317,120631.977,0x8E,0x00,True,176,0,0
02:05:22.307,02:05:22.307,120661.967,0x8E,0x00,True,177,0,0
02:05:52.304,02:05:52.304,120691.964,0x8E,0x00,True,178,0,0
02:06:22.292,02:06:22.292,120721.952,0x8E,0x00,True,179,0,0
02:06:52.288,02:06:52.288,120751.948,0x8E,0x00,True,180,0,0
02:07:22.270,02:07:22.270,120781.93,0x8E,0x00,True,181,0,0
02:07:52.268,02:07:52.268,120811.928,0x8E,0x00,True,182,0,0
02:08:22.252,02:08:22.252,120841.912,0x8E,0x00,True,183,0,0
02:08:52.247,02:08:52.247,120871.907,0x8E,0x00,True,184,0,0
02:09:22.241,02:09:22.241,120901.901,0x8E,0x00,True,185,0,0
02:09:52.232,02:09:52.232,120931.892,0x8E,0x00,True,186,0,0
02:10:22.227,02:10:22.227,120961.887,0x8E,0x00,True,187,0,0
02:10:52.212,02:10:52.212,120991.872,0x8E,0x00,True,188,0,0
02:11:22.212,02:11:22.212,121021.872,0x8E,0x00,True,189,0,0
02:11:52.192,02:11:52.192,121051.852,0x8E,0x00,True,190,0,0
02:12:22.183,02:12:22.183,121081.843,0x8E,0x00,True,191,0,0
02:12:52.178,02:12:52.178,121111.838,0x8E,0x00,True,192,0,0
02:13:22.177,02:13:22.177,121141.837,0x8E,0x00,True,193,0,0
02:13:52.167,02:13:52.167,121171.827,0x8E,0x00,True,194,0,0
02:14:22.162,02:14:22.162,121201.822,0x8E,0x00,True,195,0,0
02:14:52.162,02:14:52.162,121231.822,0x8E,0x00,True,196,0,0
02:15:22.162,02:15:22.162,121261.822,0x8E,0x00,True,197,0,0
02:15:52.152,02:15:52.152,121291.812,0x8E,0x00,True,198,0,0
02:16:22.138,02:16:22.138,121321.798,0x8E,0x00,True,199,0,0
02:16:52.143,02:16:52.143,121351.803,0x8E,0x00,True,200,0,0
02:17:22.122,02:17:22.122,121381.782,0x8E,0x00,True,201,0,0
02:17:52.127,02:17:52.127,121411.787,0x8E,0x00,True,202,0,0
02:18:22.107,02:18:22.107,121441.767,0x8E,0x00,True,203,0,0
02:18:52.107,02:18:52.107,121471.767,0x8E,0x00,True,204,0,0
02:19:22.103,02:19:22.103,121501.763,0x8E,0x00,True,205,0,0
02:19:52.110,02:19:52.110,121531.77,0x8E,0x00,True,206,0,0
02:20:22.101,02:20:22.101,121561.761,0x8E,0x00,True,207,0,0
02:20:52.088,02:20:52.088,121591.748,0x8E,0x00,True,208,0,0
02:21:22.091,02:21:22.091,121621.751,0x8E,0x00,True,209,0,0
02:21:52.077,02:21:52.077,121651.737,0x8E,0x00,True,210,0,0
02:22:22.077,02:22:22.077,121681.737,0x8E,0x00,True,211,0,0
02:22:52.053,02:22:52.053,121711.713,0x8E,0x00,True,212,0,0
02:23:22.061,02:23:22.061,121741.721,0x8E,0x00,True,213,0,0
02:23:52.032,02:23:52.032,121771.692,0x8E,0x00,True,214,0,0
02:24:22.027,02:24:22.027,121801.687,0x8E,0x00,True,215,0,0
02:24:52.022,02:24:52.022,121831.682,0x8E,0x00,True,216,0,0
02:25:22.027,02:25:22.027,121861.687,0x8E,0x00,True,217,0,0
02:25:52.013,02:25:52.013,121891.673,0x8E,0x00,True,218,0,0
02:26:22.013,02:26:22.013,121921.673,0x8E,0x00,True,219,0,0
02:26:52.016,02:26:52.016,121951.676,0x8E,0x00,True,220,0,0
02:27:21.998,02:27:21.998,121981.658,0x8E,0x00,True,221,0,0
02:27:51.992,02:27:51.992,122011.652,0x8E,0x00,True,222,0,0
02:28:21.982,02:28:21.982,122041.642,0x8E,0x00,True,223,0,0
02:28:51.978,02:28:51.978,122071.638,0x8E,0x00,True,224,0,0
02:29:21.957,02:29:21.957,122101.617,0x8E,0x00,True,225,0,0
02:29:51.957,02:29:51.957,122131.617,0x8E,0x00,True,226,0,0
02:30:21.942,02:30:21.942,122161.602,0x8E,0x00,True,227,0,0
02:30:51.947,02:30:51.947,122191.607,0x8E,0x00,True,228,0,0
02:31:21.933,02:31:21.933,122221.593,0x8E,0x00,True,229,0,0
02:31:51.938,02:31:51.938,122251.598,0x8E,0x00,True,230,0,0
02:32:21.923,02:32:21.923,122281.583,0x8E,0x00,True,231,0,0
02:32:51.908,02:32:51.908,122311.568,0x8E,0x00,True,232,0,0
02:33:21.908,02:33:21.908,122341.568,0x8E,0x00,True,233,0,0
02:33:51.902,02:33:51.902,122371.562,0x8E,0x00,True,234,0,0
02:34:21.898,02:34:21.898,122401.558,0x8E,0x00,True,235,0,0
02:34:51.893,02:34:51.893,122431.553,0x8E,0x00,True,236,0,0
02:35:21.877,02:35:21.877,122461.537,0x8E,0x00,True,237,0,0
02:35:51.867,02:35:51.867,122491.527,0x8E,0x00,True,238,0,0
02:36:21.873,02:36:21.873,122521.533,0x8E,0x00,True,239,0,0
02:36:51.853,02:36:51.853,122551.513,0x8E,0x00,True,240,0,0
02:37:21.853,02:37:21.853,122581.513,0x8E,0x00,True,241,0,0
02:37:51.843,02:37:51.843,122611.503,0x8E,0x00,True,242,0,0
02:38:21.827,02:38:21.827,122641.487,0x8E,0x00,True,243,0,0
02:38:51.818,02:38:51.818,122671.478,0x8E,0x00,True,244,0,0
02:39:21.817,02:39:21.817,122701.477,0x8E,0x00,True,245,0,0
02:39:51.812,02:39:51.812,122731.472,0x8E,0x00,True,246,0,0
02:40:21.793,02:40:21.793,122761.453,0x8E,0x00,True,247,0,0
02:40:51.782,02:40:51.782,122791.442,0x8E,0x00,True,248,0,0
02:41:21.788,02:41:21.788,122821.448,0x8E,0x00,True,249,0,0
02:41:51.783,02:41:51.783,122851.443,0x8E,0x00,True,250,0,0
02:42:21.768,02:42:21.768,122881.428,0x8E,0x00,True,251,0,0
02:42:51.773,02:42:51.773,122911.433,0x8E,0x00,True,252,0,0
02:43:21.758,02:43:21.758,122941.418,0x8E,0x00,True,253,0,0
02:43:51.742,02:43:51.742,122971.402,0x8E,0x00,True,254,0,0
02:44:21.760,02:44:21.760,123001.42,0x8E,0x00,True,255,0,0
02:44:51.738,02:44:51.738,123031.398,0x8E,0x00,True,0,0,0
02:45:21.723,02:45:21.723,123061.383,0x8E,0x00,True,1,0,0
02:45:51.713,02:45:51.713,123091.373,0x8E,0x00,True,2,0,0
02:46:21.708,02:46:21.708,123121.368,0x8E,0x00,True,3,0,0
02:46:51.707,02:46:51.707,123151.367,0x8E,0x00,True,4,0,0
02:47:21.707,02:47:21.707,123181.367,0x8E,0x00,True,5,0,0
02:47:51.692,02:47:51.692,123211.352,0x8E,0x00,True,6,0,0
02:48:21.697,02:48:21.697,123241.357,0x8E,0x00,True,7,0,0
02:48:51.692,02:48:51.692,123271.352,0x8E,0x00,True,8,0,0
02:49:21.687,02:49:21.687,123301.347,0x8E,0x00,True,9,0,0
02:49:51.678,02:49:51.678,123331.338,0x8E,0x00,True,10,0,0
02:50:21.672,02:50:21.672,123361.332,0x8E,0x00,True,11,0,0
02:50:51.660,02:50:51.660,123391.32,0x8E,0x00,True,12,0,0
02:51:21.647,02:51:21.647,123421.307,0x8E,0x00,True,13,0,0
02:51:51.652,02:51:51.652,123451.312,0x8E,0x00,True,14,0,0
02:52:21.633,02:52:21.633,123481.293,0x8E,0x00,True,15,0,0
02:52:51.637,02:52:51.637,123511.297,0x8E,0x00,True,16,0,0
02:53:21.627,02:53:21.627,123541.287,0x8E,0x00,True,17,0,0
02:53:51.617,02:53:51.617,123571.277,0x8E,0x00,True,18,0,0
02:54:21.612,02:54:21.612,123601.272,0x8E,0x00,True,19,0,0
02:54:51.618,02:54:51.618,123631.278,0x8E,0x00,True,20,0,0
02:55:21.602,02:55:21.602,123661.262,0x8E,0x00,True,21,0,0
02:55:51.598,02:55:51.598,123691.258,0x8E,0x00,True,22,0,0
02:56:21.588,02:56:21.588,123721.248,0x8E,0x00,True,23,0,0
02:56:51.577,02:56:51.577,123751.237,0x8E,0x00,True,24,0,0
02:57:21.558,02:57:21.558,123781.218,0x8E,0x00,True,25,0,0
02:57:51.553,02:57:51.553,123811.213,0x8E,0x00,True,26,0,0
02:58:21.557,02:58:21.557,123841.217,0x8E,0x00,True,27,0,0
02:58:51.542,02:58:51.542,123871.202,0x8E,0x00,True,28,0,0
02:59:21.547,02:59:21.547,123901.207,0x8E,0x00,True,29,0,0
02:59:51.532,02:59:51.532,123931.192,0x8E,0x00,True,30,0,0
03:00:21.527,03:00:21.527,123961.187,0x8E,0x00,True,31,0,0
03:00:51.518,03:00:51.518,123991.178,0x8E,0x00,True,32,0,0
03:01:21.498,03:01:21.498,124021.158,0x8E,0x00,True,33,0,0
03:01:51.502,03:01:51.502,124051.162,0x8E,0x00,True,34,0,0
03:02:21.498,03:02:21.498,124081.158,0x8E,0x00,True,35,0,0
03:02:51.492,03:02:51.492,124111.152,0x8E,0x00,True,36,0,0
03:03:21.478,03:03:21.478,124141.138,0x8E,0x00,True,37,0,0
03:03:51.471,03:03:51.471,124171.131,0x8E,0x00,True,38,0,0
03:04:21.458,03:04:21.458,124201.118,0x8E,0x00,True,39,0,0
03:04:51.460,03:04:51.460,124231.12,0x8E,0x00,True,40,0,0
03:05:21.465,03:05:21.465,124261.125,0x8E,0x00,True,41,0,0
03:05:51.460,03:05:51.460,124291.12,0x8E,0x00,True,42,0,0
03:06:21.442,03:06:21.442,124321.102,0x8E,0x00,True,43,0,0
03:06:51.442,03:06:51.442,124351.102,0x8E,0x00,True,44,0,0
03:07:21.437,03:07:21.437,124381.097,0x8E,0x00,True,45,0,0
03:07:51.433,03:07:51.433,124411.093,0x8E,0x00,True,46,0,0
03:08:21.436,03:08:21.436,124441.096,0x8E,0x00,True,47,0,0
03:08:51.402,03:08:51.402,124471.062,0x8E,0x00,True,48,0,0
03:09:21.407,03:09:21.407,124501.067,0x8E,0x00,True,49,0,0
03:09:51.393,03:09:51.393,124531.053,0x8E,0x00,True,50,0,0
03:10:21.382,03:10:21.382,124561.042,0x8E,0x00,True,51,0,0
03:10:51.372,03:10:51.372,124591.032,0x8E,0x00,True,52,0,0
03:11:21.377,03:11:21.377,124621.037,0x8E,0x00,True,53,0,0
03:11:51.372,03:11:51.372,124651.032,0x8E,0x00,True,54,0,0
03:12:21.380,03:12:21.380,124681.04,0x8E,0x00,True,55,0,0
03:12:51.362,03:12:51.362,124711.022,0x8E,0x00,True,56,0,0
03:13:21.357,03:13:21.357,124741.017,0x8E,0x00,True,57,0,0
03:13:51.353,03:13:51.353,124771.013,0x8E,0x00,True,58,0,0
03:14:21.348,03:14:21.348,124801.008,0x8E,0x00,True,59,0,0
03:14:51.342,03:14:51.342,124831.002,0x8E,0x00,True,60,0,0
03:15:21.338,03:15:21.338,124860.998,0x8E,0x00,True,61,0,0
03:15:51.333,03:15:51.333,124890.993,0x8E,0x00,True,62,0,0
03:16:21.317,03:16:21.317,124920.977,0x8E,0x00,True,63,0,0
03:16:51.313,03:16:51.313,124950.973,0x8E,0x00,True,64,0,0
03:17:21.302,03:17:21.302,124980.962,0x8E,0x00,True,65,0,0
03:17:51.305,03:17:51.305,125010.965,0x8E,0x00,True,66,0,0
03:18:21.292,03:18:21.292,125040.952,0x8E,0x00,True,67,0,0
03:18:51.287,03:18:51.287,125070.947,0x8E,0x00,True,68,0,0
03:19:21.298,03:19:21.298,125100.958,0x8E,0x00,True,69,0,0
03:19:51.288,03:19:51.288,125130.948,0x8E,0x00,True,70,0,0
03:20:21.282,03:20:21.282,125160.942,0x8E,0x00,True,71,0,0
03:20:51.268,03:20:51.268,125190.928,0x8E,0x00,True,72,0,0
03:21:21.272,03:21:21.272,125220.932,0x8E,0x00,True,73,0,0
03:21:51.262,03:21:51.262,125250.922,0x8E,0x00,True,74,0,0
03:22:21.257,03:22:21.257,125280.917,0x8E,0x00,True,75,0,0
03:22:51.261,03:22:51.261,125310.921,0x8E,0x00,True,76,0,0
03:23:21.238,03:23:21.238,125340.898,0x8E,0x00,True,77,0,0
03:23:51.232,03:23:51.232,125370.892,0x8E,0x00,True,78,0,0
03:24:21.223,03:24:21.223,125400.883,0x8E,0x00,True,79,0,0
03:24:51.223,03:24:51.223,125430.883,0x8E,0x00,True,80,0,0
03:25:21.228,03:25:21.228,125460.888,0x8E,0x00,True,81,0,0
03:25:51.221,03:25:51.221,125490.881,0x8E,0x00,True,82,0,0
03:26:21.213,03:26:21.213,125520.873,0x8E,0x00,True,83,0,0
03:26:51.221,03:26:51.221,125550.881,0x8E,0x00,True,84,0,0
03:27:21.197,03:27:21.197,125580.857,0x8E,0x00,True,85,0,0
03:27:51.197,03:27:51.197,125610.857,0x8E,0x00,True,86,0,0
03:28:21.192,03:28:21.192,125640.852,0x8E,0x00,True,87,0,0
03:28:51.192,03:28:51.192,125670.852,0x8E,0x00,True,88,0,0
03:29:21.172,03:29:21.172,125700.832,0x8E,0x00,True,89,0,0
03:29:51.178,03:29:51.178,125730.838,0x8E,0x00,True,90,0,0
03:30:21.157,03:30:21.157,125760.817,0x8E,0x00,True,91,0,0
03:30:51.157,03:30:51.157,125790.817,0x8E,0x00,True,92,0,0
03:31:21.152,03:31:21.152,125820.812,0x8E,0x00,True,93,0,0
03:31:51.152,03:31:51.152,125850.812,0x8E,0x00,True,94,0,0
03:32:21.143,03:32:21.143,125880.803,0x8E,0x00,True,95,0,0
03:32:51.152,03:32:51.152,125910.812,0x8E,0x00,True,96,0,0
03:33:21.132,03:33:21.132,125940.792,0x8E,0x00,True,97,0,0
03:33:51.138,03:33:51.138,125970.798,0x8E,0x00,True,98,0,0
03:34:21.133,03:34:21.133,126000.793,0x8E,0x00,True,99,0,0
03:34:51.122,03:34:51.122,126030.782,0x8E,0x00,True,100,0,0
03:35:21.117,03:35:21.117,126060.777,0x8E,0x00,True,101,0,0
03:35:51.112,03:35:51.112,126090.772,0x8E,0x00,True,102,0,0
03:36:21.107,03:36:21.107,126120.767,0x8E,0x00,True,103,0,0
03:36:51.107,03:36:51.107,126150.767,0x8E,0x00,True,104,0,0
03:37:21.098,03:37:21.098,126180.758,0x8E,0x00,True,105,0,0
03:37:51.077,03:37:51.077,126210.737,0x8E,0x00,True,106,0,0
03:38:21.077,03:38:21.077,126240.737,0x8E,0x00,True,107,0,0
03:38:51.072,03:38:51.072,126270.732,0x8E,0x00,True,108,0,0
03:39:21.067,03:39:21.067,126300.727,0x8E,0x00,True,109,0,0
03:39:51.062,03:39:51.062,126330.722,0x8E,0x00,True,110,0,0
03:40:21.067,03:40:21.067,126360.727,0x8E,0x00,True,111,0,0
03:40:51.061,03:40:51.061,126390.721,0x8E,0x00,True,112,0,0
03:41:21.058,03:41:21.058,126420.718,0x8E,0x00,True,113,0,0
03:41:51.061,03:41:51.061,126450.721,0x8E,0x00,True,114,0,0
03:42:21.047,03:42:21.047,126480.707,0x8E,0x00,True,115,0,0
03:42:51.038,03:42:51.038,126510.698,0x8E,0x00,True,116,0,0
03:43:21.026,03:43:21.026,126540.686,0x8E,0x00,True,117,0,0
03:43:51.037,03:43:51.037,126570.697,0x8E,0x00,True,118,0,0
03:44:21.032,03:44:21.032,126600.692,0x8E,0x00,True,119,0,0
03:44:51.027,03:44:51.027,126630.687,0x8E,0x00,True,120,0,0
03:45:21.018,03:45:21.018,126660.678,0x8E,0x00,True,121,0,0
03:45:51.003,03:45:51.003,126690.663,0x8E,0x00,True,122,0,0
03:46:20.997,03:46:20.997,126720.657,0x8E,0x00,True,123,0,0
03:46:50.997,03:46:50.997,126750.657,0x8E,0x00,True,124,0,0
03:47:20.982,03:47:20.982,126780.642,0x8E,0x00,True,125,0,0
03:47:50.997,03:47:50.997,126810.657,0x8E,0x00,True,126,0,0
03:48:20.973,03:48:20.973,126840.633,0x8E,0x00,True,127,0,0
03:48:50.977,03:48:50.977,126870.637,0x8E,0x00,True,128,0,0
03:49:20.978,03:49:20.978,126900.638,0x8E,0x00,True,129,0,0
03:49:50.968,03:49:50.968,126930.628,0x8E,0x00,True,130,0,0
03:50:20.957,03:50:20.957,126960.617,0x8E,0x00,True,131,0,0
03:50:50.958,03:50:50.958,126990.618,0x8E,0x00,True,132,0,0
03:51:20.958,03:51:20.958,127020.618,0x8E,0x00,True,133,0,0
03:51:50.952,03:51:50.952,127050.612,0x8E,0x00,True,134,0,0
03:52:20.947,03:52:20.947,127080.607,0x8E,0x00,True,135,0,0
03:52:50.947,03:52:50.947,127110.607,0x8E,0x00,True,136,0,0
03:53:20.937,03:53:20.937,127140.597,0x8E,0x00,True,137,0,0
03:53:50.918,03:53:50.918,127170.578,0x8E,0x00,True,138,0,0
03:54:20.912,03:54:20.912,127200.572,0x8E,0x00,True,139,0,0
03:54:50.902,03:54:50.902,127230.562,0x8E,0x00,True,140,0,0
03:55:20.908,03:55:20.908,127260.568,0x8E,0x00,True,141,0,0
03:55:50.893,03:55:50.893,127290.553,0x8E,0x00,True,142,0,0
03:56:20.893,03:56:20.893,127320.553,0x8E,0x00,True,143,0,0
03:56:50.888,03:56:50.888,127350.548,0x8E,0x00,True,144,0,0
03:57:20.878,03:57:20.878,127380.538,0x8E,0x00,True,145,0,0
03:57:50.878,03:57:50.878,127410.538,0x8E,0x00,True,146,0,0
03:58:20.862,03:58:20.862,127440.522,0x8E,0x00,True,147,0,0
03:58:50.857,03:58:50.857,127470.517,0x8E,0x00,True,148,0,0
03:59:20.851,03:59:20.851,127500.511,0x8E,0x00,True,149,0,0
03:59:50.853,03:59:50.853,127530.513,0x8E,0x00,True,150,0,0
04:00:20.827,04:00:20.827,127560.487,0x8E,0x00,True,151,0,0
04:00:50.822,04:00:50.822,127590.482,0x8E,0x00,True,152,0,0
04:01:20.822,04:01:20.822,127620.482,0x8E,0x00,True,153,0,0
04:01:50.822,04:01:50.822,127650.482,0x8E,0x00,True,154,0,0
04:02:20.812,04:02:20.812,127680.472,0x8E,0x00,True,155,0,0
04:02:50.813,04:02:50.813,127710.473,0x8E,0x00,True,156,0,0
04:03:20.808,04:03:20.808,127740.468,0x8E,0x00,True,157,0,0
04:03:50.807,04:03:50.807,127770.467,0x8E,0x00,True,158,0,0
04:04:20.788,04:04:20.788,127800.448,0x8E,0x00,True,159,0,0
04:04:50.798,04:04:50.798,127830.458,0x8E,0x00,True,160,0,0
04:05:20.792,04:05:20.792,127860.452,0x8E,0x00,True,161,0,0
04:05:50.787,04:05:50.787,127890.447,0x8E,0x00,True,162,0,0
04:06:20.785,04:06:20.785,127920.445,0x8E,0x00,True,163,0,0
04:06:50.777,04:06:50.777,127950.437,0x8E,0x00,True,164,0,0
04:07:20.772,04:07:20.772,127980.432,0x8E,0x00,True,165,0,0
04:07:50.772,04:07:50.772,128010.432,0x8E,0x00,True,166,0,0
04:08:20.758,04:08:20.758,128040.418,0x8E,0x00,True,167,0,0
04:08:50.752,04:08:50.752,128070.412,0x8E,0x00,True,168,0,0
04:09:20.748,04:09:20.748,128100.408,0x8E,0x00,True,169,0,0
04:09:50.748,04:09:50.748,128130.408,0x8E,0x00,True,170,0,0
04:10:20.752,04:10:20.752,128160.412,0x8E,0x00,True,171,0,0
04:10:50.742,04:10:50.742,128190.402,0x8E,0x00,True,172,0,0
04:11:20.747,04:11:20.747,128220.407,0x8E,0x00,True,173,0,0
04:11:50.732,04:11:50.732,128250.392,0x8E,0x00,True,174,0,0
04:12:20.750,04:12:20.750,128280.41,0x8E,0x00,True,175,0,0
04:12:50.732,04:12:50.732,128310.392,0x8E,0x00,True,176,0,0
04:13:20.732,04:13:20.732,128340.392,0x8E,0x00,True,177,0,0
04:13:50.728,04:13:50.728,128370.388,0x8E,0x00,True,178,0,0
04:14:20.723,04:14:20.723,128400.383,0x8E,0x00,True,179,0,0
04:14:50.718,04:14:50.718,128430.378,0x8E,0x00,True,180,0,0
04:15:20.712,04:15:20.712,128460.372,0x8E,0x00,True,181,0,0
04:15:50.697,04:15:50.697,128490.357,0x8E,0x00,True,182,0,0
04:16:20.687,04:16:20.687,128520.347,0x8E,0x00,True,183,0,0
04:16:50.692,04:16:50.692,128550.352,0x8E,0x00,True,184,0,0
04:17:20.678,04:17:20.678,128580.338,0x8E,0x00,True,185,0,0
04:17:50.672,04:17:50.672,128610.332,0x8E,0x00,True,186,0,0
04:18:20.667,04:18:20.667,128640.327,0x8E,0x00,True,187,0,0
04:18:50.672,04:18:50.672,128670.332,0x8E,0x00,True,188,0,0
04:19:20.652,04:19:20.652,128700.312,0x8E,0x00,True,189,0,0
04:19:50.665,04:19:50.665,128730.325,0x8E,0x00,True,190,0,0
04:20:20.657,04:20:20.657,128760.317,0x8E,0x00,True,191,0,0
04:20:50.643,04:20:50.643,128790.303,0x8E,0x00,True,192,0,0
04:21:20.637,04:21:20.637,128820.297,0x8E,0x00,True,193,0,0
04:21:50.641,04:21:50.641,128850.301,0x8E,0x00,True,194,0,0
04:22:20.627,04:22:20.627,128880.287,0x8E,0x00,True,195,0,0
04:22:50.622,04:22:50.622,128910.282,0x8E,0x00,True,196,0,0
04:23:20.617,04:23:20.617,128940.277,0x8E,0x00,True,197,0,0
04:23:50.597,04:23:50.597,128970.257,0x8E,0x00,True,198,0,0
04:24:20.603,04:24:20.603,129000.263,0x8E,0x00,True,199,0,0
04:24:50.582,04:24:50.582,129030.242,0x8E,0x00,True,200,0,0
04:25:20.583,04:25:20.583,129060.243,0x8E,0x00,True,201,0,0
04:25:50.580,04:25:50.580,129090.24,0x8E,0x00,True,202,0,0
04:26:20.563,04:26:20.563,129120.223,0x8E,0x00,True,203,0,0
04:26:50.553,04:26:50.553,129150.213,0x8E,0x00,True,204,0,0
04:27:20.547,04:27:20.547,129180.207,0x8E,0x00,True,205,0,0
04:27:50.532,04:27:50.532,129210.192,0x8E,0x00,True,206,0,0
04:28:20.518,04:28:20.518,129240.178,0x8E,0x00,True,207,0,0
04:28:50.518,04:28:50.518,129270.178,0x8E,0x00,True,208,0,0
04:29:20.497,04:29:20.497,129300.157,0x8E,0x00,True,209,0,0
04:29:50.511,04:29:50.511,129330.171,0x8E,0x00,True,210,0,0
04:30:20.482,04:30:20.482,129360.142,0x8E,0x00,True,211,0,0
04:30:50.483,04:30:50.483,129390.143,0x8E,0x00,True,212,0,0
04:31:20.472,04:31:20.472,129420.132,0x8E,0x00,True,213,0,0
04:31:50.462,04:31:50.462,129450.122,0x8E,0x00,True,214,0,0
04:32:20.457,04:32:20.457,129480.117,0x8E,0x00,True,215,0,0
04:32:50.442,04:32:50.442,129510.102,0x8E,0x00,True,216,0,0
04:33:20.433,04:33:20.433,129540.093,0x8E,0x00,True,217,0,0
04:33:50.422,04:33:50.422,129570.082,0x8E,0x00,True,218,0,0
04:34:20.422,04:34:20.422,129600.082,0x8E,0x00,True,219,0,0
04:34:50.413,04:34:50.413,129630.073,0x8E,0x00,True,220,0,0
04:35:20.407,04:35:20.407,129660.067,0x8E,0x00,True,221,0,0
04:35:50.402,04:35:50.402,129690.062,0x8E,0x00,True,222,0,0
04:36:20.397,04:36:20.397,129720.057,0x8E,0x00,True,223,0,0
04:36:50.383,04:36:50.383,129750.043,0x8E,0x00,True,224,0,0
04:37:20.372,04:37:20.372,129780.032,0x8E,0x00,True,225,0,0
04:37:50.353,04:37:50.353,129810.013,0x8E,0x00,True,226,0,0
04:38:20.348,04:38:20.348,129840.008,0x8E,0x00,True,227,0,0
04:38:50.357,04:38:50.357,129870.017,0x8E,0x00,True,228,0,0
04:39:20.332,04:39:20.332,129899.992,0x8E,0x00,True,229,0,0
04:39:50.337,04:39:50.337,129929.997,0x8E,0x00,True,230,0,0
04:40:20.327,04:40:20.327,129959.987,0x8E,0x00,True,231,0,0
04:40:50.317,04:40:50.317,129989.977,0x8E,0x00,True,232,0,0
04:41:20.297,04:41:20.297,130019.957,0x8E,0x00,True,233,0,0
04:41:50.302,04:41:50.302,130049.962,0x8E,0x00,True,234,0,0
04:42:20.292,04:42:20.292,130079.952,0x8E,0x00,True,235,0,0
04:42:50.272,04:42:50.272,130109.932,0x8E,0x00,True,236,0,0
04:43:20.277,04:43:20.277,130139.937,0x8E,0x00,True,237,0,0
04:43:50.258,04:43:50.258,130169.918,0x8E,0x00,True,238,0,0
04:44:20.248,04:44:20.248,130199.908,0x8E,0x00,True,239,0,0
04:44:50.257,04:44:50.257,130229.917,0x8E,0x00,True,240,0,0
04:45:20.242,04:45:20.242,130259.902,0x8E,0x00,True,241,0,0
04:45:50.237,04:45:50.237,130289.897,0x8E,0x00,True,242,0,0
04:46:20.232,04:46:20.232,130319.892,0x8E,0x00,True,243,0,0
04:46:50.223,04:46:50.223,130349.883,0x8E,0x00,True,244,0,0
04:47:20.217,04:47:20.217,130379.877,0x8E,0x00,True,245,0,0
04:47:50.207,04:47:50.207,130409.867,0x8E,0x00,True,246,0,0
04:48:20.197,04:48:20.197,130439.857,0x8E,0x00,True,247,0,0
04:48:50.183,04:48:50.183,130469.843,0x8E,0x00,True,248,0,0
04:49:20.172,04:49:20.172,130499.832,0x8E,0x00,True,249,0,0
04:49:50.183,04:49:50.183,130529.843,0x8E,0x00,True,250,0,0
04:50:20.172,04:50:20.172,130559.832,0x8E,0x00,True,251,0,0
04:50:50.163,04:50:50.163,130589.823,0x8E,0x00,True,252,0,0
04:51:20.157,04:51:20.157,130619.817,0x8E,0x00,True,253,0,0
04:51:50.147,04:51:50.147,130649.807,0x8E,0x00,True,254,0,0
04:52:20.138,04:52:20.138,130679.798,0x8E,0x00,True,255,0,0
04:52:50.117,04:52:50.117,130709.777,0x8E,0x00,True,0,0,0
04:53:20.117,04:53:20.117,130739.777,0x8E,0x00,True,1,0,0
04:53:50.107,04:53:50.107,130769.767,0x8E,0x00,True,2,0,0
04:54:20.098,04:54:20.098,130799.758,0x8E,0x00,True,3,0,0
04:54:50.093,04:54:50.093,130829.753,0x8E,0x00,True,4,0,0
04:55:20.083,04:55:20.083,130859.743,0x8E,0x00,True,5,0,0
04:55:50.082,04:55:50.082,130889.742,0x8E,0x00,True,6,0,0
04:56:20.067,04:56:20.067,130919.727,0x8E,0x00,True,7,0,0
04:56:50.067,04:56:50.067,130949.727,0x8E,0x00,True,8,0,0
04:57:20.058,04:57:20.058,130979.718,0x8E,0x00,True,9,0,0
04:57:50.048,04:57:50.048,131009.708,0x8E,0x00,True,10,0,0
04:58:20.032,04:58:20.032,131039.692,0x8E,0x00,True,11,0,0
04:58:50.033,04:58:50.033,131069.693,0x8E,0x00,True,12,0,0
04:59:20.013,04:59:20.013,131099.673,0x8E,0x00,True,13,0,0
04:59:50.018,04:59:50.018,131129.678,0x8E,0x00,True,14,0,0
05:00:20.013,05:00:20.013,131159.673,0x8E,0x00,True,15,0,0
05:00:50.002,05:00:50.002,131189.662,0x8E,0x00,True,16,0,0
05:01:19.992,05:01:19.992,131219.652,0x8E,0x00,True,17,0,0
05:01:49.988,05:01:49.988,131249.648,0x8E,0x00,True,18,0,0
05:02:19.982,05:02:19.982,131279.642,0x8E,0x00,True,19,0,0
05:02:49.963,05:02:49.963,131309.623,0x8E,0x00,True,20,0,0
05:03:19.952,05:03:19.952,131339.612,0x8E,0x00,True,21,0,0
05:03:49.942,05:03:49.942,131369.602,0x8E,0x00,True,22,0,0
05:04:19.951,05:04:19.951,131399.611,0x8E,0x00,True,23,0,0
05:04:49.923,05:04:49.923,131429.583,0x8E,0x00,True,24,0,0
05:05:19.928,05:05:19.928,131459.588,0x8E,0x00,True,25,0,0
05:05:49.917,05:05:49.917,131489.577,0x8E,0x00,True,26,0,0
05:06:19.902,05:06:19.902,131519.562,0x8E,0x00,True,27,0,0
05:06:49.882,05:06:49.882,131549.542,0x8E,0x00,True,28,0,0
05:07:19.872,05:07:19.872,131579.532,0x8E,0x00,True,29,0,0
05:07:49.867,05:07:49.867,131609.527,0x8E,0x00,True,30,0,0
05:08:19.853,05:08:19.853,131639.513,0x8E,0x00,True,31,0,0
05:08:49.847,05:08:49.847,131669.507,0x8E,0x00,True,32,0,0
05:09:19.838,05:09:19.838,131699.498,0x8E,0x00,True,33,0,0
05:09:49.817,05:09:49.817,131729.477,0x8E,0x00,True,34,0,0
05:10:19.831,05:10:19.831,131759.491,0x8E,0x00,True,35,0,0
05:10:49.802,05:10:49.802,131789.462,0x8E,0x00,True,36,0,0
05:11:19.802,05:11:19.802,131819.462,0x8E,0x00,True,37,0,0
05:11:49.787,05:11:49.787,131849.447,0x8E,0x00,True,38,0,0
05:12:19.789,05:12:19.789,131879.449,0x8E,0x00,True,39,0,0
05:12:49.772,05:12:49.772,131909.432,0x8E,0x00,True,40,0,0
05:13:19.758,05:13:19.758,131939.418,0x8E,0x00,True,41,0,0
05:13:49.757,05:13:49.757,131969.417,0x8E,0x00,True,42,0,0
05:14:19.737,05:14:19.737,131999.397,0x8E,0x00,True,43,0,0
05:14:49.737,05:14:49.737,132029.397,0x8E,0x00,True,44,0,0
05:15:19.722,05:15:19.722,132059.382,0x8E,0x00,True,45,0,0
05:15:49.715,05:15:49.715,132089.375,0x8E,0x00,True,46,0,0
05:16:19.697,05:16:19.697,132119.357,0x8E,0x00,True,47,0,0
05:16:49.702,05:16:49.702,132149.362,0x8E,0x00,True,48,0,0
05:17:19.688,05:17:19.688,132179.348,0x8E,0x00,True,49,0,0
05:17:49.667,05:17:49.667,132209.327,0x8E,0x00,True,50,0,0
05:18:19.667,05:18:19.667,132239.327,0x8E,0x00,True,51,0,0
05:18:49.657,05:18:49.657,132269.317,0x8E,0x00,True,52,0,0
05:19:19.648,05:19:19.648,132299.308,0x8E,0x00,True,53,0,0
05:19:49.628,05:19:49.628,132329.288,0x8E,0x00,True,54,0,0
05:20:19.628,05:20:19.628,132359.288,0x8E,0x00,True,55,0,0
05:20:49.617,05:20:49.617,132389.277,0x8E,0x00,True,56,0,0
05:21:19.597,05:21:19.597,132419.257,0x8E,0x00,True,57,0,0
05:21:49.598,05:21:49.598,132449.258,0x8E,0x00,True,58,0,0
05:22:19.587,05:22:19.587,132479.247,0x8E,0x00,True,59,0,0
05:22:49.577,05:22:49.577,132509.237,0x8E,0x00,True,60,0,0
05:23:19.558,05:23:19.558,132539.218,0x8E,0x00,True,61,0,0
05:23:49.557,05:23:49.557,132569.217,0x8E,0x00,True,62,0,0
05:24:19.537,05:24:19.537,132599.197,0x8E,0x00,True,63,0,0
05:24:49.538,05:24:49.538,132629.198,0x8E,0x00,True,64,0,0
05:25:19.527,05:25:19.527,132659.187,0x8E,0x00,True,65,0,0
05:25:49.522,05:25:49.522,132689.182,0x8E,0x00,True,66,0,0
05:26:19.513,05:26:19.513,132719.173,0x8E,0x00,True,67,0,0
05:26:49.497,05:26:49.497,132749.157,0x8E,0x00,True,68,0,0
05:27:19.487,05:27:19.487,132779.147,0x8E,0x00,True,69,0,0
05:27:49.485,05:27:49.485,132809.145,0x8E,0x00,True,70,0,0
05:28:19.468,05:28:19.468,132839.128,0x8E,0x00,True,71,0,0
05:28:49.468,05:28:49.468,132869.128,0x8E,0x00,True,72,0,0
05:29:19.471,05:29:19.471,132899.131,0x8E,0x00,True,73,0,0
05:29:49.452,05:29:49.452,132929.112,0x8E,0x00,True,74,0,0
05:30:19.437,05:30:19.437,132959.097,0x8E,0x00,True,75,0,0
05:30:49.428,05:30:49.428,132989.088,0x8E,0x00,True,76,0,0
05:31:19.423,05:31:19.423,133019.083,0x8E,0x00,True,77,0,0
05:31:49.414,05:31:49.414,133049.074,0x8E,0x00,True,78,0,0
05:32:19.393,05:32:19.393,133079.053,0x8E,0x00,True,79,0,0
05:32:49.393,05:32:49.393,133109.053,0x8E,0x00,True,80,0,0
05:33:19.372,05:33:19.372,133139.032,0x8E,0x00,True,81,0,0
05:33:49.377,05:33:49.377,133169.037,0x8E,0x00,True,82,0,0
05:34:19.367,05:34:19.367,133199.027,0x8E,0x00,True,83,0,0
05:34:49.362,05:34:49.362,133229.022,0x8E,0x00,True,84,0,0
05:35:19.353,05:35:19.353,133259.013,0x8E,0x00,True,85,0,0
05:35:49.347,05:35:49.347,133289.007,0x8E,0x00,True,86,0,0
05:36:19.348,05:36:19.348,133319.008,0x8E,0x00,True,87,0,0
05:36:49.337,05:36:49.337,133348.997,0x8E,0x00,True,88,0,0
05:37:19.317,05:37:19.317,133378.977,0x8E,0x00,True,89,0,0
05:37:49.312,05:37:49.312,133408.972,0x8E,0x00,True,90,0,0
05:38:19.322,05:38:19.322,133438.982,0x8E,0x00,True,91,0,0
05:38:49.297,05:38:49.297,133468.957,0x8E,0x00,True,92,0,0
05:39:19.307,05:39:19.307,133498.967,0x8E,0x00,True,93,0,0
05:39:49.282,05:39:49.282,133528.942,0x8E,0x00,True,94,0,0
05:40:19.288,05:40:19.288,133558.948,0x8E,0x00,True,95,0,0
05:40:49.277,05:40:49.277,133588.937,0x8E,0x00,True,96,0,0
05:41:19.267,05:41:19.267,133618.927,0x8E,0x00,True,97,0,0
05:41:49.263,05:41:49.263,133648.923,0x8E,0x00,True,98,0,0
05:42:19.263,05:42:19.263,133678.923,0x8E,0x00,True,99,0,0
05:42:49.253,05:42:49.253,133708.913,0x8E,0x00,True,100,0,0
05:43:19.232,05:43:19.232,133738.892,0x8E,0x00,True,101,0,0
05:43:49.231,05:43:49.231,133768.891,0x8E,0x00,True,102,0,0
05:44:19.220,05:44:19.220,133798.88,0x8E,0x00,True,103,0,0
05:44:49.218,05:44:49.218,133828.878,0x8E,0x00,True,104,0,0
05:45:19.202,05:45:19.202,133858.862,0x8E,0x00,True,105,0,0
05:45:49.189,05:45:49.189,133888.849,0x8E,0x00,True,106,0,0
05:46:19.183,05:46:19.183,133918.843,0x8E,0x00,True,107,0,0
05:46:49.172,05:46:49.172,133948.832,0x8E,0x00,True,108,0,0
05:47:19.162,05:47:19.162,133978.822,0x8E,0x00,True,109,0,0
05:47:49.143,05:47:49.143,134008.803,0x8E,0x00,True,110,0,0
05:48:19.147,05:48:19.147,134038.807,0x8E,0x00,True,111,0,0
05:48:49.133,05:48:49.133,134068.793,0x8E,0x00,True,112,0,0
05:49:19.128,05:49:19.128,134098.788,0x8E,0x00,True,113,0,0
05:49:49.123,05:49:49.123,134128.783,0x8E,0x00,True,114,0,0
05:50:19.112,05:50:19.112,134158.772,0x8E,0x00,True,115,0,0
05:50:49.112,05:50:49.112,134188.772,0x8E,0x00,True,116,0,0
05:51:19.103,05:51:19.103,134218.763,0x8E,0x00,True,117,0,0
05:51:49.087,05:51:49.087,134248.747,0x8E,0x00,True,118,0,0
05:52:19.072,05:52:19.072,134278.732,0x8E,0x00,True,119,0,0
05:52:49.077,05:52:49.077,134308.737,0x8E,0x00,True,120,0,0
05:53:19.058,05:53:19.058,134338.718,0x8E,0x00,True,121,0,0
05:53:49.067,05:53:49.067,134368.727,0x8E,0x00,True,122,0,0
05:54:19.042,05:54:19.042,134398.702,0x8E,0x00,True,123,0,0
05:54:49.048,05:54:49.048,134428.708,0x8E,0x00,True,124,0,0
05:55:19.037,05:55:19.037,134458.697,0x8E,0x00,True,125,0,0
05:55:49.032,05:55:49.032,134488.692,0x8E,0x00,True,126,0,0
05:56:19.022,05:56:19.022,134518.682,0x8E,0x00,True,127,0,0
05:56:49.013,05:56:49.013,134548.673,0x8E,0x00,True,128,0,0
05:57:18.997,05:57:18.997,134578.657,0x8E,0x00,True,129,0,0
05:57:48.992,05:57:48.992,134608.652,0x8E,0x00,True,130,0,0
05:58:18.992,05:58:18.992,134638.652,0x8E,0x00,True,131,0,0
05:58:48.973,05:58:48.973,134668.633,0x8E,0x00,True,132,0,0
05:59:18.967,05:59:18.967,134698.627,0x8E,0x00,True,133,0,0
05:59:48.973,05:59:48.973,134728.633,0x8E,0x00,True,134,0,0
06:00:18.958,06:00:18.958,134758.618,0x8E,0x00,True,135,0,0
06:00:48.952,06:00:48.952,134788.612,0x8E,0x00,True,136,0,0
06:01:18.942,06:01:18.942,134818.602,0x8E,0x00,True,137,0,0
06:01:48.942,06:01:48.942,134848.602,0x8E,0x00,True,138,0,0
06:02:18.917,06:02:18.917,134878.577,0x8E,0x00,True,139,0,0
06:02:48.918,06:02:48.918,134908.578,0x8E,0x00,True,140,0,0
06:03:18.902,06:03:18.902,134938.562,0x8E,0x00,True,141,0,0
06:03:48.897,06:03:48.897,134968.557,0x8E,0x00,True,142,0,0
06:04:18.883,06:04:18.883,134998.543,0x8E,0x00,True,143,0,0
06:04:48.888,06:04:48.888,135028.548,0x8E,0x00,True,144,0,0
06:05:18.877,06:05:18.877,135058.537,0x8E,0x00,True,145,0,0
06:05:48.867,06:05:48.867,135088.527,0x8E,0x00,True,146,0,0
06:06:18.870,06:06:18.870,135118.53,0x8E,0x00,True,147,0,0
06:06:48.857,06:06:48.857,135148.517,0x8E,0x00,True,148,0,0
06:07:18.848,06:07:18.848,135178.508,0x8E,0x00,True,149,0,0
06:07:48.832,06:07:48.832,135208.492,0x8E,0x00,True,150,0,0
06:08:18.822,06:08:18.822,135238.482,0x8E,0x00,True,151,0,0
06:08:48.822,06:08:48.822,135268.482,0x8E,0x00,True,152,0,0
06:09:18.822,06:09:18.822,135298.482,0x8E,0x00,True,153,0,0
06:09:48.808,06:09:48.808,135328.468,0x8E,0x00,True,154,0,0
06:10:18.820,06:10:18.820,135358.48,0x8E,0x00,True,155,0,0
06:10:48.803,06:10:48.803,135388.463,0x8E,0x00,True,156,0,0
06:11:18.798,06:11:18.798,135418.458,0x8E,0x00,True,157,0,0
06:11:48.797,06:11:48.797,135448.457,0x8E,0x00,True,158,0,0
06:12:18.772,06:12:18.772,135478.432,0x8E,0x00,True,159,0,0
06:12:48.768,06:12:48.768,135508.428,0x8E,0x00,True,160,0,0
06:13:18.780,06:13:18.780,135538.44,0x8E,0x00,True,161,0,0
06:13:48.768,06:13:48.768,135568.428,0x8E,0x00,True,162,0,0
06:14:18.753,06:14:18.753,135598.413,0x8E,0x00,True,163,0,0
06:14:48.758,06:14:48.758,135628.418,0x8E,0x00,True,164,0,0
06:15:18.737,06:15:18.737,135658.397,0x8E,0x00,True,165,0,0
06:15:48.742,06:15:48.742,135688.402,0x8E,0x00,True,166,0,0
06:16:18.732,06:16:18.732,135718.392,0x8E,0x00,True,167,0,0
06:16:48.738,06:16:48.738,135748.398,0x8E,0x00,True,168,0,0
06:17:18.727,06:17:18.727,135778.387,0x8E,0x00,True,169,0,0
06:17:48.713,06:17:48.713,135808.373,0x8E,0x00,True,170,0,0
06:18:18.718,06:18:18.718,135838.378,0x8E,0x00,True,171,0,0
06:18:48.707,06:18:48.707,135868.367,0x8E,0x00,True,172,0,0
06:19:18.702,06:19:18.702,135898.362,0x8E,0x00,True,173,0,0
06:19:48.682,06:19:48.682,135928.342,0x8E,0x00,True,174,0,0
06:20:18.695,06:20:18.695,135958.355,0x8E,0x00,True,175,0,0
06:20:48.681,06:20:48.681,135988.341,0x8E,0x00,True,176,0,0
06:21:18.667,06:21:18.667,136018.327,0x8E,0x00,True,177,0,0
06:21:48.657,06:21:48.657,136048.317,0x8E,0x00,True,178,0,0
06:22:18.662,06:22:18.662,136078.322,0x8E,0x00,True,179,0,0
06:22:48.657,06:22:48.657,136108.317,0x8E,0x00,True,180,0,0
06:23:18.657,06:23:18.657,136138.317,0x8E,0x00,True,181,0,0
06:23:48.652,06:23:48.652,136168.312,0x8E,0x00,True,182,0,0
06:24:18.647,06:24:18.647,136198.307,0x8E,0x00,True,183,0,0
06:24:48.655,06:24:48.655,136228.315,0x8E,0x00,True,184,0,0
06:25:18.627,06:25:18.627,136258.287,0x8E,0x00,True,185,0,0
06:25:48.643,06:25:48.643,136288.303,0x8E,0x00,True,186,0,0
06:26:18.638,06:26:18.638,136318.298,0x8E,0x00,True,187,0,0
06:26:48.641,06:26:48.641,136348.301,0x8E,0x00,True,188,0,0
06:27:18.633,06:27:18.633,136378.293,0x8E,0x00,True,189,0,0
06:27:48.638,06:27:48.638,136408.298,0x8E,0x00,True,190,0,0
06:28:18.622,06:28:18.622,136438.282,0x8E,0x00,True,191,0,0
06:28:48.623,06:28:48.623,136468.283,0x8E,0x00,True,192,0,0
06:29:18.627,06:29:18.627,136498.287,0x8E,0x00,True,193,0,0
06:29:48.622,06:29:48.622,136528.282,0x8E,0x00,True,194,0,0
06:30:18.617,06:30:18.617,136558.277,0x8E,0x00,True,195,0,0
06:30:48.617,06:30:48.617,136588.277,0x8E,0x00,True,196,0,0
06:31:18.610,06:31:18.610,136618.27,0x8E,0x00,True,197,0,0
06:31:48.603,06:31:48.603,136648.263,0x8E,0x00,True,198,0,0
06:32:18.597,06:32:18.597,136678.257,0x8E,0x00,True,199,0,0
06:32:48.606,06:32:48.606,136708.266,0x8E,0x00,True,200,0,0
06:33:18.587,06:33:18.587,136738.247,0x8E,0x00,True,201,0,0
06:33:48.593,06:33:48.593,136768.253,0x8E,0x00,True,202,0,0
06:34:18.588,06:34:18.588,136798.248,0x8E,0x00,True,203,0,0
06:34:48.582,06:34:48.582,136828.242,0x8E,0x00,True,204,0,0
06:35:18.577,06:35:18.577,136858.237,0x8E,0x00,True,205,0,0
06:35:48.587,06:35:48.587,136888.247,0x8E,0x00,True,206,0,0
06:36:18.577,06:36:18.577,136918.237,0x8E,0x00,True,207,0,0
06:36:48.586,06:36:48.586,136948.246,0x8E,0x00,True,208,0,0
06:37:18.577,06:37:18.577,136978.237,0x8E,0x00,True,209,0,0
06:37:48.587,06:37:48.587,137008.247,0x8E,0x00,True,210,0,0
06:38:18.577,06:38:18.577,137038.237,0x8E,0x00,True,211,0,0
06:38:48.577,06:38:48.577,137068.237,0x8E,0x00,True,212,0,0
06:39:18.578,06:39:18.578,137098.238,0x8E,0x00,True,213,0,0
06:39:48.573,06:39:48.573,137128.233,0x8E,0x00,True,214,0,0
06:40:18.583,06:40:18.583,137158.243,0x8E,0x00,True,215,0,0
06:40:48.572,06:40:48.572,137188.232,0x8E,0x00,True,216,0,0
06:41:18.577,06:41:18.577,137218.237,0x8E,0x00,True,217,0,0
06:41:48.577,06:41:48.577,137248.237,0x8E,0x00,True,218,0,0
06:42:18.578,06:42:18.578,137278.238,0x8E,0x00,True,219,0,0
06:42:48.583,06:42:48.583,137308.243,0x8E,0x00,True,220,0,0
06:43:18.572,06:43:18.572,137338.232,0x8E,0x00,True,221,0,0
06:43:48.577,06:43:48.577,137368.237,0x8E,0x00,True,222,0,0
06:44:18.572,06:44:18.572,137398.232,0x8E,0x00,True,223,0,0
06:44:48.572,06:44:48.572,137428.232,0x8E,0x00,True,224,0,0
06:45:18.573,06:45:18.573,137458.233,0x8E,0x00,True,225,0,0
06:45:48.572,06:45:48.572,137488.232,0x8E,0x00,True,226,0,0
06:46:18.572,06:46:18.572,137518.232,0x8E,0x00,True,227,0,0
06:46:48.567,06:46:48.567,137548.227,0x8E,0x00,True,228,0,0
06:47:18.567,06:47:18.567,137578.227,0x8E,0x00,True,229,0,0
06:47:48.562,06:47:48.562,137608.222,0x8E,0x00,True,230,0,0
06:48:18.562,06:48:18.562,137638.222,0x8E,0x00,True,231,0,0
06:48:48.558,06:48:48.558,137668.218,0x8E,0x00,True,232,0,0
06:49:18.561,06:49:18.561,137698.221,0x8E,0x00,True,233,0,0
06:49:48.558,06:49:48.558,137728.218,0x8E,0x00,True,234,0,0
06:50:18.547,06:50:18.547,137758.207,0x8E,0x00,True,235,0,0
06:50:48.558,06:50:48.558,137788.218,0x8E,0x00,True,236,0,0
06:51:18.552,06:51:18.552,137818.212,0x8E,0x00,True,237,0,0
06:51:48.547,06:51:48.547,137848.207,0x8E,0x00,True,238,0,0
06:52:18.548,06:52:18.548,137878.208,0x8E,0x00,True,239,0,0
06:52:48.546,06:52:48.546,137908.206,0x8E,0x00,True,240,0,0
06:53:18.548,06:53:18.548,137938.208,0x8E,0x00,True,241,0,0
06:53:48.537,06:53:48.537,137968.197,0x8E,0x00,True,242,0,0
06:54:18.542,06:54:18.542,137998.202,0x8E,0x00,True,243,0,0
06:54:48.543,06:54:48.543,138028.203,0x8E,0x00,True,244,0,0
06:55:18.543,06:55:18.543,138058.203,0x8E,0x00,True,245,0,0
06:55:48.526,06:55:48.526,138088.186,0x8E,0x00,True,246,0,0
06:56:18.527,06:56:18.527,138118.187,0x8E,0x00,True,247,0,0
06:56:48.537,06:56:48.537,138148.197,0x8E,0x00,True,248,0,0
06:57:18.537,06:57:18.537,138178.197,0x8E,0x00,True,249,0,0
06:57:48.538,06:57:48.538,138208.198,0x8E,0x00,True,250,0,0
06:58:18.537,06:58:18.537,138238.197,0x8E,0x00,True,251,0,0
06:58:48.522,06:58:48.522,138268.182,0x8E,0x00,True,252,0,0
06:59:18.518,06:59:18.518,138298.178,0x8E,0x00,True,253,0,0
06:59:48.522,06:59:48.522,138328.182,0x8E,0x00,True,254,0,0
07:00:18.518,07:00:18.518,138358.178,0x8E,0x00,True,255,0,0
07:00:48.512,07:00:48.512,138388.172,0x8E,0x00,True,0,0,0
07:01:18.527,07:01:18.527,138418.187,0x8E,0x00,True,1,0,0
07:01:48.513,07:01:48.513,138448.173,0x8E,0x00,True,2,0,0
07:02:18.513,07:02:18.513,138478.173,0x8E,0x00,True,3,0,0
07:02:48.518,07:02:48.518,138508.178,0x8E,0x00,True,4,0,0
07:03:18.518,07:03:18.518,138538.178,0x8E,0x00,True,5,0,0
07:03:48.507,07:03:48.507,138568.167,0x8E,0x00,True,6,0,0
07:04:18.513,07:04:18.513,138598.173,0x8E,0x00,True,7,0,0
07:04:48.516,07:04:48.516,138628.176,0x8E,0x00,True,8,0,0
07:05:18.508,07:05:18.508,138658.168,0x8E,0x00,True,9,0,0
07:05:48.511,07:05:48.511,138688.171,0x8E,0x00,True,10,0,0
07:06:18.503,07:06:18.503,138718.163,0x8E,0x00,True,11,0,0
07:06:48.503,07:06:48.503,138748.163,0x8E,0x00,True,12,0,0
07:07:18.513,07:07:18.513,138778.173,0x8E,0x00,True,13,0,0
07:07:48.507,07:07:48.507,138808.167,0x8E,0x00,True,14,0,0
07:08:18.516,07:08:18.516,138838.176,0x8E,0x00,True,15,0,0
07:08:48.497,07:08:48.497,138868.157,0x8E,0x00,True,16,0,0
07:09:18.508,07:09:18.508,138898.168,0x8E,0x00,True,17,0,0
07:09:48.492,07:09:48.492,138928.152,0x8E,0x00,True,18,0,0
07:10:18.497,07:10:18.497,138958.157,0x8E,0x00,True,19,0,0
07:10:48.492,07:10:48.492,138988.152,0x8E,0x00,True,20,0,0
07:11:18.497,07:11:18.497,139018.157,0x8E,0x00,True,21,0,0
07:11:48.492,07:11:48.492,139048.152,0x8E,0x00,True,22,0,0
07:12:18.493,07:12:18.493,139078.153,0x8E,0x00,True,23,0,0
07:12:48.497,07:12:48.497,139108.157,0x8E,0x00,True,24,0,0
07:13:18.487,07:13:18.487,139138.147,0x8E,0x00,True,25,0,0
07:13:48.478,07:13:48.478,139168.138,0x8E,0x00,True,26,0,0
07:14:18.482,07:14:18.482,139198.142,0x8E,0x00,True,27,0,0
07:14:48.478,07:14:48.478,139228.138,0x8E,0x00,True,28,0,0
07:15:18.480,07:15:18.480,139258.14,0x8E,0x00,True,29,0,0
07:15:48.468,07:15:48.468,139288.128,0x8E,0x00,True,30,0,0
07:16:18.458,07:16:18.458,139318.118,0x8E,0x00,True,31,0,0
07:16:48.462,07:16:48.462,139348.122,0x8E,0x00,True,32,0,0
07:17:18.457,07:17:18.457,139378.117,0x8E,0x00,True,33,0,0
07:17:48.442,07:17:48.442,139408.102,0x8E,0x00,True,34,0,0
07:18:18.437,07:18:18.437,139438.097,0x8E,0x00,True,35,0,0
07:18:48.456,07:18:48.456,139468.116,0x8E,0x00,True,36,0,0
07:19:18.440,07:19:18.440,139498.1,0x8E,0x00,True,37,0,0
07:19:48.428,07:19:48.428,139528.088,0x8E,0x00,True,38,0,0
07:20:18.423,07:20:18.423,139558.083,0x8E,0x00,True,39,0,0
07:20:48.428,07:20:48.428,139588.088,0x8E,0x00,True,40,0,0
07:21:18.428,07:21:18.428,139618.088,0x8E,0x00,True,41,0,0
07:21:48.412,07:21:48.412,139648.072,0x8E,0x00,True,42,0,0
07:22:18.413,07:22:18.413,139678.073,0x8E,0x00,True,43,0,0
07:22:48.417,07:22:48.417,139708.077,0x8E,0x00,True,44,0,0
07:23:18.412,07:23:18.412,139738.072,0x8E,0x00,True,45,0,0
07:23:48.417,07:23:48.417,139768.077,0x8E,0x00,True,46,0,0
07:24:18.412,07:24:18.412,139798.072,0x8E,0x00,True,47,0,0
07:24:48.417,07:24:48.417,139828.077,0x8E,0x00,True,48,0,0
07:25:18.413,07:25:18.413,139858.073,0x8E,0x00,True,49,0,0
07:25:48.423,07:25:48.423,139888.083,0x8E,0x00,True,50,0,0
07:26:18.412,07:26:18.412,139918.072,0x8E,0x00,True,51,0,0
07:26:48.418,07:26:48.418,139948.078,0x8E,0x00,True,52,0,0
07:27:18.417,07:27:18.417,139978.077,0x8E,0x00,True,53,0,0
07:27:48.412,07:27:48.412,140008.072,0x8E,0x00,True,54,0,0
07:28:18.412,07:28:18.412,140038.072,0x8E,0x00,True,55,0,0
07:28:48.412,07:28:48.412,140068.072,0x8E,0x00,True,56,0,0
07:29:18.413,07:29:18.413,140098.073,0x8E,0x00,True,57,0,0
07:29:48.412,07:29:48.412,140128.072,0x8E,0x00,True,58,0,0
07:30:18.413,07:30:18.413,140158.073,0x8E,0x00,True,59,0,0
07:30:48.417,07:30:48.417,140188.077,0x8E,0x00,True,60,0,0
07:31:18.412,07:31:18.412,140218.072,0x8E,0x00,True,61,0,0
07:31:48.402,07:31:48.402,140248.062,0x8E,0x00,True,62,0,0
07:32:18.412,07:32:18.412,140278.072,0x8E,0x00,True,63,0,0
07:32:48.412,07:32:48.412,140308.072,0x8E,0x00,True,64,0,0
07:33:18.417,07:33:18.417,140338.077,0x8E,0x00,True,65,0,0
07:33:48.407,07:33:48.407,140368.067,0x8E,0x00,True,66,0,0
07:34:18.407,07:34:18.407,140398.067,0x8E,0x00,True,67,0,0
07:34:48.402,07:34:48.402,140428.062,0x8E,0x00,True,68,0,0
07:35:18.402,07:35:18.402,140458.062,0x8E,0x00,True,69,0,0
07:35:48.397,07:35:48.397,140488.057,0x8E,0x00,True,70,0,0
07:36:18.402,07:36:18.402,140518.062,0x8E,0x00,True,71,0,0
07:36:48.403,07:36:48.403,140548.063,0x8E,0x00,True,72,0,0
07:37:18.402,07:37:18.402,140578.062,0x8E,0x00,True,73,0,0
07:37:48.402,07:37:48.402,140608.062,0x8E,0x00,True,74,0,0
07:38:18.407,07:38:18.407,140638.067,0x8E,0x00,True,75,0,0
07:38:48.402,07:38:48.402,140668.062,0x8E,0x00,True,76,0,0
07:39:18.407,07:39:18.407,140698.067,0x8E,0x00,True,77,0,0
07:39:48.402,07:39:48.402,140728.062,0x8E,0x00,True,78,0,0
07:40:18.402,07:40:18.402,140758.062,0x8E,0x00,True,79,0,0
07:40:48.402,07:40:48.402,140788.062,0x8E,0x00,True,80,0,0
07:41:18.402,07:41:18.402,140818.062,0x8E,0x00,True,81,0,0
07:41:48.407,07:41:48.407,140848.067,0x8E,0x00,True,82,0,0
07:42:18.407,07:42:18.407,140878.067,0x8E,0x00,True,83,0,0
07:42:48.412,07:42:48.412,140908.072,0x8E,0x00,True,84,0,0
07:43:18.407,07:43:18.407,140938.067,0x8E,0x00,True,85,0,0
07:43:48.402,07:43:48.402,140968.062,0x8E,0x00,True,86,0,0
07:44:18.412,07:44:18.412,140998.072,0x8E,0x00,True,87,0,0
07:44:48.407,07:44:48.407,141028.067,0x8E,0x00,True,88,0,0
07:45:18.410,07:45:18.410,141058.07,0x8E,0x00,True,89,0,0
07:45:48.397,07:45:48.397,141088.057,0x8E,0x00,True,90,0,0
07:46:18.407,07:46:18.407,141118.067,0x8E,0x00,True,91,0,0
07:46:48.407,07:46:48.407,141148.067,0x8E,0x00,True,92,0,0
07:47:18.407,07:47:18.407,141178.067,0x8E,0x00,True,93,0,0
07:47:48.407,07:47:48.407,141208.067,0x8E,0x00,True,94,0,0
07:48:18.402,07:48:18.402,141238.062,0x8E,0x00,True,95,0,0
07:48:48.397,07:48:48.397,141268.057,0x8E,0x00,True,96,0,0
07:49:18.402,07:49:18.402,141298.062,0x8E,0x00,True,97,0,0
07:49:48.402,07:49:48.402,141328.062,0x8E,0x00,True,98,0,0
07:50:18.407,07:50:18.407,141358.067,0x8E,0x00,True,99,0,0
07:50:48.407,07:50:48.407,141388.067,0x8E,0x00,True,100,0,0
07:51:18.402,07:51:18.402,141418.062,0x8E,0x00,True,101,0,0
07:51:48.402,07:51:48.402,141448.062,0x8E,0x00,True,102,0,0
07:52:18.397,07:52:18.397,141478.057,0x8E,0x00,True,103,0,0
07:52:48.388,07:52:48.388,141508.048,0x8E,0x00,True,104,0,0
07:53:18.402,07:53:18.402,141538.062,0x8E,0x00,True,105,0,0
07:53:48.388,07:53:48.388,141568.048,0x8E,0x00,True,106,0,0
07:54:18.396,07:54:18.396,141598.056,0x8E,0x00,True,107,0,0
07:54:48.388,07:54:48.388,141628.048,0x8E,0x00,True,108,0,0
07:55:18.382,07:55:18.382,141658.042,0x8E,0x00,True,109,0,0
07:55:48.378,07:55:48.378,141688.038,0x8E,0x00,True,110,0,0
07:56:18.388,07:56:18.388,141718.048,0x8E,0x00,True,111,0,0
07:56:48.388,07:56:48.388,141748.048,0x8E,0x00,True,112,0,0
07:57:18.383,07:57:18.383,141778.043,0x8E,0x00,True,113,0,0
07:57:48.367,07:57:48.367,141808.027,0x8E,0x00,True,114,0,0
07:58:18.380,07:58:18.380,141838.04,0x8E,0x00,True,115,0,0
07:58:48.377,07:58:48.377,141868.037,0x8E,0x00,True,116,0,0
07:59:18.367,07:59:18.367,141898.027,0x8E,0x00,True,117,0,0
07:59:48.370,07:59:48.370,141928.03,0x8E,0x00,True,118,0,0
08:00:18.386,08:00:18.386,141958.046,0x8E,0x00,True,119,0,0
08:00:48.357,08:00:48.357,141988.017,0x8E,0x00,True,120,0,0
08:01:18.357,08:01:18.357,142018.017,0x8E,0x00,True,121,0,0
08:01:48.356,08:01:48.356,142048.016,0x8E,0x00,True,122,0,0
08:02:18.382,08:02:18.382,142078.042,0x8E,0x00,True,123,0,0
08:02:48.357,08:02:48.357,142108.017,0x8E,0x00,True,124,0,0
08:03:18.357,08:03:18.357,142138.017,0x8E,0x00,True,125,0,0
08:03:48.362,08:03:48.362,142168.022,0x8E,0x00,True,126,0,0
08:04:18.376,08:04:18.376,142198.036,0x8E,0x00,True,127,0,0
08:04:48.362,08:04:48.362,142228.022,0x8E,0x00,True,128,0,0
08:05:18.372,08:05:18.372,142258.032,0x8E,0x00,True,129,0,0
08:05:48.377,08:05:48.377,142288.037,0x8E,0x00,True,130,0,0
08:06:18.377,08:06:18.377,142318.037,0x8E,0x00,True,131,0,0
08:06:48.377,08:06:48.377,142348.037,0x8E,0x00,True,132,0,0
08:07:18.377,08:07:18.377,142378.037,0x8E,0x00,True,133,0,0
08:07:48.367,08:07:48.367,142408.027,0x8E,0x00,True,134,0,0
08:08:18.383,08:08:18.383,142438.043,0x8E,0x00,True,135,0,0
08:08:48.395,08:08:48.395,142468.055,0x8E,0x00,True,136,0,0
08:09:18.383,08:09:18.383,142498.043,0x8E,0x00,True,137,0,0
08:09:48.388,08:09:48.388,142528.048,0x8E,0x00,True,138,0,0
08:10:18.387,08:10:18.387,142558.047,0x8E,0x00,True,139,0,0
08:10:48.367,08:10:48.367,142588.027,0x8E,0x00,True,140,0,0
08:11:18.383,08:11:18.383,142618.043,0x8E,0x00,True,141,0,0
08:11:48.382,08:11:48.382,142648.042,0x8E,0x00,True,142,0,0
08:12:18.377,08:12:18.377,142678.037,0x8E,0x00,True,143,0,0
08:12:48.382,08:12:48.382,142708.042,0x8E,0x00,True,144,0,0
08:13:18.378,08:13:18.378,142738.038,0x8E,0x00,True,145,0,0
08:13:48.377,08:13:48.377,142768.037,0x8E,0x00,True,146,0,0
08:14:18.377,08:14:18.377,142798.037,0x8E,0x00,True,147,0,0
08:14:48.377,08:14:48.377,142828.037,0x8E,0x00,True,148,0,0
08:15:18.385,08:15:18.385,142858.045,0x8E,0x00,True,149,0,0
08:15:48.389,08:15:48.389,142888.049,0x8E,0x00,True,150,0,0
08:16:18.382,08:16:18.382,142918.042,0x8E,0x00,True,151,0,0
08:16:48.382,08:16:48.382,142948.042,0x8E,0x00,True,152,0,0
08:17:18.387,08:17:18.387,142978.047,0x8E,0x00,True,153,0,0
08:17:48.382,08:17:48.382,143008.042,0x8E,0x00,True,154,0,0
08:18:18.392,08:18:18.392,143038.052,0x8E,0x00,True,155,0,0
08:18:48.393,08:18:48.393,143068.053,0x8E,0x00,True,156,0,0
08:19:18.397,08:19:18.397,143098.057,0x8E,0x00,True,157,0,0
08:19:48.393,08:19:48.393,143128.053,0x8E,0x00,True,158,0,0
08:20:18.388,08:20:18.388,143158.048,0x8E,0x00,True,159,0,0
08:20:48.402,08:20:48.402,143188.062,0x8E,0x00,True,160,0,0
08:21:18.397,08:21:18.397,143218.057,0x8E,0x00,True,161,0,0
08:21:48.388,08:21:48.388,143248.048,0x8E,0x00,True,162,0,0
08:22:18.415,08:22:18.415,143278.075,0x8E,0x00,True,163,0,0
08:22:48.402,08:22:48.402,143308.062,0x8E,0x00,True,164,0,0
08:23:18.407,08:23:18.407,143338.067,0x8E,0x00,True,165,0,0
08:23:48.407,08:23:48.407,143368.067,0x8E,0x00,True,166,0,0
08:24:18.407,08:24:18.407,143398.067,0x8E,0x00,True,167,0,0
08:24:48.397,08:24:48.397,143428.057,0x8E,0x00,True,168,0,0
08:25:18.407,08:25:18.407,143458.067,0x8E,0x00,True,169,0,0
08:25:48.402,08:25:48.402,143488.062,0x8E,0x00,True,170,0,0
08:26:18.412,08:26:18.412,143518.072,0x8E,0x00,True,171,0,0
08:26:48.403,08:26:48.403,143548.063,0x8E,0x00,True,172,0,0
08:27:18.407,08:27:18.407,143578.067,0x8E,0x00,True,173,0,0
08:27:48.412,08:27:48.412,143608.072,0x8E,0x00,True,174,0,0
08:28:18.417,08:28:18.417,143638.077,0x8E,0x00,True,175,0,0
08:28:48.418,08:28:48.418,143668.078,0x8E,0x00,True,176,0,0
08:29:18.412,08:29:18.412,143698.072,0x8E,0x00,True,177,0,0
08:29:48.402,08:29:48.402,143728.062,0x8E,0x00,True,178,0,0
08:30:18.412,08:30:18.412,143758.072,0x8E,0x00,True,179,0,0
08:30:48.418,08:30:48.418,143788.078,0x8E,0x00,True,180,0,0
08:31:18.412,08:31:18.412,143818.072,0x8E,0x00,True,181,0,0
08:31:48.417,08:31:48.417,143848.077,0x8E,0x00,True,182,0,0
08:32:18.412,08:32:18.412,143878.072,0x8E,0x00,True,183,0,0
08:32:48.407,08:32:48.407,143908.067,0x8E,0x00,True,184,0,0
08:33:18.407,08:33:18.407,143938.067,0x8E,0x00,True,185,0,0
08:33:48.397,08:33:48.397,143968.057,0x8E,0x00,True,186,0,0
08:34:18.407,08:34:18.407,143998.067,0x8E,0x00,True,187,0,0
08:34:48.397,08:34:48.397,144028.057,0x8E,0x00,True,188,0,0
08:35:18.407,08:35:18.407,144058.067,0x8E,0x00,True,189,0,0
08:35:48.407,08:35:48.407,144088.067,0x8E,0x00,True,190,0,0
08:36:18.413,08:36:18.413,144118.073,0x8E,0x00,True,191,0,0
08:36:48.402,08:36:48.402,144148.062,0x8E,0x00,True,192,0,0
08:37:18.412,08:37:18.412,144178.072,0x8E,0x00,True,193,0,0
08:37:48.412,08:37:48.412,144208.072,0x8E,0x00,True,194,0,0
08:38:18.410,08:38:18.410,144238.07,0x8E,0x00,True,195,0,0
08:38:48.412,08:38:48.412,144268.072,0x8E,0x00,True,196,0,0
08:39:18.407,08:39:18.407,144298.067,0x8E,0x00,True,197,0,0
08:39:48.412,08:39:48.412,144328.072,0x8E,0x00,True,198,0,0
08:40:18.413,08:40:18.413,144358.073,0x8E,0x00,True,199,0,0
08:40:48.412,08:40:48.412,144388.072,0x8E,0x00,True,200,0,0
08:41:18.413,08:41:18.413,144418.073,0x8E,0x00,True,201,0,0
08:41:48.412,08:41:48.412,144448.072,0x8E,0x00,True,202,0,0
08:42:18.412,08:42:18.412,144478.072,0x8E,0x00,True,203,0,0
08:42:48.417,08:42:48.417,144508.077,0x8E,0x00,True,204,0,0
08:43:18.412,08:43:18.412,144538.072,0x8E,0x00,True,205,0,0
08:43:48.626,08:43:48.626,144568.286,0x8E,0x00,True,206,0,0
08:44:18.432,08:44:18.432,144598.092,0x8E,0x00,True,207,0,0
08:44:48.432,08:44:48.432,144628.092,0x8E,0x00,True,208,0,0
08:45:18.432,08:45:18.432,144658.092,0x8E,0x00,True,209,0,0
08:45:48.432,08:45:48.432,144688.092,0x8E,0x00,True,210,0,0
08:46:18.464,08:46:18.464,144718.124,0x8E,0x00,True,211,0,0
08:46:48.441,08:46:48.441,144748.101,0x8E,0x00,True,212,0,0
08:47:18.432,08:47:18.432,144778.092,0x8E,0x00,True,213,0,0
08:47:48.459,08:47:48.459,144808.119,0x8E,0x00,True,214,0,0
08:48:18.432,08:48:18.432,144838.092,0x8E,0x00,True,215,0,0
08:48:58.461,08:48:58.461,144878.121,0x8E,0x00,True,216,0,0
08:49:18.431,08:49:18.431,144898.091,0x8E,0x00,True,217,0,0
08:49:48.431,08:49:48.431,144928.091,0x8E,0x00,True,218,0,0
08:50:18.431,08:50:18.431,144958.091,0x8E,0x00,True,219,0,0
08:50:48.483,08:50:48.483,144988.143,0x8E,0x00,True,220,0,0
08:51:18.461,08:51:18.461,145018.121,0x8E,0x00,True,221,0,0
08:51:48.473,08:51:48.473,145048.133,0x8E,0x00,True,222,0,0
08:52:18.467,08:52:18.467,145078.127,0x8E,0x00,True,223,0,0
08:52:48.506,08:52:48.506,145108.166,0x8E,0x00,True,224,0,0
08:53:18.475,08:53:18.475,145138.135,0x8E,0x00,True,225,0,0
08:53:48.471,08:53:48.471,145168.131,0x8E,0x00,True,226,0,0
08:54:18.467,08:54:18.467,145198.127,0x8E,0x00,True,227,0,0
08:54:48.459,08:54:48.459,145228.119,0x8E,0x00,True,228,0,0
08:55:18.505,08:55:18.505,145258.165,0x8E,0x00,True,229,0,0
08:55:48.471,08:55:48.471,145288.131,0x8E,0x00,True,230,0,0
08:56:18.499,08:56:18.499,145318.159,0x8E,0x00,True,231,0,0
08:56:48.499,08:56:48.499,145348.159,0x8E,0x00,True,232,0,0
08:57:18.471,08:57:18.471,145378.131,0x8E,0x00,True,233,0,0
08:57:48.471,08:57:48.471,145408.131,0x8E,0x00,True,234,0,0
08:58:18.502,08:58:18.502,145438.162,0x8E,0x00,True,235,0,0
08:58:48.486,08:58:48.486,145468.146,0x8E,0x00,True,236,0,0
08:59:18.510,08:59:18.510,145498.17,0x8E,0x00,True,237,0,0
08:59:48.498,08:59:48.498,145528.158,0x8E,0x00,True,238,0,0
09:00:18.514,09:00:18.514,145558.174,0x8E,0x00,True,239,0,0
09:00:48.511,09:00:48.511,145588.171,0x8E,0x00,True,240,0,0
09:01:18.510,09:01:18.510,145618.17,0x8E,0x00,True,241,0,0
09:01:48.510,09:01:48.510,145648.17,0x8E,0x00,True,242,0,0
09:02:18.510,09:02:18.510,145678.17,0x8E,0x00,True,243,0,0
09:02:48.510,09:02:48.510,145708.17,0x8E,0x00,True,244,0,0
09:03:18.500,09:03:18.500,145738.16,0x8E,0x00,True,245,0,0
09:03:48.510,09:03:48.510,145768.17,0x8E,0x00,True,246,0,0
09:04:18.538,09:04:18.538,145798.198,0x8E,0x00,True,247,0,0
09:04:48.514,09:04:48.514,145828.174,0x8E,0x00,True,248,0,0
09:05:18.603,09:05:18.603,145858.263,0x8E,0x00,True,249,0,0
09:05:48.510,09:05:48.510,145888.17,0x8E,0x00,True,250,0,0
09:06:18.520,09:06:18.520,145918.18,0x8E,0x00,True,251,0,0
09:06:48.589,09:06:48.589,145948.249,0x8E,0x00,True,252,0,0
09:07:18.540,09:07:18.540,145978.2,0x8E,0x00,True,253,0,0
09:07:48.518,09:07:48.518,146008.178,0x8E,0x00,True,254,0,0
09:08:18.547,09:08:18.547,146038.207,0x8E,0x00,True,255,0,0
09:08:48.498,09:08:48.498,146068.158,0x8E,0x00,True,0,0,0
09:09:18.551,09:09:18.551,146098.211,0x8E,0x00,True,1,0,0
09:09:48.586,09:09:48.586,146128.246,0x8E,0x00,True,2,0,0
09:10:18.510,09:10:18.510,146158.17,0x8E,0x00,True,3,0,0
09:10:48.510,09:10:48.510,146188.17,0x8E,0x00,True,4,0,0
09:11:18.618,09:11:18.618,146218.278,0x8E,0x00,True,5,0,0
09:11:48.511,09:11:48.511,146248.171,0x8E,0x00,True,6,0,0
09:12:18.550,09:12:18.550,146278.21,0x8E,0x00,True,7,0,0
09:12:48.518,09:12:48.518,146308.178,0x8E,0x00,True,8,0,0
09:13:18.566,09:13:18.566,146338.226,0x8E,0x00,True,9,0,0
09:13:48.510,09:13:48.510,146368.17,0x8E,0x00,True,10,0,0
09:14:18.510,09:14:18.510,146398.17,0x8E,0x00,True,11,0,0
09:14:48.511,09:14:48.511,146428.171,0x8E,0x00,True,12,0,0
09:15:18.538,09:15:18.538,146458.198,0x8E,0x00,True,13,0,0
09:15:48.511,09:15:48.511,146488.171,0x8E,0x00,True,14,0,0
09:16:18.538,09:16:18.538,146518.198,0x8E,0x00,True,15,0,0
09:16:48.498,09:16:48.498,146548.158,0x8E,0x00,True,16,0,0
09:17:18.511,09:17:18.511,146578.171,0x8E,0x00,True,17,0,0
09:17:48.498,09:17:48.498,146608.158,0x8E,0x00,True,18,0,0
09:18:18.506,09:18:18.506,146638.166,0x8E,0x00,True,19,0,0
09:18:48.510,09:18:48.510,146668.17,0x8E,0x00,True,20,0,0
09:19:18.519,09:19:18.519,146698.179,0x8E,0x00,True,21,0,0
09:19:48.471,09:19:48.471,146728.131,0x8E,0x00,True,22,0,0
09:20:18.520,09:20:18.520,146758.18,0x8E,0x00,True,23,0,0
09:20:48.546,09:20:48.546,146788.206,0x8E,0x00,True,24,0,0
09:21:18.478,09:21:18.478,146818.138,0x8E,0x00,True,25,0,0
09:21:48.472,09:21:48.472,146848.132,0x8E,0x00,True,26,0,0
09:22:18.458,09:22:18.458,146878.118,0x8E,0x00,True,27,0,0
09:22:48.470,09:22:48.470,146908.13,0x8E,0x00,True,28,0,0
09:23:18.470,09:23:18.470,146938.13,0x8E,0x00,True,29,0,0
09:23:48.498,09:23:48.498,146968.158,0x8E,0x00,True,30,0,0
09:24:18.458,09:24:18.458,146998.118,0x8E,0x00,True,31,0,0
09:24:48.506,09:24:48.506,147028.166,0x8E,0x00,True,32,0,0
09:25:18.479,09:25:18.479,147058.139,0x8E,0x00,True,33,0,0
09:25:48.470,09:25:48.470,147088.13,0x8E,0x00,True,34,0,0
09:26:18.473,09:26:18.473,147118.133,0x8E,0x00,True,35,0,0
09:26:48.470,09:26:48.470,147148.13,0x8E,0x00,True,36,0,0
09:27:18.458,09:27:18.458,147178.118,0x8E,0x00,True,37,0,0
09:27:48.470,09:27:48.470,147208.13,0x8E,0x00,True,38,0,0
09:28:18.470,09:28:18.470,147238.13,0x8E,0x00,True,39,0,0
09:28:48.479,09:28:48.479,147268.139,0x8E,0x00,True,40,0,0
09:29:18.470,09:29:18.470,147298.13,0x8E,0x00,True,41,0,0
09:29:48.470,09:29:48.470,147328.13,0x8E,0x00,True,42,0,0
09:30:18.470,09:30:18.470,147358.13,0x8E,0x00,True,43,0,0
09:30:48.498,09:30:48.498,147388.158,0x8E,0x00,True,44,0,0
09:31:18.470,09:31:18.470,147418.13,0x8E,0x00,True,45,0,0
09:31:48.498,09:31:48.498,147448.158,0x8E,0x00,True,46,0,0
09:32:18.515,09:32:18.515,147478.175,0x8E,0x00,True,47,0,0
09:32:48.510,09:32:48.510,147508.17,0x8E,0x00,True,48,0,0
09:33:18.500,09:33:18.500,147538.16,0x8E,0x00,True,49,0,0
09:33:48.470,09:33:48.470,147568.13,0x8E,0x00,True,50,0,0
09:34:18.498,09:34:18.498,147598.158,0x8E,0x00,True,51,0,0
09:34:48.510,09:34:48.510,147628.17,0x8E,0x00,True,52,0,0
09:35:18.510,09:35:18.510,147658.17,0x8E,0x00,True,53,0,0
09:35:48.513,09:35:48.513,147688.173,0x8E,0x00,True,54,0,0
09:36:18.541,09:36:18.541,147718.201,0x8E,0x00,True,55,0,0
09:36:48.521,09:36:48.521,147748.181,0x8E,0x00,True,56,0,0
09:37:18.520,09:37:18.520,147778.18,0x8E,0x00,True,57,0,0
09:37:48.472,09:37:48.472,147808.132,0x8E,0x00,True,58,0,0
09:38:18.479,09:38:18.479,147838.139,0x8E,0x00,True,59,0,0
09:38:48.512,09:38:48.512,147868.172,0x8E,0x00,True,60,0,0
09:39:18.495,09:39:18.495,147898.155,0x8E,0x00,True,61,0,0
09:39:48.473,09:39:48.473,147928.133,0x8E,0x00,True,62,0,0
09:40:18.514,09:40:18.514,147958.174,0x8E,0x00,True,63,0,0
09:40:48.519,09:40:48.519,147988.179,0x8E,0x00,True,64,0,0
09:41:18.535,09:41:18.535,148018.195,0x8E,0x00,True,65,0,0
09:41:48.495,09:41:48.495,148048.155,0x8E,0x00,True,66,0,0
09:42:18.471,09:42:18.471,148078.131,0x8E,0x00,True,67,0,0
09:42:48.512,09:42:48.512,148108.172,0x8E,0x00,True,68,0,0
09:43:18.535,09:43:18.535,148138.195,0x8E,0x00,True,69,0,0
09:43:48.520,09:43:48.520,148168.18,0x8E,0x00,True,70,0,0
09:44:18.520,09:44:18.520,148198.18,0x8E,0x00,True,71,0,0
09:44:48.511,09:44:48.511,148228.171,0x8E,0x00,True,72,0,0
09:45:18.554,09:45:18.554,148258.214,0x8E,0x00,True,73,0,0
09:45:48.471,09:45:48.471,148288.131,0x8E,0x00,True,74,0,0
09:46:18.496,09:46:18.496,148318.156,0x8E,0x00,True,75,0,0
09:46:48.785,09:46:48.785,148348.445,0x8E,0x00,True,76,0,0
09:47:18.592,09:47:18.592,148378.252,0x8E,0x00,True,77,0,0
09:47:48.479,09:47:48.479,148408.139,0x8E,0x00,True,78,0,0
09:48:18.472,09:48:18.472,148438.132,0x8E,0x00,True,79,0,0
09:48:48.495,09:48:48.495,148468.155,0x8E,0x00,True,80,0,0
09:49:18.471,09:49:18.471,148498.131,0x8E,0x00,True,81,0,0
09:49:48.432,09:49:48.432,148528.092,0x8E,0x00,True,82,0,0
09:50:18.432,09:50:18.432,148558.092,0x8E,0x00,True,83,0,0
09:50:48.471,09:50:48.471,148588.131,0x8E,0x00,True,84,0,0
09:51:18.432,09:51:18.432,148618.092,0x8E,0x00,True,85,0,0
09:51:48.471,09:51:48.471,148648.131,0x8E,0x00,True,86,0,0
09:52:18.431,09:52:18.431,148678.091,0x8E,0x00,True,87,0,0
09:52:48.479,09:52:48.479,148708.139,0x8E,0x00,True,88,0,0
09:53:18.432,09:53:18.432,148738.092,0x8E,0x00,True,89,0,0
09:53:48.431,09:53:48.431,148768.091,0x8E,0x00,True,90,0,0
09:54:18.440,09:54:18.440,148798.1,0x8E,0x00,True,91,0,0
09:54:48.472,09:54:48.472,148828.132,0x8E,0x00,True,92,0,0
09:55:18.432,09:55:18.432,148858.092,0x8E,0x00,True,93,0,0
09:55:48.432,09:55:48.432,148888.092,0x8E,0x00,True,94,0,0
09:56:18.431,09:56:18.431,148918.091,0x8E,0x00,True,95,0,0
09:56:48.472,09:56:48.472,148948.132,0x8E,0x00,True,96,0,0
09:57:18.432,09:57:18.432,148978.092,0x8E,0x00,True,97,0,0
09:57:48.431,09:57:48.431,149008.091,0x8E,0x00,True,98,0,0
09:58:18.432,09:58:18.432,149038.092,0x8E,0x00,True,99,0,0
09:58:48.439,09:58:48.439,149068.099,0x8E,0x00,True,100,0,0
09:59:18.454,09:59:18.454,149098.114,0x8E,0x00,True,101,0,0
09:59:48.454,09:59:48.454,149128.114,0x8E,0x00,True,102,0,0
10:00:18.471,10:00:18.471,149158.131,0x8E,0x00,True,103,0,0
10:00:48.479,10:00:48.479,149188.139,0x8E,0x00,True,104,0,0
10:01:18.431,10:01:18.431,149218.091,0x8E,0x00,True,105,0,0
10:01:48.431,10:01:48.431,149248.091,0x8E,0x00,True,106,0,0
10:02:18.430,10:02:18.430,149278.09,0x8E,0x00,True,107,0,0
10:02:48.454,10:02:48.454,149308.114,0x8E,0x00,True,108,0,0
10:03:18.430,10:03:18.430,149338.09,0x8E,0x00,True,109,0,0
10:03:48.454,10:03:48.454,149368.114,0x8E,0x00,True,110,0,0
10:04:18.431,10:04:18.431,149398.091,0x8E,0x00,True,111,0,0
10:04:48.430,10:04:48.430,149428.09,0x8E,0x00,True,112,0,0
10:05:18.438,10:05:18.438,149458.098,0x8E,0x00,True,113,0,0
10:05:48.430,10:05:48.430,149488.09,0x8E,0x00,True,114,0,0
10:06:18.432,10:06:18.432,149518.092,0x8E,0x00,True,115,0,0
10:06:48.478,10:06:48.478,149548.138,0x8E,0x00,True,116,0,0
10:07:18.437,10:07:18.437,149578.097,0x8E,0x00,True,117,0,0
10:07:48.431,10:07:48.431,149608.091,0x8E,0x00,True,118,0,0
10:08:18.431,10:08:18.431,149638.091,0x8E,0x00,True,119,0,0
10:08:48.470,10:08:48.470,149668.13,0x8E,0x00,True,120,0,0
10:09:18.431,10:09:18.431,149698.091,0x8E,0x00,True,121,0,0
10:09:48.438,10:09:48.438,149728.098,0x8E,0x00,True,122,0,0
10:10:18.423,10:10:18.423,149758.083,0x8E,0x00,True,123,0,0
11:29:48.536,11:29:48.536,154528.196,0x8E,0x00,True,26,0,0
11:30:18.563,11:30:18.563,154558.223,0x8E,0x00,True,27,0,0
11:30:48.536,11:30:48.536,154588.196,0x8E,0x00,True,28,0,0
11:31:18.575,11:31:18.575,154618.235,0x8E,0x00,True,29,0,0
11:31:48.536,11:31:48.536,154648.196,0x8E,0x00,True,30,0,0
11:32:18.563,11:32:18.563,154678.223,0x8E,0x00,True,31,0,0
11:32:48.536,11:32:48.536,154708.196,0x8E,0x00,True,32,0,0
11:33:18.564,11:33:18.564,154738.224,0x8E,0x00,True,33,0,0
11:33:48.564,11:33:48.564,154768.224,0x8E,0x00,True,34,0,0
11:34:18.564,11:34:18.564,154798.224,0x8E,0x00,True,35,0,0
11:34:48.563,11:34:48.563,154828.223,0x8E,0x00,True,36,0,0
11:35:18.564,11:35:18.564,154858.224,0x8E,0x00,True,37,0,0
11:35:48.564,11:35:48.564,154888.224,0x8E,0x00,True,38,0,0
11:36:18.576,11:36:18.576,154918.236,0x8E,0x00,True,39,0,0
11:36:48.564,11:36:48.564,154948.224,0x8E,0x00,True,40,0,0
11:37:18.576,11:37:18.576,154978.236,0x8E,0x00,True,41,0,0
11:37:48.564,11:37:48.564,155008.224,0x8E,0x00,True,42,0,0
11:38:18.576,11:38:18.576,155038.236,0x8E,0x00,True,43,0,0
11:38:48.576,11:38:48.576,155068.236,0x8E,0x00,True,44,0,0
11:39:18.604,11:39:18.604,155098.264,0x8E,0x00,True,45,0,0
11:39:48.605,11:39:48.605,155128.265,0x8E,0x00,True,46,0,0
11:40:18.604,11:40:18.604,155158.264,0x8E,0x00,True,47,0,0
11:40:48.604,11:40:48.604,155188.264,0x8E,0x00,True,48,0,0
11:41:18.616,11:41:18.616,155218.276,0x8E,0x00,True,49,0,0
11:41:48.617,11:41:48.617,155248.277,0x8E,0x00,True,50,0,0
11:42:18.618,11:42:18.618,155278.278,0x8E,0x00,True,51,0,0
11:42:48.617,11:42:48.617,155308.277,0x8E,0x00,True,52,0,0
11:43:18.616,11:43:18.616,155338.276,0x8E,0x00,True,53,0,0
11:53:10.225,11:53:10.225,155929.885,0x8E,0x00,True,0,0,0
11:53:40.183,11:53:40.183,155959.843,0x8E,0x00,True,1,0,0
11:54:10.187,11:54:10.187,155989.847,0x8E,0x00,True,2,0,0
11:54:40.182,11:54:40.182,156019.842,0x8E,0x00,True,3,0,0
11:55:10.177,11:55:10.177,156049.837,0x8E,0x00,True,4,0,0
11:55:40.162,11:55:40.162,156079.822,0x8E,0x00,True,5,0,0
11:56:10.157,11:56:10.157,156109.817,0x8E,0x00,True,6,0,0
11:56:40.172,11:56:40.172,156139.832,0x8E,0x00,True,7,0,0
11:57:10.162,11:57:10.162,156169.822,0x8E,0x00,True,8,0,0
11:57:40.156,11:57:40.156,156199.816,0x8E,0x00,True,9,0,0
11:58:10.172,11:58:10.172,156229.832,0x8E,0x00,True,10,0,0
11:58:40.173,11:58:40.173,156259.833,0x8E,0x00,True,11,0,0
11:59:10.162,11:59:10.162,156289.822,0x8E,0x00,True,12,0,0
11:59:40.172,11:59:40.172,156319.832,0x8E,0x00,True,13,0,0
12:00:10.177,12:00:10.177,156349.837,0x8E,0x00,True,14,0,0
12:00:40.182,12:00:40.182,156379.842,0x8E,0x00,True,15,0,0
12:01:10.177,12:01:10.177,156409.837,0x8E,0x00,True,16,0,0
12:01:40.182,12:01:40.182,156439.842,0x8E,0x00,True,17,0,0
12:02:10.182,12:02:10.182,156469.842,0x8E,0x00,True,18,0,0
12:02:40.182,12:02:40.182,156499.842,0x8E,0x00,True,19,0,0
12:03:10.187,12:03:10.187,156529.847,0x8E,0x00,True,20,0,0
12:03:40.182,12:03:40.182,156559.842,0x8E,0x00,True,21,0,0
12:04:10.197,12:04:10.197,156589.857,0x8E,0x00,True,22,0,0
12:04:40.191,12:04:40.191,156619.851,0x8E,0x00,True,23,0,0
12:05:10.202,12:05:10.202,156649.862,0x8E,0x00,True,24,0,0
12:05:40.192,12:05:40.192,156679.852,0x8E,0x00,True,25,0,0
12:06:10.191,12:06:10.191,156709.851,0x8E,0x00,True,26,0,0
12:06:40.197,12:06:40.197,156739.857,0x8E,0x00,True,27,0,0
12:07:10.197,12:07:10.197,156769.857,0x8E,0x00,True,28,0,0
12:07:40.202,12:07:40.202,156799.862,0x8E,0x00,True,29,0,0
12:08:10.217,12:08:10.217,156829.877,0x8E,0x00,True,30,0,0
12:08:40.207,12:08:40.207,156859.867,0x8E,0x00,True,31,0,0
12:09:10.222,12:09:10.222,156889.882,0x8E,0x00,True,32,0,0
12:09:40.227,12:09:40.227,156919.887,0x8E,0x00,True,33,0,0
12:10:10.217,12:10:10.217,156949.877,0x8E,0x00,True,34,0,0
12:10:40.231,12:10:40.231,156979.891,0x8E,0x00,True,35,0,0
12:11:10.227,12:11:10.227,157009.887,0x8E,0x00,True,36,0,0
12:11:40.242,12:11:40.242,157039.902,0x8E,0x00,True,37,0,0
12:12:10.242,12:12:10.242,157069.902,0x8E,0x00,True,38,0,0
12:12:40.237,12:12:40.237,157099.897,0x8E,0x00,True,39,0,0
12:13:10.252,12:13:10.252,157129.912,0x8E,0x00,True,40,0,0
12:13:40.257,12:13:40.257,157159.917,0x8E,0x00,True,41,0,0
12:14:10.257,12:14:10.257,157189.917,0x8E,0x00,True,42,0,0
12:14:40.262,12:14:40.262,157219.922,0x8E,0x00,True,43,0,0
12:15:10.262,12:15:10.262,157249.922,0x8E,0x00,True,44,0,0
12:15:40.252,12:15:40.252,157279.912,0x8E,0x00,True,45,0,0
12:16:10.271,12:16:10.271,157309.931,0x8E,0x00,True,46,0,0
12:16:40.276,12:16:40.276,157339.936,0x8E,0x00,True,47,0,0
12:17:10.261,12:17:10.261,157369.921,0x8E,0x00,True,48,0,0
12:17:40.272,12:17:40.272,157399.932,0x8E,0x00,True,49,0,0
12:18:10.279,12:18:10.279,157429.939,0x8E,0x00,True,50,0,0
12:18:40.272,12:18:40.272,157459.932,0x8E,0x00,True,51,0,0
12:19:10.277,12:19:10.277,157489.937,0x8E,0x00,True,52,0,0
12:19:40.281,12:19:40.281,157519.941,0x8E,0x00,True,53,0,0
12:20:10.310,12:20:10.310,157549.97,0x8E,0x00,True,54,0,0
12:20:40.307,12:20:40.307,157579.967,0x8E,0x00,True,55,0,0
12:21:10.312,12:21:10.312,157609.972,0x8E,0x00,True,56,0,0
12:21:40.325,12:21:40.325,157639.985,0x8E,0x00,True,57,0,0
12:22:10.312,12:22:10.312,157669.972,0x8E,0x00,True,58,0,0
12:22:40.332,12:22:40.332,157699.992,0x8E,0x00,True,59,0,0
12:23:10.327,12:23:10.327,157729.987,0x8E,0x00,True,60,0,0
12:23:40.342,12:23:40.342,157760.002,0x8E,0x00,True,61,0,0
12:24:10.352,12:24:10.352,157790.012,0x8E,0x00,True,62,0,0
12:24:40.350,12:24:40.350,157820.01,0x8E,0x00,True,63,0,0
12:25:10.361,12:25:10.361,157850.021,0x8E,0x00,True,64,0,0
12:25:40.356,12:25:40.356,157880.016,0x8E,0x00,True,65,0,0
12:26:10.361,12:26:10.361,157910.021,0x8E,0x00,True,66,0,0
12:26:40.362,12:26:40.362,157940.022,0x8E,0x00,True,67,0,0
12:27:10.382,12:27:10.382,157970.042,0x8E,0x00,True,68,0,0
12:27:40.377,12:27:40.377,158000.037,0x8E,0x00,True,69,0,0
12:28:10.396,12:28:10.396,158030.056,0x8E,0x00,True,70,0,0
12:28:40.406,12:28:40.406,158060.066,0x8E,0x00,True,71,0,0
12:29:10.412,12:29:10.412,158090.072,0x8E,0x00,True,72,0,0
12:29:40.422,12:29:40.422,158120.082,0x8E,0x00,True,73,0,0
12:30:10.422,12:30:10.422,158150.082,0x8E,0x00,True,74,0,0
12:30:40.437,12:30:40.437,158180.097,0x8E,0x00,True,75,0,0
12:31:10.443,12:31:10.443,158210.103,0x8E,0x00,True,76,0,0
12:31:40.457,12:31:40.457,158240.117,0x8E,0x00,True,77,0,0
12:32:10.461,12:32:10.461,158270.121,0x8E,0x00,True,78,0,0
12:32:40.467,12:32:40.467,158300.127,0x8E,0x00,True,79,0,0
12:33:10.477,12:33:10.477,158330.137,0x8E,0x00,True,80,0,0
12:33:40.481,12:33:40.481,158360.141,0x8E,0x00,True,81,0,0
12:34:10.486,12:34:10.486,158390.146,0x8E,0x00,True,82,0,0
12:34:40.481,12:34:40.481,158420.141,0x8E,0x00,True,83,0,0
12:35:10.492,12:35:10.492,158450.152,0x8E,0x00,True,84,0,0
12:35:40.505,12:35:40.505,158480.165,0x8E,0x00,True,85,0,0
12:36:10.502,12:36:10.502,158510.162,0x8E,0x00,True,86,0,0
12:36:40.510,12:36:40.510,158540.17,0x8E,0x00,True,87,0,0
12:37:10.492,12:37:10.492,158570.152,0x8E,0x00,True,88,0,0
12:37:40.502,12:37:40.502,158600.162,0x8E,0x00,True,89,0,0
12:38:10.512,12:38:10.512,158630.172,0x8E,0x00,True,90,0,0
12:38:40.502,12:38:40.502,158660.162,0x8E,0x00,True,91,0,0
12:39:10.507,12:39:10.507,158690.167,0x8E,0x00,True,92,0,0
12:39:40.512,12:39:40.512,158720.172,0x8E,0x00,True,93,0,0
12:40:10.515,12:40:10.515,158750.175,0x8E,0x00,True,94,0,0
12:40:40.512,12:40:40.512,158780.172,0x8E,0x00,True,95,0,0
12:41:10.512,12:41:10.512,158810.172,0x8E,0x00,True,96,0,0
12:41:40.517,12:41:40.517,158840.177,0x8E,0x00,True,97,0,0
12:42:10.536,12:42:10.536,158870.196,0x8E,0x00,True,98,0,0
12:42:40.522,12:42:40.522,158900.182,0x8E,0x00,True,99,0,0
12:43:10.537,12:43:10.537,158930.197,0x8E,0x00,True,100,0,0
12:43:40.545,12:43:40.545,158960.205,0x8E,0x00,True,101,0,0
12:44:10.547,12:44:10.547,158990.207,0x8E,0x00,True,102,0,0
12:44:40.552,12:44:40.552,159020.212,0x8E,0x00,True,103,0,0
12:45:10.557,12:45:10.557,159050.217,0x8E,0x00,True,104,0,0
12:45:40.557,12:45:40.557,159080.217,0x8E,0x00,True,105,0,0
12:46:10.573,12:46:10.573,159110.233,0x8E,0x00,True,106,0,0
12:46:40.563,12:46:40.563,159140.223,0x8E,0x00,True,107,0,0
12:47:10.573,12:47:10.573,159170.233,0x8E,0x00,True,108,0,0
12:47:40.584,12:47:40.584,159200.244,0x8E,0x00,True,109,0,0
12:48:10.573,12:48:10.573,159230.233,0x8E,0x00,True,110,0,0
12:48:40.572,12:48:40.572,159260.232,0x8E,0x00,True,111,0,0
12:49:10.578,12:49:10.578,159290.238,0x8E,0x00,True,112,0,0
12:49:40.567,12:49:40.567,159320.227,0x8E,0x00,True,113,0,0
12:50:10.578,12:50:10.578,159350.238,0x8E,0x00,True,114,0,0
12:50:40.583,12:50:40.583,159380.243,0x8E,0x00,True,115,0,0
12:51:10.563,12:51:10.563,159410.223,0x8E,0x00,True,116,0,0
12:51:40.572,12:51:40.572,159440.232,0x8E,0x00,True,117,0,0
12:52:10.573,12:52:10.573,159470.233,0x8E,0x00,True,118,0,0
12:52:40.573,12:52:40.573,159500.233,0x8E,0x00,True,119,0,0
12:53:10.573,12:53:10.573,159530.233,0x8E,0x00,True,120,0,0
12:53:40.558,12:53:40.558,159560.218,0x8E,0x00,True,121,0,0
12:54:10.572,12:54:10.572,159590.232,0x8E,0x00,True,122,0,0
12:54:40.563,12:54:40.563,159620.223,0x8E,0x00,True,123,0,0
12:55:10.573,12:55:10.573,159650.233,0x8E,0x00,True,124,0,0
12:55:40.591,12:55:40.591,159680.251,0x8E,0x00,True,125,0,0
12:56:10.568,12:56:10.568,159710.228,0x8E,0x00,True,126,0,0
12:56:40.572,12:56:40.572,159740.232,0x8E,0x00,True,127,0,0
12:57:10.573,12:57:10.573,159770.233,0x8E,0x00,True,128,0,0
12:57:40.573,12:57:40.573,159800.233,0x8E,0x00,True,129,0,0
12:58:10.586,12:58:10.586,159830.246,0x8E,0x00,True,130,0,0
12:58:40.586,12:58:40.586,159860.246,0x8E,0x00,True,131,0,0
12:59:10.583,12:59:10.583,159890.243,0x8E,0x00,True,132,0,0
12:59:40.583,12:59:40.583,159920.243,0x8E,0x00,True,133,0,0
13:00:10.583,13:00:10.583,159950.243,0x8E,0x00,True,134,0,0
13:00:40.593,13:00:40.593,159980.253,0x8E,0x00,True,135,0,0
13:01:10.583,13:01:10.583,160010.243,0x8E,0x00,True,136,0,0
13:01:40.588,13:01:40.588,160040.248,0x8E,0x00,True,137,0,0
13:02:10.588,13:02:10.588,160070.248,0x8E,0x00,True,138,0,0
13:02:40.608,13:02:40.608,160100.268,0x8E,0x00,True,139,0,0
13:03:10.603,13:03:10.603,160130.263,0x8E,0x00,True,140,0,0
13:03:40.618,13:03:40.618,160160.278,0x8E,0x00,True,141,0,0
13:04:10.628,13:04:10.628,160190.288,0x8E,0x00,True,142,0,0
13:04:40.633,13:04:40.633,160220.293,0x8E,0x00,True,143,0,0
13:05:10.643,13:05:10.643,160250.303,0x8E,0x00,True,144,0,0
13:05:40.655,13:05:40.655,160280.315,0x8E,0x00,True,145,0,0
13:06:10.658,13:06:10.658,160310.318,0x8E,0x00,True,146,0,0
13:06:40.666,13:06:40.666,160340.326,0x8E,0x00,True,147,0,0
13:07:10.679,13:07:10.679,160370.339,0x8E,0x00,True,148,0,0
13:07:40.673,13:07:40.673,160400.333,0x8E,0x00,True,149,0,0
13:08:10.684,13:08:10.684,160430.344,0x8E,0x00,True,150,0,0
13:08:40.708,13:08:40.708,160460.368,0x8E,0x00,True,151,0,0
13:09:10.726,13:09:10.726,160490.386,0x8E,0x00,True,152,0,0
13:09:40.728,13:09:40.728,160520.388,0x8E,0x00,True,153,0,0
13:10:10.743,13:10:10.743,160550.403,0x8E,0x00,True,154,0,0
13:10:40.762,13:10:40.762,160580.422,0x8E,0x00,True,155,0,0
13:11:10.762,13:11:10.762,160610.422,0x8E,0x00,True,156,0,0
13:11:40.782,13:11:40.782,160640.442,0x8E,0x00,True,157,0,0
13:12:10.802,13:12:10.802,160670.462,0x8E,0x00,True,158,0,0
13:12:40.830,13:12:40.830,160700.49,0x8E,0x00,True,159,0,0
13:13:10.822,13:13:10.822,160730.482,0x8E,0x00,True,160,0,0
13:13:40.822,13:13:40.822,160760.482,0x8E,0x00,True,161,0,0
13:14:10.842,13:14:10.842,160790.502,0x8E,0x00,True,162,0,0
13:14:40.882,13:14:40.882,160820.542,0x8E,0x00,True,163,0,0
13:15:10.882,13:15:10.882,160850.542,0x8E,0x00,True,164,0,0
13:15:40.882,13:15:40.882,160880.542,0x8E,0x00,True,165,0,0
13:16:10.901,13:16:10.901,160910.561,0x8E,0x00,True,166,0,0
13:16:40.922,13:16:40.922,160940.582,0x8E,0x00,True,167,0,0
13:17:10.941,13:17:10.941,160970.601,0x8E,0x00,True,168,0,0
13:17:40.962,13:17:40.962,161000.622,0x8E,0x00,True,169,0,0
13:18:10.962,13:18:10.962,161030.622,0x8E,0x00,True,170,0,0
13:18:40.981,13:18:40.981,161060.641,0x8E,0x00,True,171,0,0
13:19:11.002,13:19:11.002,161090.662,0x8E,0x00,True,172,0,0
13:19:41.005,13:19:41.005,161120.665,0x8E,0x00,True,173,0,0
13:20:11.021,13:20:11.021,161150.681,0x8E,0x00,True,174,0,0
13:20:41.042,13:20:41.042,161180.702,0x8E,0x00,True,175,0,0
13:21:11.070,13:21:11.070,161210.73,0x8E,0x00,True,176,0,0
13:21:41.082,13:21:41.082,161240.742,0x8E,0x00,True,177,0,0
13:22:11.081,13:22:11.081,161270.741,0x8E,0x00,True,178,0,0
13:22:41.122,13:22:41.122,161300.782,0x8E,0x00,True,179,0,0
13:23:11.142,13:23:11.142,161330.802,0x8E,0x00,True,180,0,0
13:23:41.142,13:23:41.142,161360.802,0x8E,0x00,True,181,0,0
13:24:11.162,13:24:11.162,161390.822,0x8E,0x00,True,182,0,0
13:24:41.182,13:24:41.182,161420.842,0x8E,0x00,True,183,0,0
13:25:11.202,13:25:11.202,161450.862,0x8E,0x00,True,184,0,0
13:25:41.202,13:25:41.202,161480.862,0x8E,0x00,True,185,0,0
13:26:11.222,13:26:11.222,161510.882,0x8E,0x00,True,186,0,0
13:26:41.262,13:26:41.262,161540.922,0x8E,0x00,True,187,0,0
13:27:11.282,13:27:11.282,161570.942,0x8E,0x00,True,188,0,0
13:27:41.302,13:27:41.302,161600.962,0x8E,0x00,True,189,0,0
13:28:11.321,13:28:11.321,161630.981,0x8E,0x00,True,190,0,0
13:28:41.321,13:28:41.321,161660.981,0x8E,0x00,True,191,0,0
13:29:11.362,13:29:11.362,161691.022,0x8E,0x00,True,192,0,0
13:29:41.382,13:29:41.382,161721.042,0x8E,0x00,True,193,0,0
13:30:11.382,13:30:11.382,161751.042,0x8E,0x00,True,194,0,0
13:30:41.402,13:30:41.402,161781.062,0x8E,0x00,True,195,0,0
13:31:13.497,13:31:13.497,161813.157,0x8E,0x00,True,196,0,0
13:31:41.441,13:31:41.441,161841.101,0x8E,0x00,True,197,0,0
13:32:11.462,13:32:11.462,161871.122,0x8E,0x00,True,198,0,0
13:32:41.472,13:32:41.472,161901.132,0x8E,0x00,True,199,0,0
13:33:11.515,13:33:11.515,161931.175,0x8E,0x00,True,200,0,0
13:33:41.527,13:33:41.527,161961.187,0x8E,0x00,True,201,0,0
13:34:11.537,13:34:11.537,161991.197,0x8E,0x00,True,202,0,0
13:34:41.562,13:34:41.562,162021.222,0x8E,0x00,True,203,0,0
13:35:11.582,13:35:11.582,162051.242,0x8E,0x00,True,204,0,0
13:35:41.611,13:35:41.611,162081.271,0x8E,0x00,True,205,0,0
13:36:11.637,13:36:11.637,162111.297,0x8E,0x00,True,206,0,0
13:36:41.656,13:36:41.656,162141.316,0x8E,0x00,True,207,0,0
13:37:11.682,13:37:11.682,162171.342,0x8E,0x00,True,208,0,0
13:37:41.702,13:37:41.702,162201.362,0x8E,0x00,True,209,0,0
13:38:11.712,13:38:11.712,162231.372,0x8E,0x00,True,210,0,0
13:38:41.747,13:38:41.747,162261.407,0x8E,0x00,True,211,0,0
13:39:11.757,13:39:11.757,162291.417,0x8E,0x00,True,212,0,0
13:39:41.782,13:39:41.782,162321.442,0x8E,0x00,True,213,0,0
13:40:11.816,13:40:11.816,162351.476,0x8E,0x00,True,214,0,0
13:40:41.842,13:40:41.842,162381.502,0x8E,0x00,True,215,0,0
13:41:11.856,13:41:11.856,162411.516,0x8E,0x00,True,216,0,0
13:41:41.888,13:41:41.888,162441.548,0x8E,0x00,True,217,0,0
13:42:11.906,13:42:11.906,162471.566,0x8E,0x00,True,218,0,0
13:42:41.932,13:42:41.932,162501.592,0x8E,0x00,True,219,0,0
13:43:11.957,13:43:11.957,162531.617,0x8E,0x00,True,220,0,0
13:43:41.962,13:43:41.962,162561.622,0x8E,0x00,True,221,0,0
13:44:11.997,13:44:11.997,162591.657,0x8E,0x00,True,222,0,0
13:44:42.007,13:44:42.007,162621.667,0x8E,0x00,True,223,0,0
13:45:12.027,13:45:12.027,162651.687,0x8E,0x00,True,224,0,0
13:45:42.070,13:45:42.070,162681.73,0x8E,0x00,True,225,0,0
13:46:12.072,13:46:12.072,162711.732,0x8E,0x00,True,226,0,0
13:46:42.097,13:46:42.097,162741.757,0x8E,0x00,True,227,0,0
13:47:12.132,13:47:12.132,162771.792,0x8E,0x00,True,228,0,0
13:47:42.152,13:47:42.152,162801.812,0x8E,0x00,True,229,0,0
13:48:12.172,13:48:12.172,162831.832,0x8E,0x00,True,230,0,0
13:48:42.202,13:48:42.202,162861.862,0x8E,0x00,True,231,0,0
13:49:12.207,13:49:12.207,162891.867,0x8E,0x00,True,232,0,0
13:49:42.242,13:49:42.242,162921.902,0x8E,0x00,True,233,0,0
13:50:12.262,13:50:12.262,162951.922,0x8E,0x00,True,234,0,0
13:50:42.271,13:50:42.271,162981.931,0x8E,0x00,True,235,0,0
13:51:12.302,13:51:12.302,163011.962,0x8E,0x00,True,236,0,0
13:51:42.335,13:51:42.335,163041.995,0x8E,0x00,True,237,0,0
13:52:12.337,13:52:12.337,163071.997,0x8E,0x00,True,238,0,0
13:52:42.377,13:52:42.377,163102.037,0x8E,0x00,True,239,0,0
13:53:12.401,13:53:12.401,163132.061,0x8E,0x00,True,240,0,0
13:53:42.428,13:53:42.428,163162.088,0x8E,0x00,True,241,0,0
13:54:12.447,13:54:12.447,163192.107,0x8E,0x00,True,242,0,0
13:54:42.452,13:54:42.452,163222.112,0x8E,0x00,True,243,0,0
13:55:12.492,13:55:12.492,163252.152,0x8E,0x00,True,244,0,0
13:55:42.521,13:55:42.521,163282.181,0x8E,0x00,True,245,0,0
13:56:12.537,13:56:12.537,163312.197,0x8E,0x00,True,246,0,0
13:56:42.562,13:56:42.562,163342.222,0x8E,0x00,True,247,0,0
13:57:12.577,13:57:12.577,163372.237,0x8E,0x00,True,248,0,0
13:57:42.597,13:57:42.597,163402.257,0x8E,0x00,True,249,0,0
13:58:12.632,13:58:12.632,163432.292,0x8E,0x00,True,250,0,0
13:58:42.651,13:58:42.651,163462.311,0x8E,0x00,True,251,0,0
13:59:12.667,13:59:12.667,163492.327,0x8E,0x00,True,252,0,0
13:59:42.687,13:59:42.687,163522.347,0x8E,0x00,True,253,0,0
14:00:12.706,14:00:12.706,163552.366,0x8E,0x00,True,254,0,0
14:00:42.726,14:00:42.726,163582.386,0x8E,0x00,True,255,0,0
14:01:12.736,14:01:12.736,163612.396,0x8E,0x00,True,0,0,0
14:01:42.756,14:01:42.756,163642.416,0x8E,0x00,True,1,0,0
14:02:12.786,14:02:12.786,163672.446,0x8E,0x00,True,2,0,0
14:02:42.806,14:02:42.806,163702.466,0x8E,0x00,True,3,0,0
14:03:12.826,14:03:12.826,163732.486,0x8E,0x00,True,4,0,0
14:03:42.841,14:03:42.841,163762.501,0x8E,0x00,True,5,0,0
14:04:12.865,14:04:12.865,163792.525,0x8E,0x00,True,6,0,0
14:04:42.886,14:04:42.886,163822.546,0x8E,0x00,True,7,0,0
14:05:12.900,14:05:12.900,163852.56,0x8E,0x00,True,8,0,0
14:05:42.898,14:05:42.898,163882.558,0x8E,0x00,True,9,0,0
14:06:12.936,14:06:12.936,163912.596,0x8E,0x00,True,10,0,0
14:06:42.961,14:06:42.961,163942.621,0x8E,0x00,True,11,0,0
14:07:12.971,14:07:12.971,163972.631,0x8E,0x00,True,12,0,0
14:07:42.986,14:07:42.986,164002.646,0x8E,0x00,True,13,0,0
14:08:13.001,14:08:13.001,164032.661,0x8E,0x00,True,14,0,0
14:08:43.031,14:08:43.031,164062.691,0x8E,0x00,True,15,0,0
14:09:13.062,14:09:13.062,164092.722,0x8E,0x00,True,16,0,0
14:09:43.065,14:09:43.065,164122.725,0x8E,0x00,True,17,0,0
14:10:13.101,14:10:13.101,164152.761,0x8E,0x00,True,18,0,0
14:10:43.126,14:10:43.126,164182.786,0x8E,0x00,True,19,0,0
14:11:13.141,14:11:13.141,164212.801,0x8E,0x00,True,20,0,0
14:11:43.171,14:11:43.171,164242.831,0x8E,0x00,True,21,0,0
14:12:13.191,14:12:13.191,164272.851,0x8E,0x00,True,22,0,0
14:12:43.216,14:12:43.216,164302.876,0x8E,0x00,True,23,0,0
14:13:13.241,14:13:13.241,164332.901,0x8E,0x00,True,24,0,0
14:13:43.276,14:13:43.276,164362.936,0x8E,0x00,True,25,0,0
14:14:13.309,14:14:13.309,164392.969,0x8E,0x00,True,26,0,0
14:14:43.331,14:14:43.331,164422.991,0x8E,0x00,True,27,0,0
14:15:13.352,14:15:13.352,164453.012,0x8E,0x00,True,28,0,0
14:15:43.377,14:15:43.377,164483.037,0x8E,0x00,True,29,0,0
14:16:13.395,14:16:13.395,164513.055,0x8E,0x00,True,30,0,0
14:16:43.436,14:16:43.436,164543.096,0x8E,0x00,True,31,0,0
14:17:13.456,14:17:13.456,164573.116,0x8E,0x00,True,32,0,0
14:17:43.480,14:17:43.480,164603.14,0x8E,0x00,True,33,0,0
14:18:13.520,14:18:13.520,164633.18,0x8E,0x00,True,34,0,0
14:18:43.536,14:18:43.536,164663.196,0x8E,0x00,True,35,0,0
14:19:13.581,14:19:13.581,164693.241,0x8E,0x00,True,36,0,0
14:19:43.605,14:19:43.605,164723.265,0x8E,0x00,True,37,0,0
14:20:13.620,14:20:13.620,164753.28,0x8E,0x00,True,38,0,0
14:20:43.661,14:20:43.661,164783.321,0x8E,0x00,True,39,0,0
14:21:13.691,14:21:13.691,164813.351,0x8E,0x00,True,40,0,0
14:21:43.706,14:21:43.706,164843.366,0x8E,0x00,True,41,0,0
14:22:13.752,14:22:13.752,164873.412,0x8E,0x00,True,42,0,0
14:22:43.780,14:22:43.780,164903.44,0x8E,0x00,True,43,0,0
14:23:13.796,14:23:13.796,164933.456,0x8E,0x00,True,44,0,0
14:23:43.837,14:23:43.837,164963.497,0x8E,0x00,True,45,0,0
14:24:13.866,14:24:13.866,164993.526,0x8E,0x00,True,46,0,0
14:24:43.876,14:24:43.876,165023.536,0x8E,0x00,True,47,0,0
14:25:13.916,14:25:13.916,165053.576,0x8E,0x00,True,48,0,0
14:25:43.946,14:25:43.946,165083.606,0x8E,0x00,True,49,0,0
14:26:13.955,14:26:13.955,165113.615,0x8E,0x00,True,50,0,0
14:26:43.985,14:26:43.985,165143.645,0x8E,0x00,True,51,0,0
14:27:14.025,14:27:14.025,165173.685,0x8E,0x00,True,52,0,0
14:27:44.046,14:27:44.046,165203.706,0x8E,0x00,True,53,0,0
14:28:14.095,14:28:14.095,165233.755,0x8E,0x00,True,54,0,0
14:28:44.106,14:28:44.106,165263.766,0x8E,0x00,True,55,0,0
14:29:14.141,14:29:14.141,165293.801,0x8E,0x00,True,56,0,0
14:29:44.151,14:29:44.151,165323.811,0x8E,0x00,True,57,0,0
14:30:14.186,14:30:14.186,165353.846,0x8E,0x00,True,58,0,0
14:30:44.226,14:30:44.226,165383.886,0x8E,0x00,True,59,0,0
14:31:14.262,14:31:14.262,165413.922,0x8E,0x00,True,60,0,0
14:31:44.276,14:31:44.276,165443.936,0x8E,0x00,True,61,0,0
14:32:14.316,14:32:14.316,165473.976,0x8E,0x00,True,62,0,0
14:32:44.349,14:32:44.349,165504.009,0x8E,0x00,True,63,0,0
14:33:14.389,14:33:14.389,165534.049,0x8E,0x00,True,64,0,0
14:33:44.415,14:33:44.415,165564.075,0x8E,0x00,True,65,0,0
14:34:14.431,14:34:14.431,165594.091,0x8E,0x00,True,66,0,0
14:34:44.461,14:34:44.461,165624.121,0x8E,0x00,True,67,0,0
14:35:14.495,14:35:14.495,165654.155,0x8E,0x00,True,68,0,0
14:35:44.511,14:35:44.511,165684.171,0x8E,0x00,True,69,0,0
14:36:14.551,14:36:14.551,165714.211,0x8E,0x00,True,70,0,0
14:36:44.581,14:36:44.581,165744.241,0x8E,0x00,True,71,0,0
14:37:14.596,14:37:14.596,165774.256,0x8E,0x00,True,72,0,0
14:37:44.626,14:37:44.626,165804.286,0x8E,0x00,True,73,0,0
14:38:14.674,14:38:14.674,165834.334,0x8E,0x00,True,74,0,0
14:38:44.696,14:38:44.696,165864.356,0x8E,0x00,True,75,0,0
14:39:14.734,14:39:14.734,165894.394,0x8E,0x00,True,76,0,0
14:39:44.761,14:39:44.761,165924.421,0x8E,0x00,True,77,0,0
14:40:14.771,14:40:14.771,165954.431,0x8E,0x00,True,78,0,0
14:40:44.815,14:40:44.815,165984.475,0x8E,0x00,True,79,0,0
14:41:14.846,14:41:14.846,166014.506,0x8E,0x00,True,80,0,0
14:41:44.861,14:41:44.861,166044.521,0x8E,0x00,True,81,0,0
14:42:14.905,14:42:14.905,166074.565,0x8E,0x00,True,82,0,0
14:42:44.925,14:42:44.925,166104.585,0x8E,0x00,True,83,0,0
14:43:14.956,14:43:14.956,166134.616,0x8E,0x00,True,84,0,0
14:43:44.993,14:43:44.993,166164.653,0x8E,0x00,True,85,0,0
14:44:15.021,14:44:15.021,166194.681,0x8E,0x00,True,86,0,0
14:44:45.055,14:44:45.055,166224.715,0x8E,0x00,True,87,0,0
14:45:15.061,14:45:15.061,166254.721,0x8E,0x00,True,88,0,0
14:45:45.105,14:45:45.105,166284.765,0x8E,0x00,True,89,0,0
14:46:15.135,14:46:15.135,166314.795,0x8E,0x00,True,90,0,0
14:46:45.165,14:46:45.165,166344.825,0x8E,0x00,True,91,0,0
14:47:15.195,14:47:15.195,166374.855,0x8E,0x00,True,92,0,0
14:47:45.230,14:47:45.230,166404.89,0x8E,0x00,True,93,0,0
14:48:15.235,14:48:15.235,166434.895,0x8E,0x00,True,94,0,0
14:48:45.314,14:48:45.314,166464.974,0x8E,0x00,True,95,0,0
14:49:15.320,14:49:15.320,166494.98,0x8E,0x00,True,96,0,0
14:49:45.346,14:49:45.346,166525.006,0x8E,0x00,True,97,0,0
14:50:15.389,14:50:15.389,166555.049,0x8E,0x00,True,98,0,0
14:50:45.401,14:50:45.401,166585.061,0x8E,0x00,True,99,0,0
14:51:15.455,14:51:15.455,166615.115,0x8E,0x00,True,100,0,0
14:51:45.466,14:51:45.466,166645.126,0x8E,0x00,True,101,0,0
14:52:15.511,14:52:15.511,166675.171,0x8E,0x00,True,102,0,0
14:52:45.546,14:52:45.546,166705.206,0x8E,0x00,True,103,0,0
14:53:15.576,14:53:15.576,166735.236,0x8E,0x00,True,104,0,0
14:53:45.614,14:53:45.614,166765.274,0x8E,0x00,True,105,0,0
14:54:15.641,14:54:15.641,166795.301,0x8E,0x00,True,106,0,0
14:54:45.671,14:54:45.671,166825.331,0x8E,0x00,True,107,0,0
14:55:15.701,14:55:15.701,166855.361,0x8E,0x00,True,108,0,0
14:55:45.730,14:55:45.730,166885.39,0x8E,0x00,True,109,0,0
14:56:15.774,14:56:15.774,166915.434,0x8E,0x00,True,110,0,0
14:56:45.780,14:56:45.780,166945.44,0x8E,0x00,True,111,0,0
14:57:15.826,14:57:15.826,166975.486,0x8E,0x00,True,112,0,0
14:57:45.872,14:57:45.872,167005.532,0x8E,0x00,True,113,0,0
14:58:15.889,14:58:15.889,167035.549,0x8E,0x00,True,114,0,0
14:58:45.935,14:58:45.935,167065.595,0x8E,0x00,True,115,0,0
14:59:15.946,14:59:15.946,167095.606,0x8E,0x00,True,116,0,0
14:59:45.991,14:59:45.991,167125.651,0x8E,0x00,True,117,0,0
15:00:16.020,15:00:16.020,167155.68,0x8E,0x00,True,118,0,0
15:00:46.057,15:00:46.057,167185.717,0x8E,0x00,True,119,0,0
15:01:16.095,15:01:16.095,167215.755,0x8E,0x00,True,120,0,0
15:01:46.111,15:01:46.111,167245.771,0x8E,0x00,True,121,0,0
15:02:16.156,15:02:16.156,167275.816,0x8E,0x00,True,122,0,0
15:02:46.190,15:02:46.190,167305.85,0x8E,0x00,True,123,0,0
15:03:16.221,15:03:16.221,167335.881,0x8E,0x00,True,124,0,0
15:03:46.266,15:03:46.266,167365.926,0x8E,0x00,True,125,0,0
15:04:16.271,15:04:16.271,167395.931,0x8E,0x00,True,126,0,0
15:04:46.316,15:04:46.316,167425.976,0x8E,0x00,True,127,0,0
15:05:16.341,15:05:16.341,167456.001,0x8E,0x00,True,128,0,0
15:05:46.381,15:05:46.381,167486.041,0x8E,0x00,True,129,0,0
15:06:16.416,15:06:16.416,167516.076,0x8E,0x00,True,130,0,0
15:06:46.431,15:06:46.431,167546.091,0x8E,0x00,True,131,0,0
15:07:16.471,15:07:16.471,167576.131,0x8E,0x00,True,132,0,0
15:07:46.501,15:07:46.501,167606.161,0x8E,0x00,True,133,0,0
15:08:16.520,15:08:16.520,167636.18,0x8E,0x00,True,134,0,0
15:08:46.574,15:08:46.574,167666.234,0x8E,0x00,True,135,0,0
15:09:16.597,15:09:16.597,167696.257,0x8E,0x00,True,136,0,0
15:09:46.621,15:09:46.621,167726.281,0x8E,0x00,True,137,0,0
15:10:16.661,15:10:16.661,167756.321,0x8E,0x00,True,138,0,0
15:10:46.696,15:10:46.696,167786.356,0x8E,0x00,True,139,0,0
15:11:16.717,15:11:16.717,167816.377,0x8E,0x00,True,140,0,0
15:11:46.751,15:11:46.751,167846.411,0x8E,0x00,True,141,0,0
15:12:16.796,15:12:16.796,167876.456,0x8E,0x00,True,142,0,0
15:12:46.831,15:12:46.831,167906.491,0x8E,0x00,True,143,0,0
15:13:16.861,15:13:16.861,167936.521,0x8E,0x00,True,144,0,0
15:13:46.901,15:13:46.901,167966.561,0x8E,0x00,True,145,0,0
15:14:16.926,15:14:16.926,167996.586,0x8E,0x00,True,146,0,0
15:14:46.975,15:14:46.975,168026.635,0x8E,0x00,True,147,0,0
15:15:16.980,15:15:16.980,168056.64,0x8E,0x00,True,148,0,0
15:15:47.020,15:15:47.020,168086.68,0x8E,0x00,True,149,0,0
15:16:17.062,15:16:17.062,168116.722,0x8E,0x00,True,150,0,0
15:16:47.076,15:16:47.076,168146.736,0x8E,0x00,True,151,0,0
15:17:17.135,15:17:17.135,168176.795,0x8E,0x00,True,152,0,0
15:17:47.141,15:17:47.141,168206.801,0x8E,0x00,True,153,0,0
15:18:17.186,15:18:17.186,168236.846,0x8E,0x00,True,154,0,0
15:18:47.221,15:18:47.221,168266.881,0x8E,0x00,True,155,0,0
15:19:17.251,15:19:17.251,168296.911,0x8E,0x00,True,156,0,0
15:19:47.295,15:19:47.295,168326.955,0x8E,0x00,True,157,0,0
15:20:17.329,15:20:17.329,168356.989,0x8E,0x00,True,158,0,0
15:20:47.347,15:20:47.347,168387.007,0x8E,0x00,True,159,0,0
15:21:17.386,15:21:17.386,168417.046,0x8E,0x00,True,160,0,0
15:21:47.395,15:21:47.395,168447.055,0x8E,0x00,True,161,0,0
15:22:17.436,15:22:17.436,168477.096,0x8E,0x00,True,162,0,0
15:22:47.466,15:22:47.466,168507.126,0x8E,0x00,True,163,0,0
15:23:17.486,15:23:17.486,168537.146,0x8E,0x00,True,164,0,0
15:23:47.511,15:23:47.511,168567.171,0x8E,0x00,True,165,0,0
15:24:17.551,15:24:17.551,168597.211,0x8E,0x00,True,166,0,0
15:24:47.571,15:24:47.571,168627.231,0x8E,0x00,True,167,0,0
15:25:17.615,15:25:17.615,168657.275,0x8E,0x00,True,168,0,0
15:25:47.636,15:25:47.636,168687.296,0x8E,0x00,True,169,0,0
15:26:17.655,15:26:17.655,168717.315,0x8E,0x00,True,170,0,0
15:26:47.701,15:26:47.701,168747.361,0x8E,0x00,True,171,0,0
15:27:17.726,15:27:17.726,168777.386,0x8E,0x00,True,172,0,0
15:27:47.751,15:27:47.751,168807.411,0x8E,0x00,True,173,0,0
15:28:17.786,15:28:17.786,168837.446,0x8E,0x00,True,174,0,0
15:28:47.811,15:28:47.811,168867.471,0x8E,0x00,True,175,0,0
15:29:17.831,15:29:17.831,168897.491,0x8E,0x00,True,176,0,0
15:29:47.869,15:29:47.869,168927.529,0x8E,0x00,True,177,0,0
15:30:17.901,15:30:17.901,168957.561,0x8E,0x00,True,178,0,0
15:30:47.946,15:30:47.946,168987.606,0x8E,0x00,True,179,0,0
15:31:17.951,15:31:17.951,169017.611,0x8E,0x00,True,180,0,0
15:31:47.991,15:31:47.991,169047.651,0x8E,0x00,True,181,0,0
15:32:18.021,15:32:18.021,169077.681,0x8E,0x00,True,182,0,0
15:32:48.049,15:32:48.049,169107.709,0x8E,0x00,True,183,0,0
15:33:18.095,15:33:18.095,169137.755,0x8E,0x00,True,184,0,0
15:33:48.116,15:33:48.116,169167.776,0x8E,0x00,True,185,0,0
15:34:18.136,15:34:18.136,169197.796,0x8E,0x00,True,186,0,0
15:34:48.181,15:34:48.181,169227.841,0x8E,0x00,True,187,0,0
15:35:18.206,15:35:18.206,169257.866,0x8E,0x00,True,188,0,0
15:35:48.230,15:35:48.230,169287.89,0x8E,0x00,True,189,0,0
15:36:18.261,15:36:18.261,169317.921,0x8E,0x00,True,190,0,0
15:36:48.296,15:36:48.296,169347.956,0x8E,0x00,True,191,0,0
15:37:18.335,15:37:18.335,169377.995,0x8E,0x00,True,192,0,0
15:37:48.341,15:37:48.341,169408.001,0x8E,0x00,True,193,0,0
15:38:18.381,15:38:18.381,169438.041,0x8E,0x00,True,194,0,0
15:38:48.415,15:38:48.415,169468.075,0x8E,0x00,True,195,0,0
15:39:18.430,15:39:18.430,169498.09,0x8E,0x00,True,196,0,0
15:39:48.456,15:39:48.456,169528.116,0x8E,0x00,True,197,0,0
15:40:18.495,15:40:18.495,169558.155,0x8E,0x00,True,198,0,0
15:40:48.501,15:40:48.501,169588.161,0x8E,0x00,True,199,0,0
15:41:18.531,15:41:18.531,169618.191,0x8E,0x00,True,200,0,0
15:41:48.575,15:41:48.575,169648.235,0x8E,0x00,True,201,0,0
15:42:18.575,15:42:18.575,169678.235,0x8E,0x00,True,202,0,0
15:42:48.601,15:42:48.601,169708.261,0x8E,0x00,True,203,0,0
15:43:18.616,15:43:18.616,169738.276,0x8E,0x00,True,204,0,0
15:43:48.655,15:43:48.655,169768.315,0x8E,0x00,True,205,0,0
15:44:18.680,15:44:18.680,169798.34,0x8E,0x00,True,206,0,0
15:44:48.676,15:44:48.676,169828.336,0x8E,0x00,True,207,0,0
15:45:18.711,15:45:18.711,169858.371,0x8E,0x00,True,208,0,0
15:45:48.735,15:45:48.735,169888.395,0x8E,0x00,True,209,0,0
15:46:18.741,15:46:18.741,169918.401,0x8E,0x00,True,210,0,0
15:46:48.761,15:46:48.761,169948.421,0x8E,0x00,True,211,0,0
15:47:18.775,15:47:18.775,169978.435,0x8E,0x00,True,212,0,0
15:47:48.791,15:47:48.791,170008.451,0x8E,0x00,True,213,0,0
15:48:18.814,15:48:18.814,170038.474,0x8E,0x00,True,214,0,0
15:48:48.821,15:48:48.821,170068.481,0x8E,0x00,True,215,0,0
15:49:18.831,15:49:18.831,170098.491,0x8E,0x00,True,216,0,0
15:49:48.831,15:49:48.831,170128.491,0x8E,0x00,True,217,0,0
15:50:18.841,15:50:18.841,170158.501,0x8E,0x00,True,218,0,0
15:50:48.866,15:50:48.866,170188.526,0x8E,0x00,True,219,0,0
15:51:18.876,15:51:18.876,170218.536,0x8E,0x00,True,220,0,0
15:51:48.895,15:51:48.895,170248.555,0x8E,0x00,True,221,0,0
15:52:18.900,15:52:18.900,170278.56,0x8E,0x00,True,222,0,0
15:52:48.906,15:52:48.906,170308.566,0x8E,0x00,True,223,0,0
15:53:18.906,15:53:18.906,170338.566,0x8E,0x00,True,224,0,0
15:53:48.926,15:53:48.926,170368.586,0x8E,0x00,True,225,0,0
15:54:18.916,15:54:18.916,170398.576,0x8E,0x00,True,226,0,0
15:54:48.936,15:54:48.936,170428.596,0x8E,0x00,True,227,0,0
15:55:18.941,15:55:18.941,170458.601,0x8E,0x00,True,228,0,0
15:55:48.946,15:55:48.946,170488.606,0x8E,0x00,True,229,0,0
15:56:18.936,15:56:18.936,170518.596,0x8E,0x00,True,230,0,0
15:56:48.959,15:56:48.959,170548.619,0x8E,0x00,True,231,0,0
15:57:18.975,15:57:18.975,170578.635,0x8E,0x00,True,232,0,0
15:57:48.975,15:57:48.975,170608.635,0x8E,0x00,True,233,0,0
15:58:18.976,15:58:18.976,170638.636,0x8E,0x00,True,234,0,0
15:58:48.976,15:58:48.976,170668.636,0x8E,0x00,True,235,0,0
15:59:18.981,15:59:18.981,170698.641,0x8E,0x00,True,236,0,0
15:59:48.975,15:59:48.975,170728.635,0x8E,0x00,True,237,0,0
16:00:18.975,16:00:18.975,170758.635,0x8E,0x00,True,238,0,0
16:00:48.976,16:00:48.976,170788.636,0x8E,0x00,True,239,0,0
16:01:18.975,16:01:18.975,170818.635,0x8E,0x00,True,240,0,0
16:01:48.976,16:01:48.976,170848.636,0x8E,0x00,True,241,0,0
16:02:18.976,16:02:18.976,170878.636,0x8E,0x00,True,242,0,0
16:02:48.975,16:02:48.975,170908.635,0x8E,0x00,True,243,0,0
16:03:18.946,16:03:18.946,170938.606,0x8E,0x00,True,244,0,0
16:03:48.956,16:03:48.956,170968.616,0x8E,0x00,True,245,0,0
16:04:18.956,16:04:18.956,170998.616,0x8E,0x00,True,246,0,0
16:04:48.956,16:04:48.956,171028.616,0x8E,0x00,True,247,0,0
16:05:18.941,16:05:18.941,171058.601,0x8E,0x00,True,248,0,0
16:05:48.951,16:05:48.951,171088.611,0x8E,0x00,True,249,0,0
16:06:18.950,16:06:18.950,171118.61,0x8E,0x00,True,250,0,0
16:06:48.954,16:06:48.954,171148.614,0x8E,0x00,True,251,0,0
16:07:18.936,16:07:18.936,171178.596,0x8E,0x00,True,252,0,0
16:07:48.945,16:07:48.945,171208.605,0x8E,0x00,True,253,0,0
16:08:18.941,16:08:18.941,171238.601,0x8E,0x00,True,254,0,0
16:08:48.940,16:08:48.940,171268.6,0x8E,0x00,True,255,0,0
16:09:18.926,16:09:18.926,171298.586,0x8E,0x00,True,0,0,0
16:09:48.944,16:09:48.944,171328.604,0x8E,0x00,True,1,0,0
16:10:18.921,16:10:18.921,171358.581,0x8E,0x00,True,2,0,0
16:10:48.931,16:10:48.931,171388.591,0x8E,0x00,True,3,0,0
16:11:18.916,16:11:18.916,171418.576,0x8E,0x00,True,4,0,0
16:11:48.921,16:11:48.921,171448.581,0x8E,0x00,True,5,0,0
16:12:18.911,16:12:18.911,171478.571,0x8E,0x00,True,6,0,0
16:12:48.906,16:12:48.906,171508.566,0x8E,0x00,True,7,0,0
16:13:18.914,16:13:18.914,171538.574,0x8E,0x00,True,8,0,0
16:13:48.916,16:13:48.916,171568.576,0x8E,0x00,True,9,0,0
16:14:18.914,16:14:18.914,171598.574,0x8E,0x00,True,10,0,0
16:14:48.916,16:14:48.916,171628.576,0x8E,0x00,True,11,0,0
16:15:18.901,16:15:18.901,171658.561,0x8E,0x00,True,12,0,0
16:15:48.911,16:15:48.911,171688.571,0x8E,0x00,True,13,0,0
16:16:18.905,16:16:18.905,171718.565,0x8E,0x00,True,14,0,0
16:16:48.911,16:16:48.911,171748.571,0x8E,0x00,True,15,0,0
16:17:18.909,16:17:18.909,171778.569,0x8E,0x00,True,16,0,0
16:17:48.901,16:17:48.901,171808.561,0x8E,0x00,True,17,0,0
16:18:18.900,16:18:18.900,171838.56,0x8E,0x00,True,18,0,0
16:18:48.909,16:18:48.909,171868.569,0x8E,0x00,True,19,0,0
16:19:18.901,16:19:18.901,171898.561,0x8E,0x00,True,20,0,0
16:19:48.900,16:19:48.900,171928.56,0x8E,0x00,True,21,0,0
16:20:18.901,16:20:18.901,171958.561,0x8E,0x00,True,22,0,0
16:20:48.896,16:20:48.896,171988.556,0x8E,0x00,True,23,0,0
16:21:18.895,16:21:18.895,172018.555,0x8E,0x00,True,24,0,0
16:21:48.895,16:21:48.895,172048.555,0x8E,0x00,True,25,0,0
16:22:18.895,16:22:18.895,172078.555,0x8E,0x00,True,26,0,0
16:22:48.895,16:22:48.895,172108.555,0x8E,0x00,True,27,0,0
16:23:18.895,16:23:18.895,172138.555,0x8E,0x00,True,28,0,0
16:23:48.896,16:23:48.896,172168.556,0x8E,0x00,True,29,0,0
16:24:18.895,16:24:18.895,172198.555,0x8E,0x00,True,30,0,0
16:24:48.895,16:24:48.895,172228.555,0x8E,0x00,True,31,0,0
16:25:18.876,16:25:18.876,172258.536,0x8E,0x00,True,32,0,0
16:25:48.871,16:25:48.871,172288.531,0x8E,0x00,True,33,0,0
16:26:18.876,16:26:18.876,172318.536,0x8E,0x00,True,34,0,0
16:26:48.866,16:26:48.866,172348.526,0x8E,0x00,True,35,0,0
16:27:18.861,16:27:18.861,172378.521,0x8E,0x00,True,36,0,0
16:27:48.851,16:27:48.851,172408.511,0x8E,0x00,True,37,0,0
16:28:18.841,16:28:18.841,172438.501,0x8E,0x00,True,38,0,0
16:28:48.836,16:28:48.836,172468.496,0x8E,0x00,True,39,0,0
16:29:18.846,16:29:18.846,172498.506,0x8E,0x00,True,40,0,0
16:29:48.825,16:29:48.825,172528.485,0x8E,0x00,True,41,0,0
16:30:18.831,16:30:18.831,172558.491,0x8E,0x00,True,42,0,0
16:30:48.821,16:30:48.821,172588.481,0x8E,0x00,True,43,0,0
16:31:18.831,16:31:18.831,172618.491,0x8E,0x00,True,44,0,0
16:31:48.815,16:31:48.815,172648.475,0x8E,0x00,True,45,0,0
16:32:18.821,16:32:18.821,172678.481,0x8E,0x00,True,46,0,0
16:32:48.814,16:32:48.814,172708.474,0x8E,0x00,True,47,0,0
16:33:18.815,16:33:18.815,172738.475,0x8E,0x00,True,48,0,0
16:33:48.803,16:33:48.803,172768.463,0x8E,0x00,True,49,0,0
16:34:18.815,16:34:18.815,172798.475,0x8E,0x00,True,50,0,0
16:34:48.815,16:34:48.815,172828.475,0x8E,0x00,True,51,0,0
16:35:18.781,16:35:18.781,172858.441,0x8E,0x00,True,52,0,0
16:35:48.791,16:35:48.791,172888.451,0x8E,0x00,True,53,0,0
16:36:18.786,16:36:18.786,172918.446,0x8E,0x00,True,54,0,0
16:36:48.788,16:36:48.788,172948.448,0x8E,0x00,True,55,0,0
16:37:18.786,16:37:18.786,172978.446,0x8E,0x00,True,56,0,0
16:37:48.814,16:37:48.814,173008.474,0x8E,0x00,True,57,0,0
16:38:18.786,16:38:18.786,173038.446,0x8E,0x00,True,58,0,0
16:38:48.772,16:38:48.772,173068.432,0x8E,0x00,True,59,0,0
16:39:18.758,16:39:18.758,173098.418,0x8E,0x00,True,60,0,0
16:39:48.746,16:39:48.746,173128.406,0x8E,0x00,True,61,0,0
16:40:18.746,16:40:18.746,173158.406,0x8E,0x00,True,62,0,0
16:40:48.751,16:40:48.751,173188.411,0x8E,0x00,True,63,0,0
16:41:18.741,16:41:18.741,173218.401,0x8E,0x00,True,64,0,0
16:41:48.746,16:41:48.746,173248.406,0x8E,0x00,True,65,0,0
16:42:18.734,16:42:18.734,173278.394,0x8E,0x00,True,66,0,0
16:42:48.735,16:42:48.735,173308.395,0x8E,0x00,True,67,0,0
16:43:18.735,16:43:18.735,173338.395,0x8E,0x00,True,68,0,0
16:43:48.716,16:43:48.716,173368.376,0x8E,0x00,True,69,0,0
16:44:18.711,16:44:18.711,173398.371,0x8E,0x00,True,70,0,0
16:44:48.706,16:44:48.706,173428.366,0x8E,0x00,True,71,0,0
16:45:18.690,16:45:18.690,173458.35,0x8E,0x00,True,72,0,0
16:45:48.691,16:45:48.691,173488.351,0x8E,0x00,True,73,0,0
16:46:18.701,16:46:18.701,173518.361,0x8E,0x00,True,74,0,0
16:46:48.686,16:46:48.686,173548.346,0x8E,0x00,True,75,0,0
16:47:18.709,16:47:18.709,173578.369,0x8E,0x00,True,76,0,0
16:47:48.681,16:47:48.681,173608.341,0x8E,0x00,True,77,0,0
16:48:18.696,16:48:18.696,173638.356,0x8E,0x00,True,78,0,0
16:48:48.676,16:48:48.676,173668.336,0x8E,0x00,True,79,0,0
16:49:18.686,16:49:18.686,173698.346,0x8E,0x00,True,80,0,0
16:49:48.676,16:49:48.676,173728.336,0x8E,0x00,True,81,0,0
16:50:18.686,16:50:18.686,173758.346,0x8E,0x00,True,82,0,0
16:50:48.684,16:50:48.684,173788.344,0x8E,0x00,True,83,0,0
16:51:18.666,16:51:18.666,173818.326,0x8E,0x00,True,84,0,0
16:51:48.666,16:51:48.666,173848.326,0x8E,0x00,True,85,0,0
16:52:18.666,16:52:18.666,173878.326,0x8E,0x00,True,86,0,0
16:52:48.666,16:52:48.666,173908.326,0x8E,0x00,True,87,0,0
16:53:18.666,16:53:18.666,173938.326,0x8E,0x00,True,88,0,0
16:53:48.666,16:53:48.666,173968.326,0x8E,0x00,True,89,0,0
16:54:18.660,16:54:18.660,173998.32,0x8E,0x00,True,90,0,0
16:54:48.661,16:54:48.661,174028.321,0x8E,0x00,True,91,0,0
16:55:18.655,16:55:18.655,174058.315,0x8E,0x00,True,92,0,0
16:55:48.663,16:55:48.663,174088.323,0x8E,0x00,True,93,0,0
16:56:18.655,16:56:18.655,174118.315,0x8E,0x00,True,94,0,0
16:56:48.616,16:56:48.616,174148.276,0x8E,0x00,True,95,0,0
16:57:18.655,16:57:18.655,174178.315,0x8E,0x00,True,96,0,0
16:57:48.631,16:57:48.631,174208.291,0x8E,0x00,True,97,0,0
16:58:18.621,16:58:18.621,174238.281,0x8E,0x00,True,98,0,0
16:58:48.617,16:58:48.617,174268.277,0x8E,0x00,True,99,0,0
16:59:18.602,16:59:18.602,174298.262,0x8E,0x00,True,100,0,0
16:59:48.611,16:59:48.611,174328.271,0x8E,0x00,True,101,0,0
17:00:18.602,17:00:18.602,174358.262,0x8E,0x00,True,102,0,0
17:00:48.601,17:00:48.601,174388.261,0x8E,0x00,True,103,0,0
17:01:18.586,17:01:18.586,174418.246,0x8E,0x00,True,104,0,0
17:01:48.602,17:01:48.602,174448.262,0x8E,0x00,True,105,0,0
17:02:18.586,17:02:18.586,174478.246,0x8E,0x00,True,106,0,0
17:02:48.586,17:02:48.586,174508.246,0x8E,0x00,True,107,0,0
17:03:18.587,17:03:18.587,174538.247,0x8E,0x00,True,108,0,0
17:03:48.586,17:03:48.586,174568.246,0x8E,0x00,True,109,0,0
17:04:18.581,17:04:18.581,174598.241,0x8E,0x00,True,110,0,0
17:04:48.583,17:04:48.583,174628.243,0x8E,0x00,True,111,0,0
17:05:18.581,17:05:18.581,174658.241,0x8E,0x00,True,112,0,0
17:05:48.594,17:05:48.594,174688.254,0x8E,0x00,True,113,0,0
17:06:18.581,17:06:18.581,174718.241,0x8E,0x00,True,114,0,0
17:06:48.581,17:06:48.581,174748.241,0x8E,0x00,True,115,0,0
17:07:18.575,17:07:18.575,174778.235,0x8E,0x00,True,116,0,0
17:07:48.575,17:07:48.575,174808.235,0x8E,0x00,True,117,0,0
17:08:18.586,17:08:18.586,174838.246,0x8E,0x00,True,118,0,0
17:08:48.575,17:08:48.575,174868.235,0x8E,0x00,True,119,0,0
17:09:18.583,17:09:18.583,174898.243,0x8E,0x00,True,120,0,0
17:09:48.575,17:09:48.575,174928.235,0x8E,0x00,True,121,0,0
17:10:18.574,17:10:18.574,174958.234,0x8E,0x00,True,122,0,0
17:10:48.575,17:10:48.575,174988.235,0x8E,0x00,True,123,0,0
17:11:18.575,17:11:18.575,175018.235,0x8E,0x00,True,124,0,0
17:11:48.575,17:11:48.575,175048.235,0x8E,0x00,True,125,0,0
17:12:18.575,17:12:18.575,175078.235,0x8E,0x00,True,126,0,0
17:12:48.556,17:12:48.556,175108.216,0x8E,0x00,True,127,0,0
17:13:18.574,17:13:18.574,175138.234,0x8E,0x00,True,128,0,0
17:13:48.575,17:13:48.575,175168.235,0x8E,0x00,True,129,0,0
17:14:18.576,17:14:18.576,175198.236,0x8E,0x00,True,130,0,0
17:14:48.575,17:14:48.575,175228.235,0x8E,0x00,True,131,0,0
17:15:18.575,17:15:18.575,175258.235,0x8E,0x00,True,132,0,0
17:15:48.575,17:15:48.575,175288.235,0x8E,0x00,True,133,0,0
17:16:18.583,17:16:18.583,175318.243,0x8E,0x00,True,134,0,0
17:16:48.575,17:16:48.575,175348.235,0x8E,0x00,True,135,0,0
17:17:18.575,17:17:18.575,175378.235,0x8E,0x00,True,136,0,0
17:17:48.586,17:17:48.586,175408.246,0x8E,0x00,True,137,0,0
17:18:18.583,17:18:18.583,175438.243,0x8E,0x00,True,138,0,0
17:18:48.575,17:18:48.575,175468.235,0x8E,0x00,True,139,0,0
17:19:18.581,17:19:18.581,175498.241,0x8E,0x00,True,140,0,0
17:19:48.575,17:19:48.575,175528.235,0x8E,0x00,True,141,0,0
17:20:18.581,17:20:18.581,175558.241,0x8E,0x00,True,142,0,0
17:20:48.586,17:20:48.586,175588.246,0x8E,0x00,True,143,0,0
17:21:18.581,17:21:18.581,175618.241,0x8E,0x00,True,144,0,0
17:21:48.599,17:21:48.599,175648.259,0x8E,0x00,True,145,0,0
17:22:18.596,17:22:18.596,175678.256,0x8E,0x00,True,146,0,0
17:22:48.596,17:22:48.596,175708.256,0x8E,0x00,True,147,0,0
17:23:18.602,17:23:18.602,175738.262,0x8E,0x00,True,148,0,0
17:23:48.621,17:23:48.621,175768.281,0x8E,0x00,True,149,0,0
17:24:18.631,17:24:18.631,175798.291,0x8E,0x00,True,150,0,0
17:24:48.655,17:24:48.655,175828.315,0x8E,0x00,True,151,0,0
17:25:18.655,17:25:18.655,175858.315,0x8E,0x00,True,152,0,0
17:25:48.655,17:25:48.655,175888.315,0x8E,0x00,True,153,0,0
17:26:18.666,17:26:18.666,175918.326,0x8E,0x00,True,154,0,0
17:26:48.666,17:26:48.666,175948.326,0x8E,0x00,True,155,0,0
17:27:18.671,17:27:18.671,175978.331,0x8E,0x00,True,156,0,0
17:27:48.676,17:27:48.676,176008.336,0x8E,0x00,True,157,0,0
17:28:18.706,17:28:18.706,176038.366,0x8E,0x00,True,158,0,0
17:28:48.711,17:28:48.711,176068.371,0x8E,0x00,True,159,0,0
17:29:18.734,17:29:18.734,176098.394,0x8E,0x00,True,160,0,0
17:29:48.735,17:29:48.735,176128.395,0x8E,0x00,True,161,0,0
17:30:18.746,17:30:18.746,176158.406,0x8E,0x00,True,162,0,0
17:30:48.761,17:30:48.761,176188.421,0x8E,0x00,True,163,0,0
17:31:18.761,17:31:18.761,176218.421,0x8E,0x00,True,164,0,0
17:31:48.786,17:31:48.786,176248.446,0x8E,0x00,True,165,0,0
17:32:18.786,17:32:18.786,176278.446,0x8E,0x00,True,166,0,0
17:32:48.823,17:32:48.823,176308.483,0x8E,0x00,True,167,0,0
17:33:18.825,17:33:18.825,176338.485,0x8E,0x00,True,168,0,0
17:33:48.815,17:33:48.815,176368.475,0x8E,0x00,True,169,0,0
17:34:18.846,17:34:18.846,176398.506,0x8E,0x00,True,170,0,0
17:34:48.861,17:34:48.861,176428.521,0x8E,0x00,True,171,0,0
17:35:18.896,17:35:18.896,176458.556,0x8E,0x00,True,172,0,0
17:35:48.896,17:35:48.896,176488.556,0x8E,0x00,True,173,0,0
17:36:18.903,17:36:18.903,176518.563,0x8E,0x00,True,174,0,0
17:36:48.911,17:36:48.911,176548.571,0x8E,0x00,True,175,0,0
17:37:18.944,17:37:18.944,176578.604,0x8E,0x00,True,176,0,0
17:37:48.959,17:37:48.959,176608.619,0x8E,0x00,True,177,0,0
17:38:18.985,17:38:18.985,176638.645,0x8E,0x00,True,178,0,0
17:38:48.981,17:38:48.981,176668.641,0x8E,0x00,True,179,0,0
17:39:19.017,17:39:19.017,176698.677,0x8E,0x00,True,180,0,0
17:39:49.021,17:39:49.021,176728.681,0x8E,0x00,True,181,0,0
17:40:19.066,17:40:19.066,176758.726,0x8E,0x00,True,182,0,0
17:40:49.076,17:40:49.076,176788.736,0x8E,0x00,True,183,0,0
17:41:19.096,17:41:19.096,176818.756,0x8E,0x00,True,184,0,0
17:41:49.116,17:41:49.116,176848.776,0x8E,0x00,True,185,0,0
17:42:19.141,17:42:19.141,176878.801,0x8E,0x00,True,186,0,0
17:42:49.151,17:42:49.151,176908.811,0x8E,0x00,True,187,0,0
17:43:19.187,17:43:19.187,176938.847,0x8E,0x00,True,188,0,0
17:43:49.215,17:43:49.215,176968.875,0x8E,0x00,True,189,0,0
17:44:19.221,17:44:19.221,176998.881,0x8E,0x00,True,190,0,0
17:44:49.251,17:44:49.251,177028.911,0x8E,0x00,True,191,0,0
17:45:19.276,17:45:19.276,177058.936,0x8E,0x00,True,192,0,0
17:45:49.302,17:45:49.302,177088.962,0x8E,0x00,True,193,0,0
17:46:19.321,17:46:19.321,177118.981,0x8E,0x00,True,194,0,0
17:46:49.347,17:46:49.347,177149.007,0x8E,0x00,True,195,0,0
17:47:19.375,17:47:19.375,177179.035,0x8E,0x00,True,196,0,0
17:47:49.386,17:47:49.386,177209.046,0x8E,0x00,True,197,0,0
17:48:19.416,17:48:19.416,177239.076,0x8E,0x00,True,198,0,0
17:48:49.455,17:48:49.455,177269.115,0x8E,0x00,True,199,0,0
17:49:19.471,17:49:19.471,177299.131,0x8E,0x00,True,200,0,0
17:49:49.499,17:49:49.499,177329.159,0x8E,0x00,True,201,0,0
17:50:19.535,17:50:19.535,177359.195,0x8E,0x00,True,202,0,0
17:50:49.546,17:50:49.546,177389.206,0x8E,0x00,True,203,0,0
17:51:19.561,17:51:19.561,177419.221,0x8E,0x00,True,204,0,0
17:51:49.586,17:51:49.586,177449.246,0x8E,0x00,True,205,0,0
17:52:19.626,17:52:19.626,177479.286,0x8E,0x00,True,206,0,0
17:52:49.636,17:52:49.636,177509.296,0x8E,0x00,True,207,0,0
17:53:19.676,17:53:19.676,177539.336,0x8E,0x00,True,208,0,0
17:53:49.701,17:53:49.701,177569.361,0x8E,0x00,True,209,0,0
17:54:19.711,17:54:19.711,177599.371,0x8E,0x00,True,210,0,0
17:54:49.751,17:54:49.751,177629.411,0x8E,0x00,True,211,0,0
17:55:19.781,17:55:19.781,177659.441,0x8E,0x00,True,212,0,0
17:55:49.791,17:55:49.791,177689.451,0x8E,0x00,True,213,0,0
17:56:19.826,17:56:19.826,177719.486,0x8E,0x00,True,214,0,0
17:56:49.855,17:56:49.855,177749.515,0x8E,0x00,True,215,0,0
17:57:19.866,17:57:19.866,177779.526,0x8E,0x00,True,216,0,0
17:57:49.900,17:57:49.900,177809.56,0x8E,0x00,True,217,0,0
