时间戳,绝对时间,相对时间(s),功能码,参数,校验通过,Roll,Pitch,Yaw,MagDisturb,Temp
16:34:20.340,16:34:20.340,0.0,0x82,0x00,True,2.25,-4.45,99.72,0,55.04
16:34:50.370,16:34:50.370,30.03,0x82,0x00,True,2.25,-4.42,99.76,0,55.02
16:35:20.391,16:35:20.391,60.051,0x82,0x00,True,2.28,-4.42,99.81,0,55.17
16:35:50.420,16:35:50.420,90.08,0x82,0x00,True,2.27,-4.4,99.8,0,55.15
16:36:20.481,16:36:20.481,120.141,0x82,0x00,True,2.25,-4.41,99.83,0,55.31
16:36:50.495,16:36:50.495,150.155,0x82,0x00,True,2.26,-4.42,99.83,0,55.26
16:37:20.515,16:37:20.515,180.175,0x82,0x00,True,2.27,-4.43,99.82,0,55.39
16:37:50.560,16:37:50.560,210.22,0x82,0x00,True,2.26,-4.44,99.84,0,55.4
16:38:20.580,16:38:20.580,240.24,0x82,0x00,True,2.26,-4.44,99.8,0,55.42
16:38:50.595,16:38:50.595,270.255,0x82,0x00,True,2.27,-4.42,99.8,0,55.52
16:39:20.645,16:39:20.645,300.305,0x82,0x00,True,2.26,-4.43,99.79,0,55.5
16:39:50.665,16:39:50.665,330.325,0x82,0x00,True,2.27,-4.44,99.82,0,55.6
16:40:20.689,16:40:20.689,360.349,0x82,0x00,True,2.28,-4.42,99.8,0,55.6
16:40:50.735,16:40:50.735,390.395,0x82,0x00,True,2.27,-4.43,99.8,0,55.65
16:41:20.765,16:41:20.765,420.425,0x82,0x00,True,2.27,-4.38,99.82,0,55.61
16:41:50.790,16:41:50.790,450.45,0x82,0x00,True,2.26,-4.44,99.78,0,55.54
16:42:20.820,16:42:20.820,480.48,0x82,0x00,True,2.26,-4.43,99.76,0,55.51
16:42:50.855,16:42:50.855,510.515,0x82,0x00,True,2.27,-4.43,99.73,0,55.6
16:43:20.891,16:43:20.891,540.551,0x82,0x00,True,2.28,-4.42,99.77,0,55.53
16:43:50.905,16:43:50.905,570.565,0x82,0x00,True,2.26,-4.43,99.75,0,55.58
16:44:20.955,16:44:20.955,600.615,0x82,0x00,True,2.28,-4.42,99.76,0,55.6
16:44:50.979,16:44:50.979,630.639,0x82,0x00,True,2.27,-4.45,99.78,0,55.68
16:45:21.000,16:45:21.000,660.66,0x82,0x00,True,2.27,-4.44,99.79,0,55.69
16:45:51.030,16:45:51.030,690.69,0x82,0x00,True,2.29,-4.46,99.81,0,55.69
16:46:21.078,16:46:21.078,720.738,0x82,0x00,True,2.26,-4.45,99.84,0,55.79
16:46:51.110,16:46:51.110,750.77,0x82,0x00,True,2.28,-4.46,99.83,0,55.75
16:47:21.141,16:47:21.141,780.801,0x82,0x00,True,2.27,-4.45,99.82,0,55.72
16:47:51.170,16:47:51.170,810.83,0x82,0x00,True,2.28,-4.44,99.83,0,55.79
16:48:21.200,16:48:21.200,840.86,0x82,0x00,True,2.28,-4.43,99.78,0,55.67
16:48:51.225,16:48:51.225,870.885,0x82,0x00,True,2.27,-4.45,99.79,0,55.69
16:49:21.265,16:49:21.265,900.925,0x82,0x00,True,2.28,-4.45,99.84,0,55.7
16:49:51.295,16:49:51.295,930.955,0x82,0x00,True,2.28,-4.38,99.77,0,55.59
16:50:21.315,16:50:21.315,960.975,0x82,0x00,True,2.28,-4.42,99.74,0,55.56
16:50:51.355,16:50:51.355,991.015,0x82,0x00,True,2.27,-4.41,99.73,0,55.38
16:51:21.390,16:51:21.390,1021.05,0x82,0x00,True,2.28,-4.43,99.73,0,55.48
16:51:51.399,16:51:51.399,1051.059,0x82,0x00,True,2.28,-4.39,99.74,0,55.34
16:52:21.450,16:52:21.450,1081.11,0x82,0x00,True,2.28,-4.4,99.69,0,55.2
16:52:51.485,16:52:51.485,1111.145,0x82,0x00,True,2.27,-4.4,99.72,0,55.18
16:53:21.505,16:53:21.505,1141.165,0x82,0x00,True,2.27,-4.4,99.64,0,55.0
16:53:51.535,16:53:51.535,1171.195,0x82,0x00,True,2.27,-4.41,99.55,0,54.85
16:54:21.556,16:54:21.556,1201.216,0x82,0x00,True,2.27,-4.37,99.54,0,54.72
16:54:51.570,16:54:51.570,1231.23,0x82,0x00,True,2.26,-4.43,99.52,0,54.41
16:55:21.610,16:55:21.610,1261.27,0x82,0x00,True,2.25,-4.38,99.53,0,54.08
16:55:51.636,16:55:51.636,1291.296,0x82,0x00,True,2.26,-4.42,99.44,0,53.81
16:56:21.655,16:56:21.655,1321.315,0x82,0x00,True,2.26,-4.37,99.44,0,53.86
16:56:51.685,16:56:51.685,1351.345,0x82,0x00,True,2.26,-4.44,99.45,0,53.77
16:57:21.700,16:57:21.700,1381.36,0x82,0x00,True,2.28,-4.45,99.43,0,53.62
16:57:51.745,16:57:51.745,1411.405,0x82,0x00,True,2.26,-4.42,99.4,0,53.5
16:58:21.761,16:58:21.761,1441.421,0x82,0x00,True,2.27,-4.4,99.37,0,53.43
16:58:51.790,16:58:51.790,1471.45,0x82,0x00,True,2.26,-4.41,99.39,0,53.48
16:59:21.800,16:59:21.800,1501.46,0x82,0x00,True,2.25,-4.43,99.39,0,53.49
16:59:51.835,16:59:51.835,1531.495,0x82,0x00,True,2.26,-4.38,99.4,0,53.48
17:00:21.860,17:00:21.860,1561.52,0x82,0x00,True,2.27,-4.43,99.39,0,53.43
17:00:51.865,17:00:51.865,1591.525,0x82,0x00,True,2.24,-4.35,99.32,0,53.31
17:01:21.910,17:01:21.910,1621.57,0x82,0x00,True,2.25,-4.42,99.22,0,53.23
17:01:51.920,17:01:51.920,1651.58,0x82,0x00,True,2.27,-4.4,99.23,0,53.11
17:02:21.945,17:02:21.945,1681.605,0x82,0x00,True,2.26,-4.42,99.24,0,53.1
17:02:51.985,17:02:51.985,1711.645,0x82,0x00,True,2.26,-4.4,99.25,0,53.08
17:03:22.005,17:03:22.005,1741.665,0x82,0x00,True,2.27,-4.41,99.23,0,53.02
17:03:52.016,17:03:52.016,1771.676,0x82,0x00,True,2.25,-4.42,99.2,0,52.95
17:04:22.055,17:04:22.055,1801.715,0x82,0x00,True,2.25,-4.41,99.18,0,52.89
17:04:52.070,17:04:52.070,1831.73,0x82,0x00,True,2.25,-4.4,99.22,0,52.95
17:05:22.101,17:05:22.101,1861.761,0x82,0x00,True,2.26,-4.39,99.23,0,52.92
17:05:52.136,17:05:52.136,1891.796,0x82,0x00,True,2.25,-4.38,99.21,0,52.81
17:06:22.150,17:06:22.150,1921.81,0x82,0x00,True,2.27,-4.36,99.18,0,52.69
17:06:52.186,17:06:52.186,1951.846,0x82,0x00,True,2.25,-4.42,99.19,0,52.67
17:07:22.190,17:07:22.190,1981.85,0x82,0x00,True,2.26,-4.4,99.18,0,52.71
17:07:52.235,17:07:52.235,2011.895,0x82,0x00,True,2.25,-4.44,99.21,0,52.67
17:08:22.260,17:08:22.260,2041.92,0x82,0x00,True,2.27,-4.42,99.19,0,52.7
17:08:52.274,17:08:52.274,2071.934,0x82,0x00,True,2.25,-4.43,99.18,0,52.66
17:09:22.305,17:09:22.305,2101.965,0x82,0x00,True,2.25,-4.42,99.17,0,52.7
17:09:52.320,17:09:52.320,2131.98,0x82,0x00,True,2.24,-4.42,99.18,0,52.58
17:10:22.346,17:10:22.346,2162.006,0x82,0x00,True,2.25,-4.38,99.2,0,52.42
17:10:52.375,17:10:52.375,2192.035,0x82,0x00,True,2.25,-4.39,99.16,0,52.33
17:11:22.400,17:11:22.400,2222.06,0x82,0x00,True,2.24,-4.42,99.14,0,52.35
17:11:52.420,17:11:52.420,2252.08,0x82,0x00,True,2.24,-4.42,99.13,0,52.32
17:12:22.418,17:12:22.418,2282.078,0x82,0x00,True,2.26,-4.44,99.11,0,52.22
17:12:52.479,17:12:52.479,2312.139,0x82,0x00,True,2.24,-4.41,99.09,0,52.25
17:13:22.501,17:13:22.501,2342.161,0x82,0x00,True,2.25,-4.42,99.07,0,52.22
17:13:52.505,17:13:52.505,2372.165,0x82,0x00,True,2.26,-4.41,99.07,0,52.3
17:14:22.530,17:14:22.530,2402.19,0x82,0x00,True,2.25,-4.38,99.09,0,52.19
17:14:52.565,17:14:52.565,2432.225,0x82,0x00,True,2.25,-4.43,99.06,0,52.15
17:15:22.565,17:15:22.565,2462.225,0x82,0x00,True,2.26,-4.42,99.06,0,52.06
17:15:52.590,17:15:52.590,2492.25,0x82,0x00,True,2.25,-4.41,99.06,0,52.01
17:16:22.631,17:16:22.631,2522.291,0x82,0x00,True,2.25,-4.42,99.04,0,52.03
17:16:52.650,17:16:52.650,2552.31,0x82,0x00,True,2.26,-4.43,99.07,0,52.0
17:17:22.676,17:17:22.676,2582.336,0x82,0x00,True,2.25,-4.41,99.07,0,51.98
17:17:52.685,17:17:52.685,2612.345,0x82,0x00,True,2.25,-4.43,99.05,0,51.81
17:18:22.716,17:18:22.716,2642.376,0x82,0x00,True,2.25,-4.43,99.03,0,51.67
17:18:52.740,17:18:52.740,2672.4,0x82,0x00,True,2.24,-4.45,99.05,0,51.75
17:19:22.745,17:19:22.745,2702.405,0x82,0x00,True,2.25,-4.44,99.04,0,51.76
17:19:52.785,17:19:52.785,2732.445,0x82,0x00,True,2.24,-4.42,99.01,0,51.76
17:20:22.800,17:20:22.800,2762.46,0x82,0x00,True,2.25,-4.43,98.96,0,51.63
17:20:52.820,17:20:52.820,2792.48,0x82,0x00,True,2.23,-4.41,98.97,0,51.57
17:21:22.825,17:21:22.825,2822.485,0x82,0x00,True,2.25,-4.43,98.94,0,51.46
17:21:52.871,17:21:52.871,2852.531,0x82,0x00,True,2.24,-4.41,98.96,0,51.41
17:22:22.885,17:22:22.885,2882.545,0x82,0x00,True,2.24,-4.44,98.93,0,51.35
17:22:52.905,17:22:52.905,2912.565,0x82,0x00,True,2.23,-4.41,98.92,0,51.29
17:23:22.910,17:23:22.910,2942.57,0x82,0x00,True,2.24,-4.41,98.9,0,51.16
17:23:52.945,17:23:52.945,2972.605,0x82,0x00,True,2.24,-4.44,98.86,0,51.09
17:24:22.955,17:24:22.955,3002.615,0x82,0x00,True,2.23,-4.41,98.83,0,51.02
17:24:52.980,17:24:52.980,3032.64,0x82,0x00,True,2.24,-4.41,98.83,0,51.03
17:25:23.000,17:25:23.000,3062.66,0x82,0x00,True,2.24,-4.42,98.73,0,50.87
17:25:53.005,17:25:53.005,3092.665,0x82,0x00,True,2.21,-4.42,98.75,0,50.83
17:26:23.040,17:26:23.040,3122.7,0x82,0x00,True,2.23,-4.42,98.79,0,50.81
17:26:53.046,17:26:53.046,3152.706,0x82,0x00,True,2.23,-4.43,98.8,0,50.85
17:27:23.065,17:27:23.065,3182.725,0x82,0x00,True,2.23,-4.44,98.82,0,50.89
17:27:53.090,17:27:53.090,3212.75,0x82,0x00,True,2.23,-4.44,98.84,0,50.96
17:28:23.095,17:28:23.095,3242.755,0x82,0x00,True,2.24,-4.43,98.8,0,50.95
17:28:53.130,17:28:53.130,3272.79,0x82,0x00,True,2.24,-4.43,98.84,0,50.9
17:29:23.140,17:29:23.140,3302.8,0x82,0x00,True,2.25,-4.44,98.84,0,50.91
17:29:53.155,17:29:53.155,3332.815,0x82,0x00,True,2.24,-4.43,98.87,0,50.96
17:30:23.190,17:30:23.190,3362.85,0x82,0x00,True,2.24,-4.44,98.9,0,51.02
17:30:53.211,17:30:53.211,3392.871,0x82,0x00,True,2.25,-4.45,98.87,0,50.94
17:31:23.220,17:31:23.220,3422.88,0x82,0x00,True,2.24,-4.43,98.9,0,51.0
17:31:53.235,17:31:53.235,3452.895,0x82,0x00,True,2.24,-4.44,98.92,0,50.95
17:32:23.271,17:32:23.271,3482.931,0x82,0x00,True,2.25,-4.43,98.94,0,51.01
17:32:53.275,17:32:53.275,3512.935,0x82,0x00,True,2.24,-4.45,98.88,0,50.95
17:33:23.305,17:33:23.305,3542.965,0x82,0x00,True,2.25,-4.46,98.9,0,50.92
17:33:53.310,17:33:53.310,3572.97,0x82,0x00,True,2.24,-4.45,98.86,0,50.83
17:34:23.340,17:34:23.340,3603.0,0x82,0x00,True,2.25,-4.42,98.86,0,50.84
17:34:53.360,17:34:53.360,3633.02,0x82,0x00,True,2.24,-4.43,98.83,0,50.7
17:35:23.388,17:35:23.388,3663.048,0x82,0x00,True,2.23,-4.44,98.8,0,50.7
17:35:53.380,17:35:53.380,3693.04,0x82,0x00,True,2.24,-4.43,98.77,0,50.66
17:36:23.395,17:36:23.395,3723.055,0x82,0x00,True,2.23,-4.46,98.79,0,50.64
17:36:53.430,17:36:53.430,3753.09,0x82,0x00,True,2.24,-4.43,98.74,0,50.65
17:37:23.458,17:37:23.458,3783.118,0x82,0x00,True,2.23,-4.43,98.75,0,50.58
17:37:53.460,17:37:53.460,3813.12,0x82,0x00,True,2.25,-4.43,98.76,0,50.58
17:38:23.480,17:38:23.480,3843.14,0x82,0x00,True,2.23,-4.45,98.74,0,50.41
17:38:53.480,17:38:53.480,3873.14,0x82,0x00,True,2.23,-4.4,98.7,0,50.31
17:39:23.515,17:39:23.515,3903.175,0x82,0x00,True,2.24,-4.44,98.66,0,50.33
17:39:53.525,17:39:53.525,3933.185,0x82,0x00,True,2.23,-4.44,98.66,0,50.23
17:40:23.541,17:40:23.541,3963.201,0x82,0x00,True,2.24,-4.44,98.64,0,50.17
17:40:53.556,17:40:53.556,3993.216,0x82,0x00,True,2.23,-4.45,98.56,0,50.04
17:41:23.565,17:41:23.565,4023.225,0x82,0x00,True,2.24,-4.45,98.54,0,50.03
17:41:53.590,17:41:53.590,4053.25,0x82,0x00,True,2.22,-4.44,98.55,0,50.08
17:42:23.585,17:42:23.585,4083.245,0x82,0x00,True,2.23,-4.45,98.53,0,50.0
17:42:53.610,17:42:53.610,4113.27,0x82,0x00,True,2.24,-4.45,98.52,0,49.93
17:43:23.628,17:43:23.628,4143.288,0x82,0x00,True,2.24,-4.44,98.56,0,50.03
17:43:53.625,17:43:53.625,4173.285,0x82,0x00,True,2.23,-4.45,98.55,0,49.92
17:44:23.650,17:44:23.650,4203.31,0x82,0x00,True,2.22,-4.44,98.55,0,49.98
17:44:53.670,17:44:53.670,4233.33,0x82,0x00,True,2.23,-4.45,98.59,0,49.97
17:45:23.686,17:45:23.686,4263.346,0x82,0x00,True,2.22,-4.44,98.56,0,49.9
17:45:53.675,17:45:53.675,4293.335,0x82,0x00,True,2.24,-4.44,98.58,0,50.03
17:46:23.700,17:46:23.700,4323.36,0x82,0x00,True,2.23,-4.45,98.58,0,50.04
17:46:53.716,17:46:53.716,4353.376,0x82,0x00,True,2.23,-4.47,98.59,0,50.09
17:47:23.745,17:47:23.745,4383.405,0x82,0x00,True,2.23,-4.45,98.64,0,50.08
17:47:53.756,17:47:53.756,4413.416,0x82,0x00,True,2.23,-4.47,98.66,0,50.14
17:48:23.770,17:48:23.770,4443.43,0x82,0x00,True,2.24,-4.45,98.7,0,50.15
17:48:53.780,17:48:53.780,4473.44,0x82,0x00,True,2.23,-4.47,98.72,0,50.24
17:49:23.805,17:49:23.805,4503.465,0x82,0x00,True,2.23,-4.46,98.73,0,50.28
17:49:53.800,17:49:53.800,4533.46,0x82,0x00,True,2.23,-4.46,98.79,0,50.35
17:50:23.835,17:50:23.835,4563.495,0x82,0x00,True,2.24,-4.43,98.86,0,50.51
17:50:53.825,17:50:53.825,4593.485,0x82,0x00,True,2.24,-4.46,98.88,0,50.58
17:51:23.846,17:51:23.846,4623.506,0x82,0x00,True,2.24,-4.47,98.9,0,50.55
17:51:53.865,17:51:53.865,4653.525,0x82,0x00,True,2.23,-4.46,98.94,0,50.63
17:52:23.881,17:52:23.881,4683.541,0x82,0x00,True,2.22,-4.47,99.02,0,50.8
17:52:53.905,17:52:53.905,4713.565,0x82,0x00,True,2.22,-4.47,99.04,0,50.81
17:53:23.930,17:53:23.930,4743.59,0x82,0x00,True,2.23,-4.46,99.05,0,50.9
17:53:53.939,17:53:53.939,4773.599,0x82,0x00,True,2.24,-4.47,99.08,0,50.84
17:54:23.970,17:54:23.970,4803.63,0x82,0x00,True,2.24,-4.48,99.1,0,50.98
17:54:53.980,17:54:53.980,4833.64,0x82,0x00,True,2.23,-4.47,99.1,0,51.02
17:55:24.001,17:55:24.001,4863.661,0x82,0x00,True,2.23,-4.46,99.12,0,51.15
17:55:54.011,17:55:54.011,4893.671,0x82,0x00,True,2.23,-4.47,99.14,0,51.1
17:56:24.025,17:56:24.025,4923.685,0x82,0x00,True,2.24,-4.46,99.18,0,51.13
17:56:54.061,17:56:54.061,4953.721,0x82,0x00,True,2.25,-4.46,99.18,0,51.09
17:57:24.070,17:57:24.070,4983.73,0x82,0x00,True,2.24,-4.47,99.14,0,51.17
17:57:54.104,17:57:54.104,5013.764,0x82,0x00,True,2.25,-4.47,99.17,0,51.29
17:58:24.120,17:58:24.120,5043.78,0x82,0x00,True,2.24,-4.45,99.18,0,51.2
17:58:54.145,17:58:54.145,5073.805,0x82,0x00,True,2.26,-4.49,99.19,0,51.29
17:59:24.160,17:59:24.160,5103.82,0x82,0x00,True,2.25,-4.45,99.16,0,51.2
17:59:54.186,17:59:54.186,5133.846,0x82,0x00,True,2.25,-4.48,99.17,0,51.19
18:00:24.195,18:00:24.195,5163.855,0x82,0x00,True,2.26,-4.45,99.14,0,51.22
18:00:54.230,18:00:54.230,5193.89,0x82,0x00,True,2.24,-4.44,99.16,0,51.23
18:01:24.240,18:01:24.240,5223.9,0x82,0x00,True,2.24,-4.47,99.14,0,51.12
18:01:54.265,18:01:54.265,5253.925,0x82,0x00,True,2.25,-4.46,99.13,0,51.1
18:02:24.270,18:02:24.270,5283.93,0x82,0x00,True,2.26,-4.46,99.13,0,51.04
18:02:54.306,18:02:54.306,5313.966,0x82,0x00,True,2.24,-4.47,99.13,0,51.08
18:03:24.315,18:03:24.315,5343.975,0x82,0x00,True,2.25,-4.5,99.11,0,50.95
18:03:54.336,18:03:54.336,5373.996,0x82,0x00,True,2.24,-4.49,99.1,0,51.03
18:04:24.341,18:04:24.341,5404.001,0x82,0x00,True,2.25,-4.48,99.08,0,51.0
18:04:54.375,18:04:54.375,5434.035,0x82,0x00,True,2.24,-4.47,99.09,0,50.95
18:05:24.395,18:05:24.395,5464.055,0x82,0x00,True,2.24,-4.47,99.08,0,50.9
18:05:54.410,18:05:54.410,5494.07,0x82,0x00,True,2.24,-4.48,99.07,0,50.96
18:06:24.421,18:06:24.421,5524.081,0x82,0x00,True,2.25,-4.46,99.08,0,50.91
18:06:54.425,18:06:54.425,5554.085,0x82,0x00,True,2.25,-4.46,99.09,0,50.92
18:56:05.588,18:56:05.588,8505.248,0x82,0x00,True,2.17,-4.4,99.68,0,43.58
18:56:05.588,18:56:05.588,8505.248,0x82,0x00,True,2.18,-4.42,99.63,0,43.43
18:56:05.588,18:56:05.588,8505.248,0x82,0x00,True,2.18,-4.38,99.59,0,43.38
18:56:05.588,18:56:05.588,8505.248,0x82,0x00,True,2.19,-4.39,99.54,0,43.16
18:56:05.588,18:56:05.588,8505.248,0x82,0x00,True,2.18,-4.37,99.48,0,43.02
18:56:05.588,18:56:05.588,8505.248,0x82,0x00,True,2.16,-4.39,99.44,0,42.92
18:56:05.588,18:56:05.588,8505.248,0x82,0x00,True,2.17,-4.39,99.45,0,42.72
18:56:25.589,18:56:25.589,8525.249,0x82,0x00,True,2.17,-4.41,99.45,0,42.69
18:56:55.585,18:56:55.585,8555.245,0x82,0x00,True,2.17,-4.4,99.58,0,42.59
18:57:25.585,18:57:25.585,8585.245,0x82,0x00,True,2.17,-4.4,99.59,0,42.45
18:57:55.575,18:57:55.575,8615.235,0x82,0x00,True,2.17,-4.34,99.59,0,42.27
18:58:25.560,18:58:25.560,8645.22,0x82,0x00,True,2.17,-4.41,99.64,0,42.27
18:58:55.560,18:58:55.560,8675.22,0x82,0x00,True,2.18,-4.43,99.61,0,42.17
18:59:25.564,18:59:25.564,8705.224,0x82,0x00,True,2.17,-4.41,99.62,0,42.11
18:59:55.546,18:59:55.546,8735.206,0x82,0x00,True,2.18,-4.42,99.59,0,42.05
19:00:25.555,19:00:25.555,8765.215,0x82,0x00,True,2.17,-4.44,99.59,0,41.94
19:00:55.539,19:00:55.539,8795.199,0x82,0x00,True,2.16,-4.42,99.6,0,41.89
19:01:25.530,19:01:25.530,8825.19,0x82,0x00,True,2.16,-4.45,99.59,0,41.82
19:01:55.535,19:01:55.535,8855.195,0x82,0x00,True,2.18,-4.42,99.61,0,41.73
19:02:25.524,19:02:25.524,8885.184,0x82,0x00,True,2.17,-4.44,99.59,0,41.53
19:02:55.520,19:02:55.520,8915.18,0x82,0x00,True,2.16,-4.45,99.56,0,41.53
19:03:25.510,19:03:25.510,8945.17,0x82,0x00,True,2.17,-4.42,99.5,0,41.35
19:03:55.505,19:03:55.505,8975.165,0x82,0x00,True,2.17,-4.43,99.5,0,41.35
19:04:25.484,19:04:25.484,9005.144,0x82,0x00,True,2.18,-4.43,99.52,0,41.27
19:04:55.475,19:04:55.475,9035.135,0x82,0x00,True,2.16,-4.43,99.49,0,41.31
19:05:25.475,19:05:25.475,9065.135,0x82,0x00,True,2.16,-4.44,99.46,0,41.12
19:05:55.465,19:05:55.465,9095.125,0x82,0x00,True,2.17,-4.44,99.48,0,40.97
19:06:25.460,19:06:25.460,9125.12,0x82,0x00,True,2.17,-4.44,99.42,0,40.94
19:06:55.449,19:06:55.449,9155.109,0x82,0x00,True,2.16,-4.43,99.4,0,40.85
19:07:25.460,19:07:25.460,9185.12,0x82,0x00,True,2.17,-4.43,99.45,0,40.76
19:07:55.449,19:07:55.449,9215.109,0x82,0x00,True,2.16,-4.43,99.53,0,40.59
19:08:25.445,19:08:25.445,9245.105,0x82,0x00,True,2.16,-4.45,99.52,0,40.64
19:08:55.439,19:08:55.439,9275.099,0x82,0x00,True,2.16,-4.42,99.54,0,40.52
19:09:25.430,19:09:25.430,9305.09,0x82,0x00,True,2.17,-4.45,99.51,0,40.48
19:09:55.410,19:09:55.410,9335.07,0x82,0x00,True,2.15,-4.45,99.49,0,40.33
19:10:25.415,19:10:25.415,9365.075,0x82,0x00,True,2.16,-4.43,99.49,0,40.3
19:10:55.390,19:10:55.390,9395.05,0x82,0x00,True,2.15,-4.42,99.43,0,40.19
19:11:25.375,19:11:25.375,9425.035,0x82,0x00,True,2.16,-4.41,99.43,0,40.07
19:11:55.380,19:11:55.380,9455.04,0x82,0x00,True,2.16,-4.44,99.44,0,40.05
19:12:25.379,19:12:25.379,9485.039,0x82,0x00,True,2.14,-4.44,99.42,0,40.1
19:12:55.350,19:12:55.350,9515.01,0x82,0x00,True,2.16,-4.45,99.45,0,40.02
19:13:25.359,19:13:25.359,9545.019,0x82,0x00,True,2.16,-4.42,99.38,0,39.86
19:13:55.350,19:13:55.350,9575.01,0x82,0x00,True,2.15,-4.44,99.36,0,39.69
19:14:25.345,19:14:25.345,9605.005,0x82,0x00,True,2.16,-4.44,99.36,0,39.76
19:14:55.340,19:14:55.340,9635.0,0x82,0x00,True,2.15,-4.45,99.36,0,39.62
19:15:25.317,19:15:25.317,9664.977,0x82,0x00,True,2.16,-4.42,99.36,0,39.49
19:15:55.300,19:15:55.300,9694.96,0x82,0x00,True,2.16,-4.41,99.34,0,39.29
19:16:25.300,19:16:25.300,9724.96,0x82,0x00,True,2.15,-4.42,99.32,0,39.44
19:16:55.279,19:16:55.279,9754.939,0x82,0x00,True,2.16,-4.43,99.32,0,39.37
19:17:25.265,19:17:25.265,9784.925,0x82,0x00,True,2.16,-4.38,99.3,0,39.22
19:17:55.270,19:17:55.270,9814.93,0x82,0x00,True,2.15,-4.42,99.31,0,39.22
19:18:25.255,19:18:25.255,9844.915,0x82,0x00,True,2.16,-4.43,99.3,0,39.22
19:18:55.229,19:18:55.229,9874.889,0x82,0x00,True,2.16,-4.38,99.27,0,38.97
19:19:25.217,19:19:25.217,9904.877,0x82,0x00,True,2.15,-4.45,99.28,0,39.0
19:19:55.235,19:19:55.235,9934.895,0x82,0x00,True,2.16,-4.43,99.27,0,38.92
19:20:25.200,19:20:25.200,9964.86,0x82,0x00,True,2.15,-4.44,99.27,0,38.86
19:20:55.195,19:20:55.195,9994.855,0x82,0x00,True,2.15,-4.43,99.27,0,38.74
19:21:25.189,19:21:25.189,10024.849,0x82,0x00,True,2.15,-4.39,99.23,0,38.66
19:21:55.164,19:21:55.164,10054.824,0x82,0x00,True,2.15,-4.41,99.23,0,38.63
19:22:25.145,19:22:25.145,10084.805,0x82,0x00,True,2.15,-4.43,99.22,0,38.76
19:22:55.150,19:22:55.150,10114.81,0x82,0x00,True,2.15,-4.45,99.24,0,38.74
19:23:25.135,19:23:25.135,10144.795,0x82,0x00,True,2.14,-4.44,99.23,0,38.82
19:23:55.109,19:23:55.109,10174.769,0x82,0x00,True,2.15,-4.46,99.25,0,38.75
19:24:25.095,19:24:25.095,10204.755,0x82,0x00,True,2.15,-4.46,99.28,0,38.77
19:24:55.090,19:24:55.090,10234.75,0x82,0x00,True,2.14,-4.45,99.28,0,38.73
19:25:25.090,19:25:25.090,10264.75,0x82,0x00,True,2.13,-4.45,99.28,0,38.51
19:25:55.069,19:25:55.069,10294.729,0x82,0x00,True,2.14,-4.46,99.29,0,38.71
19:26:25.065,19:26:25.065,10324.725,0x82,0x00,True,2.15,-4.42,99.3,0,38.51
19:26:55.035,19:26:55.035,10354.695,0x82,0x00,True,2.14,-4.38,99.34,0,38.44
19:27:25.039,19:27:25.039,10384.699,0x82,0x00,True,2.13,-4.45,99.36,0,38.31
19:27:55.024,19:27:55.024,10414.684,0x82,0x00,True,2.15,-4.46,99.36,0,38.42
19:28:24.995,19:28:24.995,10444.655,0x82,0x00,True,2.15,-4.46,99.34,0,38.5
19:28:54.999,19:28:54.999,10474.659,0x82,0x00,True,2.15,-4.46,99.31,0,38.29
19:29:24.979,19:29:24.979,10504.639,0x82,0x00,True,2.14,-4.47,99.35,0,38.31
19:29:54.975,19:29:54.975,10534.635,0x82,0x00,True,2.15,-4.47,99.4,0,38.26
19:30:24.950,19:30:24.950,10564.61,0x82,0x00,True,2.14,-4.43,99.38,0,38.28
19:30:54.950,19:30:54.950,10594.61,0x82,0x00,True,2.14,-4.46,99.39,0,38.33
19:31:24.935,19:31:24.935,10624.595,0x82,0x00,True,2.15,-4.41,99.36,0,38.27
19:31:54.910,19:31:54.910,10654.57,0x82,0x00,True,2.14,-4.45,99.37,0,38.17
19:32:24.909,19:32:24.909,10684.569,0x82,0x00,True,2.15,-4.45,99.36,0,38.25
19:32:54.900,19:32:54.900,10714.56,0x82,0x00,True,2.13,-4.44,99.36,0,38.22
19:33:24.875,19:33:24.875,10744.535,0x82,0x00,True,2.14,-4.42,99.37,0,38.2
19:33:54.854,19:33:54.854,10774.514,0x82,0x00,True,2.15,-4.45,99.33,0,38.19
19:34:24.860,19:34:24.860,10804.52,0x82,0x00,True,2.14,-4.45,99.34,0,38.17
19:34:54.834,19:34:54.834,10834.494,0x82,0x00,True,2.13,-4.46,99.36,0,38.15
19:35:24.824,19:35:24.824,10864.484,0x82,0x00,True,2.13,-4.43,99.34,0,38.05
19:35:54.825,19:35:54.825,10894.485,0x82,0x00,True,2.14,-4.43,99.36,0,38.05
19:36:24.814,19:36:24.814,10924.474,0x82,0x00,True,2.16,-4.42,99.34,0,37.95
19:36:54.810,19:36:54.810,10954.47,0x82,0x00,True,2.14,-4.43,99.39,0,37.95
19:37:24.800,19:37:24.800,10984.46,0x82,0x00,True,2.14,-4.42,99.34,0,37.93
19:37:54.789,19:37:54.789,11014.449,0x82,0x00,True,2.14,-4.44,99.39,0,37.99
19:38:24.770,19:38:24.770,11044.43,0x82,0x00,True,2.13,-4.46,99.38,0,37.93
19:38:54.750,19:38:54.750,11074.41,0x82,0x00,True,2.13,-4.44,99.37,0,37.83
19:39:24.744,19:39:24.744,11104.404,0x82,0x00,True,2.14,-4.44,99.33,0,37.8
19:39:54.731,19:39:54.731,11134.391,0x82,0x00,True,2.15,-4.41,99.36,0,37.83
19:40:24.705,19:40:24.705,11164.365,0x82,0x00,True,2.14,-4.46,99.33,0,37.77
19:40:54.700,19:40:54.700,11194.36,0x82,0x00,True,2.15,-4.42,99.4,0,37.79
19:41:24.675,19:41:24.675,11224.335,0x82,0x00,True,2.13,-4.45,99.38,0,37.83
19:41:54.670,19:41:54.670,11254.33,0x82,0x00,True,2.14,-4.43,99.38,0,37.74
19:42:24.660,19:42:24.660,11284.32,0x82,0x00,True,2.14,-4.44,99.37,0,37.68
19:42:54.645,19:42:54.645,11314.305,0x82,0x00,True,2.14,-4.44,99.4,0,37.74
19:43:24.640,19:43:24.640,11344.3,0x82,0x00,True,2.13,-4.43,99.4,0,37.7
19:43:54.620,19:43:54.620,11374.28,0x82,0x00,True,2.14,-4.44,99.42,0,37.62
19:44:24.590,19:44:24.590,11404.25,0x82,0x00,True,2.13,-4.42,99.44,0,37.58
19:44:54.590,19:44:54.590,11434.25,0x82,0x00,True,2.12,-4.42,99.44,0,37.55
19:45:24.580,19:45:24.580,11464.24,0x82,0x00,True,2.14,-4.42,99.4,0,37.55
19:45:54.570,19:45:54.570,11494.23,0x82,0x00,True,2.13,-4.44,99.42,0,37.59
19:46:24.555,19:46:24.555,11524.215,0x82,0x00,True,2.14,-4.45,99.4,0,37.56
19:46:54.545,19:46:54.545,11554.205,0x82,0x00,True,2.14,-4.45,99.36,0,37.56
19:47:24.520,19:47:24.520,11584.18,0x82,0x00,True,2.13,-4.43,99.37,0,37.43
19:47:54.505,19:47:54.505,11614.165,0x82,0x00,True,2.13,-4.45,99.33,0,37.45
19:48:24.508,19:48:24.508,11644.168,0x82,0x00,True,2.14,-4.43,99.37,0,37.39
19:48:54.494,19:48:54.494,11674.154,0x82,0x00,True,2.13,-4.43,99.39,0,37.38
19:49:24.479,19:49:24.479,11704.139,0x82,0x00,True,2.13,-4.46,99.38,0,37.46
19:49:54.465,19:49:54.465,11734.125,0x82,0x00,True,2.14,-4.43,99.37,0,37.5
19:50:24.444,19:50:24.444,11764.104,0x82,0x00,True,2.13,-4.43,99.38,0,37.39
19:50:54.420,19:50:54.420,11794.08,0x82,0x00,True,2.13,-4.43,99.38,0,37.4
19:51:24.425,19:51:24.425,11824.085,0x82,0x00,True,2.12,-4.43,99.4,0,37.29
19:51:54.410,19:51:54.410,11854.07,0x82,0x00,True,2.14,-4.46,99.4,0,37.37
19:52:24.375,19:52:24.375,11884.035,0x82,0x00,True,2.16,-4.42,99.39,0,37.26
19:52:54.375,19:52:54.375,11914.035,0x82,0x00,True,2.14,-4.41,99.39,0,37.37
19:53:24.340,19:53:24.340,11944.0,0x82,0x00,True,2.15,-4.41,99.39,0,37.29
19:53:54.335,19:53:54.335,11973.995,0x82,0x00,True,2.14,-4.4,99.41,0,37.24
19:54:24.314,19:54:24.314,12003.974,0x82,0x00,True,2.14,-4.41,99.41,0,37.32
19:54:54.305,19:54:54.305,12033.965,0x82,0x00,True,2.13,-4.38,99.42,0,37.21
19:55:24.271,19:55:24.271,12063.931,0x82,0x00,True,2.14,-4.43,99.42,0,37.32
19:55:54.250,19:55:54.250,12093.91,0x82,0x00,True,2.13,-4.43,99.41,0,37.19
19:56:24.255,19:56:24.255,12123.915,0x82,0x00,True,2.14,-4.45,99.44,0,37.27
19:56:54.225,19:56:54.225,12153.885,0x82,0x00,True,2.14,-4.42,99.36,0,37.27
19:57:24.220,19:57:24.220,12183.88,0x82,0x00,True,2.13,-4.41,99.37,0,37.17
19:57:54.185,19:57:54.185,12213.845,0x82,0x00,True,2.12,-4.42,99.36,0,37.16
19:58:24.193,19:58:24.193,12243.853,0x82,0x00,True,2.14,-4.41,99.35,0,37.19
19:59:24.155,19:59:24.155,12303.815,0x82,0x00,True,2.13,-4.44,99.37,0,37.25
19:59:24.155,19:59:24.155,12303.815,0x82,0x00,True,2.14,-4.45,97.71,0,37.05
19:59:54.122,19:59:54.122,12333.782,0x82,0x00,True,2.13,-4.45,97.71,0,37.18
20:00:24.098,20:00:24.098,12363.758,0x82,0x00,True,2.14,-4.45,97.7,0,37.13
20:00:54.098,20:00:54.098,12393.758,0x82,0x00,True,2.13,-4.44,97.7,0,37.18
20:01:24.082,20:01:24.082,12423.742,0x82,0x00,True,2.14,-4.42,97.7,0,37.25
20:01:54.067,20:01:54.067,12453.727,0x82,0x00,True,2.14,-4.45,97.7,0,37.13
20:02:24.037,20:02:24.037,12483.697,0x82,0x00,True,2.14,-4.46,97.7,0,37.08
20:02:54.043,20:02:54.043,12513.703,0x82,0x00,True,2.13,-4.46,97.7,0,37.17
20:03:24.018,20:03:24.018,12543.678,0x82,0x00,True,2.13,-4.44,97.67,0,37.19
20:03:53.997,20:03:53.997,12573.657,0x82,0x00,True,2.14,-4.43,97.67,0,37.0
20:04:23.987,20:04:23.987,12603.647,0x82,0x00,True,2.14,-4.43,97.7,0,37.15
20:04:53.962,20:04:53.962,12633.622,0x82,0x00,True,2.13,-4.44,97.7,0,37.12
20:05:23.957,20:05:23.957,12663.617,0x82,0x00,True,2.14,-4.42,97.7,0,37.17
20:05:53.927,20:05:53.927,12693.587,0x82,0x00,True,2.13,-4.43,97.67,0,37.13
20:06:23.917,20:06:23.917,12723.577,0x82,0x00,True,2.14,-4.45,97.68,0,37.16
20:06:53.907,20:06:53.907,12753.567,0x82,0x00,True,2.14,-4.44,97.68,0,37.23
20:07:23.887,20:07:23.887,12783.547,0x82,0x00,True,2.13,-4.46,97.72,0,37.17
20:07:53.862,20:07:53.862,12813.522,0x82,0x00,True,2.14,-4.43,97.7,0,37.04
20:08:23.857,20:08:23.857,12843.517,0x82,0x00,True,2.15,-4.42,97.66,0,37.04
20:08:53.842,20:08:53.842,12873.502,0x82,0x00,True,2.13,-4.46,97.67,0,37.12
20:09:23.836,20:09:23.836,12903.496,0x82,0x00,True,2.13,-4.43,97.67,0,37.09
20:09:53.802,20:09:53.802,12933.462,0x82,0x00,True,2.13,-4.42,97.71,0,37.1
20:10:23.802,20:10:23.802,12963.462,0x82,0x00,True,2.13,-4.45,97.67,0,37.12
20:10:53.790,20:10:53.790,12993.45,0x82,0x00,True,2.15,-4.42,97.68,0,37.05
20:11:23.768,20:11:23.768,13023.428,0x82,0x00,True,2.15,-4.43,97.68,0,37.07
20:11:53.752,20:11:53.752,13053.412,0x82,0x00,True,2.14,-4.42,97.68,0,37.09
20:12:23.747,20:12:23.747,13083.407,0x82,0x00,True,2.13,-4.44,97.67,0,36.94
20:12:53.727,20:12:53.727,13113.387,0x82,0x00,True,2.13,-4.42,97.68,0,37.03
20:13:23.707,20:13:23.707,13143.367,0x82,0x00,True,2.13,-4.43,97.67,0,36.96
20:13:53.702,20:13:53.702,13173.362,0x82,0x00,True,2.13,-4.4,97.67,0,37.04
20:14:23.687,20:14:23.687,13203.347,0x82,0x00,True,2.13,-4.42,97.7,0,36.97
20:14:53.678,20:14:53.678,13233.338,0x82,0x00,True,2.14,-4.45,97.66,0,37.0
20:15:23.662,20:15:23.662,13263.322,0x82,0x00,True,2.14,-4.34,97.65,0,36.93
20:15:53.638,20:15:53.638,13293.298,0x82,0x00,True,2.14,-4.4,97.71,0,36.9
20:16:23.638,20:16:23.638,13323.298,0x82,0x00,True,2.13,-4.43,97.7,0,37.01
20:16:53.617,20:16:53.617,13353.277,0x82,0x00,True,2.14,-4.44,97.71,0,37.0
20:17:23.607,20:17:23.607,13383.267,0x82,0x00,True,2.15,-4.43,97.69,0,36.86
20:17:53.587,20:17:53.587,13413.247,0x82,0x00,True,2.15,-4.44,97.68,0,36.98
20:18:23.577,20:18:23.577,13443.237,0x82,0x00,True,2.14,-4.45,97.68,0,36.91
20:18:53.558,20:18:53.558,13473.218,0x82,0x00,True,2.13,-4.42,97.72,0,36.97
20:19:23.532,20:19:23.532,13503.192,0x82,0x00,True,2.13,-4.45,97.74,0,36.9
20:19:53.527,20:19:53.527,13533.187,0x82,0x00,True,2.14,-4.4,97.73,0,36.9
20:20:23.508,20:20:23.508,13563.168,0x82,0x00,True,2.13,-4.44,97.71,0,36.89
20:20:53.482,20:20:53.482,13593.142,0x82,0x00,True,2.14,-4.42,97.69,0,36.86
20:21:23.467,20:21:23.467,13623.127,0x82,0x00,True,2.14,-4.41,97.68,0,36.89
20:21:53.462,20:21:53.462,13653.122,0x82,0x00,True,2.14,-4.43,97.67,0,36.86
20:22:23.447,20:22:23.447,13683.107,0x82,0x00,True,2.13,-4.43,97.71,0,36.92
20:22:53.433,20:22:53.433,13713.093,0x82,0x00,True,2.13,-4.42,97.71,0,36.84
20:23:23.417,20:23:23.417,13743.077,0x82,0x00,True,2.13,-4.43,97.73,0,36.86
20:23:53.402,20:23:53.402,13773.062,0x82,0x00,True,2.13,-4.45,97.71,0,36.81
20:24:23.382,20:24:23.382,13803.042,0x82,0x00,True,2.13,-4.43,97.7,0,36.79
20:24:53.367,20:24:53.367,13833.027,0x82,0x00,True,2.14,-4.41,97.71,0,36.66
20:25:23.348,20:25:23.348,13863.008,0x82,0x00,True,2.15,-4.43,97.72,0,36.79
20:25:53.322,20:25:53.322,13892.982,0x82,0x00,True,2.12,-4.44,97.75,0,36.88
20:26:23.312,20:26:23.312,13922.972,0x82,0x00,True,2.14,-4.45,97.72,0,36.89
20:26:53.297,20:26:53.297,13952.957,0x82,0x00,True,2.13,-4.42,97.7,0,36.78
20:27:23.282,20:27:23.282,13982.942,0x82,0x00,True,2.13,-4.43,97.75,0,36.84
20:27:53.252,20:27:53.252,14012.912,0x82,0x00,True,2.14,-4.44,97.77,0,36.88
20:28:23.237,20:28:23.237,14042.897,0x82,0x00,True,2.14,-4.43,97.73,0,36.91
20:28:53.228,20:28:53.228,14072.888,0x82,0x00,True,2.12,-4.43,97.71,0,36.74
20:29:23.223,20:29:23.223,14102.883,0x82,0x00,True,2.13,-4.41,97.73,0,36.76
20:29:53.213,20:29:53.213,14132.873,0x82,0x00,True,2.13,-4.42,97.71,0,36.77
20:30:23.192,20:30:23.192,14162.852,0x82,0x00,True,2.14,-4.42,97.71,0,36.86
20:30:53.162,20:30:53.162,14192.822,0x82,0x00,True,2.13,-4.38,97.75,0,36.73
20:31:23.143,20:31:23.143,14222.803,0x82,0x00,True,2.14,-4.44,97.74,0,36.85
20:31:53.138,20:31:53.138,14252.798,0x82,0x00,True,2.13,-4.44,97.8,0,36.94
20:32:23.123,20:32:23.123,14282.783,0x82,0x00,True,2.13,-4.45,97.78,0,36.85
20:32:53.107,20:32:53.107,14312.767,0x82,0x00,True,2.13,-4.43,97.8,0,36.85
20:33:23.077,20:33:23.077,14342.737,0x82,0x00,True,2.14,-4.44,97.78,0,36.8
20:33:53.077,20:33:53.077,14372.737,0x82,0x00,True,2.14,-4.44,97.78,0,36.79
20:34:23.061,20:34:23.061,14402.721,0x82,0x00,True,2.13,-4.38,97.77,0,36.68
20:34:53.042,20:34:53.042,14432.702,0x82,0x00,True,2.15,-4.42,97.77,0,36.85
20:35:23.027,20:35:23.027,14462.687,0x82,0x00,True,2.15,-4.42,97.8,0,36.76
20:35:53.018,20:35:53.018,14492.678,0x82,0x00,True,2.14,-4.44,97.79,0,36.75
20:36:23.002,20:36:23.002,14522.662,0x82,0x00,True,2.12,-4.4,97.8,0,36.69
20:36:52.981,20:36:52.981,14552.641,0x82,0x00,True,2.13,-4.45,97.83,0,36.84
20:37:22.973,20:37:22.973,14582.633,0x82,0x00,True,2.13,-4.43,97.78,0,36.82
20:37:52.957,20:37:52.957,14612.617,0x82,0x00,True,2.14,-4.39,97.82,0,36.75
20:38:22.947,20:38:22.947,14642.607,0x82,0x00,True,2.14,-4.4,97.81,0,36.69
20:38:52.917,20:38:52.917,14672.577,0x82,0x00,True,2.14,-4.39,97.78,0,36.77
20:39:22.897,20:39:22.897,14702.557,0x82,0x00,True,2.14,-4.42,97.79,0,36.72
20:39:52.897,20:39:52.897,14732.557,0x82,0x00,True,2.13,-4.43,97.81,0,36.78
20:40:22.888,20:40:22.888,14762.548,0x82,0x00,True,2.13,-4.44,97.84,0,36.79
20:40:52.872,20:40:52.872,14792.532,0x82,0x00,True,2.13,-4.4,97.84,0,36.8
20:41:22.857,20:41:22.857,14822.517,0x82,0x00,True,2.14,-4.42,97.86,0,36.74
20:41:52.832,20:41:52.832,14852.492,0x82,0x00,True,2.14,-4.42,97.84,0,36.75
20:42:22.830,20:42:22.830,14882.49,0x82,0x00,True,2.14,-4.41,97.83,0,36.73
20:42:52.802,20:42:52.802,14912.462,0x82,0x00,True,2.14,-4.4,97.84,0,36.64
20:43:22.782,20:43:22.782,14942.442,0x82,0x00,True,2.13,-4.43,97.86,0,36.76
20:43:52.763,20:43:52.763,14972.423,0x82,0x00,True,2.12,-4.44,97.84,0,36.79
20:44:22.747,20:44:22.747,15002.407,0x82,0x00,True,2.14,-4.44,97.87,0,36.77
20:44:52.742,20:44:52.742,15032.402,0x82,0x00,True,2.12,-4.4,97.87,0,36.66
20:45:22.728,20:45:22.728,15062.388,0x82,0x00,True,2.13,-4.4,97.84,0,36.76
20:45:52.697,20:45:52.697,15092.357,0x82,0x00,True,2.13,-4.41,97.85,0,36.69
20:46:22.687,20:46:22.687,15122.347,0x82,0x00,True,2.12,-4.45,97.87,0,36.76
20:46:52.667,20:46:52.667,15152.327,0x82,0x00,True,2.14,-4.43,97.84,0,36.66
20:47:22.642,20:47:22.642,15182.302,0x82,0x00,True,2.12,-4.44,97.84,0,36.66
20:47:52.643,20:47:52.643,15212.303,0x82,0x00,True,2.13,-4.43,97.86,0,36.7
20:48:22.617,20:48:22.617,15242.277,0x82,0x00,True,2.12,-4.42,97.85,0,36.69
20:48:52.611,20:48:52.611,15272.271,0x82,0x00,True,2.13,-4.44,97.9,0,36.73
20:49:22.577,20:49:22.577,15302.237,0x82,0x00,True,2.13,-4.41,97.87,0,36.73
20:49:52.558,20:49:52.558,15332.218,0x82,0x00,True,2.13,-4.4,97.91,0,36.66
20:50:22.552,20:50:22.552,15362.212,0x82,0x00,True,2.13,-4.39,97.89,0,36.73
20:50:52.522,20:50:52.522,15392.182,0x82,0x00,True,2.13,-4.44,97.88,0,36.84
20:51:22.503,20:51:22.503,15422.163,0x82,0x00,True,2.12,-4.44,97.9,0,36.89
20:51:52.497,20:51:52.497,15452.157,0x82,0x00,True,2.13,-4.43,97.9,0,36.76
20:52:22.478,20:52:22.478,15482.138,0x82,0x00,True,2.14,-4.43,97.92,0,36.76
20:52:52.479,20:52:52.479,15512.139,0x82,0x00,True,2.14,-4.43,97.89,0,36.83
20:53:22.457,20:53:22.457,15542.117,0x82,0x00,True,2.14,-4.45,97.94,0,36.95
20:53:52.447,20:53:52.447,15572.107,0x82,0x00,True,2.14,-4.43,97.92,0,36.85
20:54:22.419,20:54:22.419,15602.079,0x82,0x00,True,2.14,-4.38,97.9,0,36.8
20:54:52.413,20:54:52.413,15632.073,0x82,0x00,True,2.13,-4.43,97.9,0,36.92
20:55:22.397,20:55:22.397,15662.057,0x82,0x00,True,2.13,-4.42,97.97,0,36.86
20:55:52.393,20:55:52.393,15692.053,0x82,0x00,True,2.13,-4.4,97.96,0,36.85
20:56:22.365,20:56:22.365,15722.025,0x82,0x00,True,2.13,-4.42,98.02,0,36.97
20:56:52.342,20:56:52.342,15752.002,0x82,0x00,True,2.13,-4.42,98.01,0,36.97
20:57:22.343,20:57:22.343,15782.003,0x82,0x00,True,2.13,-4.44,98.03,0,37.03
20:57:52.332,20:57:52.332,15811.992,0x82,0x00,True,2.13,-4.44,98.03,0,37.02
20:58:22.312,20:58:22.312,15841.972,0x82,0x00,True,2.14,-4.42,98.06,0,37.05
20:58:52.303,20:58:52.303,15871.963,0x82,0x00,True,2.13,-4.43,98.02,0,37.03
20:59:22.272,20:59:22.272,15901.932,0x82,0x00,True,2.13,-4.42,98.03,0,37.12
20:59:52.272,20:59:52.272,15931.932,0x82,0x00,True,2.13,-4.44,98.02,0,37.12
21:00:22.247,21:00:22.247,15961.907,0x82,0x00,True,2.14,-4.41,98.03,0,37.06
21:00:52.245,21:00:52.245,15991.905,0x82,0x00,True,2.12,-4.41,98.02,0,37.0
21:01:22.232,21:01:22.232,16021.892,0x82,0x00,True,2.14,-4.43,97.99,0,37.13
21:01:52.215,21:01:52.215,16051.875,0x82,0x00,True,2.14,-4.43,98.02,0,37.03
21:02:22.202,21:02:22.202,16081.862,0x82,0x00,True,2.12,-4.46,98.02,0,37.09
21:02:52.183,21:02:52.183,16111.843,0x82,0x00,True,2.13,-4.39,98.04,0,36.99
21:03:22.178,21:03:22.178,16141.838,0x82,0x00,True,2.12,-4.42,98.02,0,37.08
21:03:52.162,21:03:52.162,16171.822,0x82,0x00,True,2.13,-4.42,98.01,0,36.97
21:04:22.152,21:04:22.152,16201.812,0x82,0x00,True,2.13,-4.43,97.98,0,37.07
21:04:52.122,21:04:52.122,16231.782,0x82,0x00,True,2.12,-4.46,97.97,0,37.16
21:05:22.107,21:05:22.107,16261.767,0x82,0x00,True,2.13,-4.43,97.97,0,37.09
21:05:52.103,21:05:52.103,16291.763,0x82,0x00,True,2.14,-4.41,97.99,0,37.12
21:06:22.097,21:06:22.097,16321.757,0x82,0x00,True,2.13,-4.41,98.0,0,37.13
21:06:52.082,21:06:52.082,16351.742,0x82,0x00,True,2.14,-4.42,98.01,0,37.18
21:07:22.075,21:07:22.075,16381.735,0x82,0x00,True,2.14,-4.41,98.03,0,37.19
21:07:52.043,21:07:52.043,16411.703,0x82,0x00,True,2.13,-4.42,98.03,0,37.17
21:08:22.022,21:08:22.022,16441.682,0x82,0x00,True,2.14,-4.43,98.01,0,37.14
21:08:52.018,21:08:52.018,16471.678,0x82,0x00,True,2.13,-4.43,98.03,0,37.3
21:09:22.002,21:09:22.002,16501.662,0x82,0x00,True,2.13,-4.42,98.03,0,37.29
21:09:51.998,21:09:51.998,16531.658,0x82,0x00,True,2.13,-4.42,98.04,0,37.3
21:10:21.992,21:10:21.992,16561.652,0x82,0x00,True,2.14,-4.42,98.06,0,37.23
21:10:51.985,21:10:51.985,16591.645,0x82,0x00,True,2.13,-4.44,98.05,0,37.31
21:11:21.952,21:11:21.952,16621.612,0x82,0x00,True,2.12,-4.45,98.11,0,37.25
21:11:51.937,21:11:51.937,16651.597,0x82,0x00,True,2.12,-4.43,98.11,0,37.32
21:12:21.933,21:12:21.933,16681.593,0x82,0x00,True,2.13,-4.45,98.13,0,37.3
21:12:51.922,21:12:51.922,16711.582,0x82,0x00,True,2.13,-4.4,98.14,0,37.28
21:13:21.902,21:13:21.902,16741.562,0x82,0x00,True,2.14,-4.43,98.1,0,37.4
21:13:51.877,21:13:51.877,16771.537,0x82,0x00,True,2.12,-4.44,98.15,0,37.36
21:14:21.868,21:14:21.868,16801.528,0x82,0x00,True,2.13,-4.44,98.11,0,37.37
21:14:51.857,21:14:51.857,16831.517,0x82,0x00,True,2.14,-4.42,98.13,0,37.28
21:15:21.848,21:15:21.848,16861.508,0x82,0x00,True,2.13,-4.43,98.13,0,37.32
21:15:51.832,21:15:51.832,16891.492,0x82,0x00,True,2.13,-4.45,98.14,0,37.38
21:16:21.808,21:16:21.808,16921.468,0x82,0x00,True,2.13,-4.42,98.13,0,37.5
21:16:51.802,21:16:51.802,16951.462,0x82,0x00,True,2.13,-4.41,98.12,0,37.5
21:17:21.782,21:17:21.782,16981.442,0x82,0x00,True,2.12,-4.4,98.14,0,37.62
21:17:51.757,21:17:51.757,17011.417,0x82,0x00,True,2.13,-4.4,98.12,0,37.44
21:18:21.752,21:18:21.752,17041.412,0x82,0x00,True,2.14,-4.43,98.08,0,37.5
21:18:51.732,21:18:51.732,17071.392,0x82,0x00,True,2.14,-4.43,98.11,0,37.45
21:19:21.728,21:19:21.728,17101.388,0x82,0x00,True,2.12,-4.44,98.13,0,37.53
21:19:51.692,21:19:51.692,17131.352,0x82,0x00,True,2.14,-4.42,98.12,0,37.49
21:20:21.677,21:20:21.677,17161.337,0x82,0x00,True,2.13,-4.45,98.13,0,37.45
21:20:51.678,21:20:51.678,17191.338,0x82,0x00,True,2.14,-4.42,98.17,0,37.46
21:21:21.668,21:21:21.668,17221.328,0x82,0x00,True,2.13,-4.43,98.13,0,37.52
21:21:51.652,21:21:51.652,17251.312,0x82,0x00,True,2.13,-4.44,98.15,0,37.51
21:22:21.641,21:22:21.641,17281.301,0x82,0x00,True,2.13,-4.45,98.16,0,37.41
21:22:51.622,21:22:51.622,17311.282,0x82,0x00,True,2.13,-4.44,98.14,0,37.43
21:23:21.607,21:23:21.607,17341.267,0x82,0x00,True,2.14,-4.44,98.1,0,37.47
21:23:51.598,21:23:51.598,17371.258,0x82,0x00,True,2.12,-4.46,98.08,0,37.48
21:24:21.582,21:24:21.582,17401.242,0x82,0x00,True,2.13,-4.43,98.12,0,37.56
21:24:51.562,21:24:51.562,17431.222,0x82,0x00,True,2.13,-4.45,98.12,0,37.52
21:25:21.542,21:25:21.542,17461.202,0x82,0x00,True,2.13,-4.44,98.14,0,37.54
21:25:51.538,21:25:51.538,17491.198,0x82,0x00,True,2.13,-4.45,98.11,0,37.53
21:26:21.532,21:26:21.532,17521.192,0x82,0x00,True,2.14,-4.44,98.11,0,37.48
21:26:51.518,21:26:51.518,17551.178,0x82,0x00,True,2.14,-4.45,98.1,0,37.48
21:27:21.500,21:27:21.500,17581.16,0x82,0x00,True,2.14,-4.44,98.09,0,37.5
21:27:51.492,21:27:51.492,17611.152,0x82,0x00,True,2.13,-4.44,98.09,0,37.49
21:28:21.468,21:28:21.468,17641.128,0x82,0x00,True,2.14,-4.43,98.09,0,37.47
21:28:51.462,21:28:51.462,17671.122,0x82,0x00,True,2.12,-4.45,98.11,0,37.43
21:29:21.457,21:29:21.457,17701.117,0x82,0x00,True,2.14,-4.44,98.12,0,37.5
21:29:51.447,21:29:51.447,17731.107,0x82,0x00,True,2.12,-4.46,98.14,0,37.5
21:30:21.433,21:30:21.433,17761.093,0x82,0x00,True,2.14,-4.45,98.13,0,37.49
21:30:51.423,21:30:51.423,17791.083,0x82,0x00,True,2.13,-4.47,98.13,0,37.49
21:31:21.417,21:31:21.417,17821.077,0x82,0x00,True,2.14,-4.46,98.13,0,37.42
21:31:51.387,21:31:51.387,17851.047,0x82,0x00,True,2.12,-4.42,98.12,0,37.53
21:32:21.383,21:32:21.383,17881.043,0x82,0x00,True,2.13,-4.46,98.13,0,37.49
21:32:51.372,21:32:51.372,17911.032,0x82,0x00,True,2.14,-4.44,98.14,0,37.33
21:33:21.362,21:33:21.362,17941.022,0x82,0x00,True,2.12,-4.45,98.14,0,37.45
21:33:51.348,21:33:51.348,17971.008,0x82,0x00,True,2.13,-4.44,98.09,0,37.42
21:34:21.332,21:34:21.332,18000.992,0x82,0x00,True,2.13,-4.46,98.12,0,37.53
21:34:51.322,21:34:51.322,18030.982,0x82,0x00,True,2.12,-4.46,98.14,0,37.53
21:35:21.303,21:35:21.303,18060.963,0x82,0x00,True,2.13,-4.45,98.15,0,37.53
21:35:51.288,21:35:51.288,18090.948,0x82,0x00,True,2.12,-4.45,98.17,0,37.53
21:36:21.282,21:36:21.282,18120.942,0x82,0x00,True,2.13,-4.44,98.15,0,37.56
21:36:51.272,21:36:51.272,18150.932,0x82,0x00,True,2.14,-4.45,98.18,0,37.54
21:37:21.258,21:37:21.258,18180.918,0x82,0x00,True,2.12,-4.44,98.16,0,37.66
21:37:51.237,21:37:51.237,18210.897,0x82,0x00,True,2.12,-4.44,98.21,0,37.54
21:38:21.218,21:38:21.218,18240.878,0x82,0x00,True,2.12,-4.45,98.23,0,37.62
21:38:51.217,21:38:51.217,18270.877,0x82,0x00,True,2.12,-4.45,98.24,0,37.64
21:39:21.212,21:39:21.212,18300.872,0x82,0x00,True,2.13,-4.46,98.21,0,37.71
21:39:51.197,21:39:51.197,18330.857,0x82,0x00,True,2.13,-4.45,98.23,0,37.69
21:40:21.187,21:40:21.187,18360.847,0x82,0x00,True,2.12,-4.45,98.26,0,37.62
21:40:51.172,21:40:51.172,18390.832,0x82,0x00,True,2.12,-4.43,98.22,0,37.59
21:41:21.152,21:41:21.152,18420.812,0x82,0x00,True,2.13,-4.44,98.25,0,37.63
21:41:51.161,21:41:51.161,18450.821,0x82,0x00,True,2.12,-4.46,98.23,0,37.52
21:42:21.138,21:42:21.138,18480.798,0x82,0x00,True,2.15,-4.45,98.26,0,37.54
21:42:51.122,21:42:51.122,18510.782,0x82,0x00,True,2.13,-4.42,98.25,0,37.46
21:43:21.112,21:43:21.112,18540.772,0x82,0x00,True,2.12,-4.45,98.22,0,37.51
21:43:51.098,21:43:51.098,18570.758,0x82,0x00,True,2.12,-4.44,98.21,0,37.62
21:44:21.088,21:44:21.088,18600.748,0x82,0x00,True,2.14,-4.44,98.17,0,37.56
21:44:51.062,21:44:51.062,18630.722,0x82,0x00,True,2.13,-4.41,98.14,0,37.49
21:45:21.058,21:45:21.058,18660.718,0x82,0x00,True,2.13,-4.45,98.15,0,37.54
21:45:51.048,21:45:51.048,18690.708,0x82,0x00,True,2.12,-4.44,98.18,0,37.52
21:46:21.032,21:46:21.032,18720.692,0x82,0x00,True,2.12,-4.43,98.17,0,37.56
21:46:51.022,21:46:51.022,18750.682,0x82,0x00,True,2.12,-4.45,98.24,0,37.62
21:47:20.997,21:47:20.997,18780.657,0x82,0x00,True,2.12,-4.46,98.2,0,37.56
21:47:50.998,21:47:50.998,18810.658,0x82,0x00,True,2.13,-4.43,98.19,0,37.56
21:48:20.978,21:48:20.978,18840.638,0x82,0x00,True,2.13,-4.44,98.21,0,37.56
21:48:50.978,21:48:50.978,18870.638,0x82,0x00,True,2.13,-4.45,98.2,0,37.5
21:49:20.957,21:49:20.957,18900.617,0x82,0x00,True,2.12,-4.43,98.22,0,37.54
21:49:50.933,21:49:50.933,18930.593,0x82,0x00,True,2.12,-4.45,98.23,0,37.52
21:50:20.922,21:50:20.922,18960.582,0x82,0x00,True,2.13,-4.43,98.2,0,37.51
21:50:50.908,21:50:50.908,18990.568,0x82,0x00,True,2.14,-4.44,98.21,0,37.49
21:51:20.897,21:51:20.897,19020.557,0x82,0x00,True,2.13,-4.45,98.22,0,37.57
21:51:50.902,21:51:50.902,19050.562,0x82,0x00,True,2.13,-4.45,98.26,0,37.61
21:52:20.874,21:52:20.874,19080.534,0x82,0x00,True,2.13,-4.43,98.21,0,37.5
21:52:50.867,21:52:50.867,19110.527,0x82,0x00,True,2.12,-4.4,98.21,0,37.48
21:53:20.862,21:53:20.862,19140.522,0x82,0x00,True,2.13,-4.44,98.24,0,37.47
21:53:50.853,21:53:50.853,19170.513,0x82,0x00,True,2.14,-4.44,98.25,0,37.53
21:54:20.827,21:54:20.827,19200.487,0x82,0x00,True,2.12,-4.42,98.19,0,37.52
21:54:50.822,21:54:50.822,19230.482,0x82,0x00,True,2.14,-4.47,98.2,0,37.61
21:55:20.798,21:55:20.798,19260.458,0x82,0x00,True,2.13,-4.45,98.19,0,37.59
21:55:50.787,21:55:50.787,19290.447,0x82,0x00,True,2.14,-4.45,98.23,0,37.59
21:56:20.787,21:56:20.787,19320.447,0x82,0x00,True,2.13,-4.44,98.23,0,37.52
21:56:50.763,21:56:50.763,19350.423,0x82,0x00,True,2.13,-4.45,98.2,0,37.64
21:57:20.758,21:57:20.758,19380.418,0x82,0x00,True,2.13,-4.45,98.23,0,37.56
21:57:50.737,21:57:50.737,19410.397,0x82,0x00,True,2.12,-4.42,98.23,0,37.54
21:58:20.732,21:58:20.732,19440.392,0x82,0x00,True,2.12,-4.43,98.26,0,37.54
21:58:50.723,21:58:50.723,19470.383,0x82,0x00,True,2.13,-4.45,98.28,0,37.57
21:59:20.707,21:59:20.707,19500.367,0x82,0x00,True,2.12,-4.44,98.28,0,37.56
21:59:50.697,21:59:50.697,19530.357,0x82,0x00,True,2.13,-4.41,98.25,0,37.59
22:00:20.680,22:00:20.680,19560.34,0x82,0x00,True,2.12,-4.41,98.26,0,37.62
22:00:50.657,22:00:50.657,19590.317,0x82,0x00,True,2.14,-4.44,98.26,0,37.54
22:01:20.647,22:01:20.647,19620.307,0x82,0x00,True,2.11,-4.43,98.27,0,37.59
22:01:50.632,22:01:50.632,19650.292,0x82,0x00,True,2.13,-4.42,98.29,0,37.56
22:02:20.622,22:02:20.622,19680.282,0x82,0x00,True,2.14,-4.45,98.3,0,37.59
22:02:50.592,22:02:50.592,19710.252,0x82,0x00,True,2.14,-4.45,98.31,0,37.6
22:03:20.583,22:03:20.583,19740.243,0x82,0x00,True,2.11,-4.43,98.23,0,37.59
22:03:50.562,22:03:50.562,19770.222,0x82,0x00,True,2.13,-4.45,98.25,0,37.53
22:04:20.558,22:04:20.558,19800.218,0x82,0x00,True,2.14,-4.44,98.25,0,37.56
22:04:50.540,22:04:50.540,19830.2,0x82,0x00,True,2.12,-4.42,98.29,0,37.61
22:05:20.513,22:05:20.513,19860.173,0x82,0x00,True,2.13,-4.43,98.26,0,37.58
22:05:50.508,22:05:50.508,19890.168,0x82,0x00,True,2.12,-4.41,98.22,0,37.58
22:06:20.493,22:06:20.493,19920.153,0x82,0x00,True,2.13,-4.43,98.23,0,37.59
22:06:50.468,22:06:50.468,19950.128,0x82,0x00,True,2.12,-4.43,98.26,0,37.54
22:07:20.463,22:07:20.463,19980.123,0x82,0x00,True,2.13,-4.42,98.25,0,37.62
22:07:50.437,22:07:50.437,20010.097,0x82,0x00,True,2.13,-4.43,98.3,0,37.62
22:08:20.423,22:08:20.423,20040.083,0x82,0x00,True,2.14,-4.38,98.26,0,37.53
22:08:50.422,22:08:50.422,20070.082,0x82,0x00,True,2.13,-4.39,98.24,0,37.55
22:09:20.402,22:09:20.402,20100.062,0x82,0x00,True,2.14,-4.44,98.27,0,37.62
22:09:50.388,22:09:50.388,20130.048,0x82,0x00,True,2.11,-4.39,98.29,0,37.6
22:10:20.357,22:10:20.357,20160.017,0x82,0x00,True,2.14,-4.42,98.28,0,37.59
22:10:50.353,22:10:50.353,20190.013,0x82,0x00,True,2.13,-4.42,98.26,0,37.53
22:11:20.337,22:11:20.337,20219.997,0x82,0x00,True,2.12,-4.43,98.28,0,37.57
22:11:50.322,22:11:50.322,20249.982,0x82,0x00,True,2.13,-4.42,98.23,0,37.56
22:12:20.307,22:12:20.307,20279.967,0x82,0x00,True,2.13,-4.4,98.28,0,37.62
22:12:50.282,22:12:50.282,20309.942,0x82,0x00,True,2.13,-4.43,98.26,0,37.64
22:13:20.275,22:13:20.275,20339.935,0x82,0x00,True,2.13,-4.43,98.28,0,37.63
22:13:50.257,22:13:50.257,20369.917,0x82,0x00,True,2.13,-4.43,98.28,0,37.65
22:14:20.258,22:14:20.258,20399.918,0x82,0x00,True,2.13,-4.43,98.29,0,37.59
22:14:50.248,22:14:50.248,20429.908,0x82,0x00,True,2.13,-4.44,98.31,0,37.65
22:15:20.232,22:15:20.232,20459.892,0x82,0x00,True,2.12,-4.43,98.33,0,37.65
22:15:50.228,22:15:50.228,20489.888,0x82,0x00,True,2.11,-4.42,98.31,0,37.76
22:16:20.202,22:16:20.202,20519.862,0x82,0x00,True,2.13,-4.44,98.29,0,37.77
22:16:50.182,22:16:50.182,20549.842,0x82,0x00,True,2.13,-4.43,98.28,0,37.77
22:17:20.177,22:17:20.177,20579.837,0x82,0x00,True,2.12,-4.42,98.29,0,37.8
22:17:50.168,22:17:50.168,20609.828,0x82,0x00,True,2.12,-4.41,98.33,0,37.76
22:18:20.153,22:18:20.153,20639.813,0x82,0x00,True,2.13,-4.44,98.31,0,37.78
22:18:50.143,22:18:50.143,20669.803,0x82,0x00,True,2.12,-4.41,98.3,0,37.71
22:19:20.138,22:19:20.138,20699.798,0x82,0x00,True,2.12,-4.42,98.33,0,37.68
22:19:50.107,22:19:50.107,20729.767,0x82,0x00,True,2.12,-4.43,98.32,0,37.77
22:20:20.098,22:20:20.098,20759.758,0x82,0x00,True,2.12,-4.43,98.33,0,37.77
22:20:50.095,22:20:50.095,20789.755,0x82,0x00,True,2.13,-4.43,98.36,0,37.82
22:21:20.072,22:21:20.072,20819.732,0x82,0x00,True,2.15,-4.43,98.37,0,37.8
22:21:50.067,22:21:50.067,20849.727,0x82,0x00,True,2.12,-4.43,98.37,0,37.81
22:22:20.047,22:22:20.047,20879.707,0x82,0x00,True,2.13,-4.42,98.37,0,37.81
22:22:50.033,22:22:50.033,20909.693,0x82,0x00,True,2.13,-4.42,98.36,0,37.74
22:23:20.018,22:23:20.018,20939.678,0x82,0x00,True,2.13,-4.43,98.35,0,37.97
22:23:50.009,22:23:50.009,20969.669,0x82,0x00,True,2.13,-4.43,98.34,0,37.9
22:24:20.003,22:24:20.003,20999.663,0x82,0x00,True,2.13,-4.42,98.38,0,37.91
22:24:49.992,22:24:49.992,21029.652,0x82,0x00,True,2.12,-4.43,98.33,0,37.86
22:25:19.979,22:25:19.979,21059.639,0x82,0x00,True,2.12,-4.44,98.33,0,37.79
22:25:49.952,22:25:49.952,21089.612,0x82,0x00,True,2.12,-4.43,98.34,0,37.86
22:26:19.937,22:26:19.937,21119.597,0x82,0x00,True,2.13,-4.43,98.34,0,37.83
22:26:49.942,22:26:49.942,21149.602,0x82,0x00,True,2.14,-4.43,98.36,0,37.8
22:27:19.913,22:27:19.913,21179.573,0x82,0x00,True,2.12,-4.43,98.35,0,37.84
22:27:49.912,22:27:49.912,21209.572,0x82,0x00,True,2.14,-4.43,98.33,0,37.85
22:28:19.893,22:28:19.893,21239.553,0x82,0x00,True,2.14,-4.41,98.31,0,37.77
22:28:49.893,22:28:49.893,21269.553,0x82,0x00,True,2.13,-4.45,98.33,0,37.75
22:29:19.862,22:29:19.862,21299.522,0x82,0x00,True,2.14,-4.42,98.31,0,37.7
22:29:49.862,22:29:49.862,21329.522,0x82,0x00,True,2.14,-4.42,98.34,0,37.8
22:30:19.842,22:30:19.842,21359.502,0x82,0x00,True,2.14,-4.42,98.34,0,37.75
22:30:49.843,22:30:49.843,21389.503,0x82,0x00,True,2.13,-4.41,98.35,0,37.77
22:31:19.817,22:31:19.817,21419.477,0x82,0x00,True,2.13,-4.42,98.38,0,37.8
22:31:49.817,22:31:49.817,21449.477,0x82,0x00,True,2.14,-4.41,98.38,0,37.81
22:32:19.808,22:32:19.808,21479.468,0x82,0x00,True,2.14,-4.42,98.36,0,37.78
22:32:49.786,22:32:49.786,21509.446,0x82,0x00,True,2.14,-4.43,98.37,0,37.77
22:33:19.777,22:33:19.777,21539.437,0x82,0x00,True,2.14,-4.44,98.36,0,37.85
22:33:49.768,22:33:49.768,21569.428,0x82,0x00,True,2.13,-4.44,98.35,0,37.86
22:34:19.757,22:34:19.757,21599.417,0x82,0x00,True,2.14,-4.43,98.38,0,37.85
22:34:49.728,22:34:49.728,21629.388,0x82,0x00,True,2.14,-4.43,98.36,0,37.8
22:35:19.718,22:35:19.718,21659.378,0x82,0x00,True,2.14,-4.46,98.37,0,37.77
22:35:49.707,22:35:49.707,21689.367,0x82,0x00,True,2.14,-4.45,98.34,0,37.77
22:36:19.697,22:36:19.697,21719.357,0x82,0x00,True,2.14,-4.42,98.35,0,37.77
22:36:49.692,22:36:49.692,21749.352,0x82,0x00,True,2.13,-4.42,98.38,0,37.84
22:37:19.678,22:37:19.678,21779.338,0x82,0x00,True,2.15,-4.42,98.35,0,37.86
22:37:49.667,22:37:49.667,21809.327,0x82,0x00,True,2.14,-4.41,98.35,0,37.8
22:38:19.660,22:38:19.660,21839.32,0x82,0x00,True,2.14,-4.43,98.36,0,37.8
22:38:49.636,22:38:49.636,21869.296,0x82,0x00,True,2.13,-4.43,98.37,0,37.81
22:39:19.627,22:39:19.627,21899.287,0x82,0x00,True,2.14,-4.4,98.34,0,37.73
22:39:49.621,22:39:49.621,21929.281,0x82,0x00,True,2.14,-4.41,98.36,0,37.69
22:40:19.598,22:40:19.598,21959.258,0x82,0x00,True,2.14,-4.42,98.37,0,37.77
22:40:49.587,22:40:49.587,21989.247,0x82,0x00,True,2.13,-4.39,98.37,0,37.69
22:41:19.562,22:41:19.562,22019.222,0x82,0x00,True,2.14,-4.43,98.38,0,37.71
22:41:49.548,22:41:49.548,22049.208,0x82,0x00,True,2.14,-4.42,98.36,0,37.82
22:42:19.537,22:42:19.537,22079.197,0x82,0x00,True,2.13,-4.44,98.36,0,37.72
22:42:49.527,22:42:49.527,22109.187,0x82,0x00,True,2.13,-4.42,98.33,0,37.76
22:43:19.508,22:43:19.508,22139.168,0x82,0x00,True,2.14,-4.43,98.37,0,37.77
22:43:49.478,22:43:49.478,22169.138,0x82,0x00,True,2.13,-4.43,98.36,0,37.83
22:44:19.468,22:44:19.468,22199.128,0x82,0x00,True,2.13,-4.43,98.37,0,37.86
22:44:49.457,22:44:49.457,22229.117,0x82,0x00,True,2.13,-4.39,98.38,0,37.77
22:45:19.447,22:45:19.447,22259.107,0x82,0x00,True,2.13,-4.44,98.36,0,37.74
22:45:49.434,22:45:49.434,22289.094,0x82,0x00,True,2.13,-4.43,98.38,0,37.75
22:46:19.417,22:46:19.417,22319.077,0x82,0x00,True,2.14,-4.43,98.34,0,37.74
22:46:49.407,22:46:49.407,22349.067,0x82,0x00,True,2.14,-4.42,98.34,0,37.74
22:47:19.383,22:47:19.383,22379.043,0x82,0x00,True,2.13,-4.42,98.36,0,37.77
22:47:49.372,22:47:49.372,22409.032,0x82,0x00,True,2.14,-4.39,98.37,0,37.7
22:48:19.357,22:48:19.357,22439.017,0x82,0x00,True,2.13,-4.43,98.36,0,37.7
22:48:49.343,22:48:49.343,22469.003,0x82,0x00,True,2.13,-4.42,98.34,0,37.77
22:49:19.323,22:49:19.323,22498.983,0x82,0x00,True,2.12,-4.41,98.37,0,37.77
22:49:49.305,22:49:49.305,22528.965,0x82,0x00,True,2.13,-4.43,98.34,0,37.69
22:50:19.303,22:50:19.303,22558.963,0x82,0x00,True,2.13,-4.43,98.36,0,37.76
22:50:49.277,22:50:49.277,22588.937,0x82,0x00,True,2.13,-4.42,98.35,0,37.79
22:51:19.257,22:51:19.257,22618.917,0x82,0x00,True,2.12,-4.44,98.35,0,37.71
22:51:49.247,22:51:49.247,22648.907,0x82,0x00,True,2.12,-4.42,98.38,0,37.69
22:52:19.218,22:52:19.218,22678.878,0x82,0x00,True,2.13,-4.42,98.36,0,37.83
22:52:49.218,22:52:49.218,22708.878,0x82,0x00,True,2.12,-4.43,98.32,0,37.73
22:53:19.203,22:53:19.203,22738.863,0x82,0x00,True,2.13,-4.45,98.36,0,37.74
22:53:49.187,22:53:49.187,22768.847,0x82,0x00,True,2.13,-4.43,98.36,0,37.77
22:54:19.173,22:54:19.173,22798.833,0x82,0x00,True,2.13,-4.42,98.35,0,37.74
22:54:49.143,22:54:49.143,22828.803,0x82,0x00,True,2.13,-4.42,98.34,0,37.81
22:55:19.138,22:55:19.138,22858.798,0x82,0x00,True,2.12,-4.42,98.37,0,37.75
22:55:49.122,22:55:49.122,22888.782,0x82,0x00,True,2.12,-4.43,98.34,0,37.74
22:56:19.107,22:56:19.107,22918.767,0x82,0x00,True,2.13,-4.44,98.33,0,37.77
22:56:49.077,22:56:49.077,22948.737,0x82,0x00,True,2.13,-4.46,98.33,0,37.74
22:57:19.062,22:57:19.062,22978.722,0x82,0x00,True,2.12,-4.43,98.36,0,37.83
22:57:49.058,22:57:49.058,23008.718,0x82,0x00,True,2.13,-4.42,98.38,0,37.77
22:58:19.032,22:58:19.032,23038.692,0x82,0x00,True,2.13,-4.43,98.38,0,37.83
22:58:49.027,22:58:49.027,23068.687,0x82,0x00,True,2.12,-4.42,98.37,0,37.81
22:59:18.997,22:59:18.997,23098.657,0x82,0x00,True,2.13,-4.41,98.38,0,37.74
22:59:48.982,22:59:48.982,23128.642,0x82,0x00,True,2.12,-4.43,98.41,0,37.92
23:00:18.967,23:00:18.967,23158.627,0x82,0x00,True,2.13,-4.43,98.39,0,37.81
23:00:48.962,23:00:48.962,23188.622,0x82,0x00,True,2.12,-4.42,98.42,0,37.9
23:01:18.947,23:01:18.947,23218.607,0x82,0x00,True,2.13,-4.42,98.4,0,37.8
23:01:48.933,23:01:48.933,23248.593,0x82,0x00,True,2.13,-4.43,98.37,0,37.85
23:02:18.902,23:02:18.902,23278.562,0x82,0x00,True,2.13,-4.43,98.36,0,37.74
23:02:48.897,23:02:48.897,23308.557,0x82,0x00,True,2.12,-4.43,98.39,0,37.75
23:03:18.895,23:03:18.895,23338.555,0x82,0x00,True,2.13,-4.42,98.36,0,37.87
23:03:48.862,23:03:48.862,23368.522,0x82,0x00,True,2.12,-4.44,98.39,0,37.78
23:04:18.862,23:04:18.862,23398.522,0x82,0x00,True,2.13,-4.44,98.38,0,37.82
23:04:48.832,23:04:48.832,23428.492,0x82,0x00,True,2.11,-4.42,98.36,0,37.85
23:05:18.832,23:05:18.832,23458.492,0x82,0x00,True,2.12,-4.43,98.37,0,37.81
23:05:48.817,23:05:48.817,23488.477,0x82,0x00,True,2.13,-4.43,98.33,0,37.86
23:06:18.808,23:06:18.808,23518.468,0x82,0x00,True,2.13,-4.43,98.39,0,37.92
23:06:48.792,23:06:48.792,23548.452,0x82,0x00,True,2.12,-4.44,98.39,0,37.94
23:07:18.777,23:07:18.777,23578.437,0x82,0x00,True,2.12,-4.43,98.38,0,37.82
23:07:48.752,23:07:48.752,23608.412,0x82,0x00,True,2.12,-4.41,98.37,0,37.89
23:08:18.737,23:08:18.737,23638.397,0x82,0x00,True,2.12,-4.42,98.37,0,37.73
23:08:48.723,23:08:48.723,23668.383,0x82,0x00,True,2.13,-4.42,98.39,0,37.8
23:09:18.723,23:09:18.723,23698.383,0x82,0x00,True,2.14,-4.41,98.4,0,37.71
23:09:48.697,23:09:48.697,23728.357,0x82,0x00,True,2.13,-4.41,98.4,0,37.8
23:10:18.697,23:10:18.697,23758.357,0x82,0x00,True,2.12,-4.4,98.38,0,37.86
23:10:48.672,23:10:48.672,23788.332,0x82,0x00,True,2.12,-4.44,98.39,0,37.83
23:11:18.662,23:11:18.662,23818.322,0x82,0x00,True,2.12,-4.43,98.37,0,37.68
23:11:48.666,23:11:48.666,23848.326,0x82,0x00,True,2.12,-4.41,98.36,0,37.74
23:12:18.643,23:12:18.643,23878.303,0x82,0x00,True,2.12,-4.41,98.38,0,37.74
23:12:48.628,23:12:48.628,23908.288,0x82,0x00,True,2.12,-4.42,98.4,0,37.71
23:13:18.603,23:13:18.603,23938.263,0x82,0x00,True,2.12,-4.42,98.39,0,37.8
23:13:48.607,23:13:48.607,23968.267,0x82,0x00,True,2.12,-4.42,98.4,0,37.9
23:14:18.577,23:14:18.577,23998.237,0x82,0x00,True,2.11,-4.41,98.41,0,37.86
23:14:48.567,23:14:48.567,24028.227,0x82,0x00,True,2.13,-4.4,98.38,0,37.85
23:15:18.562,23:15:18.562,24058.222,0x82,0x00,True,2.11,-4.43,98.39,0,37.89
23:15:48.547,23:15:48.547,24088.207,0x82,0x00,True,2.12,-4.42,98.4,0,37.88
23:16:18.537,23:16:18.537,24118.197,0x82,0x00,True,2.13,-4.41,98.39,0,37.9
23:16:48.513,23:16:48.513,24148.173,0x82,0x00,True,2.11,-4.41,98.44,0,37.86
23:17:18.513,23:17:18.513,24178.173,0x82,0x00,True,2.13,-4.41,98.45,0,37.86
23:17:48.482,23:17:48.482,24208.142,0x82,0x00,True,2.11,-4.43,98.45,0,38.0
23:18:18.482,23:18:18.482,24238.142,0x82,0x00,True,2.13,-4.41,98.42,0,37.98
23:18:48.468,23:18:48.468,24268.128,0x82,0x00,True,2.13,-4.42,98.42,0,37.96
23:19:18.437,23:19:18.437,24298.097,0x82,0x00,True,2.12,-4.41,98.42,0,37.97
23:19:48.428,23:19:48.428,24328.088,0x82,0x00,True,2.13,-4.42,98.42,0,38.02
23:20:18.418,23:20:18.418,24358.078,0x82,0x00,True,2.11,-4.43,98.47,0,38.06
23:20:48.407,23:20:48.407,24388.067,0x82,0x00,True,2.12,-4.41,98.45,0,38.11
23:21:18.397,23:21:18.397,24418.057,0x82,0x00,True,2.12,-4.42,98.46,0,38.05
23:21:48.372,23:21:48.372,24448.032,0x82,0x00,True,2.13,-4.42,98.42,0,38.08
23:22:18.357,23:22:18.357,24478.017,0x82,0x00,True,2.12,-4.42,98.46,0,38.16
23:22:48.343,23:22:48.343,24508.003,0x82,0x00,True,2.13,-4.44,98.45,0,38.09
23:23:18.322,23:23:18.322,24537.982,0x82,0x00,True,2.12,-4.43,98.46,0,38.17
23:23:48.327,23:23:48.327,24567.987,0x82,0x00,True,2.12,-4.43,98.49,0,38.23
23:24:18.308,23:24:18.308,24597.968,0x82,0x00,True,2.13,-4.41,98.52,0,38.23
23:24:48.292,23:24:48.292,24627.952,0x82,0x00,True,2.11,-4.42,98.55,0,38.3
23:25:18.267,23:25:18.267,24657.927,0x82,0x00,True,2.14,-4.41,98.55,0,38.23
23:25:48.248,23:25:48.248,24687.908,0x82,0x00,True,2.13,-4.41,98.53,0,38.3
23:26:18.245,23:26:18.245,24717.905,0x82,0x00,True,2.12,-4.42,98.55,0,38.33
23:26:48.242,23:26:48.242,24747.902,0x82,0x00,True,2.12,-4.41,98.56,0,38.42
23:27:18.223,23:27:18.223,24777.883,0x82,0x00,True,2.12,-4.4,98.55,0,38.36
23:27:48.197,23:27:48.197,24807.857,0x82,0x00,True,2.12,-4.43,98.51,0,38.43
23:28:18.188,23:28:18.188,24837.848,0x82,0x00,True,2.12,-4.44,98.51,0,38.53
23:28:48.178,23:28:48.178,24867.838,0x82,0x00,True,2.12,-4.44,98.53,0,38.46
23:29:18.176,23:29:18.176,24897.836,0x82,0x00,True,2.13,-4.44,98.52,0,38.42
23:29:48.167,23:29:48.167,24927.827,0x82,0x00,True,2.11,-4.42,98.54,0,38.43
23:30:18.157,23:30:18.157,24957.817,0x82,0x00,True,2.13,-4.41,98.53,0,38.48
23:30:48.148,23:30:48.148,24987.808,0x82,0x00,True,2.11,-4.43,98.53,0,38.55
23:31:18.127,23:31:18.127,25017.787,0x82,0x00,True,2.12,-4.43,98.58,0,38.6
23:31:48.118,23:31:48.118,25047.778,0x82,0x00,True,2.13,-4.44,98.6,0,38.48
23:32:18.117,23:32:18.117,25077.777,0x82,0x00,True,2.12,-4.44,98.61,0,38.56
23:32:48.098,23:32:48.098,25107.758,0x82,0x00,True,2.12,-4.45,98.57,0,38.59
23:33:18.097,23:33:18.097,25137.757,0x82,0x00,True,2.11,-4.43,98.54,0,38.57
23:33:48.098,23:33:48.098,25167.758,0x82,0x00,True,2.11,-4.44,98.56,0,38.48
23:34:18.077,23:34:18.077,25197.737,0x82,0x00,True,2.12,-4.43,98.56,0,38.62
23:34:48.077,23:34:48.077,25227.737,0x82,0x00,True,2.12,-4.43,98.51,0,38.63
23:35:18.065,23:35:18.065,25257.725,0x82,0x00,True,2.12,-4.43,98.54,0,38.65
23:35:48.043,23:35:48.043,25287.703,0x82,0x00,True,2.12,-4.44,98.57,0,38.66
23:36:18.045,23:36:18.045,25317.705,0x82,0x00,True,2.12,-4.45,98.58,0,38.68
23:36:48.018,23:36:48.018,25347.678,0x82,0x00,True,2.12,-4.44,98.58,0,38.73
23:37:18.025,23:37:18.025,25377.685,0x82,0x00,True,2.12,-4.43,98.53,0,38.72
23:37:48.003,23:37:48.003,25407.663,0x82,0x00,True,2.12,-4.42,98.56,0,38.63
23:38:17.997,23:38:17.997,25437.657,0x82,0x00,True,2.11,-4.45,98.56,0,38.59
23:38:47.982,23:38:47.982,25467.642,0x82,0x00,True,2.13,-4.43,98.58,0,38.71
23:39:17.958,23:39:17.958,25497.618,0x82,0x00,True,2.13,-4.44,98.61,0,38.63
23:39:47.960,23:39:47.960,25527.62,0x82,0x00,True,2.12,-4.43,98.59,0,38.68
23:40:17.937,23:40:17.937,25557.597,0x82,0x00,True,2.13,-4.4,98.58,0,38.57
23:40:47.933,23:40:47.933,25587.593,0x82,0x00,True,2.13,-4.45,98.59,0,38.55
23:41:17.917,23:41:17.917,25617.577,0x82,0x00,True,2.11,-4.45,98.57,0,38.54
23:41:47.902,23:41:47.902,25647.562,0x82,0x00,True,2.12,-4.44,98.6,0,38.46
23:42:17.897,23:42:17.897,25677.557,0x82,0x00,True,2.12,-4.41,98.57,0,38.5
23:42:47.886,23:42:47.886,25707.546,0x82,0x00,True,2.11,-4.41,98.56,0,38.36
23:43:17.878,23:43:17.878,25737.538,0x82,0x00,True,2.13,-4.43,98.57,0,38.46
23:43:47.865,23:43:47.865,25767.525,0x82,0x00,True,2.13,-4.44,98.59,0,38.32
23:44:17.862,23:44:17.862,25797.522,0x82,0x00,True,2.13,-4.43,98.57,0,38.32
23:44:47.848,23:44:47.848,25827.508,0x82,0x00,True,2.12,-4.44,98.6,0,38.29
23:45:17.846,23:45:17.846,25857.506,0x82,0x00,True,2.12,-4.44,98.58,0,38.26
23:45:47.822,23:45:47.822,25887.482,0x82,0x00,True,2.12,-4.44,98.57,0,38.32
23:46:17.802,23:46:17.802,25917.462,0x82,0x00,True,2.11,-4.42,98.54,0,38.24
23:46:47.803,23:46:47.803,25947.463,0x82,0x00,True,2.12,-4.43,98.57,0,38.28
23:47:17.787,23:47:17.787,25977.447,0x82,0x00,True,2.12,-4.43,98.57,0,38.22
23:47:47.777,23:47:47.777,26007.437,0x82,0x00,True,2.13,-4.42,98.57,0,38.22
23:48:17.758,23:48:17.758,26037.418,0x82,0x00,True,2.11,-4.4,98.55,0,38.17
23:48:47.753,23:48:47.753,26067.413,0x82,0x00,True,2.12,-4.44,98.53,0,38.21
23:49:17.733,23:49:17.733,26097.393,0x82,0x00,True,2.13,-4.42,98.52,0,38.1
23:49:47.713,23:49:47.713,26127.373,0x82,0x00,True,2.12,-4.45,98.55,0,38.14
23:50:17.713,23:50:17.713,26157.373,0x82,0x00,True,2.12,-4.42,98.51,0,38.16
23:50:47.692,23:50:47.692,26187.352,0x82,0x00,True,2.12,-4.42,98.54,0,38.16
23:51:17.686,23:51:17.686,26217.346,0x82,0x00,True,2.12,-4.43,98.53,0,38.2
23:51:47.680,23:51:47.680,26247.34,0x82,0x00,True,2.12,-4.44,98.53,0,38.2
23:52:17.647,23:52:17.647,26277.307,0x82,0x00,True,2.12,-4.41,98.54,0,38.1
23:52:47.643,23:52:47.643,26307.303,0x82,0x00,True,2.13,-4.41,98.52,0,38.11
23:53:17.636,23:53:17.636,26337.296,0x82,0x00,True,2.12,-4.42,98.46,0,38.0
23:53:47.623,23:53:47.623,26367.283,0x82,0x00,True,2.13,-4.44,98.53,0,38.02
23:54:17.620,23:54:17.620,26397.28,0x82,0x00,True,2.12,-4.43,98.54,0,38.01
23:54:47.598,23:54:47.598,26427.258,0x82,0x00,True,2.13,-4.41,98.54,0,38.15
23:55:17.588,23:55:17.588,26457.248,0x82,0x00,True,2.12,-4.42,98.5,0,38.05
23:55:47.562,23:55:47.562,26487.222,0x82,0x00,True,2.13,-4.43,98.5,0,38.06
23:56:17.542,23:56:17.542,26517.202,0x82,0x00,True,2.11,-4.4,98.5,0,38.06
23:56:47.527,23:56:47.527,26547.187,0x82,0x00,True,2.12,-4.4,98.49,0,38.08
23:57:17.518,23:57:17.518,26577.178,0x82,0x00,True,2.12,-4.41,98.51,0,38.07
23:57:47.517,23:57:47.517,26607.177,0x82,0x00,True,2.12,-4.4,98.48,0,38.06
23:58:17.503,23:58:17.503,26637.163,0x82,0x00,True,2.1,-4.42,98.46,0,38.09
23:58:47.478,23:58:47.478,26667.138,0x82,0x00,True,2.11,-4.44,98.49,0,38.13
23:59:17.468,23:59:17.468,26697.128,0x82,0x00,True,2.12,-4.42,98.47,0,38.11
23:59:47.462,23:59:47.462,26727.122,0x82,0x00,True,2.13,-4.41,98.46,0,37.96
00:00:17.460,00:00:17.460,26757.12,0x82,0x00,True,2.13,-4.42,98.46,0,38.14
00:00:47.423,00:00:47.423,26787.083,0x82,0x00,True,2.12,-4.43,98.47,0,38.07
00:01:17.423,00:01:17.423,26817.083,0x82,0x00,True,2.1,-4.42,98.46,0,38.03
00:01:47.397,00:01:47.397,26847.057,0x82,0x00,True,2.11,-4.42,98.46,0,38.17
00:02:17.397,00:02:17.397,26877.057,0x82,0x00,True,2.11,-4.39,98.48,0,38.07
00:02:47.377,00:02:47.377,26907.037,0x82,0x00,True,2.12,-4.41,98.52,0,38.11
00:03:17.372,00:03:17.372,26937.032,0x82,0x00,True,2.13,-4.39,98.51,0,38.11
00:03:47.362,00:03:47.362,26967.022,0x82,0x00,True,2.12,-4.4,98.48,0,38.17
00:04:17.348,00:04:17.348,26997.008,0x82,0x00,True,2.1,-4.4,98.49,0,38.05
00:04:47.337,00:04:47.337,27026.997,0x82,0x00,True,2.11,-4.42,98.48,0,38.05
00:05:17.312,00:05:17.312,27056.972,0x82,0x00,True,2.12,-4.42,98.47,0,38.04
00:05:47.322,00:05:47.322,27086.982,0x82,0x00,True,2.12,-4.41,98.49,0,37.96
00:06:17.305,00:06:17.305,27116.965,0x82,0x00,True,2.12,-4.43,98.47,0,38.12
00:06:47.282,00:06:47.282,27146.942,0x82,0x00,True,2.11,-4.4,98.51,0,38.04
00:07:17.272,00:07:17.272,27176.932,0x82,0x00,True,2.11,-4.41,98.48,0,38.04
00:07:47.263,00:07:47.263,27206.923,0x82,0x00,True,2.12,-4.41,98.48,0,38.13
00:08:17.253,00:08:17.253,27236.913,0x82,0x00,True,2.12,-4.43,98.53,0,38.12
00:08:47.223,00:08:47.223,27266.883,0x82,0x00,True,2.13,-4.41,98.47,0,38.13
00:09:17.223,00:09:17.223,27296.883,0x82,0x00,True,2.12,-4.4,98.52,0,38.11
00:09:47.213,00:09:47.213,27326.873,0x82,0x00,True,2.11,-4.41,98.51,0,38.13
00:10:17.197,00:10:17.197,27356.857,0x82,0x00,True,2.12,-4.4,98.54,0,38.11
00:10:47.187,00:10:47.187,27386.847,0x82,0x00,True,2.12,-4.4,98.54,0,38.12
00:11:17.183,00:11:17.183,27416.843,0x82,0x00,True,2.13,-4.42,98.51,0,38.11
00:11:47.168,00:11:47.168,27446.828,0x82,0x00,True,2.12,-4.41,98.53,0,37.99
00:12:17.143,00:12:17.143,27476.803,0x82,0x00,True,2.11,-4.41,98.49,0,38.08
00:12:47.143,00:12:47.143,27506.803,0x82,0x00,True,2.12,-4.4,98.51,0,38.04
00:13:17.132,00:13:17.132,27536.792,0x82,0x00,True,2.12,-4.37,98.51,0,37.99
00:13:47.117,00:13:47.117,27566.777,0x82,0x00,True,2.11,-4.4,98.52,0,38.05
00:14:17.112,00:14:17.112,27596.772,0x82,0x00,True,2.11,-4.39,98.51,0,38.05
00:14:47.077,00:14:47.077,27626.737,0x82,0x00,True,2.12,-4.41,98.51,0,38.05
00:15:17.067,00:15:17.067,27656.727,0x82,0x00,True,2.12,-4.41,98.51,0,37.96
00:15:47.062,00:15:47.062,27686.722,0x82,0x00,True,2.12,-4.42,98.56,0,38.03
00:16:17.053,00:16:17.053,27716.713,0x82,0x00,True,2.13,-4.4,98.53,0,38.05
00:16:47.043,00:16:47.043,27746.703,0x82,0x00,True,2.12,-4.4,98.52,0,38.08
00:17:17.038,00:17:17.038,27776.698,0x82,0x00,True,2.12,-4.43,98.52,0,38.07
00:17:47.018,00:17:47.018,27806.678,0x82,0x00,True,2.12,-4.42,98.52,0,38.04
00:18:16.993,00:18:16.993,27836.653,0x82,0x00,True,2.11,-4.4,98.48,0,38.12
00:18:46.993,00:18:46.993,27866.653,0x82,0x00,True,2.12,-4.4,98.53,0,38.11
00:19:16.978,00:19:16.978,27896.638,0x82,0x00,True,2.13,-4.4,98.5,0,38.05
00:19:46.968,00:19:46.968,27926.628,0x82,0x00,True,2.12,-4.41,98.51,0,38.14
00:20:16.963,00:20:16.963,27956.623,0x82,0x00,True,2.12,-4.42,98.51,0,38.11
00:20:46.947,00:20:46.947,27986.607,0x82,0x00,True,2.12,-4.43,98.53,0,38.11
00:21:16.937,00:21:16.937,28016.597,0x82,0x00,True,2.13,-4.41,98.53,0,38.11
00:21:46.918,00:21:46.918,28046.578,0x82,0x00,True,2.13,-4.41,98.54,0,38.17
00:22:16.920,00:22:16.920,28076.58,0x82,0x00,True,2.12,-4.42,98.58,0,38.18
00:22:46.903,00:22:46.903,28106.563,0x82,0x00,True,2.12,-4.41,98.56,0,38.18
00:23:16.888,00:23:16.888,28136.548,0x82,0x00,True,2.12,-4.42,98.58,0,38.26
00:23:46.877,00:23:46.877,28166.537,0x82,0x00,True,2.12,-4.41,98.53,0,38.21
00:24:16.852,00:24:16.852,28196.512,0x82,0x00,True,2.11,-4.39,98.56,0,38.2
00:24:46.853,00:24:46.853,28226.513,0x82,0x00,True,2.11,-4.42,98.58,0,38.29
00:25:16.815,00:25:16.815,28256.475,0x82,0x00,True,2.11,-4.42,98.59,0,38.29
00:25:46.822,00:25:46.822,28286.482,0x82,0x00,True,2.12,-4.41,98.62,0,38.3
00:26:16.812,00:26:16.812,28316.472,0x82,0x00,True,2.12,-4.41,98.64,0,38.39
00:26:46.798,00:26:46.798,28346.458,0x82,0x00,True,2.12,-4.42,98.64,0,38.44
00:27:16.793,00:27:16.793,28376.453,0x82,0x00,True,2.11,-4.4,98.64,0,38.51
00:27:46.782,00:27:46.782,28406.442,0x82,0x00,True,2.12,-4.39,98.66,0,38.5
00:28:16.772,00:28:16.772,28436.432,0x82,0x00,True,2.11,-4.42,98.63,0,38.57
00:28:46.747,00:28:46.747,28466.407,0x82,0x00,True,2.11,-4.4,98.64,0,38.69
00:29:16.747,00:29:16.747,28496.407,0x82,0x00,True,2.11,-4.4,98.63,0,38.6
00:29:46.737,00:29:46.737,28526.397,0x82,0x00,True,2.11,-4.41,98.63,0,38.69
00:30:16.732,00:30:16.732,28556.392,0x82,0x00,True,2.11,-4.41,98.63,0,38.73
00:30:46.713,00:30:46.713,28586.373,0x82,0x00,True,2.13,-4.43,98.66,0,38.75
00:31:16.712,00:31:16.712,28616.372,0x82,0x00,True,2.11,-4.42,98.71,0,38.83
00:31:46.697,00:31:46.697,28646.357,0x82,0x00,True,2.11,-4.41,98.72,0,38.83
00:32:16.673,00:32:16.673,28676.333,0x82,0x00,True,2.11,-4.41,98.77,0,38.87
00:32:46.662,00:32:46.662,28706.322,0x82,0x00,True,2.1,-4.4,98.73,0,38.88
00:33:16.657,00:33:16.657,28736.317,0x82,0x00,True,2.12,-4.41,98.73,0,38.9
00:33:46.652,00:33:46.652,28766.312,0x82,0x00,True,2.11,-4.41,98.71,0,39.0
00:34:16.647,00:34:16.647,28796.307,0x82,0x00,True,2.11,-4.4,98.78,0,39.03
00:34:46.638,00:34:46.638,28826.298,0x82,0x00,True,2.1,-4.42,98.78,0,39.02
00:35:16.623,00:35:16.623,28856.283,0x82,0x00,True,2.11,-4.4,98.8,0,39.01
00:35:46.617,00:35:46.617,28886.277,0x82,0x00,True,2.1,-4.41,98.79,0,38.97
00:36:16.607,00:36:16.607,28916.267,0x82,0x00,True,2.12,-4.41,98.8,0,39.07
00:36:46.588,00:36:46.588,28946.248,0x82,0x00,True,2.11,-4.41,98.81,0,39.13
00:37:16.587,00:37:16.587,28976.247,0x82,0x00,True,2.11,-4.39,98.82,0,39.07
00:37:46.585,00:37:46.585,29006.245,0x82,0x00,True,2.11,-4.4,98.82,0,39.14
00:38:16.573,00:38:16.573,29036.233,0x82,0x00,True,2.11,-4.4,98.86,0,39.2
00:38:46.562,00:38:46.562,29066.222,0x82,0x00,True,2.13,-4.4,98.9,0,39.16
00:39:16.553,00:39:16.553,29096.213,0x82,0x00,True,2.11,-4.4,98.9,0,39.2
00:39:46.548,00:39:46.548,29126.208,0x82,0x00,True,2.11,-4.4,98.89,0,39.27
00:40:16.538,00:40:16.538,29156.198,0x82,0x00,True,2.12,-4.4,98.92,0,39.23
00:40:46.532,00:40:46.532,29186.192,0x82,0x00,True,2.11,-4.4,98.93,0,39.22
00:41:16.513,00:41:16.513,29216.173,0x82,0x00,True,2.11,-4.4,98.87,0,39.22
00:41:46.506,00:41:46.506,29246.166,0x82,0x00,True,2.12,-4.41,98.87,0,39.24
00:42:16.493,00:42:16.493,29276.153,0x82,0x00,True,2.1,-4.42,98.89,0,39.2
00:42:46.493,00:42:46.493,29306.153,0x82,0x00,True,2.11,-4.41,98.92,0,39.3
00:43:16.482,00:43:16.482,29336.142,0x82,0x00,True,2.11,-4.4,98.92,0,39.2
00:43:46.478,00:43:46.478,29366.138,0x82,0x00,True,2.11,-4.39,98.91,0,39.32
00:44:16.468,00:44:16.468,29396.128,0x82,0x00,True,2.12,-4.4,98.9,0,39.25
00:44:46.458,00:44:46.458,29426.118,0x82,0x00,True,2.12,-4.39,98.9,0,39.28
00:45:16.445,00:45:16.445,29456.105,0x82,0x00,True,2.11,-4.41,98.92,0,39.29
00:45:46.433,00:45:46.433,29486.093,0x82,0x00,True,2.11,-4.4,98.91,0,39.25
00:46:16.428,00:46:16.428,29516.088,0x82,0x00,True,2.12,-4.41,98.95,0,39.32
00:46:46.423,00:46:46.423,29546.083,0x82,0x00,True,2.12,-4.42,98.92,0,39.37
00:47:16.412,00:47:16.412,29576.072,0x82,0x00,True,2.11,-4.39,98.93,0,39.26
00:47:46.407,00:47:46.407,29606.067,0x82,0x00,True,2.11,-4.4,98.92,0,39.31
00:48:16.393,00:48:16.393,29636.053,0x82,0x00,True,2.11,-4.39,98.93,0,39.23
00:48:46.373,00:48:46.373,29666.033,0x82,0x00,True,2.14,-4.39,98.92,0,39.29
00:49:16.362,00:49:16.362,29696.022,0x82,0x00,True,2.12,-4.39,98.9,0,39.29
00:49:46.362,00:49:46.362,29726.022,0x82,0x00,True,2.13,-4.41,98.89,0,39.28
00:50:16.342,00:50:16.342,29756.002,0x82,0x00,True,2.12,-4.41,98.88,0,39.23
00:50:46.348,00:50:46.348,29786.008,0x82,0x00,True,2.12,-4.41,98.87,0,39.25
00:51:16.333,00:51:16.333,29815.993,0x82,0x00,True,2.13,-4.4,98.91,0,39.23
00:51:46.327,00:51:46.327,29845.987,0x82,0x00,True,2.12,-4.4,98.88,0,39.2
00:52:16.317,00:52:16.317,29875.977,0x82,0x00,True,2.12,-4.41,98.87,0,39.28
00:52:46.306,00:52:46.306,29905.966,0x82,0x00,True,2.12,-4.4,98.83,0,39.25
00:53:16.297,00:53:16.297,29935.957,0x82,0x00,True,2.11,-4.4,98.88,0,39.26
00:53:46.286,00:53:46.286,29965.946,0x82,0x00,True,2.11,-4.41,98.94,0,39.3
00:54:16.263,00:54:16.263,29995.923,0x82,0x00,True,2.11,-4.42,98.97,0,39.4
00:54:46.258,00:54:46.258,30025.918,0x82,0x00,True,2.12,-4.39,98.95,0,39.33
00:55:16.258,00:55:16.258,30055.918,0x82,0x00,True,2.11,-4.4,98.96,0,39.29
00:55:46.247,00:55:46.247,30085.907,0x82,0x00,True,2.12,-4.4,98.92,0,39.31
00:56:16.237,00:56:16.237,30115.897,0x82,0x00,True,2.13,-4.39,98.93,0,39.32
00:56:46.228,00:56:46.228,30145.888,0x82,0x00,True,2.1,-4.4,98.94,0,39.31
00:57:16.218,00:57:16.218,30175.878,0x82,0x00,True,2.12,-4.4,98.94,0,39.33
00:57:46.213,00:57:46.213,30205.873,0x82,0x00,True,2.11,-4.41,98.93,0,39.22
00:58:16.193,00:58:16.193,30235.853,0x82,0x00,True,2.12,-4.39,98.92,0,39.31
00:58:46.187,00:58:46.187,30265.847,0x82,0x00,True,2.12,-4.39,98.92,0,39.23
00:59:16.183,00:59:16.183,30295.843,0x82,0x00,True,2.12,-4.4,98.91,0,39.22
00:59:46.183,00:59:46.183,30325.843,0x82,0x00,True,2.12,-4.39,98.87,0,39.25
01:00:16.168,01:00:16.168,30355.828,0x82,0x00,True,2.13,-4.39,98.84,0,39.15
01:00:46.157,01:00:46.157,30385.817,0x82,0x00,True,2.12,-4.39,98.84,0,39.02
01:01:16.147,01:01:16.147,30415.807,0x82,0x00,True,2.12,-4.4,98.84,0,39.07
01:01:46.123,01:01:46.123,30445.783,0x82,0x00,True,2.12,-4.38,98.81,0,39.02
01:02:16.133,01:02:16.133,30475.793,0x82,0x00,True,2.12,-4.4,98.82,0,39.03
01:02:46.107,01:02:46.107,30505.767,0x82,0x00,True,2.11,-4.41,98.83,0,39.0
01:03:16.098,01:03:16.098,30535.758,0x82,0x00,True,2.12,-4.4,98.82,0,39.03
01:03:46.098,01:03:46.098,30565.758,0x82,0x00,True,2.13,-4.42,98.77,0,38.89
01:04:16.088,01:04:16.088,30595.748,0x82,0x00,True,2.12,-4.38,98.72,0,38.82
01:04:46.078,01:04:46.078,30625.738,0x82,0x00,True,2.13,-4.4,98.76,0,38.86
01:05:16.062,01:05:16.062,30655.722,0x82,0x00,True,2.12,-4.42,98.76,0,38.85
01:05:46.043,01:05:46.043,30685.703,0x82,0x00,True,2.11,-4.4,98.72,0,38.73
01:06:16.032,01:06:16.032,30715.692,0x82,0x00,True,2.11,-4.4,98.7,0,38.85
01:06:46.023,01:06:46.023,30745.683,0x82,0x00,True,2.11,-4.4,98.72,0,38.82
01:07:16.018,01:07:16.018,30775.678,0x82,0x00,True,2.12,-4.38,98.73,0,38.79
01:07:46.003,01:07:46.003,30805.663,0x82,0x00,True,2.11,-4.42,98.71,0,38.78
01:08:15.992,01:08:15.992,30835.652,0x82,0x00,True,2.13,-4.4,98.7,0,38.66
01:08:45.968,01:08:45.968,30865.628,0x82,0x00,True,2.11,-4.41,98.71,0,38.63
01:09:15.973,01:09:15.973,30895.633,0x82,0x00,True,2.11,-4.41,98.69,0,38.7
01:09:45.953,01:09:45.953,30925.613,0x82,0x00,True,2.11,-4.42,98.7,0,38.66
01:10:15.950,01:10:15.950,30955.61,0x82,0x00,True,2.13,-4.39,98.69,0,38.6
01:10:45.937,01:10:45.937,30985.597,0x82,0x00,True,2.11,-4.42,98.69,0,38.6
01:11:15.928,01:11:15.928,31015.588,0x82,0x00,True,2.11,-4.39,98.67,0,38.6
01:11:45.912,01:11:45.912,31045.572,0x82,0x00,True,2.11,-4.39,98.68,0,38.48
01:12:15.902,01:12:15.902,31075.562,0x82,0x00,True,2.11,-4.39,98.69,0,38.52
01:12:45.893,01:12:45.893,31105.553,0x82,0x00,True,2.12,-4.4,98.66,0,38.54
01:13:15.873,01:13:15.873,31135.533,0x82,0x00,True,2.12,-4.39,98.69,0,38.39
01:13:45.862,01:13:45.862,31165.522,0x82,0x00,True,2.12,-4.41,98.68,0,38.47
01:14:15.848,01:14:15.848,31195.508,0x82,0x00,True,2.11,-4.4,98.68,0,38.48
01:14:45.853,01:14:45.853,31225.513,0x82,0x00,True,2.11,-4.39,98.65,0,38.38
01:15:15.838,01:15:15.838,31255.498,0x82,0x00,True,2.13,-4.4,98.66,0,38.54
01:15:45.817,01:15:45.817,31285.477,0x82,0x00,True,2.12,-4.4,98.69,0,38.44
01:16:15.817,01:16:15.817,31315.477,0x82,0x00,True,2.11,-4.4,98.7,0,38.55
01:16:45.798,01:16:45.798,31345.458,0x82,0x00,True,2.11,-4.4,98.74,0,38.36
01:17:15.783,01:17:15.783,31375.443,0x82,0x00,True,2.11,-4.4,98.74,0,38.36
01:17:45.777,01:17:45.777,31405.437,0x82,0x00,True,2.11,-4.42,98.71,0,38.5
01:18:15.763,01:18:15.763,31435.423,0x82,0x00,True,2.11,-4.41,98.7,0,38.4
01:18:45.763,01:18:45.763,31465.423,0x82,0x00,True,2.11,-4.42,98.69,0,38.38
01:19:15.753,01:19:15.753,31495.413,0x82,0x00,True,2.11,-4.41,98.69,0,38.36
01:19:45.748,01:19:45.748,31525.408,0x82,0x00,True,2.12,-4.41,98.67,0,38.35
01:20:15.718,01:20:15.718,31555.378,0x82,0x00,True,2.11,-4.42,98.67,0,38.4
01:20:45.702,01:20:45.702,31585.362,0x82,0x00,True,2.12,-4.39,98.7,0,38.48
01:21:15.702,01:21:15.702,31615.362,0x82,0x00,True,2.12,-4.4,98.71,0,38.28
01:21:45.691,01:21:45.691,31645.351,0x82,0x00,True,2.13,-4.41,98.7,0,38.43
01:22:15.687,01:22:15.687,31675.347,0x82,0x00,True,2.11,-4.41,98.72,0,38.33
01:22:45.678,01:22:45.678,31705.338,0x82,0x00,True,2.12,-4.39,98.68,0,38.3
01:23:15.663,01:23:15.663,31735.323,0x82,0x00,True,2.1,-4.39,98.69,0,38.39
01:23:45.638,01:23:45.638,31765.298,0x82,0x00,True,2.12,-4.39,98.7,0,38.33
01:24:15.628,01:24:15.628,31795.288,0x82,0x00,True,2.12,-4.4,98.71,0,38.27
01:24:45.618,01:24:45.618,31825.278,0x82,0x00,True,2.12,-4.41,98.75,0,38.23
01:25:15.612,01:25:15.612,31855.272,0x82,0x00,True,2.11,-4.4,98.74,0,38.34
01:25:45.606,01:25:45.606,31885.266,0x82,0x00,True,2.11,-4.39,98.74,0,38.42
01:26:15.588,01:26:15.588,31915.248,0x82,0x00,True,2.11,-4.38,98.75,0,38.36
01:26:45.562,01:26:45.562,31945.222,0x82,0x00,True,2.12,-4.4,98.74,0,38.48
01:27:15.558,01:27:15.558,31975.218,0x82,0x00,True,2.11,-4.4,98.73,0,38.48
01:27:45.543,01:27:45.543,32005.203,0x82,0x00,True,2.12,-4.41,98.75,0,38.45
01:28:15.537,01:28:15.537,32035.197,0x82,0x00,True,2.11,-4.4,98.76,0,38.54
01:28:45.527,01:28:45.527,32065.187,0x82,0x00,True,2.11,-4.4,98.74,0,38.51
01:29:15.518,01:29:15.518,32095.178,0x82,0x00,True,2.11,-4.41,98.69,0,38.6
01:29:45.503,01:29:45.503,32125.163,0x82,0x00,True,2.12,-4.41,98.68,0,38.6
01:30:15.493,01:30:15.493,32155.153,0x82,0x00,True,2.11,-4.41,98.74,0,38.68
01:30:45.473,01:30:45.473,32185.133,0x82,0x00,True,2.11,-4.39,98.76,0,38.67
01:31:15.458,01:31:15.458,32215.118,0x82,0x00,True,2.11,-4.38,98.75,0,38.7
01:31:45.463,01:31:45.463,32245.123,0x82,0x00,True,2.11,-4.4,98.74,0,38.75
01:32:15.466,01:32:15.466,32275.126,0x82,0x00,True,2.11,-4.39,98.77,0,38.75
01:32:45.442,01:32:45.442,32305.102,0x82,0x00,True,2.11,-4.39,98.8,0,38.74
01:33:15.437,01:33:15.437,32335.097,0x82,0x00,True,2.11,-4.42,98.85,0,38.77
01:33:45.428,01:33:45.428,32365.088,0x82,0x00,True,2.11,-4.4,98.83,0,38.86
01:34:15.417,01:34:15.417,32395.077,0x82,0x00,True,2.11,-4.39,98.82,0,38.88
01:34:45.397,01:34:45.397,32425.057,0x82,0x00,True,2.11,-4.4,98.84,0,38.92
01:35:15.388,01:35:15.388,32455.048,0x82,0x00,True,2.12,-4.38,98.86,0,38.86
01:35:45.388,01:35:45.388,32485.048,0x82,0x00,True,2.1,-4.4,98.87,0,38.88
01:36:15.383,01:36:15.383,32515.043,0x82,0x00,True,2.11,-4.39,98.86,0,38.93
01:36:45.372,01:36:45.372,32545.032,0x82,0x00,True,2.12,-4.39,98.9,0,38.93
01:37:15.353,01:37:15.353,32575.013,0x82,0x00,True,2.11,-4.39,98.89,0,38.91
01:37:45.353,01:37:45.353,32605.013,0x82,0x00,True,2.11,-4.38,98.88,0,38.94
01:38:15.338,01:38:15.338,32634.998,0x82,0x00,True,2.12,-4.4,98.88,0,38.9
01:38:45.317,01:38:45.317,32664.977,0x82,0x00,True,2.11,-4.39,98.89,0,38.88
01:39:15.317,01:39:15.317,32694.977,0x82,0x00,True,2.11,-4.4,98.89,0,38.95
01:39:45.306,01:39:45.306,32724.966,0x82,0x00,True,2.11,-4.4,98.88,0,38.97
01:40:15.298,01:40:15.298,32754.958,0x82,0x00,True,2.12,-4.4,98.9,0,38.99
01:40:45.283,01:40:45.283,32784.943,0x82,0x00,True,2.12,-4.41,98.89,0,38.91
01:41:15.268,01:41:15.268,32814.928,0x82,0x00,True,2.11,-4.39,98.91,0,38.92
01:41:45.262,01:41:45.262,32844.922,0x82,0x00,True,2.11,-4.41,98.89,0,38.92
01:42:15.237,01:42:15.237,32874.897,0x82,0x00,True,2.12,-4.41,98.86,0,38.93
01:42:45.228,01:42:45.228,32904.888,0x82,0x00,True,2.12,-4.4,98.88,0,38.94
01:43:15.218,01:43:15.218,32934.878,0x82,0x00,True,2.11,-4.4,98.86,0,38.91
01:43:45.207,01:43:45.207,32964.867,0x82,0x00,True,2.11,-4.39,98.88,0,38.91
01:44:15.202,01:44:15.202,32994.862,0x82,0x00,True,2.12,-4.41,98.86,0,38.93
01:44:45.192,01:44:45.192,33024.852,0x82,0x00,True,2.11,-4.4,98.87,0,38.88
01:45:15.178,01:45:15.178,33054.838,0x82,0x00,True,2.12,-4.4,98.84,0,38.91
01:45:45.159,01:45:45.159,33084.819,0x82,0x00,True,2.1,-4.39,98.85,0,38.9
01:46:15.157,01:46:15.157,33114.817,0x82,0x00,True,2.12,-4.38,98.87,0,38.94
01:46:45.138,01:46:45.138,33144.798,0x82,0x00,True,2.1,-4.4,98.85,0,38.91
01:47:15.143,01:47:15.143,33174.803,0x82,0x00,True,2.11,-4.39,98.87,0,38.94
01:47:45.138,01:47:45.138,33204.798,0x82,0x00,True,2.1,-4.39,98.87,0,39.0
01:48:15.127,01:48:15.127,33234.787,0x82,0x00,True,2.11,-4.4,98.88,0,38.94
01:48:45.112,01:48:45.112,33264.772,0x82,0x00,True,2.11,-4.39,98.9,0,39.02
01:49:15.107,01:49:15.107,33294.767,0x82,0x00,True,2.12,-4.4,98.88,0,39.05
01:49:45.098,01:49:45.098,33324.758,0x82,0x00,True,2.11,-4.38,98.89,0,39.09
01:50:15.083,01:50:15.083,33354.743,0x82,0x00,True,2.12,-4.38,98.93,0,39.03
01:50:45.077,01:50:45.077,33384.737,0x82,0x00,True,2.11,-4.39,98.95,0,39.12
01:51:15.067,01:51:15.067,33414.727,0x82,0x00,True,2.11,-4.39,98.97,0,39.16
01:51:45.072,01:51:45.072,33444.732,0x82,0x00,True,2.11,-4.39,98.92,0,39.15
01:52:15.058,01:52:15.058,33474.718,0x82,0x00,True,2.11,-4.38,98.96,0,39.13
01:52:45.042,01:52:45.042,33504.702,0x82,0x00,True,2.1,-4.4,98.96,0,39.07
01:53:15.033,01:53:15.033,33534.693,0x82,0x00,True,2.12,-4.39,98.93,0,39.15
01:53:45.027,01:53:45.027,33564.687,0x82,0x00,True,2.12,-4.38,98.95,0,39.13
01:54:15.027,01:54:15.027,33594.687,0x82,0x00,True,2.11,-4.39,98.96,0,39.22
01:54:45.022,01:54:45.022,33624.682,0x82,0x00,True,2.1,-4.38,98.98,0,39.25
01:55:15.007,01:55:15.007,33654.667,0x82,0x00,True,2.11,-4.39,98.97,0,39.19
01:55:44.987,01:55:44.987,33684.647,0x82,0x00,True,2.11,-4.39,98.97,0,39.18
01:56:14.990,01:56:14.990,33714.65,0x82,0x00,True,2.11,-4.37,99.0,0,39.16
01:56:44.968,01:56:44.968,33744.628,0x82,0x00,True,2.11,-4.38,99.02,0,39.19
01:57:14.973,01:57:14.973,33774.633,0x82,0x00,True,2.1,-4.37,98.98,0,39.31
01:57:44.963,01:57:44.963,33804.623,0x82,0x00,True,2.12,-4.38,98.98,0,39.31
01:58:14.953,01:58:14.953,33834.613,0x82,0x00,True,2.11,-4.39,99.02,0,39.27
01:58:44.937,01:58:44.937,33864.597,0x82,0x00,True,2.12,-4.38,99.02,0,39.28
01:59:14.917,01:59:14.917,33894.577,0x82,0x00,True,2.11,-4.38,99.05,0,39.3
01:59:44.912,01:59:44.912,33924.572,0x82,0x00,True,2.11,-4.38,99.08,0,39.36
02:00:14.907,02:00:14.907,33954.567,0x82,0x00,True,2.11,-4.38,99.07,0,39.32
02:00:44.912,02:00:44.912,33984.572,0x82,0x00,True,2.1,-4.38,99.09,0,39.4
02:01:14.902,02:01:14.902,34014.562,0x82,0x00,True,2.12,-4.37,99.08,0,39.31
02:01:44.897,02:01:44.897,34044.557,0x82,0x00,True,2.11,-4.38,99.08,0,39.37
02:02:14.888,02:02:14.888,34074.548,0x82,0x00,True,2.12,-4.4,99.09,0,39.43
02:02:44.883,02:02:44.883,34104.543,0x82,0x00,True,2.1,-4.38,99.08,0,39.38
02:03:14.877,02:03:14.877,34134.537,0x82,0x00,True,2.11,-4.41,99.08,0,39.43
02:03:44.853,02:03:44.853,34164.513,0x82,0x00,True,2.11,-4.38,99.1,0,39.46
02:04:14.843,02:04:14.843,34194.503,0x82,0x00,True,2.1,-4.39,99.09,0,39.46
02:04:44.845,02:04:44.845,34224.505,0x82,0x00,True,2.1,-4.38,99.12,0,39.42
02:05:14.848,02:05:14.848,34254.508,0x82,0x00,True,2.12,-4.39,99.12,0,39.41
02:05:44.823,02:05:44.823,34284.483,0x82,0x00,True,2.11,-4.38,99.13,0,39.46
02:06:14.828,02:06:14.828,34314.488,0x82,0x00,True,2.12,-4.37,99.13,0,39.4
02:06:44.826,02:06:44.826,34344.486,0x82,0x00,True,2.12,-4.39,99.13,0,39.38
02:07:14.798,02:07:14.798,34374.458,0x82,0x00,True,2.12,-4.38,99.13,0,39.47
02:07:44.808,02:07:44.808,34404.468,0x82,0x00,True,2.13,-4.38,99.13,0,39.45
02:08:14.792,02:08:14.792,34434.452,0x82,0x00,True,2.11,-4.38,99.14,0,39.4
02:08:44.787,02:08:44.787,34464.447,0x82,0x00,True,2.12,-4.39,99.12,0,39.4
02:09:14.777,02:09:14.777,34494.437,0x82,0x00,True,2.11,-4.38,99.16,0,39.45
02:09:44.772,02:09:44.772,34524.432,0x82,0x00,True,2.11,-4.37,99.16,0,39.47
02:10:14.758,02:10:14.758,34554.418,0x82,0x00,True,2.11,-4.37,99.14,0,39.41
02:10:44.742,02:10:44.742,34584.402,0x82,0x00,True,2.1,-4.38,99.1,0,39.43
02:11:14.737,02:11:14.737,34614.397,0x82,0x00,True,2.12,-4.38,99.14,0,39.57
02:11:44.742,02:11:44.742,34644.402,0x82,0x00,True,2.11,-4.4,99.18,0,39.48
02:12:14.737,02:12:14.737,34674.397,0x82,0x00,True,2.11,-4.38,99.16,0,39.44
02:12:44.728,02:12:44.728,34704.388,0x82,0x00,True,2.11,-4.39,99.18,0,39.59
02:13:14.723,02:13:14.723,34734.383,0x82,0x00,True,2.12,-4.39,99.17,0,39.56
02:13:44.713,02:13:44.713,34764.373,0x82,0x00,True,2.11,-4.38,99.17,0,39.56
02:14:14.716,02:14:14.716,34794.376,0x82,0x00,True,2.12,-4.38,99.17,0,39.53
02:14:44.707,02:14:44.707,34824.367,0x82,0x00,True,2.12,-4.38,99.18,0,39.52
02:15:14.692,02:15:14.692,34854.352,0x82,0x00,True,2.12,-4.39,99.18,0,39.6
02:15:44.683,02:15:44.683,34884.343,0x82,0x00,True,2.1,-4.4,99.21,0,39.57
02:16:14.668,02:16:14.668,34914.328,0x82,0x00,True,2.12,-4.38,99.21,0,39.61
02:16:44.662,02:16:44.662,34944.322,0x82,0x00,True,2.12,-4.38,99.21,0,39.65
02:17:14.672,02:17:14.672,34974.332,0x82,0x00,True,2.11,-4.38,99.19,0,39.58
02:17:44.660,02:17:44.660,35004.32,0x82,0x00,True,2.11,-4.39,99.17,0,39.61
02:18:14.647,02:18:14.647,35034.307,0x82,0x00,True,2.11,-4.39,99.2,0,39.71
02:18:44.648,02:18:44.648,35064.308,0x82,0x00,True,2.11,-4.39,99.18,0,39.58
02:19:14.647,02:19:14.647,35094.307,0x82,0x00,True,2.11,-4.39,99.21,0,39.67
02:19:44.633,02:19:44.633,35124.293,0x82,0x00,True,2.12,-4.39,99.19,0,39.54
02:20:14.628,02:20:14.628,35154.288,0x82,0x00,True,2.11,-4.38,99.2,0,39.62
02:20:44.623,02:20:44.623,35184.283,0x82,0x00,True,2.12,-4.39,99.2,0,39.6
02:21:14.598,02:21:14.598,35214.258,0x82,0x00,True,2.12,-4.39,99.17,0,39.59
02:21:44.598,02:21:44.598,35244.258,0x82,0x00,True,2.13,-4.38,99.14,0,39.56
02:22:14.582,02:22:14.582,35274.242,0x82,0x00,True,2.11,-4.38,99.15,0,39.67
02:22:44.587,02:22:44.587,35304.247,0x82,0x00,True,2.11,-4.38,99.17,0,39.62
02:23:14.563,02:23:14.563,35334.223,0x82,0x00,True,2.13,-4.37,99.2,0,39.57
02:23:44.567,02:23:44.567,35364.227,0x82,0x00,True,2.13,-4.36,99.2,0,39.56
02:24:14.562,02:24:14.562,35394.222,0x82,0x00,True,2.12,-4.36,99.2,0,39.56
02:24:44.538,02:24:44.538,35424.198,0x82,0x00,True,2.13,-4.37,99.22,0,39.57
02:25:14.532,02:25:14.532,35454.192,0x82,0x00,True,2.11,-4.37,99.2,0,39.61
02:25:44.522,02:25:44.522,35484.182,0x82,0x00,True,2.12,-4.37,99.22,0,39.71
02:26:14.527,02:26:14.527,35514.187,0x82,0x00,True,2.12,-4.38,99.2,0,39.62
02:26:44.503,02:26:44.503,35544.163,0x82,0x00,True,2.11,-4.38,99.21,0,39.6
02:27:14.502,02:27:14.502,35574.162,0x82,0x00,True,2.11,-4.4,99.21,0,39.65
02:27:44.506,02:27:44.506,35604.166,0x82,0x00,True,2.11,-4.37,99.22,0,39.63
02:28:14.473,02:28:14.473,35634.133,0x82,0x00,True,2.12,-4.38,99.24,0,39.66
02:28:44.478,02:28:44.478,35664.138,0x82,0x00,True,2.12,-4.36,99.25,0,39.68
02:29:14.468,02:29:14.468,35694.128,0x82,0x00,True,2.12,-4.38,99.29,0,39.66
02:29:44.453,02:29:44.453,35724.113,0x82,0x00,True,2.12,-4.36,99.29,0,39.65
02:30:14.438,02:30:14.438,35754.098,0x82,0x00,True,2.11,-4.37,99.25,0,39.62
02:30:44.437,02:30:44.437,35784.097,0x82,0x00,True,2.11,-4.37,99.28,0,39.74
02:31:14.417,02:31:14.417,35814.077,0x82,0x00,True,2.11,-4.38,99.29,0,39.72
02:31:44.428,02:31:44.428,35844.088,0x82,0x00,True,2.12,-4.36,99.28,0,39.74
02:32:14.402,02:32:14.402,35874.062,0x82,0x00,True,2.11,-4.38,99.25,0,39.73
02:32:44.408,02:32:44.408,35904.068,0x82,0x00,True,2.12,-4.38,99.3,0,39.66
02:33:14.402,02:33:14.402,35934.062,0x82,0x00,True,2.11,-4.36,99.27,0,39.73
02:33:44.383,02:33:44.383,35964.043,0x82,0x00,True,2.12,-4.38,99.27,0,39.64
02:34:14.386,02:34:14.386,35994.046,0x82,0x00,True,2.12,-4.37,99.26,0,39.68
02:34:44.357,02:34:44.357,36024.017,0x82,0x00,True,2.12,-4.37,99.25,0,39.66
02:35:14.367,02:35:14.367,36054.027,0x82,0x00,True,2.13,-4.39,99.22,0,39.62
02:35:44.353,02:35:44.353,36084.013,0x82,0x00,True,2.11,-4.38,99.22,0,39.58
02:36:14.343,02:36:14.343,36114.003,0x82,0x00,True,2.11,-4.37,99.2,0,39.56
02:36:44.343,02:36:44.343,36144.003,0x82,0x00,True,2.12,-4.36,99.21,0,39.47
02:37:14.338,02:37:14.338,36173.998,0x82,0x00,True,2.12,-4.37,99.16,0,39.54
02:37:44.328,02:37:44.328,36203.988,0x82,0x00,True,2.11,-4.37,99.16,0,39.46
02:38:14.322,02:38:14.322,36233.982,0x82,0x00,True,2.12,-4.38,99.17,0,39.43
02:38:44.312,02:38:44.312,36263.972,0x82,0x00,True,2.11,-4.37,99.18,0,39.4
02:39:14.303,02:39:14.303,36293.963,0x82,0x00,True,2.12,-4.38,99.16,0,39.38
02:39:44.298,02:39:44.298,36323.958,0x82,0x00,True,2.12,-4.38,99.17,0,39.36
02:40:14.286,02:40:14.286,36353.946,0x82,0x00,True,2.13,-4.39,99.19,0,39.41
02:40:44.272,02:40:44.272,36383.932,0x82,0x00,True,2.12,-4.38,99.16,0,39.38
02:41:14.267,02:41:14.267,36413.927,0x82,0x00,True,2.11,-4.37,99.19,0,39.4
02:41:44.263,02:41:44.263,36443.923,0x82,0x00,True,2.11,-4.37,99.17,0,39.39
02:42:14.261,02:42:14.261,36473.921,0x82,0x00,True,2.12,-4.37,99.21,0,39.38
02:42:44.247,02:42:44.247,36503.907,0x82,0x00,True,2.12,-4.39,99.19,0,39.4
02:43:14.246,02:43:14.246,36533.906,0x82,0x00,True,2.11,-4.37,99.2,0,39.39
02:43:44.223,02:43:44.223,36563.883,0x82,0x00,True,2.11,-4.36,99.17,0,39.46
02:44:14.223,02:44:14.223,36593.883,0x82,0x00,True,2.11,-4.37,99.21,0,39.35
02:44:44.197,02:44:44.197,36623.857,0x82,0x00,True,2.11,-4.37,99.21,0,39.34
02:45:14.197,02:45:14.197,36653.857,0x82,0x00,True,2.11,-4.38,99.21,0,39.42
02:45:44.178,02:45:44.178,36683.838,0x82,0x00,True,2.12,-4.38,99.1,0,39.39
02:46:14.178,02:46:14.178,36713.838,0x82,0x00,True,2.11,-4.37,99.1,0,39.41
02:46:44.168,02:46:44.168,36743.828,0x82,0x00,True,2.11,-4.36,99.12,0,39.43
02:47:14.158,02:47:14.158,36773.818,0x82,0x00,True,2.11,-4.36,99.14,0,39.37
02:47:44.149,02:47:44.149,36803.809,0x82,0x00,True,2.12,-4.38,99.11,0,39.4
02:48:14.138,02:48:14.138,36833.798,0x82,0x00,True,2.11,-4.38,99.15,0,39.45
02:48:44.117,02:48:44.117,36863.777,0x82,0x00,True,2.12,-4.37,99.09,0,39.34
02:49:14.113,02:49:14.113,36893.773,0x82,0x00,True,2.12,-4.37,99.11,0,39.5
02:49:44.107,02:49:44.107,36923.767,0x82,0x00,True,2.12,-4.36,99.1,0,39.41
02:50:14.098,02:50:14.098,36953.758,0x82,0x00,True,2.11,-4.37,99.14,0,39.4
02:50:44.093,02:50:44.093,36983.753,0x82,0x00,True,2.11,-4.36,99.19,0,39.39
02:51:14.088,02:51:14.088,37013.748,0x82,0x00,True,2.11,-4.37,99.15,0,39.34
02:51:44.078,02:51:44.078,37043.738,0x82,0x00,True,2.1,-4.37,99.15,0,39.39
02:52:14.062,02:52:14.062,37073.722,0x82,0x00,True,2.11,-4.38,99.11,0,39.43
02:52:44.043,02:52:44.043,37103.703,0x82,0x00,True,2.11,-4.37,99.09,0,39.4
02:53:14.048,02:53:14.048,37133.708,0x82,0x00,True,2.11,-4.37,99.12,0,39.43
02:53:44.027,02:53:44.027,37163.687,0x82,0x00,True,2.12,-4.34,99.11,0,39.36
02:54:14.022,02:54:14.022,37193.682,0x82,0x00,True,2.12,-4.38,99.11,0,39.37
02:54:44.022,02:54:44.022,37223.682,0x82,0x00,True,2.11,-4.36,99.13,0,39.37
02:55:14.008,02:55:14.008,37253.668,0x82,0x00,True,2.11,-4.35,99.12,0,39.4
02:55:43.987,02:55:43.987,37283.647,0x82,0x00,True,2.11,-4.36,99.14,0,39.38
02:56:13.978,02:56:13.978,37313.638,0x82,0x00,True,2.11,-4.37,99.11,0,39.44
02:56:43.982,02:56:43.982,37343.642,0x82,0x00,True,2.12,-4.35,99.14,0,39.38
02:57:13.962,02:57:13.962,37373.622,0x82,0x00,True,2.11,-4.37,99.17,0,39.43
02:57:43.953,02:57:43.953,37403.613,0x82,0x00,True,2.11,-4.37,99.14,0,39.38
02:58:13.942,02:58:13.942,37433.602,0x82,0x00,True,2.11,-4.35,99.11,0,39.37
02:58:43.948,02:58:43.948,37463.608,0x82,0x00,True,2.11,-4.38,99.15,0,39.48
02:59:13.933,02:59:13.933,37493.593,0x82,0x00,True,2.11,-4.34,99.15,0,39.47
02:59:43.923,02:59:43.923,37523.583,0x82,0x00,True,2.11,-4.35,99.17,0,39.37
03:00:13.908,03:00:13.908,37553.568,0x82,0x00,True,2.11,-4.36,99.13,0,39.43
03:00:43.907,03:00:43.907,37583.567,0x82,0x00,True,2.12,-4.34,99.17,0,39.45
03:01:13.897,03:01:13.897,37613.557,0x82,0x00,True,2.11,-4.38,99.15,0,39.61
03:01:43.877,03:01:43.877,37643.537,0x82,0x00,True,2.12,-4.36,99.14,0,39.5
03:02:13.888,03:02:13.888,37673.548,0x82,0x00,True,2.11,-4.37,99.18,0,39.58
03:02:43.862,03:02:43.862,37703.522,0x82,0x00,True,2.12,-4.36,99.18,0,39.56
03:03:13.862,03:03:13.862,37733.522,0x82,0x00,True,2.11,-4.37,99.24,0,39.74
03:03:43.857,03:03:43.857,37763.517,0x82,0x00,True,2.12,-4.36,99.26,0,39.68
03:04:13.838,03:04:13.838,37793.498,0x82,0x00,True,2.12,-4.36,99.26,0,39.65
03:04:43.843,03:04:43.843,37823.503,0x82,0x00,True,2.1,-4.37,99.3,0,39.59
03:05:13.817,03:05:13.817,37853.477,0x82,0x00,True,2.11,-4.35,99.3,0,39.77
03:05:43.827,03:05:43.827,37883.487,0x82,0x00,True,2.1,-4.35,99.29,0,39.64
03:06:13.817,03:06:13.817,37913.477,0x82,0x00,True,2.11,-4.36,99.29,0,39.64
03:06:43.811,03:06:43.811,37943.471,0x82,0x00,True,2.1,-4.35,99.31,0,39.66
03:07:13.793,03:07:13.793,37973.453,0x82,0x00,True,2.1,-4.35,99.31,0,39.71
03:07:43.798,03:07:43.798,38003.458,0x82,0x00,True,2.1,-4.35,99.3,0,39.71
03:08:13.777,03:08:13.777,38033.437,0x82,0x00,True,2.11,-4.34,99.31,0,39.7
03:08:43.768,03:08:43.768,38063.428,0x82,0x00,True,2.1,-4.36,99.31,0,39.7
03:09:13.772,03:09:13.772,38093.432,0x82,0x00,True,2.11,-4.35,99.31,0,39.77
03:09:43.763,03:09:43.763,38123.423,0x82,0x00,True,2.1,-4.37,99.32,0,39.63
03:10:13.763,03:10:13.763,38153.423,0x82,0x00,True,2.11,-4.37,99.31,0,39.74
03:10:43.747,03:10:43.747,38183.407,0x82,0x00,True,2.11,-4.36,99.36,0,39.77
03:11:13.737,03:11:13.737,38213.397,0x82,0x00,True,2.11,-4.35,99.35,0,39.77
03:11:43.718,03:11:43.718,38243.378,0x82,0x00,True,2.11,-4.36,99.36,0,39.77
03:12:13.717,03:12:13.717,38273.377,0x82,0x00,True,2.12,-4.34,99.4,0,39.69
03:12:43.713,03:12:43.713,38303.373,0x82,0x00,True,2.1,-4.35,99.38,0,39.79
03:13:13.713,03:13:13.713,38333.373,0x82,0x00,True,2.11,-4.35,99.39,0,39.66
03:13:43.697,03:13:43.697,38363.357,0x82,0x00,True,2.1,-4.34,99.4,0,39.73
03:14:13.702,03:14:13.702,38393.362,0x82,0x00,True,2.1,-4.35,99.37,0,39.71
03:14:43.700,03:14:43.700,38423.36,0x82,0x00,True,2.11,-4.34,99.35,0,39.73
03:15:13.687,03:15:13.687,38453.347,0x82,0x00,True,2.11,-4.37,99.33,0,39.74
03:15:43.687,03:15:43.687,38483.347,0x82,0x00,True,2.12,-4.36,99.33,0,39.7
03:16:13.678,03:16:13.678,38513.338,0x82,0x00,True,2.11,-4.35,99.32,0,39.63
03:16:43.678,03:16:43.678,38543.338,0x82,0x00,True,2.12,-4.34,99.31,0,39.59
03:17:13.662,03:17:13.662,38573.322,0x82,0x00,True,2.11,-4.36,99.27,0,39.59
03:17:43.652,03:17:43.652,38603.312,0x82,0x00,True,2.11,-4.36,99.3,0,39.63
03:18:13.652,03:18:13.652,38633.312,0x82,0x00,True,2.1,-4.35,99.27,0,39.56
03:18:43.647,03:18:43.647,38663.307,0x82,0x00,True,2.11,-4.38,99.24,0,39.55
03:19:13.633,03:19:13.633,38693.293,0x82,0x00,True,2.11,-4.35,99.26,0,39.55
03:19:43.623,03:19:43.623,38723.283,0x82,0x00,True,2.11,-4.37,99.25,0,39.53
03:20:13.618,03:20:13.618,38753.278,0x82,0x00,True,2.12,-4.37,99.26,0,39.53
03:20:43.622,03:20:43.622,38783.282,0x82,0x00,True,2.11,-4.37,99.26,0,39.47
03:21:13.626,03:21:13.626,38813.286,0x82,0x00,True,2.12,-4.35,99.22,0,39.53
03:21:43.603,03:21:43.603,38843.263,0x82,0x00,True,2.11,-4.37,99.22,0,39.44
03:22:13.598,03:22:13.598,38873.258,0x82,0x00,True,2.11,-4.37,99.22,0,39.37
03:22:43.593,03:22:43.593,38903.253,0x82,0x00,True,2.11,-4.38,99.19,0,39.47
03:23:13.588,03:23:13.588,38933.248,0x82,0x00,True,2.12,-4.38,99.22,0,39.38
03:23:43.562,03:23:43.562,38963.222,0x82,0x00,True,2.12,-4.37,99.21,0,39.43
03:24:13.567,03:24:13.567,38993.227,0x82,0x00,True,2.11,-4.38,99.24,0,39.33
03:24:43.553,03:24:43.553,39023.213,0x82,0x00,True,2.12,-4.38,99.22,0,39.36
03:25:13.564,03:25:13.564,39053.224,0x82,0x00,True,2.12,-4.37,99.23,0,39.31
03:25:43.546,03:25:43.546,39083.206,0x82,0x00,True,2.12,-4.36,99.2,0,39.31
03:26:13.554,03:26:13.554,39113.214,0x82,0x00,True,2.12,-4.37,99.18,0,39.34
03:26:43.527,03:26:43.527,39143.187,0x82,0x00,True,2.11,-4.38,99.18,0,39.31
03:27:13.533,03:27:13.533,39173.193,0x82,0x00,True,2.11,-4.39,99.2,0,39.28
03:27:43.527,03:27:43.527,39203.187,0x82,0x00,True,2.1,-4.39,99.18,0,39.29
03:28:13.508,03:28:13.508,39233.168,0x82,0x00,True,2.11,-4.36,99.16,0,39.32
03:28:43.513,03:28:43.513,39263.173,0x82,0x00,True,2.11,-4.37,99.14,0,39.2
03:29:13.513,03:29:13.513,39293.173,0x82,0x00,True,2.11,-4.38,99.12,0,39.28
03:29:43.508,03:29:43.508,39323.168,0x82,0x00,True,2.11,-4.38,99.13,0,39.29
03:30:13.497,03:30:13.497,39353.157,0x82,0x00,True,2.12,-4.37,99.16,0,39.25
03:30:43.492,03:30:43.492,39383.152,0x82,0x00,True,2.11,-4.38,99.13,0,39.25
03:31:13.473,03:31:13.473,39413.133,0x82,0x00,True,2.1,-4.38,99.11,0,39.16
03:31:43.463,03:31:43.463,39443.123,0x82,0x00,True,2.11,-4.38,99.15,0,39.22
03:32:13.466,03:32:13.466,39473.126,0x82,0x00,True,2.11,-4.39,99.12,0,39.24
03:32:43.447,03:32:43.447,39503.107,0x82,0x00,True,2.11,-4.38,99.1,0,39.14
03:33:13.456,03:33:13.456,39533.116,0x82,0x00,True,2.12,-4.38,99.15,0,39.23
03:33:43.442,03:33:43.442,39563.102,0x82,0x00,True,2.11,-4.36,99.09,0,39.24
03:34:13.437,03:34:13.437,39593.097,0x82,0x00,True,2.11,-4.37,99.12,0,39.2
03:34:43.435,03:34:43.435,39623.095,0x82,0x00,True,2.11,-4.36,99.08,0,39.16
03:35:13.423,03:35:13.423,39653.083,0x82,0x00,True,2.11,-4.37,99.1,0,39.17
03:35:43.426,03:35:43.426,39683.086,0x82,0x00,True,2.12,-4.36,99.11,0,39.15
03:36:13.413,03:36:13.413,39713.073,0x82,0x00,True,2.11,-4.37,99.14,0,39.16
03:36:43.397,03:36:43.397,39743.057,0x82,0x00,True,2.11,-4.38,99.16,0,39.16
03:37:13.402,03:37:13.402,39773.062,0x82,0x00,True,2.11,-4.36,99.16,0,39.17
03:37:43.386,03:37:43.386,39803.046,0x82,0x00,True,2.1,-4.37,99.16,0,39.22
03:38:13.367,03:38:13.367,39833.027,0x82,0x00,True,2.11,-4.38,99.18,0,39.25
03:38:43.372,03:38:43.372,39863.032,0x82,0x00,True,2.12,-4.39,99.18,0,39.22
03:39:13.362,03:39:13.362,39893.022,0x82,0x00,True,2.1,-4.39,99.18,0,39.3
03:39:43.362,03:39:43.362,39923.022,0x82,0x00,True,2.12,-4.39,99.16,0,39.31
03:40:13.338,03:40:13.338,39952.998,0x82,0x00,True,2.1,-4.38,99.18,0,39.31
03:40:43.343,03:40:43.343,39983.003,0x82,0x00,True,2.11,-4.39,99.18,0,39.29
03:41:13.338,03:41:13.338,40012.998,0x82,0x00,True,2.11,-4.39,99.2,0,39.3
03:41:43.322,03:41:43.322,40042.982,0x82,0x00,True,2.11,-4.38,99.22,0,39.33
03:42:13.312,03:42:13.312,40072.972,0x82,0x00,True,2.11,-4.38,99.14,0,39.31
03:42:43.323,03:42:43.323,40102.983,0x82,0x00,True,2.11,-4.4,99.16,0,39.3
03:43:13.303,03:43:13.303,40132.963,0x82,0x00,True,2.12,-4.39,99.22,0,39.3
03:43:43.298,03:43:43.298,40162.958,0x82,0x00,True,2.1,-4.4,99.23,0,39.35
03:44:13.298,03:44:13.298,40192.958,0x82,0x00,True,2.12,-4.4,99.21,0,39.29
03:44:43.303,03:44:43.303,40222.963,0x82,0x00,True,2.11,-4.38,99.19,0,39.33
03:45:13.277,03:45:13.277,40252.937,0x82,0x00,True,2.11,-4.38,99.2,0,39.35
03:45:43.282,03:45:43.282,40282.942,0x82,0x00,True,2.11,-4.36,99.21,0,39.25
03:46:13.277,03:46:13.277,40312.937,0x82,0x00,True,2.1,-4.35,99.18,0,39.32
03:46:43.258,03:46:43.258,40342.918,0x82,0x00,True,2.1,-4.35,99.15,0,39.25
03:47:13.258,03:47:13.258,40372.918,0x82,0x00,True,2.12,-4.37,99.18,0,39.33
03:47:43.263,03:47:43.263,40402.923,0x82,0x00,True,2.1,-4.36,99.22,0,39.32
03:48:13.248,03:48:13.248,40432.908,0x82,0x00,True,2.11,-4.37,99.16,0,39.35
03:48:43.228,03:48:43.228,40462.888,0x82,0x00,True,2.12,-4.35,99.17,0,39.33
03:49:13.223,03:49:13.223,40492.883,0x82,0x00,True,2.11,-4.38,99.15,0,39.29
03:49:43.218,03:49:43.218,40522.878,0x82,0x00,True,2.11,-4.37,99.16,0,39.34
03:50:13.207,03:50:13.207,40552.867,0x82,0x00,True,2.11,-4.35,99.15,0,39.3
03:50:43.213,03:50:43.213,40582.873,0x82,0x00,True,2.12,-4.34,99.16,0,39.32
03:51:13.208,03:51:13.208,40612.868,0x82,0x00,True,2.12,-4.35,99.16,0,39.31
03:51:43.206,03:51:43.206,40642.866,0x82,0x00,True,2.11,-4.35,99.2,0,39.34
03:52:13.192,03:52:13.192,40672.852,0x82,0x00,True,2.11,-4.36,99.16,0,39.31
03:52:43.178,03:52:43.178,40702.838,0x82,0x00,True,2.13,-4.35,99.23,0,39.33
03:53:13.163,03:53:13.163,40732.823,0x82,0x00,True,2.12,-4.37,99.23,0,39.31
03:53:43.173,03:53:43.173,40762.833,0x82,0x00,True,2.11,-4.36,99.21,0,39.34
03:54:13.157,03:54:13.157,40792.817,0x82,0x00,True,2.11,-4.35,99.21,0,39.36
03:54:43.152,03:54:43.152,40822.812,0x82,0x00,True,2.1,-4.36,99.2,0,39.37
03:55:13.143,03:55:13.143,40852.803,0x82,0x00,True,2.11,-4.38,99.2,0,39.34
03:55:43.128,03:55:43.128,40882.788,0x82,0x00,True,2.11,-4.35,99.18,0,39.4
03:56:13.133,03:56:13.133,40912.793,0x82,0x00,True,2.1,-4.36,99.21,0,39.37
03:56:43.127,03:56:43.127,40942.787,0x82,0x00,True,2.12,-4.36,99.24,0,39.43
03:57:13.118,03:57:13.118,40972.778,0x82,0x00,True,2.11,-4.37,99.25,0,39.4
03:57:43.113,03:57:43.113,41002.773,0x82,0x00,True,2.11,-4.36,99.23,0,39.43
03:58:13.098,03:58:13.098,41032.758,0x82,0x00,True,2.11,-4.36,99.21,0,39.43
03:58:43.098,03:58:43.098,41062.758,0x82,0x00,True,2.1,-4.38,99.22,0,39.51
03:59:13.083,03:59:13.083,41092.743,0x82,0x00,True,2.11,-4.36,99.21,0,39.4
03:59:43.072,03:59:43.072,41122.732,0x82,0x00,True,2.11,-4.36,99.22,0,39.47
04:00:13.072,04:00:13.072,41152.732,0x82,0x00,True,2.11,-4.34,99.26,0,39.47
04:00:43.070,04:00:43.070,41182.73,0x82,0x00,True,2.11,-4.37,99.26,0,39.49
04:01:13.068,04:01:13.068,41212.728,0x82,0x00,True,2.1,-4.38,99.22,0,39.45
04:01:43.065,04:01:43.065,41242.725,0x82,0x00,True,2.12,-4.36,99.24,0,39.43
04:02:13.053,04:02:13.053,41272.713,0x82,0x00,True,2.1,-4.38,99.25,0,39.43
04:02:43.048,04:02:43.048,41302.708,0x82,0x00,True,2.12,-4.37,99.23,0,39.45
04:03:13.027,04:03:13.027,41332.687,0x82,0x00,True,2.11,-4.37,99.25,0,39.37
04:03:43.046,04:03:43.046,41362.706,0x82,0x00,True,2.12,-4.37,99.23,0,39.41
04:04:13.022,04:04:13.022,41392.682,0x82,0x00,True,2.11,-4.37,99.24,0,39.47
04:04:43.022,04:04:43.022,41422.682,0x82,0x00,True,2.11,-4.36,99.26,0,39.37
04:05:13.018,04:05:13.018,41452.678,0x82,0x00,True,2.11,-4.36,99.25,0,39.37
04:05:43.008,04:05:43.008,41482.668,0x82,0x00,True,2.11,-4.35,99.24,0,39.36
04:06:12.998,04:06:12.998,41512.658,0x82,0x00,True,2.11,-4.36,99.18,0,39.38
04:06:42.998,04:06:42.998,41542.658,0x82,0x00,True,2.11,-4.36,99.23,0,39.36
04:07:12.978,04:07:12.978,41572.638,0x82,0x00,True,2.12,-4.37,99.21,0,39.31
04:07:42.982,04:07:42.982,41602.642,0x82,0x00,True,2.12,-4.36,99.19,0,39.33
04:08:12.963,04:08:12.963,41632.623,0x82,0x00,True,2.1,-4.37,99.18,0,39.34
04:08:42.968,04:08:42.968,41662.628,0x82,0x00,True,2.12,-4.37,99.19,0,39.32
04:09:12.963,04:09:12.963,41692.623,0x82,0x00,True,2.12,-4.38,99.15,0,39.33
04:09:42.966,04:09:42.966,41722.626,0x82,0x00,True,2.11,-4.35,99.16,0,39.22
04:10:12.947,04:10:12.947,41752.607,0x82,0x00,True,2.12,-4.38,99.16,0,39.29
04:10:42.942,04:10:42.942,41782.602,0x82,0x00,True,2.12,-4.35,99.16,0,39.3
04:11:12.933,04:11:12.933,41812.593,0x82,0x00,True,2.12,-4.38,99.16,0,39.24
04:11:42.913,04:11:42.913,41842.573,0x82,0x00,True,2.12,-4.37,99.14,0,39.25
04:12:12.907,04:12:12.907,41872.567,0x82,0x00,True,2.12,-4.37,99.14,0,39.28
04:12:42.902,04:12:42.902,41902.562,0x82,0x00,True,2.11,-4.37,99.13,0,39.25
04:13:12.903,04:13:12.903,41932.563,0x82,0x00,True,2.11,-4.36,99.14,0,39.24
04:13:42.893,04:13:42.893,41962.553,0x82,0x00,True,2.11,-4.36,99.13,0,39.31
04:14:12.888,04:14:12.888,41992.548,0x82,0x00,True,2.12,-4.38,99.17,0,39.31
04:14:42.883,04:14:42.883,42022.543,0x82,0x00,True,2.12,-4.36,99.15,0,39.3
04:15:12.868,04:15:12.868,42052.528,0x82,0x00,True,2.11,-4.35,99.14,0,39.31
04:15:42.862,04:15:42.862,42082.522,0x82,0x00,True,2.11,-4.36,99.18,0,39.3
04:16:12.857,04:16:12.857,42112.517,0x82,0x00,True,2.12,-4.36,99.19,0,39.32
04:16:42.848,04:16:42.848,42142.508,0x82,0x00,True,2.11,-4.35,99.21,0,39.36
04:17:12.833,04:17:12.833,42172.493,0x82,0x00,True,2.11,-4.36,99.21,0,39.25
04:17:42.823,04:17:42.823,42202.483,0x82,0x00,True,2.11,-4.36,99.23,0,39.31
04:18:12.817,04:18:12.817,42232.477,0x82,0x00,True,2.12,-4.35,99.23,0,39.32
04:18:42.822,04:18:42.822,42262.482,0x82,0x00,True,2.12,-4.36,99.22,0,39.31
04:19:12.812,04:19:12.812,42292.472,0x82,0x00,True,2.12,-4.36,99.26,0,39.33
04:19:42.808,04:19:42.808,42322.468,0x82,0x00,True,2.12,-4.36,99.23,0,39.29
04:20:12.803,04:20:12.803,42352.463,0x82,0x00,True,2.1,-4.37,99.21,0,39.28
04:20:42.798,04:20:42.798,42382.458,0x82,0x00,True,2.11,-4.37,99.17,0,39.33
04:21:12.792,04:21:12.792,42412.452,0x82,0x00,True,2.12,-4.34,99.22,0,39.22
04:21:42.772,04:21:42.772,42442.432,0x82,0x00,True,2.11,-4.35,99.2,0,39.25
04:22:12.777,04:22:12.777,42472.437,0x82,0x00,True,2.11,-4.36,99.16,0,39.32
04:22:42.758,04:22:42.758,42502.418,0x82,0x00,True,2.12,-4.35,99.16,0,39.24
04:23:12.763,04:23:12.763,42532.423,0x82,0x00,True,2.11,-4.37,99.17,0,39.23
04:23:42.747,04:23:42.747,42562.407,0x82,0x00,True,2.13,-4.35,99.2,0,39.28
04:24:12.752,04:24:12.752,42592.412,0x82,0x00,True,2.11,-4.37,99.19,0,39.25
04:24:42.742,04:24:42.742,42622.402,0x82,0x00,True,2.1,-4.37,99.2,0,39.23
04:25:12.743,04:25:12.743,42652.403,0x82,0x00,True,2.12,-4.38,99.17,0,39.25
04:25:42.746,04:25:42.746,42682.406,0x82,0x00,True,2.11,-4.35,99.15,0,39.24
04:26:12.728,04:26:12.728,42712.388,0x82,0x00,True,2.11,-4.36,99.14,0,39.17
04:26:42.723,04:26:42.723,42742.383,0x82,0x00,True,2.11,-4.37,99.15,0,39.22
04:27:12.718,04:27:12.718,42772.378,0x82,0x00,True,2.11,-4.36,99.16,0,39.23
04:27:42.708,04:27:42.708,42802.368,0x82,0x00,True,2.1,-4.37,99.15,0,39.27
04:28:12.703,04:28:12.703,42832.363,0x82,0x00,True,2.11,-4.36,99.14,0,39.17
04:28:42.692,04:28:42.692,42862.352,0x82,0x00,True,2.11,-4.35,99.14,0,39.27
04:29:12.678,04:29:12.678,42892.338,0x82,0x00,True,2.12,-4.35,99.17,0,39.22
04:29:42.673,04:29:42.673,42922.333,0x82,0x00,True,2.1,-4.36,99.17,0,39.26
04:30:12.662,04:30:12.662,42952.322,0x82,0x00,True,2.11,-4.37,99.16,0,39.26
04:30:42.663,04:30:42.663,42982.323,0x82,0x00,True,2.12,-4.36,99.18,0,39.27
04:31:12.653,04:31:12.653,43012.313,0x82,0x00,True,2.12,-4.36,99.18,0,39.25
04:31:42.647,04:31:42.647,43042.307,0x82,0x00,True,2.1,-4.38,99.18,0,39.23
04:32:12.638,04:32:12.638,43072.298,0x82,0x00,True,2.11,-4.38,99.13,0,39.22
04:32:42.628,04:32:42.628,43102.288,0x82,0x00,True,2.12,-4.36,99.17,0,39.25
04:33:12.623,04:33:12.623,43132.283,0x82,0x00,True,2.1,-4.36,99.2,0,39.23
04:33:42.603,04:33:42.603,43162.263,0x82,0x00,True,2.11,-4.36,99.19,0,39.28
04:34:12.608,04:34:12.608,43192.268,0x82,0x00,True,2.11,-4.38,99.19,0,39.34
04:34:42.588,04:34:42.588,43222.248,0x82,0x00,True,2.1,-4.35,99.22,0,39.28
04:35:12.588,04:35:12.588,43252.248,0x82,0x00,True,2.11,-4.36,99.22,0,39.32
04:35:42.577,04:35:42.577,43282.237,0x82,0x00,True,2.11,-4.36,99.21,0,39.28
04:36:12.612,04:36:12.612,43312.272,0x82,0x00,True,2.11,-4.34,99.26,0,39.22
04:36:42.581,04:36:42.581,43342.241,0x82,0x00,True,2.12,-4.36,99.25,0,39.28
04:37:12.568,04:37:12.568,43372.228,0x82,0x00,True,2.12,-4.36,99.26,0,39.31
04:37:42.567,04:37:42.567,43402.227,0x82,0x00,True,2.11,-4.38,99.24,0,39.27
04:38:12.559,04:38:12.559,43432.219,0x82,0x00,True,2.11,-4.37,99.23,0,39.29
04:38:42.538,04:38:42.538,43462.198,0x82,0x00,True,2.11,-4.35,99.24,0,39.23
04:39:12.543,04:39:12.543,43492.203,0x82,0x00,True,2.11,-4.37,99.26,0,39.22
04:39:42.543,04:39:42.543,43522.203,0x82,0x00,True,2.1,-4.34,99.25,0,39.25
04:40:12.518,04:40:12.518,43552.178,0x82,0x00,True,2.1,-4.37,99.25,0,39.19
04:40:42.513,04:40:42.513,43582.173,0x82,0x00,True,2.11,-4.35,99.24,0,39.23
04:41:12.508,04:41:12.508,43612.168,0x82,0x00,True,2.11,-4.35,99.22,0,39.22
04:41:42.502,04:41:42.502,43642.162,0x82,0x00,True,2.11,-4.36,99.2,0,39.19
04:42:12.503,04:42:12.503,43672.163,0x82,0x00,True,2.11,-4.36,99.21,0,39.21
04:42:42.498,04:42:42.498,43702.158,0x82,0x00,True,2.12,-4.35,99.22,0,39.16
04:43:12.492,04:43:12.492,43732.152,0x82,0x00,True,2.11,-4.36,99.19,0,39.22
04:43:42.488,04:43:42.488,43762.148,0x82,0x00,True,2.13,-4.37,99.18,0,39.18
04:44:12.473,04:44:12.473,43792.133,0x82,0x00,True,2.11,-4.34,99.18,0,39.16
04:44:42.468,04:44:42.468,43822.128,0x82,0x00,True,2.11,-4.36,99.18,0,39.16
04:45:12.462,04:45:12.462,43852.122,0x82,0x00,True,2.12,-4.38,99.16,0,39.16
04:45:42.442,04:45:42.442,43882.102,0x82,0x00,True,2.1,-4.37,99.16,0,39.25
04:46:12.433,04:46:12.433,43912.093,0x82,0x00,True,2.11,-4.38,99.18,0,39.22
04:46:42.428,04:46:42.428,43942.088,0x82,0x00,True,2.11,-4.37,99.16,0,39.16
04:47:12.433,04:47:12.433,43972.093,0x82,0x00,True,2.12,-4.37,99.19,0,39.14
04:47:42.445,04:47:42.445,44002.105,0x82,0x00,True,2.11,-4.34,99.19,0,39.17
04:48:12.417,04:48:12.417,44032.077,0x82,0x00,True,2.1,-4.38,99.16,0,39.09
04:48:42.414,04:48:42.414,44062.074,0x82,0x00,True,2.1,-4.36,99.15,0,39.17
04:49:12.402,04:49:12.402,44092.062,0x82,0x00,True,2.11,-4.35,99.18,0,39.21
04:49:42.377,04:49:42.377,44122.037,0x82,0x00,True,2.11,-4.35,99.13,0,39.15
04:50:12.378,04:50:12.378,44152.038,0x82,0x00,True,2.11,-4.36,99.14,0,39.13
04:50:42.373,04:50:42.373,44182.033,0x82,0x00,True,2.12,-4.37,99.15,0,39.18
04:51:12.353,04:51:12.353,44212.013,0x82,0x00,True,2.11,-4.34,99.1,0,39.13
04:51:42.343,04:51:42.343,44242.003,0x82,0x00,True,2.11,-4.35,99.12,0,39.19
04:52:12.342,04:52:12.342,44272.002,0x82,0x00,True,2.11,-4.38,99.1,0,39.1
04:52:42.328,04:52:42.328,44301.988,0x82,0x00,True,2.11,-4.36,99.09,0,39.13
04:53:12.328,04:53:12.328,44331.988,0x82,0x00,True,2.12,-4.35,99.13,0,39.14
04:53:42.312,04:53:42.312,44361.972,0x82,0x00,True,2.11,-4.37,99.09,0,39.13
04:54:12.308,04:54:12.308,44391.968,0x82,0x00,True,2.11,-4.37,99.08,0,39.09
04:54:42.283,04:54:42.283,44421.943,0x82,0x00,True,2.11,-4.36,99.08,0,39.03
04:55:12.277,04:55:12.277,44451.937,0x82,0x00,True,2.11,-4.36,99.12,0,39.11
04:55:42.268,04:55:42.268,44481.928,0x82,0x00,True,2.12,-4.36,99.06,0,39.08
04:56:12.277,04:56:12.277,44511.937,0x82,0x00,True,2.12,-4.36,99.09,0,39.08
04:56:42.263,04:56:42.263,44541.923,0x82,0x00,True,2.12,-4.36,99.1,0,39.12
04:57:12.258,04:57:12.258,44571.918,0x82,0x00,True,2.1,-4.36,99.06,0,39.07
04:57:42.261,04:57:42.261,44601.921,0x82,0x00,True,2.1,-4.35,99.08,0,39.01
04:58:12.242,04:58:12.242,44631.902,0x82,0x00,True,2.11,-4.34,99.08,0,39.09
04:58:42.232,04:58:42.232,44661.892,0x82,0x00,True,2.12,-4.36,99.08,0,39.08
04:59:12.228,04:59:12.228,44691.888,0x82,0x00,True,2.1,-4.36,99.08,0,39.06
04:59:42.223,04:59:42.223,44721.883,0x82,0x00,True,2.12,-4.36,99.13,0,39.1
05:00:12.223,05:00:12.223,44751.883,0x82,0x00,True,2.1,-4.35,99.14,0,39.14
05:00:42.213,05:00:42.213,44781.873,0x82,0x00,True,2.11,-4.37,99.14,0,39.19
05:01:12.198,05:01:12.198,44811.858,0x82,0x00,True,2.11,-4.37,99.17,0,39.18
05:01:42.192,05:01:42.192,44841.852,0x82,0x00,True,2.11,-4.39,99.16,0,39.17
05:02:12.183,05:02:12.183,44871.843,0x82,0x00,True,2.12,-4.39,99.2,0,39.19
05:02:42.183,05:02:42.183,44901.843,0x82,0x00,True,2.11,-4.38,99.21,0,39.28
05:03:12.181,05:03:12.181,44931.841,0x82,0x00,True,2.11,-4.4,99.2,0,39.21
05:03:42.168,05:03:42.168,44961.828,0x82,0x00,True,2.11,-4.39,99.22,0,39.22
05:04:12.162,05:04:12.162,44991.822,0x82,0x00,True,2.11,-4.4,99.25,0,39.3
05:04:42.152,05:04:42.152,45021.812,0x82,0x00,True,2.11,-4.39,99.26,0,39.34
05:05:12.147,05:05:12.147,45051.807,0x82,0x00,True,2.11,-4.39,99.27,0,39.32
05:05:42.143,05:05:42.143,45081.803,0x82,0x00,True,2.11,-4.4,99.3,0,39.28
05:06:12.138,05:06:12.138,45111.798,0x82,0x00,True,2.1,-4.39,99.25,0,39.34
05:06:42.113,05:06:42.113,45141.773,0x82,0x00,True,2.11,-4.39,99.28,0,39.4
05:07:12.117,05:07:12.117,45171.777,0x82,0x00,True,2.11,-4.4,99.27,0,39.39
05:07:42.098,05:07:42.098,45201.758,0x82,0x00,True,2.1,-4.39,99.24,0,39.45
05:08:12.103,05:08:12.103,45231.763,0x82,0x00,True,2.11,-4.39,99.28,0,39.41
05:08:42.103,05:08:42.103,45261.763,0x82,0x00,True,2.11,-4.4,99.28,0,39.39
05:09:12.101,05:09:12.101,45291.761,0x82,0x00,True,2.1,-4.39,99.29,0,39.5
05:09:42.072,05:09:42.072,45321.732,0x82,0x00,True,2.1,-4.4,99.32,0,39.45
05:10:12.077,05:10:12.077,45351.737,0x82,0x00,True,2.1,-4.39,99.31,0,39.44
05:10:42.067,05:10:42.067,45381.727,0x82,0x00,True,2.11,-4.38,99.3,0,39.5
05:11:12.062,05:11:12.062,45411.722,0x82,0x00,True,2.11,-4.39,99.32,0,39.45
05:11:42.043,05:11:42.043,45441.703,0x82,0x00,True,2.1,-4.38,99.33,0,39.5
05:12:12.032,05:12:12.032,45471.692,0x82,0x00,True,2.11,-4.39,99.37,0,39.46
05:12:42.042,05:12:42.042,45501.702,0x82,0x00,True,2.11,-4.39,99.37,0,39.5
05:13:12.022,05:13:12.022,45531.682,0x82,0x00,True,2.11,-4.39,99.41,0,39.4
05:13:42.022,05:13:42.022,45561.682,0x82,0x00,True,2.12,-4.4,99.39,0,39.42
05:14:12.018,05:14:12.018,45591.678,0x82,0x00,True,2.11,-4.38,99.44,0,39.43
05:14:42.018,05:14:42.018,45621.678,0x82,0x00,True,2.11,-4.38,99.41,0,39.54
05:15:12.021,05:15:12.021,45651.681,0x82,0x00,True,2.1,-4.39,99.39,0,39.54
05:15:42.008,05:15:42.008,45681.668,0x82,0x00,True,2.1,-4.39,99.42,0,39.59
05:16:12.002,05:16:12.002,45711.662,0x82,0x00,True,2.1,-4.37,99.4,0,39.47
05:16:41.998,05:16:41.998,45741.658,0x82,0x00,True,2.12,-4.35,99.41,0,39.5
05:17:12.003,05:17:12.003,45771.663,0x82,0x00,True,2.1,-4.34,99.42,0,39.53
05:17:41.993,05:17:41.993,45801.653,0x82,0x00,True,2.1,-4.35,99.44,0,39.52
05:18:11.992,05:18:11.992,45831.652,0x82,0x00,True,2.11,-4.34,99.42,0,39.58
05:18:41.973,05:18:41.973,45861.633,0x82,0x00,True,2.1,-4.34,99.41,0,39.59
05:19:11.973,05:19:11.973,45891.633,0x82,0x00,True,2.11,-4.35,99.43,0,39.51
05:19:41.958,05:19:41.958,45921.618,0x82,0x00,True,2.11,-4.35,99.43,0,39.6
05:20:11.963,05:20:11.963,45951.623,0x82,0x00,True,2.1,-4.36,99.45,0,39.68
05:20:41.947,05:20:41.947,45981.607,0x82,0x00,True,2.11,-4.36,99.47,0,39.7
05:21:11.942,05:21:11.942,46011.602,0x82,0x00,True,2.11,-4.35,99.45,0,39.7
05:21:41.943,05:21:41.943,46041.603,0x82,0x00,True,2.1,-4.36,99.47,0,39.66
05:22:11.942,05:22:11.942,46071.602,0x82,0x00,True,2.11,-4.34,99.46,0,39.59
05:22:41.943,05:22:41.943,46101.603,0x82,0x00,True,2.11,-4.32,99.48,0,39.61
05:23:11.933,05:23:11.933,46131.593,0x82,0x00,True,2.12,-4.35,99.46,0,39.64
05:23:41.922,05:23:41.922,46161.582,0x82,0x00,True,2.12,-4.34,99.46,0,39.62
05:24:11.922,05:24:11.922,46191.582,0x82,0x00,True,2.09,-4.35,99.48,0,39.63
05:24:41.908,05:24:41.908,46221.568,0x82,0x00,True,2.11,-4.34,99.51,0,39.61
05:25:11.907,05:25:11.907,46251.567,0x82,0x00,True,2.11,-4.35,99.5,0,39.62
05:25:41.893,05:25:41.893,46281.553,0x82,0x00,True,2.11,-4.35,99.46,0,39.51
05:26:11.877,05:26:11.877,46311.537,0x82,0x00,True,2.11,-4.35,99.44,0,39.53
05:26:41.882,05:26:41.882,46341.542,0x82,0x00,True,2.12,-4.36,99.43,0,39.47
05:27:11.857,05:27:11.857,46371.517,0x82,0x00,True,2.1,-4.34,99.4,0,39.52
05:27:41.853,05:27:41.853,46401.513,0x82,0x00,True,2.11,-4.36,99.4,0,39.48
05:28:11.865,05:28:11.865,46431.525,0x82,0x00,True,2.11,-4.35,99.38,0,39.5
05:28:41.865,05:28:41.865,46461.525,0x82,0x00,True,2.1,-4.35,99.36,0,39.44
05:29:11.848,05:29:11.848,46491.508,0x82,0x00,True,2.11,-4.35,99.34,0,39.44
05:29:41.848,05:29:41.848,46521.508,0x82,0x00,True,2.12,-4.32,99.36,0,39.5
05:30:11.827,05:30:11.827,46551.487,0x82,0x00,True,2.11,-4.35,99.36,0,39.34
05:30:41.833,05:30:41.833,46581.493,0x82,0x00,True,2.11,-4.36,99.34,0,39.38
05:31:11.823,05:31:11.823,46611.483,0x82,0x00,True,2.11,-4.36,99.35,0,39.37
05:31:41.811,05:31:41.811,46641.471,0x82,0x00,True,2.12,-4.35,99.35,0,39.39
05:32:11.798,05:32:11.798,46671.458,0x82,0x00,True,2.12,-4.34,99.38,0,39.3
05:32:41.788,05:32:41.788,46701.448,0x82,0x00,True,2.12,-4.36,99.31,0,39.32
05:33:11.788,05:33:11.788,46731.448,0x82,0x00,True,2.11,-4.35,99.28,0,39.32
05:33:41.783,05:33:41.783,46761.443,0x82,0x00,True,2.11,-4.37,99.26,0,39.34
05:34:11.772,05:34:11.772,46791.432,0x82,0x00,True,2.11,-4.35,99.26,0,39.26
05:34:41.763,05:34:41.763,46821.423,0x82,0x00,True,2.11,-4.36,99.26,0,39.22
05:35:11.752,05:35:11.752,46851.412,0x82,0x00,True,2.1,-4.35,99.25,0,39.22
05:35:41.753,05:35:41.753,46881.413,0x82,0x00,True,2.11,-4.36,99.25,0,39.25
05:36:11.737,05:36:11.737,46911.397,0x82,0x00,True,2.11,-4.37,99.24,0,39.23
05:36:41.728,05:36:41.728,46941.388,0x82,0x00,True,2.11,-4.36,99.27,0,39.25
05:37:11.713,05:37:11.713,46971.373,0x82,0x00,True,2.1,-4.34,99.22,0,39.25
05:37:41.708,05:37:41.708,47001.368,0x82,0x00,True,2.11,-4.36,99.23,0,39.21
05:38:11.702,05:38:11.702,47031.362,0x82,0x00,True,2.1,-4.36,99.23,0,39.22
05:38:41.683,05:38:41.683,47061.343,0x82,0x00,True,2.1,-4.35,99.26,0,39.21
05:39:11.683,05:39:11.683,47091.343,0x82,0x00,True,2.1,-4.37,99.24,0,39.19
05:39:41.658,05:39:41.658,47121.318,0x82,0x00,True,2.11,-4.36,99.25,0,39.23
05:40:11.668,05:40:11.668,47151.328,0x82,0x00,True,2.1,-4.34,99.29,0,39.29
05:40:41.658,05:40:41.658,47181.318,0x82,0x00,True,2.1,-4.37,99.28,0,39.34
05:41:11.647,05:41:11.647,47211.307,0x82,0x00,True,2.1,-4.36,99.32,0,39.22
05:41:41.627,05:41:41.627,47241.287,0x82,0x00,True,2.1,-4.34,99.32,0,39.28
05:42:11.633,05:42:11.633,47271.293,0x82,0x00,True,2.11,-4.35,99.32,0,39.4
05:42:41.617,05:42:41.617,47301.277,0x82,0x00,True,2.12,-4.35,99.33,0,39.35
05:43:11.625,05:43:11.625,47331.285,0x82,0x00,True,2.1,-4.36,99.35,0,39.37
05:43:41.598,05:43:41.598,47361.258,0x82,0x00,True,2.1,-4.35,99.33,0,39.35
05:44:11.598,05:44:11.598,47391.258,0x82,0x00,True,2.1,-4.35,99.34,0,39.4
05:44:41.588,05:44:41.588,47421.248,0x82,0x00,True,2.11,-4.35,99.37,0,39.43
05:45:11.587,05:45:11.587,47451.247,0x82,0x00,True,2.11,-4.35,99.36,0,39.4
05:45:41.577,05:45:41.577,47481.237,0x82,0x00,True,2.1,-4.34,99.39,0,39.42
05:46:11.558,05:46:11.558,47511.218,0x82,0x00,True,2.09,-4.35,99.41,0,39.38
05:46:41.553,05:46:41.553,47541.213,0x82,0x00,True,2.1,-4.35,99.44,0,39.5
05:47:11.542,05:47:11.542,47571.202,0x82,0x00,True,2.09,-4.35,99.42,0,39.5
05:47:41.552,05:47:41.552,47601.212,0x82,0x00,True,2.11,-4.35,99.39,0,39.53
05:48:11.537,05:48:11.537,47631.197,0x82,0x00,True,2.11,-4.34,99.4,0,39.59
05:48:41.527,05:48:41.527,47661.187,0x82,0x00,True,2.1,-4.35,99.42,0,39.6
05:49:11.518,05:49:11.518,47691.178,0x82,0x00,True,2.11,-4.34,99.44,0,39.63
05:49:41.513,05:49:41.513,47721.173,0x82,0x00,True,2.1,-4.35,99.43,0,39.65
05:50:11.503,05:50:11.503,47751.163,0x82,0x00,True,2.1,-4.35,99.42,0,39.67
05:50:41.498,05:50:41.498,47781.158,0x82,0x00,True,2.1,-4.34,99.47,0,39.71
05:51:11.491,05:51:11.491,47811.151,0x82,0x00,True,2.09,-4.34,99.49,0,39.7
05:51:41.473,05:51:41.473,47841.133,0x82,0x00,True,2.1,-4.36,99.5,0,39.79
05:52:11.473,05:52:11.473,47871.133,0x82,0x00,True,2.1,-4.33,99.52,0,39.75
05:52:41.458,05:52:41.458,47901.118,0x82,0x00,True,2.1,-4.35,99.52,0,39.79
05:53:11.467,05:53:11.467,47931.127,0x82,0x00,True,2.1,-4.34,99.52,0,39.8
05:53:41.452,05:53:41.452,47961.112,0x82,0x00,True,2.09,-4.36,99.55,0,39.86
05:54:11.447,05:54:11.447,47991.107,0x82,0x00,True,2.1,-4.33,99.57,0,39.85
05:54:41.437,05:54:41.437,48021.097,0x82,0x00,True,2.1,-4.33,99.54,0,39.86
05:55:11.433,05:55:11.433,48051.093,0x82,0x00,True,2.1,-4.34,99.59,0,39.88
05:55:41.428,05:55:41.428,48081.088,0x82,0x00,True,2.09,-4.33,99.57,0,39.87
05:56:11.408,05:56:11.408,48111.068,0x82,0x00,True,2.1,-4.34,99.6,0,39.93
05:56:41.407,05:56:41.407,48141.067,0x82,0x00,True,2.12,-4.34,99.59,0,39.88
05:57:11.393,05:57:11.393,48171.053,0x82,0x00,True,2.11,-4.33,99.6,0,39.92
05:57:41.382,05:57:41.382,48201.042,0x82,0x00,True,2.11,-4.33,99.58,0,39.93
05:58:11.378,05:58:11.378,48231.038,0x82,0x00,True,2.11,-4.32,99.64,0,39.9
05:58:41.378,05:58:41.378,48261.038,0x82,0x00,True,2.08,-4.34,99.64,0,39.94
05:59:11.383,05:59:11.383,48291.043,0x82,0x00,True,2.1,-4.35,99.6,0,39.96
05:59:41.372,05:59:41.372,48321.032,0x82,0x00,True,2.1,-4.34,99.59,0,39.96
06:00:11.368,06:00:11.368,48351.028,0x82,0x00,True,2.09,-4.33,99.58,0,39.97
06:00:41.353,06:00:41.353,48381.013,0x82,0x00,True,2.1,-4.35,99.6,0,40.02
06:01:11.357,06:01:11.357,48411.017,0x82,0x00,True,2.09,-4.33,99.62,0,40.04
06:01:41.353,06:01:41.353,48441.013,0x82,0x00,True,2.1,-4.36,99.61,0,40.0
06:02:11.354,06:02:11.354,48471.014,0x82,0x00,True,2.1,-4.34,99.59,0,40.11
06:02:41.343,06:02:41.343,48501.003,0x82,0x00,True,2.08,-4.33,99.62,0,40.03
06:03:11.338,06:03:11.338,48530.998,0x82,0x00,True,2.1,-4.33,99.6,0,40.03
06:03:41.327,06:03:41.327,48560.987,0x82,0x00,True,2.11,-4.34,99.62,0,39.99
06:04:11.312,06:04:11.312,48590.972,0x82,0x00,True,2.09,-4.33,99.64,0,40.01
06:04:41.308,06:04:41.308,48620.968,0x82,0x00,True,2.09,-4.33,99.63,0,40.04
06:05:11.303,06:05:11.303,48650.963,0x82,0x00,True,2.09,-4.34,99.61,0,40.06
06:05:41.303,06:05:41.303,48680.963,0x82,0x00,True,2.1,-4.35,99.63,0,40.09
06:06:11.310,06:06:11.310,48710.97,0x82,0x00,True,2.09,-4.34,99.63,0,40.12
06:06:41.298,06:06:41.298,48740.958,0x82,0x00,True,2.09,-4.34,99.65,0,40.07
06:07:11.311,06:07:11.311,48770.971,0x82,0x00,True,2.1,-4.34,99.64,0,40.19
06:07:41.288,06:07:41.288,48800.948,0x82,0x00,True,2.09,-4.34,99.69,0,40.15
06:08:11.288,06:08:11.288,48830.948,0x82,0x00,True,2.1,-4.33,99.67,0,40.14
06:08:41.277,06:08:41.277,48860.937,0x82,0x00,True,2.09,-4.34,99.66,0,40.17
06:09:11.258,06:09:11.258,48890.918,0x82,0x00,True,2.09,-4.35,99.68,0,40.2
06:09:41.272,06:09:41.272,48920.932,0x82,0x00,True,2.09,-4.34,99.65,0,40.24
06:10:11.263,06:10:11.263,48950.923,0x82,0x00,True,2.1,-4.34,99.67,0,40.11
06:10:41.258,06:10:41.258,48980.918,0x82,0x00,True,2.1,-4.33,99.69,0,40.21
06:11:11.248,06:11:11.248,49010.908,0x82,0x00,True,2.09,-4.33,99.71,0,40.27
06:11:41.312,06:11:41.312,49040.972,0x82,0x00,True,2.09,-4.37,99.72,0,40.24
06:12:11.256,06:12:11.256,49070.916,0x82,0x00,True,2.1,-4.36,99.72,0,40.3
06:12:41.326,06:12:41.326,49100.986,0x82,0x00,True,2.09,-4.36,97.2,0,40.3
06:13:11.231,06:13:11.231,49130.891,0x82,0x00,True,2.12,-4.36,97.25,0,40.35
06:13:41.236,06:13:41.236,49160.896,0x82,0x00,True,2.1,-4.36,97.22,0,40.27
06:14:11.228,06:14:11.228,49190.888,0x82,0x00,True,2.09,-4.35,97.21,0,40.35
06:14:41.231,06:14:41.231,49220.891,0x82,0x00,True,2.1,-4.36,97.2,0,40.3
06:15:11.217,06:15:11.217,49250.877,0x82,0x00,True,2.1,-4.36,97.22,0,40.33
06:15:41.217,06:15:41.217,49280.877,0x82,0x00,True,2.1,-4.35,97.22,0,40.33
06:16:11.217,06:16:11.217,49310.877,0x82,0x00,True,2.1,-4.36,97.23,0,40.3
06:16:41.217,06:16:41.217,49340.877,0x82,0x00,True,2.09,-4.35,97.24,0,40.39
06:17:11.211,06:17:11.211,49370.871,0x82,0x00,True,2.09,-4.36,97.21,0,40.38
06:17:41.212,06:17:41.212,49400.872,0x82,0x00,True,2.09,-4.37,97.19,0,40.4
06:18:11.212,06:18:11.212,49430.872,0x82,0x00,True,2.1,-4.36,97.22,0,40.39
06:18:41.202,06:18:41.202,49460.862,0x82,0x00,True,2.09,-4.36,97.2,0,40.4
06:19:11.201,06:19:11.201,49490.861,0x82,0x00,True,2.09,-4.37,97.26,0,40.39
06:19:41.197,06:19:41.197,49520.857,0x82,0x00,True,2.09,-4.36,97.26,0,40.4
06:20:11.196,06:20:11.196,49550.856,0x82,0x00,True,2.1,-4.34,97.27,0,40.51
06:20:41.192,06:20:41.192,49580.852,0x82,0x00,True,2.09,-4.37,97.26,0,40.44
06:21:11.187,06:21:11.187,49610.847,0x82,0x00,True,2.1,-4.37,97.24,0,40.46
06:21:41.187,06:21:41.187,49640.847,0x82,0x00,True,2.1,-4.36,97.26,0,40.48
06:22:11.187,06:22:11.187,49670.847,0x82,0x00,True,2.09,-4.36,97.28,0,40.54
06:22:41.171,06:22:41.171,49700.831,0x82,0x00,True,2.1,-4.36,97.3,0,40.49
06:23:11.177,06:23:11.177,49730.837,0x82,0x00,True,2.1,-4.35,97.32,0,40.51
06:23:41.171,06:23:41.171,49760.831,0x82,0x00,True,2.1,-4.33,97.27,0,40.57
06:24:11.172,06:24:11.172,49790.832,0x82,0x00,True,2.1,-4.32,97.27,0,40.52
06:24:41.156,06:24:41.156,49820.816,0x82,0x00,True,2.11,-4.35,97.34,0,40.5
06:25:11.167,06:25:11.167,49850.827,0x82,0x00,True,2.11,-4.36,97.31,0,40.65
06:25:41.157,06:25:41.157,49880.817,0x82,0x00,True,2.09,-4.36,97.31,0,40.64
06:26:11.161,06:26:11.161,49910.821,0x82,0x00,True,2.1,-4.34,97.35,0,40.62
06:26:41.151,06:26:41.151,49940.811,0x82,0x00,True,2.1,-4.36,97.32,0,40.64
06:27:11.156,06:27:11.156,49970.816,0x82,0x00,True,2.09,-4.32,97.33,0,40.7
06:27:41.142,06:27:41.142,50000.802,0x82,0x00,True,2.11,-4.33,97.32,0,40.64
06:28:11.146,06:28:11.146,50030.806,0x82,0x00,True,2.09,-4.32,97.34,0,40.63
06:28:41.142,06:28:41.142,50060.802,0x82,0x00,True,2.1,-4.32,97.33,0,40.77
06:29:11.142,06:29:11.142,50090.802,0x82,0x00,True,2.09,-4.32,97.31,0,40.75
06:29:41.132,06:29:41.132,50120.792,0x82,0x00,True,2.09,-4.29,97.32,0,40.71
06:30:11.152,06:30:11.152,50150.812,0x82,0x00,True,2.09,-4.32,97.28,0,40.76
06:30:41.132,06:30:41.132,50180.792,0x82,0x00,True,2.11,-4.32,97.25,0,40.82
06:31:11.132,06:31:11.132,50210.792,0x82,0x00,True,2.09,-4.31,97.26,0,40.76
06:31:41.132,06:31:41.132,50240.792,0x82,0x00,True,2.1,-4.31,97.23,0,40.82
06:32:11.121,06:32:11.121,50270.781,0x82,0x00,True,2.1,-4.34,97.21,0,40.81
06:32:41.126,06:32:41.126,50300.786,0x82,0x00,True,2.1,-4.34,97.2,0,40.86
06:33:11.127,06:33:11.127,50330.787,0x82,0x00,True,2.1,-4.35,97.19,0,40.88
06:33:41.112,06:33:41.112,50360.772,0x82,0x00,True,2.1,-4.34,97.17,0,40.84
06:34:11.122,06:34:11.122,50390.782,0x82,0x00,True,2.1,-4.35,97.19,0,40.87
06:34:41.116,06:34:41.116,50420.776,0x82,0x00,True,2.1,-4.35,97.22,0,40.9
06:35:11.117,06:35:11.117,50450.777,0x82,0x00,True,2.1,-4.35,97.2,0,40.91
06:35:41.116,06:35:41.116,50480.776,0x82,0x00,True,2.09,-4.34,97.18,0,40.93
06:36:11.111,06:36:11.111,50510.771,0x82,0x00,True,2.09,-4.33,97.22,0,40.93
06:36:41.111,06:36:41.111,50540.771,0x82,0x00,True,2.09,-4.34,97.26,0,40.98
06:37:11.111,06:37:11.111,50570.771,0x82,0x00,True,2.09,-4.35,97.23,0,40.9
06:37:41.117,06:37:41.117,50600.777,0x82,0x00,True,2.1,-4.33,97.23,0,40.95
06:38:11.106,06:38:11.106,50630.766,0x82,0x00,True,2.1,-4.33,97.25,0,40.97
06:38:41.117,06:38:41.117,50660.777,0x82,0x00,True,2.09,-4.35,97.24,0,40.94
06:39:11.106,06:39:11.106,50690.766,0x82,0x00,True,2.1,-4.35,97.19,0,41.02
06:39:41.106,06:39:41.106,50720.766,0x82,0x00,True,2.09,-4.33,97.17,0,41.04
06:40:11.111,06:40:11.111,50750.771,0x82,0x00,True,2.09,-4.36,97.23,0,40.99
06:40:41.106,06:40:41.106,50780.766,0x82,0x00,True,2.1,-4.34,97.15,0,41.05
06:41:11.107,06:41:11.107,50810.767,0x82,0x00,True,2.09,-4.35,97.19,0,41.0
06:41:41.111,06:41:41.111,50840.771,0x82,0x00,True,2.1,-4.34,97.23,0,40.97
06:42:11.106,06:42:11.106,50870.766,0x82,0x00,True,2.1,-4.35,97.19,0,40.99
06:42:41.097,06:42:41.097,50900.757,0x82,0x00,True,2.1,-4.33,97.2,0,40.97
06:43:11.097,06:43:11.097,50930.757,0x82,0x00,True,2.09,-4.34,97.17,0,41.0
06:43:41.082,06:43:41.082,50960.742,0x82,0x00,True,2.08,-4.34,97.23,0,41.04
06:44:11.100,06:44:11.100,50990.76,0x82,0x00,True,2.09,-4.35,97.22,0,41.04
06:44:41.095,06:44:41.095,51020.755,0x82,0x00,True,2.08,-4.34,97.24,0,41.07
06:45:11.072,06:45:11.072,51050.732,0x82,0x00,True,2.09,-4.33,97.21,0,41.07
06:45:41.076,06:45:41.076,51080.736,0x82,0x00,True,2.09,-4.33,97.22,0,41.08
06:46:11.066,06:46:11.066,51110.726,0x82,0x00,True,2.1,-4.34,97.21,0,41.05
06:46:41.082,06:46:41.082,51140.742,0x82,0x00,True,2.09,-4.34,97.23,0,41.11
06:47:11.062,06:47:11.062,51170.722,0x82,0x00,True,2.1,-4.33,97.22,0,41.2
06:47:41.062,06:47:41.062,51200.722,0x82,0x00,True,2.11,-4.33,97.21,0,41.1
06:48:11.062,06:48:11.062,51230.722,0x82,0x00,True,2.09,-4.35,97.21,0,41.14
06:48:41.072,06:48:41.072,51260.732,0x82,0x00,True,2.09,-4.34,97.17,0,41.21
06:49:11.059,06:49:11.059,51290.719,0x82,0x00,True,2.11,-4.35,97.22,0,41.13
06:49:41.067,06:49:41.067,51320.727,0x82,0x00,True,2.1,-4.34,97.18,0,41.19
06:50:11.057,06:50:11.057,51350.717,0x82,0x00,True,2.11,-4.33,97.22,0,41.11
06:50:41.066,06:50:41.066,51380.726,0x82,0x00,True,2.1,-4.34,97.26,0,41.22
06:51:11.057,06:51:11.057,51410.717,0x82,0x00,True,2.1,-4.34,97.25,0,41.18
06:51:41.057,06:51:41.057,51440.717,0x82,0x00,True,2.1,-4.35,97.23,0,41.21
06:52:11.061,06:52:11.061,51470.721,0x82,0x00,True,2.09,-4.35,97.28,0,41.17
06:52:41.067,06:52:41.067,51500.727,0x82,0x00,True,2.1,-4.33,97.27,0,41.22
06:53:11.060,06:53:11.060,51530.72,0x82,0x00,True,2.09,-4.35,97.24,0,41.25
06:53:41.066,06:53:41.066,51560.726,0x82,0x00,True,2.1,-4.34,97.25,0,41.3
06:54:11.052,06:54:11.052,51590.712,0x82,0x00,True,2.09,-4.33,97.21,0,41.24
06:54:41.057,06:54:41.057,51620.717,0x82,0x00,True,2.09,-4.34,97.24,0,41.21
06:55:11.064,06:55:11.064,51650.724,0x82,0x00,True,2.11,-4.33,97.26,0,41.33
06:55:41.052,06:55:41.052,51680.712,0x82,0x00,True,2.09,-4.33,97.29,0,41.29
06:56:11.052,06:56:11.052,51710.712,0x82,0x00,True,2.09,-4.33,97.27,0,41.35
06:56:41.057,06:56:41.057,51740.717,0x82,0x00,True,2.11,-4.32,97.27,0,41.25
06:57:11.052,06:57:11.052,51770.712,0x82,0x00,True,2.09,-4.35,97.31,0,41.33
06:57:41.052,06:57:41.052,51800.712,0x82,0x00,True,2.1,-4.35,97.29,0,41.26
06:58:11.050,06:58:11.050,51830.71,0x82,0x00,True,2.09,-4.35,97.26,0,41.34
06:58:41.047,06:58:41.047,51860.707,0x82,0x00,True,2.09,-4.35,97.27,0,41.32
06:59:11.041,06:59:11.041,51890.701,0x82,0x00,True,2.09,-4.35,97.3,0,41.33
06:59:41.047,06:59:41.047,51920.707,0x82,0x00,True,2.1,-4.35,97.33,0,41.32
07:00:11.047,07:00:11.047,51950.707,0x82,0x00,True,2.1,-4.33,97.32,0,41.35
07:00:41.047,07:00:41.047,51980.707,0x82,0x00,True,2.08,-4.35,97.3,0,41.42
07:01:11.047,07:01:11.047,52010.707,0x82,0x00,True,2.09,-4.3,97.33,0,41.39
07:01:41.047,07:01:41.047,52040.707,0x82,0x00,True,2.08,-4.32,97.29,0,41.41
07:02:11.052,07:02:11.052,52070.712,0x82,0x00,True,2.09,-4.33,97.32,0,41.39
07:02:41.052,07:02:41.052,52100.712,0x82,0x00,True,2.09,-4.31,97.32,0,41.39
07:03:11.052,07:03:11.052,52130.712,0x82,0x00,True,2.08,-4.32,97.31,0,41.39
07:03:41.052,07:03:41.052,52160.712,0x82,0x00,True,2.09,-4.32,97.33,0,41.37
07:04:11.052,07:04:11.052,52190.712,0x82,0x00,True,2.09,-4.31,97.32,0,41.43
07:04:41.051,07:04:41.051,52220.711,0x82,0x00,True,2.09,-4.33,97.3,0,41.41
07:05:11.058,07:05:11.058,52250.718,0x82,0x00,True,2.09,-4.35,97.29,0,41.44
07:05:41.057,07:05:41.057,52280.717,0x82,0x00,True,2.09,-4.34,97.3,0,41.48
07:06:11.057,07:06:11.057,52310.717,0x82,0x00,True,2.09,-4.35,97.29,0,41.46
07:06:41.057,07:06:41.057,52340.717,0x82,0x00,True,2.08,-4.35,97.29,0,41.43
07:07:11.052,07:07:11.052,52370.712,0x82,0x00,True,2.09,-4.36,97.29,0,41.5
07:07:41.046,07:07:41.046,52400.706,0x82,0x00,True,2.09,-4.34,97.3,0,41.51
07:08:11.057,07:08:11.057,52430.717,0x82,0x00,True,2.09,-4.35,97.3,0,41.46
07:08:41.062,07:08:41.062,52460.722,0x82,0x00,True,2.09,-4.36,97.29,0,41.43
07:09:11.057,07:09:11.057,52490.717,0x82,0x00,True,2.09,-4.34,97.31,0,41.51
07:09:41.066,07:09:41.066,52520.726,0x82,0x00,True,2.08,-4.35,97.27,0,41.54
07:10:11.051,07:10:11.051,52550.711,0x82,0x00,True,2.11,-4.35,97.31,0,41.49
07:10:41.066,07:10:41.066,52580.726,0x82,0x00,True,2.1,-4.33,97.3,0,41.59
07:11:11.052,07:11:11.052,52610.712,0x82,0x00,True,2.11,-4.34,97.33,0,41.59
07:11:41.057,07:11:41.057,52640.717,0x82,0x00,True,2.1,-4.35,97.33,0,41.61
07:12:11.057,07:12:11.057,52670.717,0x82,0x00,True,2.09,-4.34,97.33,0,41.58
07:12:41.067,07:12:41.067,52700.727,0x82,0x00,True,2.1,-4.33,97.29,0,41.57
07:13:11.052,07:13:11.052,52730.712,0x82,0x00,True,2.1,-4.35,97.28,0,41.59
07:13:41.066,07:13:41.066,52760.726,0x82,0x00,True,2.09,-4.34,97.3,0,41.61
07:14:11.062,07:14:11.062,52790.722,0x82,0x00,True,2.1,-4.33,97.32,0,41.62
07:14:41.076,07:14:41.076,52820.736,0x82,0x00,True,2.09,-4.34,97.33,0,41.59
07:15:11.062,07:15:11.062,52850.722,0x82,0x00,True,2.1,-4.33,97.33,0,41.57
07:15:41.062,07:15:41.062,52880.722,0x82,0x00,True,2.11,-4.34,97.36,0,41.63
07:16:11.057,07:16:11.057,52910.717,0x82,0x00,True,2.1,-4.34,97.34,0,41.64
07:16:41.066,07:16:41.066,52940.726,0x82,0x00,True,2.1,-4.33,97.34,0,41.58
07:17:11.057,07:17:11.057,52970.717,0x82,0x00,True,2.1,-4.33,97.32,0,41.64
07:17:41.046,07:17:41.046,53000.706,0x82,0x00,True,2.1,-4.33,97.32,0,41.53
07:18:11.057,07:18:11.057,53030.717,0x82,0x00,True,2.1,-4.36,97.32,0,41.55
07:18:41.057,07:18:41.057,53060.717,0x82,0x00,True,2.1,-4.35,97.28,0,41.61
07:19:11.041,07:19:11.041,53090.701,0x82,0x00,True,2.11,-4.35,97.29,0,41.55
07:19:41.047,07:19:41.047,53120.707,0x82,0x00,True,2.1,-4.33,97.28,0,41.5
07:20:11.047,07:20:11.047,53150.707,0x82,0x00,True,2.11,-4.35,97.3,0,41.56
07:20:41.036,07:20:41.036,53180.696,0x82,0x00,True,2.11,-4.34,97.29,0,41.56
07:21:11.036,07:21:11.036,53210.696,0x82,0x00,True,2.1,-4.35,97.28,0,41.59
07:21:41.031,07:21:41.031,53240.691,0x82,0x00,True,2.1,-4.33,97.32,0,41.62
07:22:11.032,07:22:11.032,53270.692,0x82,0x00,True,2.1,-4.32,97.32,0,41.65
07:22:41.021,07:22:41.021,53300.681,0x82,0x00,True,2.1,-4.34,97.31,0,41.68
07:23:11.031,07:23:11.031,53330.691,0x82,0x00,True,2.1,-4.35,97.32,0,41.59
07:23:41.026,07:23:41.026,53360.686,0x82,0x00,True,2.1,-4.35,97.34,0,41.67
07:24:11.021,07:24:11.021,53390.681,0x82,0x00,True,2.1,-4.34,97.32,0,41.62
07:24:41.027,07:24:41.027,53420.687,0x82,0x00,True,2.09,-4.34,97.27,0,41.6
07:25:11.017,07:25:11.017,53450.677,0x82,0x00,True,2.1,-4.34,97.28,0,41.61
07:25:41.001,07:25:41.001,53480.661,0x82,0x00,True,2.1,-4.36,97.27,0,41.67
07:26:11.006,07:26:11.006,53510.666,0x82,0x00,True,2.1,-4.33,97.27,0,41.65
07:26:40.992,07:26:40.992,53540.652,0x82,0x00,True,2.1,-4.34,97.32,0,41.61
07:27:10.986,07:27:10.986,53570.646,0x82,0x00,True,2.1,-4.34,97.3,0,41.6
07:27:40.999,07:27:40.999,53600.659,0x82,0x00,True,2.1,-4.35,97.29,0,41.64
07:28:10.996,07:28:10.996,53630.656,0x82,0x00,True,2.1,-4.34,97.31,0,41.54
07:28:40.977,07:28:40.977,53660.637,0x82,0x00,True,2.09,-4.35,97.31,0,41.65
07:29:10.981,07:29:10.981,53690.641,0x82,0x00,True,2.1,-4.36,97.28,0,41.62
07:29:40.972,07:29:40.972,53720.632,0x82,0x00,True,2.1,-4.34,97.28,0,41.57
07:30:10.982,07:30:10.982,53750.642,0x82,0x00,True,2.1,-4.34,97.29,0,41.6
07:30:40.967,07:30:40.967,53780.627,0x82,0x00,True,2.09,-4.36,97.24,0,41.5
07:31:10.967,07:31:10.967,53810.627,0x82,0x00,True,2.09,-4.33,97.27,0,41.53
07:31:40.972,07:31:40.972,53840.632,0x82,0x00,True,2.09,-4.35,97.24,0,41.53
07:32:10.977,07:32:10.977,53870.637,0x82,0x00,True,2.1,-4.33,97.22,0,41.5
07:32:40.972,07:32:40.972,53900.632,0x82,0x00,True,2.1,-4.34,97.26,0,41.51
07:33:10.981,07:33:10.981,53930.641,0x82,0x00,True,2.09,-4.34,97.24,0,41.49
07:33:40.972,07:33:40.972,53960.632,0x82,0x00,True,2.1,-4.34,97.25,0,41.62
07:34:10.977,07:34:10.977,53990.637,0x82,0x00,True,2.09,-4.33,97.23,0,41.55
07:34:40.978,07:34:40.978,54020.638,0x82,0x00,True,2.09,-4.33,97.25,0,41.59
07:35:10.981,07:35:10.981,54050.641,0x82,0x00,True,2.1,-4.34,97.23,0,41.59
07:35:40.972,07:35:40.972,54080.632,0x82,0x00,True,2.09,-4.33,97.27,0,41.56
07:36:10.977,07:36:10.977,54110.637,0x82,0x00,True,2.09,-4.32,97.27,0,41.53
07:36:40.967,07:36:40.967,54140.627,0x82,0x00,True,2.1,-4.34,97.25,0,41.51
07:37:10.972,07:37:10.972,54170.632,0x82,0x00,True,2.09,-4.34,97.24,0,41.57
07:37:40.981,07:37:40.981,54200.641,0x82,0x00,True,2.1,-4.35,97.2,0,41.56
07:38:10.981,07:38:10.981,54230.641,0x82,0x00,True,2.1,-4.33,97.25,0,41.59
07:38:40.977,07:38:40.977,54260.637,0x82,0x00,True,2.09,-4.34,97.24,0,41.59
07:39:10.981,07:39:10.981,54290.641,0x82,0x00,True,2.09,-4.33,97.25,0,41.56
07:39:40.979,07:39:40.979,54320.639,0x82,0x00,True,2.1,-4.34,97.26,0,41.64
07:40:10.986,07:40:10.986,54350.646,0x82,0x00,True,2.1,-4.35,97.23,0,41.61
07:40:40.971,07:40:40.971,54380.631,0x82,0x00,True,2.08,-4.33,97.22,0,41.58
07:41:10.972,07:41:10.972,54410.632,0x82,0x00,True,2.1,-4.33,97.24,0,41.55
07:41:40.972,07:41:40.972,54440.632,0x82,0x00,True,2.11,-4.33,97.26,0,41.59
07:42:10.967,07:42:10.967,54470.627,0x82,0x00,True,2.09,-4.35,97.24,0,41.67
07:42:40.977,07:42:40.977,54500.637,0x82,0x00,True,2.09,-4.33,97.28,0,41.53
07:43:10.962,07:43:10.962,54530.622,0x82,0x00,True,2.09,-4.34,97.25,0,41.72
07:43:40.967,07:43:40.967,54560.627,0x82,0x00,True,2.1,-4.34,97.25,0,41.68
07:44:10.957,07:44:10.957,54590.617,0x82,0x00,True,2.1,-4.33,97.26,0,41.76
07:44:40.962,07:44:40.962,54620.622,0x82,0x00,True,2.09,-4.33,97.24,0,41.69
07:45:10.962,07:45:10.962,54650.622,0x82,0x00,True,2.1,-4.32,97.26,0,41.65
07:45:40.956,07:45:40.956,54680.616,0x82,0x00,True,2.09,-4.32,97.29,0,41.69
07:46:10.946,07:46:10.946,54710.606,0x82,0x00,True,2.09,-4.32,97.28,0,41.71
07:46:40.957,07:46:40.957,54740.617,0x82,0x00,True,2.09,-4.31,97.29,0,41.77
07:47:10.952,07:47:10.952,54770.612,0x82,0x00,True,2.09,-4.32,97.27,0,41.73
07:47:40.957,07:47:40.957,54800.617,0x82,0x00,True,2.08,-4.34,97.27,0,41.65
07:48:10.941,07:48:10.941,54830.601,0x82,0x00,True,2.09,-4.36,97.27,0,41.82
07:48:40.946,07:48:40.946,54860.606,0x82,0x00,True,2.08,-4.35,97.26,0,41.74
07:49:10.951,07:49:10.951,54890.611,0x82,0x00,True,2.1,-4.34,97.29,0,41.74
07:49:40.937,07:49:40.937,54920.597,0x82,0x00,True,2.09,-4.36,97.26,0,41.82
07:50:10.937,07:50:10.937,54950.597,0x82,0x00,True,2.1,-4.35,97.32,0,41.87
07:50:40.932,07:50:40.932,54980.592,0x82,0x00,True,2.09,-4.35,97.33,0,41.74
07:51:10.932,07:51:10.932,55010.592,0x82,0x00,True,2.11,-4.36,97.31,0,41.9
07:51:40.921,07:51:40.921,55040.581,0x82,0x00,True,2.09,-4.35,97.34,0,41.95
07:52:10.923,07:52:10.923,55070.583,0x82,0x00,True,2.09,-4.32,97.33,0,41.89
07:52:40.921,07:52:40.921,55100.581,0x82,0x00,True,2.1,-4.33,97.35,0,41.98
07:53:10.906,07:53:10.906,55130.566,0x82,0x00,True,2.09,-4.31,97.33,0,41.96
07:53:40.916,07:53:40.916,55160.576,0x82,0x00,True,2.09,-4.35,97.3,0,41.94
07:54:10.901,07:54:10.901,55190.561,0x82,0x00,True,2.1,-4.33,97.32,0,41.95
07:54:40.901,07:54:40.901,55220.561,0x82,0x00,True,2.1,-4.3,97.33,0,42.02
07:55:10.901,07:55:10.901,55250.561,0x82,0x00,True,2.11,-4.32,97.35,0,42.02
07:55:40.906,07:55:40.906,55280.566,0x82,0x00,True,2.09,-4.3,97.34,0,41.93
07:56:10.892,07:56:10.892,55310.552,0x82,0x00,True,2.11,-4.34,97.33,0,42.01
07:56:40.901,07:56:40.901,55340.561,0x82,0x00,True,2.09,-4.35,97.34,0,41.99
07:57:10.892,07:57:10.892,55370.552,0x82,0x00,True,2.1,-4.36,97.36,0,42.08
07:57:40.901,07:57:40.901,55400.561,0x82,0x00,True,2.1,-4.34,97.36,0,42.02
07:58:10.892,07:58:10.892,55430.552,0x82,0x00,True,2.09,-4.33,97.36,0,42.03
07:58:40.901,07:58:40.901,55460.561,0x82,0x00,True,2.1,-4.34,97.34,0,42.09
07:59:10.892,07:59:10.892,55490.552,0x82,0x00,True,2.1,-4.33,97.35,0,42.12
07:59:40.901,07:59:40.901,55520.561,0x82,0x00,True,2.1,-4.34,97.39,0,42.08
08:00:10.892,08:00:10.892,55550.552,0x82,0x00,True,2.1,-4.34,97.36,0,42.11
08:00:40.902,08:00:40.902,55580.562,0x82,0x00,True,2.08,-4.35,97.33,0,42.18
08:01:10.901,08:01:10.901,55610.561,0x82,0x00,True,2.08,-4.35,97.37,0,42.15
08:01:40.896,08:01:40.896,55640.556,0x82,0x00,True,2.1,-4.34,97.35,0,42.15
08:02:10.892,08:02:10.892,55670.552,0x82,0x00,True,2.09,-4.34,97.37,0,42.19
08:02:40.896,08:02:40.896,55700.556,0x82,0x00,True,2.09,-4.35,97.37,0,42.23
08:03:10.892,08:03:10.892,55730.552,0x82,0x00,True,2.09,-4.33,97.38,0,42.14
08:03:40.902,08:03:40.902,55760.562,0x82,0x00,True,2.1,-4.33,97.35,0,42.23
08:04:10.892,08:04:10.892,55790.552,0x82,0x00,True,2.08,-4.32,97.34,0,42.16
08:04:40.892,08:04:40.892,55820.552,0x82,0x00,True,2.08,-4.35,97.32,0,42.16
08:05:10.892,08:05:10.892,55850.552,0x82,0x00,True,2.08,-4.34,97.35,0,42.2
08:05:40.892,08:05:40.892,55880.552,0x82,0x00,True,2.09,-4.34,97.35,0,42.11
08:06:10.896,08:06:10.896,55910.556,0x82,0x00,True,2.09,-4.34,97.38,0,42.24
08:06:40.892,08:06:40.892,55940.552,0x82,0x00,True,2.1,-4.34,97.39,0,42.26
08:07:10.892,08:07:10.892,55970.552,0x82,0x00,True,2.1,-4.34,97.36,0,42.2
08:07:40.882,08:07:40.882,56000.542,0x82,0x00,True,2.1,-4.35,97.35,0,42.24
08:08:10.893,08:08:10.893,56030.553,0x82,0x00,True,2.1,-4.35,97.37,0,42.22
08:08:40.877,08:08:40.877,56060.537,0x82,0x00,True,2.09,-4.36,97.37,0,42.17
08:09:10.904,08:09:10.904,56090.564,0x82,0x00,True,2.09,-4.34,97.39,0,42.21
08:09:40.877,08:09:40.877,56120.537,0x82,0x00,True,2.1,-4.37,97.42,0,42.17
08:10:10.887,08:10:10.887,56150.547,0x82,0x00,True,2.09,-4.36,97.42,0,42.18
08:10:40.871,08:10:40.871,56180.531,0x82,0x00,True,2.1,-4.35,97.41,0,42.23
08:11:10.882,08:11:10.882,56210.542,0x82,0x00,True,2.09,-4.35,97.41,0,42.17
08:11:40.895,08:11:40.895,56240.555,0x82,0x00,True,2.11,-4.36,97.38,0,42.19
08:12:10.890,08:12:10.890,56270.55,0x82,0x00,True,2.09,-4.33,97.38,0,42.24
08:12:40.887,08:12:40.887,56300.547,0x82,0x00,True,2.1,-4.33,97.35,0,42.27
08:13:10.882,08:13:10.882,56330.542,0x82,0x00,True,2.08,-4.35,97.37,0,42.24
08:13:40.885,08:13:40.885,56360.545,0x82,0x00,True,2.1,-4.34,97.37,0,42.29
08:14:10.877,08:14:10.877,56390.537,0x82,0x00,True,2.1,-4.35,97.36,0,42.32
08:14:40.885,08:14:40.885,56420.545,0x82,0x00,True,2.09,-4.34,97.33,0,42.35
08:15:10.877,08:15:10.877,56450.537,0x82,0x00,True,2.09,-4.37,97.35,0,42.2
08:15:40.871,08:15:40.871,56480.531,0x82,0x00,True,2.09,-4.36,97.36,0,42.32
08:16:10.872,08:16:10.872,56510.532,0x82,0x00,True,2.09,-4.36,97.34,0,42.31
08:16:40.872,08:16:40.872,56540.532,0x82,0x00,True,2.09,-4.34,97.35,0,42.35
08:17:10.872,08:17:10.872,56570.532,0x82,0x00,True,2.1,-4.34,97.35,0,42.45
08:17:40.877,08:17:40.877,56600.537,0x82,0x00,True,2.09,-4.35,97.34,0,42.3
08:18:10.871,08:18:10.871,56630.531,0x82,0x00,True,2.1,-4.35,97.33,0,42.39
08:18:40.893,08:18:40.893,56660.553,0x82,0x00,True,2.09,-4.37,97.33,0,42.45
08:19:10.871,08:19:10.871,56690.531,0x82,0x00,True,2.09,-4.37,97.33,0,42.45
08:19:40.866,08:19:40.866,56720.526,0x82,0x00,True,2.1,-4.35,97.31,0,42.3
08:20:10.861,08:20:10.861,56750.521,0x82,0x00,True,2.11,-4.34,97.34,0,42.31
08:20:40.856,08:20:40.856,56780.516,0x82,0x00,True,2.09,-4.33,97.34,0,42.37
08:21:10.871,08:21:10.871,56810.531,0x82,0x00,True,2.09,-4.35,97.32,0,42.39
08:21:40.861,08:21:40.861,56840.521,0x82,0x00,True,2.09,-4.36,97.34,0,42.3
08:22:10.869,08:22:10.869,56870.529,0x82,0x00,True,2.09,-4.35,97.34,0,42.33
08:22:40.861,08:22:40.861,56900.521,0x82,0x00,True,2.1,-4.35,97.32,0,42.41
08:23:10.864,08:23:10.864,56930.524,0x82,0x00,True,2.08,-4.34,97.35,0,42.39
08:23:40.861,08:23:40.861,56960.521,0x82,0x00,True,2.1,-4.33,97.35,0,42.32
08:24:10.852,08:24:10.852,56990.512,0x82,0x00,True,2.09,-4.35,97.32,0,42.37
08:24:40.850,08:24:40.850,57020.51,0x82,0x00,True,2.1,-4.35,97.31,0,42.43
08:25:10.847,08:25:10.847,57050.507,0x82,0x00,True,2.09,-4.34,97.32,0,42.39
08:25:40.836,08:25:40.836,57080.496,0x82,0x00,True,2.09,-4.35,97.3,0,42.32
08:26:10.837,08:26:10.837,57110.497,0x82,0x00,True,2.08,-4.37,97.28,0,42.37
08:26:40.837,08:26:40.837,57140.497,0x82,0x00,True,2.1,-4.36,97.26,0,42.39
08:27:10.842,08:27:10.842,57170.502,0x82,0x00,True,2.08,-4.34,97.28,0,42.48
08:27:40.837,08:27:40.837,57200.497,0x82,0x00,True,2.09,-4.35,97.31,0,42.4
08:28:10.873,08:28:10.873,57230.533,0x82,0x00,True,2.09,-4.33,97.28,0,42.45
08:28:40.836,08:28:40.836,57260.496,0x82,0x00,True,2.09,-4.36,97.31,0,42.51
08:29:10.847,08:29:10.847,57290.507,0x82,0x00,True,2.09,-4.33,97.26,0,42.45
08:29:40.837,08:29:40.837,57320.497,0x82,0x00,True,2.1,-4.35,97.3,0,42.51
08:30:10.852,08:30:10.852,57350.512,0x82,0x00,True,2.09,-4.35,97.33,0,42.48
08:30:40.836,08:30:40.836,57380.496,0x82,0x00,True,2.08,-4.33,97.28,0,42.47
08:31:10.852,08:31:10.852,57410.512,0x82,0x00,True,2.09,-4.34,97.29,0,42.46
08:31:40.837,08:31:40.837,57440.497,0x82,0x00,True,2.1,-4.34,97.34,0,42.42
08:32:10.847,08:32:10.847,57470.507,0x82,0x00,True,2.09,-4.36,97.3,0,42.44
08:32:40.837,08:32:40.837,57500.497,0x82,0x00,True,2.1,-4.35,97.3,0,42.48
08:33:10.847,08:33:10.847,57530.507,0x82,0x00,True,2.1,-4.34,97.32,0,42.51
08:33:40.842,08:33:40.842,57560.502,0x82,0x00,True,2.1,-4.35,97.28,0,42.51
08:34:10.837,08:34:10.837,57590.497,0x82,0x00,True,2.1,-4.35,97.29,0,42.53
08:34:40.837,08:34:40.837,57620.497,0x82,0x00,True,2.09,-4.35,97.32,0,42.51
08:35:10.852,08:35:10.852,57650.512,0x82,0x00,True,2.09,-4.34,97.3,0,42.52
08:35:40.852,08:35:40.852,57680.512,0x82,0x00,True,2.09,-4.33,97.31,0,42.55
08:36:10.857,08:36:10.857,57710.517,0x82,0x00,True,2.1,-4.34,97.34,0,42.64
08:36:40.846,08:36:40.846,57740.506,0x82,0x00,True,2.09,-4.36,97.34,0,42.64
08:37:10.861,08:37:10.861,57770.521,0x82,0x00,True,2.09,-4.36,97.34,0,42.58
08:37:40.866,08:37:40.866,57800.526,0x82,0x00,True,2.09,-4.35,97.35,0,42.67
08:38:10.861,08:38:10.861,57830.521,0x82,0x00,True,2.07,-4.32,97.32,0,42.67
08:38:40.848,08:38:40.848,57860.508,0x82,0x00,True,2.09,-4.35,97.37,0,42.62
08:39:10.861,08:39:10.861,57890.521,0x82,0x00,True,2.1,-4.34,97.32,0,42.7
08:39:40.861,08:39:40.861,57920.521,0x82,0x00,True,2.1,-4.36,97.39,0,42.61
08:40:10.867,08:40:10.867,57950.527,0x82,0x00,True,2.1,-4.35,97.33,0,42.65
08:40:40.867,08:40:40.867,57980.527,0x82,0x00,True,2.1,-4.35,97.36,0,42.69
08:41:10.867,08:41:10.867,58010.527,0x82,0x00,True,2.09,-4.37,97.41,0,42.75
08:41:40.866,08:41:40.866,58040.526,0x82,0x00,True,2.1,-4.35,97.39,0,42.73
08:42:10.872,08:42:10.872,58070.532,0x82,0x00,True,2.09,-4.36,97.37,0,42.67
08:42:40.871,08:42:40.871,58100.531,0x82,0x00,True,2.09,-4.37,97.38,0,42.64
08:43:10.871,08:43:10.871,58130.531,0x82,0x00,True,2.09,-4.36,97.37,0,42.7
08:43:40.881,08:43:40.881,58160.541,0x82,0x00,True,2.09,-4.37,97.39,0,42.64
08:44:10.876,08:44:10.876,58190.536,0x82,0x00,True,2.08,-4.36,97.38,0,42.67
08:44:40.877,08:44:40.877,58220.537,0x82,0x00,True,2.09,-4.38,97.36,0,42.76
08:45:10.877,08:45:10.877,58250.537,0x82,0x00,True,2.09,-4.38,97.39,0,42.71
08:45:40.881,08:45:40.881,58280.541,0x82,0x00,True,2.09,-4.36,97.36,0,42.79
08:46:10.877,08:46:10.877,58310.537,0x82,0x00,True,2.1,-4.37,97.36,0,42.65
08:46:40.867,08:46:40.867,58340.527,0x82,0x00,True,2.1,-4.36,97.35,0,42.73
08:47:10.872,08:47:10.872,58370.532,0x82,0x00,True,2.1,-4.36,97.37,0,42.76
08:47:40.867,08:47:40.867,58400.527,0x82,0x00,True,2.09,-4.38,97.33,0,42.76
08:48:10.882,08:48:10.882,58430.542,0x82,0x00,True,2.09,-4.37,97.34,0,42.8
08:48:40.872,08:48:40.872,58460.532,0x82,0x00,True,2.09,-4.38,97.35,0,42.79
08:49:10.882,08:49:10.882,58490.542,0x82,0x00,True,2.08,-4.37,97.31,0,42.78
08:49:40.880,08:49:40.880,58520.54,0x82,0x00,True,2.09,-4.37,97.31,0,42.7
08:50:10.882,08:50:10.882,58550.542,0x82,0x00,True,2.08,-4.37,97.33,0,42.79
08:50:40.877,08:50:40.877,58580.537,0x82,0x00,True,2.09,-4.37,97.33,0,42.77
08:51:10.892,08:51:10.892,58610.552,0x82,0x00,True,2.09,-4.38,97.32,0,42.83
08:51:40.900,08:51:40.900,58640.56,0x82,0x00,True,2.09,-4.36,97.36,0,42.85
08:52:10.892,08:52:10.892,58670.552,0x82,0x00,True,2.09,-4.38,97.38,0,42.88
08:52:40.902,08:52:40.902,58700.562,0x82,0x00,True,2.09,-4.37,97.34,0,42.94
08:53:10.899,08:53:10.899,58730.559,0x82,0x00,True,2.09,-4.36,97.37,0,42.91
08:53:40.901,08:53:40.901,58760.561,0x82,0x00,True,2.09,-4.36,97.37,0,42.92
08:54:10.892,08:54:10.892,58790.552,0x82,0x00,True,2.08,-4.36,97.39,0,42.85
08:54:40.901,08:54:40.901,58820.561,0x82,0x00,True,2.1,-4.34,97.39,0,42.94
08:55:10.896,08:55:10.896,58850.556,0x82,0x00,True,2.09,-4.37,97.38,0,42.98
08:55:40.906,08:55:40.906,58880.566,0x82,0x00,True,2.08,-4.36,97.36,0,42.95
08:56:10.892,08:56:10.892,58910.552,0x82,0x00,True,2.09,-4.35,97.38,0,42.95
08:56:40.892,08:56:40.892,58940.552,0x82,0x00,True,2.1,-4.37,97.39,0,42.99
08:57:10.905,08:57:10.905,58970.565,0x82,0x00,True,2.09,-4.36,97.37,0,42.98
08:57:40.917,08:57:40.917,59000.577,0x82,0x00,True,2.1,-4.37,97.38,0,43.06
08:58:10.901,08:58:10.901,59030.561,0x82,0x00,True,2.1,-4.38,97.34,0,42.94
08:58:40.915,08:58:40.915,59060.575,0x82,0x00,True,2.09,-4.37,97.33,0,43.0
08:59:10.906,08:59:10.906,59090.566,0x82,0x00,True,2.09,-4.36,97.31,0,43.05
08:59:40.916,08:59:40.916,59120.576,0x82,0x00,True,2.1,-4.37,97.33,0,42.98
09:00:10.911,09:00:10.911,59150.571,0x82,0x00,True,2.08,-4.35,97.32,0,42.98
09:00:40.917,09:00:40.917,59180.577,0x82,0x00,True,2.1,-4.38,97.28,0,43.07
09:01:10.917,09:01:10.917,59210.577,0x82,0x00,True,2.09,-4.37,97.25,0,42.94
09:01:40.927,09:01:40.927,59240.587,0x82,0x00,True,2.09,-4.36,97.24,0,42.94
09:02:10.916,09:02:10.916,59270.576,0x82,0x00,True,2.09,-4.36,97.22,0,42.96
09:02:40.917,09:02:40.917,59300.577,0x82,0x00,True,2.09,-4.36,97.29,0,42.98
09:03:10.917,09:03:10.917,59330.577,0x82,0x00,True,2.1,-4.35,97.29,0,42.88
09:03:40.922,09:03:40.922,59360.582,0x82,0x00,True,2.08,-4.35,97.3,0,42.91
09:04:10.911,09:04:10.911,59390.571,0x82,0x00,True,2.1,-4.36,97.3,0,42.94
09:04:40.927,09:04:40.927,59420.587,0x82,0x00,True,2.1,-4.36,97.3,0,43.03
09:05:10.911,09:05:10.911,59450.571,0x82,0x00,True,2.09,-4.36,97.31,0,42.98
09:05:40.927,09:05:40.927,59480.587,0x82,0x00,True,2.09,-4.34,97.31,0,43.01
09:06:10.911,09:06:10.911,59510.571,0x82,0x00,True,2.1,-4.37,97.29,0,42.96
09:06:40.911,09:06:40.911,59540.571,0x82,0x00,True,2.09,-4.37,97.32,0,43.04
09:07:10.916,09:07:10.916,59570.576,0x82,0x00,True,2.09,-4.36,97.3,0,43.04
09:23:10.997,09:23:10.997,60530.657,0x82,0x00,True,2.09,-4.33,98.41,0,42.88
09:23:10.997,09:23:10.997,60530.657,0x82,0x00,True,2.09,-4.34,98.43,0,42.77
09:23:41.002,09:23:41.002,60560.662,0x82,0x00,True,2.1,-4.34,98.46,0,42.66
09:24:10.997,09:24:10.997,60590.657,0x82,0x00,True,2.09,-4.33,98.45,0,42.9
09:24:41.013,09:24:41.013,60620.673,0x82,0x00,True,2.09,-4.33,98.46,0,42.79
09:25:11.013,09:25:11.013,60650.673,0x82,0x00,True,2.08,-4.34,98.45,0,42.81
09:25:41.008,09:25:41.008,60680.668,0x82,0x00,True,2.09,-4.35,98.47,0,42.78
09:26:11.013,09:26:11.013,60710.673,0x82,0x00,True,2.09,-4.34,98.44,0,42.76
09:26:41.013,09:26:41.013,60740.673,0x82,0x00,True,2.09,-4.36,98.45,0,42.81
09:27:11.008,09:27:11.008,60770.668,0x82,0x00,True,2.07,-4.35,98.43,0,42.82
09:27:41.012,09:27:41.012,60800.672,0x82,0x00,True,2.09,-4.35,98.44,0,42.79
09:28:11.013,09:28:11.013,60830.673,0x82,0x00,True,2.09,-4.37,98.42,0,42.82
09:28:41.007,09:28:41.007,60860.667,0x82,0x00,True,2.08,-4.34,98.45,0,42.86
09:29:11.012,09:29:11.012,60890.672,0x82,0x00,True,2.08,-4.35,98.47,0,42.89
09:29:41.012,09:29:41.012,60920.672,0x82,0x00,True,2.08,-4.35,98.47,0,42.88
09:30:11.025,09:30:11.025,60950.685,0x82,0x00,True,2.08,-4.36,98.47,0,42.89
09:30:41.003,09:30:41.003,60980.663,0x82,0x00,True,2.1,-4.35,98.47,0,42.96
09:31:11.007,09:31:11.007,61010.667,0x82,0x00,True,2.08,-4.36,98.48,0,42.94
09:31:41.018,09:31:41.018,61040.678,0x82,0x00,True,2.08,-4.38,98.51,0,43.0
09:32:11.005,09:32:11.005,61070.665,0x82,0x00,True,2.08,-4.33,98.49,0,42.98
09:32:40.997,09:32:40.997,61100.657,0x82,0x00,True,2.1,-4.36,98.45,0,42.94
09:33:11.007,09:33:11.007,61130.667,0x82,0x00,True,2.08,-4.35,98.48,0,42.98
09:33:40.997,09:33:40.997,61160.657,0x82,0x00,True,2.09,-4.36,98.48,0,42.92
09:34:11.017,09:34:11.017,61190.677,0x82,0x00,True,2.08,-4.35,98.47,0,42.94
09:34:40.992,09:34:40.992,61220.652,0x82,0x00,True,2.09,-4.38,98.48,0,42.94
09:35:10.992,09:35:10.992,61250.652,0x82,0x00,True,2.09,-4.36,98.47,0,42.9
09:35:40.998,09:35:40.998,61280.658,0x82,0x00,True,2.1,-4.38,98.47,0,42.85
09:36:11.007,09:36:11.007,61310.667,0x82,0x00,True,2.08,-4.39,98.46,0,42.88
09:36:40.997,09:36:40.997,61340.657,0x82,0x00,True,2.09,-4.35,98.51,0,42.96
09:37:11.008,09:37:11.008,61370.668,0x82,0x00,True,2.09,-4.37,98.48,0,42.86
09:37:41.012,09:37:41.012,61400.672,0x82,0x00,True,2.09,-4.36,98.48,0,42.95
09:38:11.008,09:38:11.008,61430.668,0x82,0x00,True,2.09,-4.35,98.45,0,42.82
09:38:41.005,09:38:41.005,61460.665,0x82,0x00,True,2.09,-4.35,98.45,0,42.87
09:39:10.997,09:39:10.997,61490.657,0x82,0x00,True,2.08,-4.32,98.42,0,42.79
09:39:41.000,09:39:41.000,61520.66,0x82,0x00,True,2.1,-4.36,98.39,0,42.76
09:40:11.002,09:40:11.002,61550.662,0x82,0x00,True,2.09,-4.36,98.38,0,42.67
09:40:40.992,09:40:40.992,61580.652,0x82,0x00,True,2.1,-4.35,98.38,0,42.66
09:41:10.997,09:41:10.997,61610.657,0x82,0x00,True,2.09,-4.36,98.41,0,42.64
09:41:40.992,09:41:40.992,61640.652,0x82,0x00,True,2.09,-4.35,98.42,0,42.69
09:42:11.003,09:42:11.003,61670.663,0x82,0x00,True,2.09,-4.34,98.39,0,42.73
09:42:40.993,09:42:40.993,61700.653,0x82,0x00,True,2.08,-4.34,98.41,0,42.76
09:43:10.982,09:43:10.982,61730.642,0x82,0x00,True,2.1,-4.36,98.4,0,42.86
09:43:40.977,09:43:40.977,61760.637,0x82,0x00,True,2.1,-4.35,98.4,0,42.7
09:44:10.993,09:44:10.993,61790.653,0x82,0x00,True,2.09,-4.35,98.41,0,42.79
09:44:40.982,09:44:40.982,61820.642,0x82,0x00,True,2.09,-4.34,98.43,0,42.85
09:45:10.992,09:45:10.992,61850.652,0x82,0x00,True,2.09,-4.37,98.4,0,42.8
09:45:40.987,09:45:40.987,61880.647,0x82,0x00,True,2.08,-4.35,98.42,0,42.79
09:46:10.992,09:46:10.992,61910.652,0x82,0x00,True,2.08,-4.35,98.42,0,42.86
09:46:40.973,09:46:40.973,61940.633,0x82,0x00,True,2.09,-4.34,98.46,0,42.85
09:47:10.977,09:47:10.977,61970.637,0x82,0x00,True,2.1,-4.36,98.42,0,42.84
09:47:40.971,09:47:40.971,62000.631,0x82,0x00,True,2.08,-4.35,98.43,0,42.94
09:48:10.987,09:48:10.987,62030.647,0x82,0x00,True,2.08,-4.34,98.44,0,42.88
09:48:40.978,09:48:40.978,62060.638,0x82,0x00,True,2.09,-4.34,98.42,0,42.76
09:49:10.982,09:49:10.982,62090.642,0x82,0x00,True,2.09,-4.36,98.4,0,42.83
09:49:40.973,09:49:40.973,62120.633,0x82,0x00,True,2.08,-4.33,98.35,0,42.56
09:50:10.982,09:50:10.982,62150.642,0x82,0x00,True,2.1,-4.34,98.3,0,42.64
09:50:40.998,09:50:40.998,62180.658,0x82,0x00,True,2.09,-4.35,98.31,0,42.7
09:51:10.987,09:51:10.987,62210.647,0x82,0x00,True,2.09,-4.34,98.29,0,42.52
09:51:40.973,09:51:40.973,62240.633,0x82,0x00,True,2.1,-4.36,98.25,0,42.46
09:52:10.977,09:52:10.977,62270.637,0x82,0x00,True,2.09,-4.35,98.25,0,42.39
09:52:40.973,09:52:40.973,62300.633,0x82,0x00,True,2.09,-4.37,98.25,0,42.46
09:53:10.968,09:53:10.968,62330.628,0x82,0x00,True,2.1,-4.35,98.24,0,42.35
09:53:40.978,09:53:40.978,62360.638,0x82,0x00,True,2.1,-4.34,98.28,0,42.27
09:54:10.982,09:54:10.982,62390.642,0x82,0x00,True,2.09,-4.35,98.29,0,42.3
09:54:40.972,09:54:40.972,62420.632,0x82,0x00,True,2.08,-4.36,98.28,0,42.28
09:55:10.977,09:55:10.977,62450.637,0x82,0x00,True,2.1,-4.33,98.3,0,42.17
09:55:40.973,09:55:40.973,62480.633,0x82,0x00,True,2.09,-4.34,98.26,0,42.12
09:56:10.977,09:56:10.977,62510.637,0x82,0x00,True,2.09,-4.34,98.2,0,41.94
09:56:40.977,09:56:40.977,62540.637,0x82,0x00,True,2.08,-4.31,98.15,0,41.87
09:57:10.978,09:57:10.978,62570.638,0x82,0x00,True,2.08,-4.33,98.15,0,41.81
09:57:40.973,09:57:40.973,62600.633,0x82,0x00,True,2.08,-4.34,98.1,0,41.77
09:58:10.968,09:58:10.968,62630.628,0x82,0x00,True,2.09,-4.35,98.1,0,41.62
09:58:40.973,09:58:40.973,62660.633,0x82,0x00,True,2.09,-4.35,98.1,0,41.62
09:59:10.972,09:59:10.972,62690.632,0x82,0x00,True,2.09,-4.33,98.09,0,41.6
09:59:40.982,09:59:40.982,62720.642,0x82,0x00,True,2.08,-4.33,98.11,0,41.52
10:00:10.972,10:00:10.972,62750.632,0x82,0x00,True,2.08,-4.36,98.1,0,41.53
10:00:40.967,10:00:40.967,62780.627,0x82,0x00,True,2.09,-4.33,98.05,0,41.53
10:01:10.957,10:01:10.957,62810.617,0x82,0x00,True,2.08,-4.34,98.06,0,41.59
10:01:40.962,10:01:40.962,62840.622,0x82,0x00,True,2.08,-4.33,98.03,0,41.5
10:02:10.957,10:02:10.957,62870.617,0x82,0x00,True,2.09,-4.34,98.01,0,41.5
10:02:40.957,10:02:40.957,62900.617,0x82,0x00,True,2.08,-4.34,98.0,0,41.56
10:03:10.952,10:03:10.952,62930.612,0x82,0x00,True,2.09,-4.34,98.01,0,41.55
10:03:40.948,10:03:40.948,62960.608,0x82,0x00,True,2.09,-4.35,98.02,0,41.48
10:04:10.928,10:04:10.928,62990.588,0x82,0x00,True,2.08,-4.34,97.98,0,41.51
10:04:40.933,10:04:40.933,63020.593,0x82,0x00,True,2.08,-4.35,98.02,0,41.53
10:05:10.917,10:05:10.917,63050.577,0x82,0x00,True,2.08,-4.34,98.02,0,41.5
10:05:40.926,10:05:40.926,63080.586,0x82,0x00,True,2.09,-4.35,98.03,0,41.47
10:06:10.918,10:06:10.918,63110.578,0x82,0x00,True,2.08,-4.36,98.03,0,41.51
10:06:40.907,10:06:40.907,63140.567,0x82,0x00,True,2.09,-4.33,98.04,0,41.5
10:07:10.902,10:07:10.902,63170.562,0x82,0x00,True,2.09,-4.35,98.0,0,41.47
10:07:40.902,10:07:40.902,63200.562,0x82,0x00,True,2.08,-4.36,98.04,0,41.53
10:08:10.902,10:08:10.902,63230.562,0x82,0x00,True,2.09,-4.34,98.05,0,41.54
10:08:40.902,10:08:40.902,63260.562,0x82,0x00,True,2.08,-4.34,98.08,0,41.59
10:09:10.893,10:09:10.893,63290.553,0x82,0x00,True,2.08,-4.34,98.08,0,41.59
10:09:40.893,10:09:40.893,63320.553,0x82,0x00,True,2.08,-4.35,98.11,0,41.65
10:10:10.887,10:10:10.887,63350.547,0x82,0x00,True,2.08,-4.35,98.12,0,41.69
10:10:40.897,10:10:40.897,63380.557,0x82,0x00,True,2.07,-4.35,98.16,0,41.77
10:11:10.893,10:11:10.893,63410.553,0x82,0x00,True,2.08,-4.35,98.18,0,41.81
10:11:40.882,10:11:40.882,63440.542,0x82,0x00,True,2.08,-4.35,98.21,0,41.84
10:12:10.913,10:12:10.913,63470.573,0x82,0x00,True,2.08,-4.34,98.23,0,41.93
10:12:40.888,10:12:40.888,63500.548,0x82,0x00,True,2.1,-4.35,98.22,0,41.96
10:13:10.888,10:13:10.888,63530.548,0x82,0x00,True,2.07,-4.36,98.24,0,42.03
10:13:40.883,10:13:40.883,63560.543,0x82,0x00,True,2.07,-4.35,98.26,0,42.07
10:14:10.878,10:14:10.878,63590.538,0x82,0x00,True,2.08,-4.36,98.28,0,42.22
10:14:40.878,10:14:40.878,63620.538,0x82,0x00,True,2.07,-4.35,98.29,0,42.24
10:15:10.872,10:15:10.872,63650.532,0x82,0x00,True,2.08,-4.36,98.29,0,42.33
10:15:40.867,10:15:40.867,63680.527,0x82,0x00,True,2.07,-4.37,98.31,0,42.4
10:16:10.867,10:16:10.867,63710.527,0x82,0x00,True,2.09,-4.36,98.31,0,42.48
10:16:40.862,10:16:40.862,63740.522,0x82,0x00,True,2.08,-4.34,98.37,0,42.5
10:17:10.862,10:17:10.862,63770.522,0x82,0x00,True,2.09,-4.36,98.37,0,42.54
10:17:40.862,10:17:40.862,63800.522,0x82,0x00,True,2.09,-4.36,98.32,0,42.48
10:18:10.862,10:18:10.862,63830.522,0x82,0x00,True,2.09,-4.33,98.3,0,42.54
10:18:40.865,10:18:40.865,63860.525,0x82,0x00,True,2.09,-4.32,98.31,0,42.5
10:19:10.857,10:19:10.857,63890.517,0x82,0x00,True,2.08,-4.36,98.31,0,42.54
10:19:40.853,10:19:40.853,63920.513,0x82,0x00,True,2.09,-4.36,98.32,0,42.56
10:20:10.852,10:20:10.852,63950.512,0x82,0x00,True,2.08,-4.36,98.34,0,42.54
10:20:40.837,10:20:40.837,63980.497,0x82,0x00,True,2.09,-4.36,98.37,0,42.73
10:21:10.853,10:21:10.853,64010.513,0x82,0x00,True,2.08,-4.35,98.37,0,42.66
10:21:40.841,10:21:40.841,64040.501,0x82,0x00,True,2.08,-4.34,98.41,0,42.7
10:22:10.827,10:22:10.827,64070.487,0x82,0x00,True,2.07,-4.35,98.39,0,42.75
10:22:40.827,10:22:40.827,64100.487,0x82,0x00,True,2.08,-4.36,98.39,0,42.82
10:23:10.832,10:23:10.832,64130.492,0x82,0x00,True,2.08,-4.36,98.37,0,42.91
10:23:40.822,10:23:40.822,64160.482,0x82,0x00,True,2.08,-4.36,98.42,0,42.98
10:24:10.822,10:24:10.822,64190.482,0x82,0x00,True,2.08,-4.36,98.46,0,43.03
10:24:40.823,10:24:40.823,64220.483,0x82,0x00,True,2.09,-4.37,98.45,0,43.06
10:25:10.832,10:25:10.832,64250.492,0x82,0x00,True,2.08,-4.35,98.45,0,43.06
10:25:40.822,10:25:40.822,64280.482,0x82,0x00,True,2.09,-4.34,98.47,0,43.15
10:26:10.822,10:26:10.822,64310.482,0x82,0x00,True,2.09,-4.34,98.48,0,43.04
10:26:40.827,10:26:40.827,64340.487,0x82,0x00,True,2.09,-4.35,98.48,0,43.11
10:27:10.842,10:27:10.842,64370.502,0x82,0x00,True,2.09,-4.37,98.46,0,43.01
10:27:40.837,10:27:40.837,64400.497,0x82,0x00,True,2.09,-4.33,98.44,0,42.91
10:28:10.848,10:28:10.848,64430.508,0x82,0x00,True,2.08,-4.36,98.38,0,42.9
10:28:40.833,10:28:40.833,64460.493,0x82,0x00,True,2.09,-4.33,98.41,0,42.88
10:29:10.843,10:29:10.843,64490.503,0x82,0x00,True,2.08,-4.37,98.4,0,42.76
10:29:40.833,10:29:40.833,64520.493,0x82,0x00,True,2.09,-4.35,98.39,0,42.87
10:30:10.832,10:30:10.832,64550.492,0x82,0x00,True,2.09,-4.35,98.41,0,42.95
10:30:40.832,10:30:40.832,64580.492,0x82,0x00,True,2.1,-4.35,98.38,0,42.79
10:31:10.847,10:31:10.847,64610.507,0x82,0x00,True,2.09,-4.33,98.39,0,42.82
10:31:40.832,10:31:40.832,64640.492,0x82,0x00,True,2.09,-4.35,98.38,0,42.78
10:32:10.848,10:32:10.848,64670.508,0x82,0x00,True,2.09,-4.36,98.35,0,42.76
10:32:40.837,10:32:40.837,64700.497,0x82,0x00,True,2.09,-4.33,98.35,0,42.64
10:33:10.877,10:33:10.877,64730.537,0x82,0x00,True,2.09,-4.35,98.35,0,42.73
10:33:40.843,10:33:40.843,64760.503,0x82,0x00,True,2.08,-4.38,98.33,0,42.82
10:34:10.852,10:34:10.852,64790.512,0x82,0x00,True,2.09,-4.36,98.36,0,42.85
10:34:40.865,10:34:40.865,64820.525,0x82,0x00,True,2.08,-4.37,98.33,0,42.72
10:35:10.857,10:35:10.857,64850.517,0x82,0x00,True,2.07,-4.35,98.34,0,42.76
10:35:40.867,10:35:40.867,64880.527,0x82,0x00,True,2.08,-4.34,98.35,0,42.86
10:36:10.862,10:36:10.862,64910.522,0x82,0x00,True,2.07,-4.36,98.38,0,42.82
10:36:40.875,10:36:40.875,64940.535,0x82,0x00,True,2.07,-4.36,98.36,0,42.78
10:37:10.867,10:37:10.867,64970.527,0x82,0x00,True,2.09,-4.36,98.31,0,42.7
10:37:40.862,10:37:40.862,65000.522,0x82,0x00,True,2.08,-4.37,98.31,0,42.76
10:38:10.878,10:38:10.878,65030.538,0x82,0x00,True,2.09,-4.34,98.33,0,42.64
10:38:40.872,10:38:40.872,65060.532,0x82,0x00,True,2.09,-4.34,98.3,0,42.68
10:39:10.877,10:39:10.877,65090.537,0x82,0x00,True,2.08,-4.35,98.29,0,42.69
10:39:40.877,10:39:40.877,65120.537,0x82,0x00,True,2.09,-4.37,98.3,0,42.82
10:40:10.883,10:40:10.883,65150.543,0x82,0x00,True,2.09,-4.35,98.29,0,42.8
10:40:40.867,10:40:40.867,65180.527,0x82,0x00,True,2.09,-4.35,98.31,0,42.73
10:41:10.878,10:41:10.878,65210.538,0x82,0x00,True,2.09,-4.35,98.32,0,42.73
10:41:40.878,10:41:40.878,65240.538,0x82,0x00,True,2.09,-4.36,98.31,0,42.78
10:42:10.882,10:42:10.882,65270.542,0x82,0x00,True,2.09,-4.33,98.31,0,42.76
10:42:40.867,10:42:40.867,65300.527,0x82,0x00,True,2.09,-4.36,98.32,0,42.72
10:43:10.883,10:43:10.883,65330.543,0x82,0x00,True,2.08,-4.35,98.31,0,42.65
10:43:40.882,10:43:40.882,65360.542,0x82,0x00,True,2.08,-4.36,98.3,0,42.61
10:44:10.878,10:44:10.878,65390.538,0x82,0x00,True,2.08,-4.37,98.31,0,42.72
10:44:40.896,10:44:40.896,65420.556,0x82,0x00,True,2.09,-4.36,98.34,0,42.79
10:45:10.883,10:45:10.883,65450.543,0x82,0x00,True,2.08,-4.35,98.31,0,42.85
10:45:40.893,10:45:40.893,65480.553,0x82,0x00,True,2.08,-4.35,98.33,0,42.83
10:46:10.888,10:46:10.888,65510.548,0x82,0x00,True,2.08,-4.36,98.3,0,42.85
10:46:40.897,10:46:40.897,65540.557,0x82,0x00,True,2.08,-4.36,98.29,0,42.77
10:47:10.895,10:47:10.895,65570.555,0x82,0x00,True,2.07,-4.35,98.31,0,42.82
10:47:40.897,10:47:40.897,65600.557,0x82,0x00,True,2.07,-4.35,98.32,0,42.79
10:48:10.893,10:48:10.893,65630.553,0x82,0x00,True,2.08,-4.35,98.34,0,42.79
10:48:40.902,10:48:40.902,65660.562,0x82,0x00,True,2.09,-4.33,98.36,0,42.82
10:49:10.893,10:49:10.893,65690.553,0x82,0x00,True,2.08,-4.37,98.36,0,42.91
10:49:40.908,10:49:40.908,65720.568,0x82,0x00,True,2.09,-4.36,98.36,0,42.94
10:50:10.902,10:50:10.902,65750.562,0x82,0x00,True,2.08,-4.35,98.37,0,42.98
10:50:40.902,10:50:40.902,65780.562,0x82,0x00,True,2.08,-4.35,98.39,0,43.02
10:51:10.907,10:51:10.907,65810.567,0x82,0x00,True,2.08,-4.35,98.38,0,43.04
10:51:40.922,10:51:40.922,65840.582,0x82,0x00,True,2.08,-4.36,98.4,0,43.16
10:52:10.913,10:52:10.913,65870.573,0x82,0x00,True,2.08,-4.34,98.46,0,43.14
10:52:40.928,10:52:40.928,65900.588,0x82,0x00,True,2.09,-4.36,98.5,0,43.17
10:53:10.918,10:53:10.918,65930.578,0x82,0x00,True,2.09,-4.34,98.52,0,43.17
10:53:40.938,10:53:40.938,65960.598,0x82,0x00,True,2.1,-4.34,98.54,0,43.29
10:54:10.927,10:54:10.927,65990.587,0x82,0x00,True,2.1,-4.35,98.55,0,43.33
10:54:40.942,10:54:40.942,66020.602,0x82,0x00,True,2.09,-4.33,98.57,0,43.39
10:55:10.942,10:55:10.942,66050.602,0x82,0x00,True,2.08,-4.37,98.59,0,43.42
10:55:40.947,10:55:40.947,66080.607,0x82,0x00,True,2.09,-4.37,98.55,0,43.41
10:56:10.956,10:56:10.956,66110.616,0x82,0x00,True,2.08,-4.37,98.55,0,43.45
10:56:40.947,10:56:40.947,66140.607,0x82,0x00,True,2.08,-4.35,98.57,0,43.45
10:57:10.952,10:57:10.952,66170.612,0x82,0x00,True,2.09,-4.34,98.58,0,43.47
10:57:40.953,10:57:40.953,66200.613,0x82,0x00,True,2.09,-4.33,98.54,0,43.41
10:58:10.957,10:58:10.957,66230.617,0x82,0x00,True,2.09,-4.36,98.55,0,43.57
10:58:40.958,10:58:40.958,66260.618,0x82,0x00,True,2.09,-4.36,98.56,0,43.45
10:59:10.957,10:59:10.957,66290.617,0x82,0x00,True,2.09,-4.35,98.54,0,43.4
10:59:40.962,10:59:40.962,66320.622,0x82,0x00,True,2.08,-4.38,98.55,0,43.52
11:00:10.970,11:00:10.970,66350.63,0x82,0x00,True,2.08,-4.36,98.54,0,43.43
11:00:40.968,11:00:40.968,66380.628,0x82,0x00,True,2.09,-4.38,98.51,0,43.46
11:01:10.962,11:01:10.962,66410.622,0x82,0x00,True,2.08,-4.35,98.52,0,43.45
11:01:40.972,11:01:40.972,66440.632,0x82,0x00,True,2.09,-4.37,98.52,0,43.41
11:02:10.973,11:02:10.973,66470.633,0x82,0x00,True,2.1,-4.37,98.53,0,43.46
11:02:40.973,11:02:40.973,66500.633,0x82,0x00,True,2.09,-4.32,98.54,0,43.45
11:03:10.977,11:03:10.977,66530.637,0x82,0x00,True,2.09,-4.36,98.5,0,43.47
11:03:40.973,11:03:40.973,66560.633,0x82,0x00,True,2.09,-4.36,98.5,0,43.49
11:04:10.987,11:04:10.987,66590.647,0x82,0x00,True,2.09,-4.36,98.53,0,43.43
11:04:40.978,11:04:40.978,66620.638,0x82,0x00,True,2.09,-4.37,98.56,0,43.52
11:05:10.992,11:05:10.992,66650.652,0x82,0x00,True,2.09,-4.36,98.58,0,43.42
11:05:40.987,11:05:40.987,66680.647,0x82,0x00,True,2.08,-4.37,98.55,0,43.53
11:06:10.997,11:06:10.997,66710.657,0x82,0x00,True,2.08,-4.36,98.59,0,43.51
11:06:40.992,11:06:40.992,66740.652,0x82,0x00,True,2.08,-4.36,98.55,0,43.56
11:07:10.997,11:07:10.997,66770.657,0x82,0x00,True,2.09,-4.36,98.56,0,43.54
11:07:40.997,11:07:40.997,66800.657,0x82,0x00,True,2.09,-4.37,98.58,0,43.64
11:08:11.022,11:08:11.022,66830.682,0x82,0x00,True,2.09,-4.35,98.6,0,43.65
11:08:41.023,11:08:41.023,66860.683,0x82,0x00,True,2.09,-4.35,98.6,0,43.69
11:09:11.027,11:09:11.027,66890.687,0x82,0x00,True,2.1,-4.38,98.63,0,43.71
11:09:41.037,11:09:41.037,66920.697,0x82,0x00,True,2.09,-4.38,98.68,0,43.84
11:10:11.037,11:10:11.037,66950.697,0x82,0x00,True,2.09,-4.4,98.72,0,44.0
11:10:41.037,11:10:41.037,66980.697,0x82,0x00,True,2.1,-4.38,98.74,0,44.08
11:11:11.052,11:11:11.052,67010.712,0x82,0x00,True,2.11,-4.36,98.72,0,44.08
11:11:41.048,11:11:41.048,67040.708,0x82,0x00,True,2.09,-4.36,98.75,0,44.21
11:12:11.053,11:12:11.053,67070.713,0x82,0x00,True,2.11,-4.38,98.76,0,44.18
11:12:41.072,11:12:41.072,67100.732,0x82,0x00,True,2.1,-4.38,98.74,0,44.1
11:13:11.067,11:13:11.067,67130.727,0x82,0x00,True,2.1,-4.37,98.73,0,44.21
11:13:41.082,11:13:41.082,67160.742,0x82,0x00,True,2.1,-4.37,98.76,0,44.21
11:14:11.093,11:14:11.093,67190.753,0x82,0x00,True,2.11,-4.39,98.76,0,44.27
11:14:41.098,11:14:41.098,67220.758,0x82,0x00,True,2.1,-4.38,98.78,0,44.25
11:15:11.107,11:15:11.107,67250.767,0x82,0x00,True,2.09,-4.38,98.78,0,44.36
11:15:41.112,11:15:41.112,67280.772,0x82,0x00,True,2.1,-4.38,98.81,0,44.42
11:16:11.107,11:16:11.107,67310.767,0x82,0x00,True,2.09,-4.36,98.83,0,44.39
11:16:41.122,11:16:41.122,67340.782,0x82,0x00,True,2.09,-4.36,98.86,0,44.5
11:17:11.118,11:17:11.118,67370.778,0x82,0x00,True,2.09,-4.37,98.86,0,44.53
11:17:41.133,11:17:41.133,67400.793,0x82,0x00,True,2.1,-4.39,98.89,0,44.44
11:18:11.143,11:18:11.143,67430.803,0x82,0x00,True,2.11,-4.36,98.89,0,44.46
11:18:41.138,11:18:41.138,67460.798,0x82,0x00,True,2.1,-4.36,98.88,0,44.4
11:19:11.152,11:19:11.152,67490.812,0x82,0x00,True,2.1,-4.35,98.87,0,44.48
11:19:41.143,11:19:41.143,67520.803,0x82,0x00,True,2.09,-4.37,98.87,0,44.55
11:20:11.147,11:20:11.147,67550.807,0x82,0x00,True,2.1,-4.35,98.87,0,44.44
11:20:41.152,11:20:41.152,67580.812,0x82,0x00,True,2.1,-4.36,98.85,0,44.55
11:21:11.167,11:21:11.167,67610.827,0x82,0x00,True,2.11,-4.36,98.83,0,44.55
11:21:41.157,11:21:41.157,67640.817,0x82,0x00,True,2.1,-4.38,98.85,0,44.48
11:22:11.173,11:22:11.173,67670.833,0x82,0x00,True,2.11,-4.38,98.86,0,44.55
11:22:41.178,11:22:41.178,67700.838,0x82,0x00,True,2.1,-4.35,98.88,0,44.58
11:23:11.183,11:23:11.183,67730.843,0x82,0x00,True,2.1,-4.38,98.88,0,44.55
11:23:41.187,11:23:41.187,67760.847,0x82,0x00,True,2.1,-4.36,98.85,0,44.51
11:24:11.192,11:24:11.192,67790.852,0x82,0x00,True,2.1,-4.37,98.88,0,44.64
11:24:41.197,11:24:41.197,67820.857,0x82,0x00,True,2.1,-4.36,98.87,0,44.46
11:25:11.200,11:25:11.200,67850.86,0x82,0x00,True,2.1,-4.36,98.81,0,44.39
11:25:41.207,11:25:41.207,67880.867,0x82,0x00,True,2.1,-4.39,98.74,0,44.25
11:26:11.213,11:26:11.213,67910.873,0x82,0x00,True,2.11,-4.39,98.66,0,44.06
11:26:41.228,11:26:41.228,67940.888,0x82,0x00,True,2.11,-4.36,98.61,0,44.08
11:27:11.223,11:27:11.223,67970.883,0x82,0x00,True,2.1,-4.39,98.62,0,43.99
11:27:41.232,11:27:41.232,68000.892,0x82,0x00,True,2.11,-4.41,98.65,0,44.08
11:28:11.223,11:28:11.223,68030.883,0x82,0x00,True,2.1,-4.41,98.63,0,44.03
11:28:41.228,11:28:41.228,68060.888,0x82,0x00,True,2.1,-4.4,98.64,0,44.08
11:29:11.228,11:29:11.228,68090.888,0x82,0x00,True,2.11,-4.41,98.62,0,44.13
11:29:41.252,11:29:41.252,68120.912,0x82,0x00,True,2.11,-4.42,98.62,0,44.15
11:30:11.237,11:30:11.237,68150.897,0x82,0x00,True,2.11,-4.41,98.65,0,44.24
11:30:41.252,11:30:41.252,68180.912,0x82,0x00,True,2.1,-4.41,98.69,0,44.27
11:31:11.258,11:31:11.258,68210.918,0x82,0x00,True,2.11,-4.41,98.71,0,44.27
11:31:41.258,11:31:41.258,68240.918,0x82,0x00,True,2.11,-4.4,98.79,0,44.39
11:32:11.263,11:32:11.263,68270.923,0x82,0x00,True,2.11,-4.37,98.78,0,44.28
11:32:41.268,11:32:41.268,68300.928,0x82,0x00,True,2.11,-4.39,98.79,0,44.3
11:33:11.276,11:33:11.276,68330.936,0x82,0x00,True,2.11,-4.38,98.76,0,44.31
11:33:41.277,11:33:41.277,68360.937,0x82,0x00,True,2.12,-4.38,98.75,0,44.36
11:34:11.282,11:34:11.282,68390.942,0x82,0x00,True,2.12,-4.37,98.77,0,44.32
11:34:41.287,11:34:41.287,68420.947,0x82,0x00,True,2.12,-4.38,98.81,0,44.41
11:35:11.292,11:35:11.292,68450.952,0x82,0x00,True,2.11,-4.35,98.84,0,44.35
11:35:41.292,11:35:41.292,68480.952,0x82,0x00,True,2.12,-4.37,98.81,0,44.42
11:36:11.292,11:36:11.292,68510.952,0x82,0x00,True,2.12,-4.38,98.82,0,44.48
11:36:41.297,11:36:41.297,68540.957,0x82,0x00,True,2.11,-4.37,98.81,0,44.47
11:37:11.302,11:37:11.302,68570.962,0x82,0x00,True,2.11,-4.39,98.88,0,44.58
11:37:41.303,11:37:41.303,68600.963,0x82,0x00,True,2.11,-4.39,98.87,0,44.6
11:38:11.313,11:38:11.313,68630.973,0x82,0x00,True,2.13,-4.38,98.84,0,44.61
11:38:41.317,11:38:41.317,68660.977,0x82,0x00,True,2.12,-4.38,98.86,0,44.58
11:39:11.337,11:39:11.337,68690.997,0x82,0x00,True,2.12,-4.38,98.89,0,44.57
11:39:41.328,11:39:41.328,68720.988,0x82,0x00,True,2.11,-4.38,98.87,0,44.6
11:40:11.342,11:40:11.342,68751.002,0x82,0x00,True,2.12,-4.39,98.86,0,44.58
11:40:41.353,11:40:41.353,68781.013,0x82,0x00,True,2.1,-4.38,98.84,0,44.61
11:41:11.357,11:41:11.357,68811.017,0x82,0x00,True,2.1,-4.38,98.86,0,44.59
11:41:41.362,11:41:41.362,68841.022,0x82,0x00,True,2.11,-4.39,98.85,0,44.65
11:42:11.362,11:42:11.362,68871.022,0x82,0x00,True,2.11,-4.36,98.84,0,44.69
11:42:41.372,11:42:41.372,68901.032,0x82,0x00,True,2.1,-4.39,98.89,0,44.66
11:43:11.372,11:43:11.372,68931.032,0x82,0x00,True,2.11,-4.38,98.85,0,44.73
11:43:41.372,11:43:41.372,68961.032,0x82,0x00,True,2.09,-4.38,98.9,0,44.73
11:44:11.378,11:44:11.378,68991.038,0x82,0x00,True,2.1,-4.37,98.93,0,44.7
11:44:41.387,11:44:41.387,69021.047,0x82,0x00,True,2.11,-4.38,98.99,0,44.81
11:45:11.383,11:45:11.383,69051.043,0x82,0x00,True,2.11,-4.37,99.01,0,44.91
11:45:41.388,11:45:41.388,69081.048,0x82,0x00,True,2.09,-4.39,99.02,0,45.09
11:46:11.397,11:46:11.397,69111.057,0x82,0x00,True,2.09,-4.38,99.0,0,45.09
11:46:41.412,11:46:41.412,69141.072,0x82,0x00,True,2.1,-4.39,99.03,0,45.19
11:47:11.422,11:47:11.422,69171.082,0x82,0x00,True,2.09,-4.38,99.07,0,45.2
11:47:41.428,11:47:41.428,69201.088,0x82,0x00,True,2.1,-4.4,99.12,0,45.29
11:48:11.434,11:48:11.434,69231.094,0x82,0x00,True,2.1,-4.39,99.11,0,45.45
11:48:41.432,11:48:41.432,69261.092,0x82,0x00,True,2.1,-4.38,99.13,0,45.47
11:49:11.433,11:49:11.433,69291.093,0x82,0x00,True,2.1,-4.39,99.14,0,45.41
11:49:41.447,11:49:41.447,69321.107,0x82,0x00,True,2.1,-4.39,99.17,0,45.59
11:50:11.457,11:50:11.457,69351.117,0x82,0x00,True,2.12,-4.38,99.19,0,45.76
11:50:41.458,11:50:41.458,69381.118,0x82,0x00,True,2.1,-4.4,99.2,0,45.75
11:51:11.478,11:51:11.478,69411.138,0x82,0x00,True,2.12,-4.4,99.24,0,45.87
11:51:41.477,11:51:41.477,69441.137,0x82,0x00,True,2.1,-4.38,99.26,0,45.94
11:52:11.497,11:52:11.497,69471.157,0x82,0x00,True,2.11,-4.38,99.31,0,46.08
11:52:41.508,11:52:41.508,69501.168,0x82,0x00,True,2.1,-4.38,99.34,0,46.11
11:53:11.507,11:53:11.507,69531.167,0x82,0x00,True,2.11,-4.38,99.39,0,46.22
11:53:41.526,11:53:41.526,69561.186,0x82,0x00,True,2.1,-4.38,99.4,0,46.29
11:54:11.532,11:54:11.532,69591.192,0x82,0x00,True,2.1,-4.36,99.44,0,46.38
11:54:41.543,11:54:41.543,69621.203,0x82,0x00,True,2.11,-4.38,99.45,0,46.49
11:55:11.547,11:55:11.547,69651.207,0x82,0x00,True,2.1,-4.39,99.48,0,46.6
11:55:41.572,11:55:41.572,69681.232,0x82,0x00,True,2.11,-4.37,99.49,0,46.69
11:56:11.572,11:56:11.572,69711.232,0x82,0x00,True,2.11,-4.39,99.52,0,46.82
11:56:41.577,11:56:41.577,69741.237,0x82,0x00,True,2.1,-4.4,99.54,0,46.79
11:57:11.603,11:57:11.603,69771.263,0x82,0x00,True,2.11,-4.4,99.62,0,46.95
11:57:41.626,11:57:41.626,69801.286,0x82,0x00,True,2.09,-4.39,99.64,0,47.04
11:58:11.628,11:58:11.628,69831.288,0x82,0x00,True,2.11,-4.4,99.67,0,47.03
11:58:41.632,11:58:41.632,69861.292,0x82,0x00,True,2.1,-4.39,99.66,0,47.25
11:59:11.657,11:59:11.657,69891.317,0x82,0x00,True,2.1,-4.38,99.65,0,47.36
11:59:41.667,11:59:41.667,69921.327,0x82,0x00,True,2.1,-4.39,99.72,0,47.47
12:00:11.678,12:00:11.678,69951.338,0x82,0x00,True,2.11,-4.41,99.76,0,47.56
12:00:41.692,12:00:41.692,69981.352,0x82,0x00,True,2.1,-4.39,99.78,0,47.64
12:01:11.706,12:01:11.706,70011.366,0x82,0x00,True,2.1,-4.39,99.82,0,47.75
12:01:41.722,12:01:41.722,70041.382,0x82,0x00,True,2.1,-4.4,99.8,0,47.78
12:02:11.737,12:02:11.737,70071.397,0x82,0x00,True,2.1,-4.38,99.82,0,47.99
12:02:41.752,12:02:41.752,70101.412,0x82,0x00,True,2.09,-4.4,99.81,0,47.96
12:03:11.768,12:03:11.768,70131.428,0x82,0x00,True,2.12,-4.39,99.88,0,48.03
12:03:41.772,12:03:41.772,70161.432,0x82,0x00,True,2.12,-4.39,99.9,0,48.2
12:04:11.787,12:04:11.787,70191.447,0x82,0x00,True,2.1,-4.39,99.96,0,48.22
12:04:41.812,12:04:41.812,70221.472,0x82,0x00,True,2.11,-4.41,99.91,0,48.33
12:05:11.827,12:05:11.827,70251.487,0x82,0x00,True,2.1,-4.4,99.93,0,48.46
12:05:41.842,12:05:41.842,70281.502,0x82,0x00,True,2.12,-4.41,99.94,0,48.47
12:06:11.853,12:06:11.853,70311.513,0x82,0x00,True,2.12,-4.39,100.01,0,48.53
12:06:41.883,12:06:41.883,70341.543,0x82,0x00,True,2.11,-4.39,100.04,0,48.72
12:07:11.882,12:07:11.882,70371.542,0x82,0x00,True,2.11,-4.39,100.03,0,48.72
12:07:41.912,12:07:41.912,70401.572,0x82,0x00,True,2.12,-4.4,100.09,0,48.88
12:08:11.928,12:08:11.928,70431.588,0x82,0x00,True,2.12,-4.39,100.13,0,48.88
12:08:41.933,12:08:41.933,70461.593,0x82,0x00,True,2.12,-4.4,100.09,0,49.03
12:09:11.947,12:09:11.947,70491.607,0x82,0x00,True,2.11,-4.38,100.14,0,49.08
12:09:41.980,12:09:41.980,70521.64,0x82,0x00,True,2.11,-4.39,100.2,0,49.18
12:10:11.987,12:10:11.987,70551.647,0x82,0x00,True,2.13,-4.41,100.23,0,49.24
12:10:42.013,12:10:42.013,70581.673,0x82,0x00,True,2.12,-4.39,100.24,0,49.33
12:11:12.022,12:11:12.022,70611.682,0x82,0x00,True,2.11,-4.4,100.24,0,49.49
12:11:42.047,12:11:42.047,70641.707,0x82,0x00,True,2.11,-4.4,100.28,0,49.51
12:12:12.058,12:12:12.058,70671.718,0x82,0x00,True,2.11,-4.4,100.27,0,49.69
12:12:42.087,12:12:42.087,70701.747,0x82,0x00,True,2.12,-4.41,100.3,0,49.69
12:13:12.098,12:13:12.098,70731.758,0x82,0x00,True,2.11,-4.41,100.31,0,49.81
12:13:42.107,12:13:42.107,70761.767,0x82,0x00,True,2.12,-4.41,100.35,0,50.01
12:14:12.138,12:14:12.138,70791.798,0x82,0x00,True,2.12,-4.41,100.39,0,50.06
12:14:42.147,12:14:42.147,70821.807,0x82,0x00,True,2.12,-4.41,100.44,0,50.18
12:15:12.172,12:15:12.172,70851.832,0x82,0x00,True,2.12,-4.41,100.46,0,50.22
12:15:42.197,12:15:42.197,70881.857,0x82,0x00,True,2.13,-4.4,100.49,0,50.42
12:16:12.226,12:16:12.226,70911.886,0x82,0x00,True,2.12,-4.4,100.53,0,50.48
12:16:42.242,12:16:42.242,70941.902,0x82,0x00,True,2.12,-4.41,100.59,0,50.49
12:17:12.257,12:17:12.257,70971.917,0x82,0x00,True,2.13,-4.41,100.56,0,50.56
12:17:42.272,12:17:42.272,71001.932,0x82,0x00,True,2.13,-4.41,100.56,0,50.61
12:18:12.302,12:18:12.302,71031.962,0x82,0x00,True,2.14,-4.41,100.57,0,50.73
12:18:42.317,12:18:42.317,71061.977,0x82,0x00,True,2.14,-4.42,100.62,0,50.75
12:19:12.337,12:19:12.337,71091.997,0x82,0x00,True,2.15,-4.42,100.61,0,50.81
12:19:42.372,12:19:42.372,71122.032,0x82,0x00,True,2.15,-4.41,100.6,0,50.84
12:20:12.393,12:20:12.393,71152.053,0x82,0x00,True,2.16,-4.4,100.63,0,50.92
12:20:42.426,12:20:42.426,71182.086,0x82,0x00,True,2.16,-4.41,100.67,0,51.04
12:21:12.447,12:21:12.447,71212.107,0x82,0x00,True,2.15,-4.43,100.66,0,50.99
12:21:42.462,12:21:42.462,71242.122,0x82,0x00,True,2.16,-4.43,100.64,0,51.02
12:22:12.487,12:22:12.487,71272.147,0x82,0x00,True,2.17,-4.42,100.67,0,51.08
12:22:42.512,12:22:42.512,71302.172,0x82,0x00,True,2.18,-4.4,100.62,0,51.14
12:23:12.522,12:23:12.522,71332.182,0x82,0x00,True,2.17,-4.42,100.64,0,51.08
12:23:42.558,12:23:42.558,71362.218,0x82,0x00,True,2.18,-4.42,100.64,0,51.16
12:24:12.585,12:24:12.585,71392.245,0x82,0x00,True,2.18,-4.4,100.62,0,51.17
12:24:42.588,12:24:42.588,71422.248,0x82,0x00,True,2.17,-4.41,100.63,0,51.16
12:25:12.622,12:25:12.622,71452.282,0x82,0x00,True,2.18,-4.4,100.6,0,51.15
12:25:42.642,12:25:42.642,71482.302,0x82,0x00,True,2.17,-4.39,100.63,0,51.1
12:26:12.657,12:26:12.657,71512.317,0x82,0x00,True,2.19,-4.39,100.62,0,51.21
12:26:42.688,12:26:42.688,71542.348,0x82,0x00,True,2.19,-4.4,100.6,0,51.13
12:27:12.707,12:27:12.707,71572.367,0x82,0x00,True,2.18,-4.4,100.61,0,51.22
12:27:42.732,12:27:42.732,71602.392,0x82,0x00,True,2.19,-4.39,100.59,0,51.23
12:28:12.758,12:28:12.758,71632.418,0x82,0x00,True,2.18,-4.41,100.62,0,51.16
12:28:42.763,12:28:42.763,71662.423,0x82,0x00,True,2.17,-4.42,100.6,0,51.04
12:29:12.798,12:29:12.798,71692.458,0x82,0x00,True,2.16,-4.42,100.56,0,50.93
12:29:42.817,12:29:42.817,71722.477,0x82,0x00,True,2.16,-4.38,100.51,0,50.99
12:30:12.827,12:30:12.827,71752.487,0x82,0x00,True,2.16,-4.4,100.49,0,50.95
12:30:42.857,12:30:42.857,71782.517,0x82,0x00,True,2.17,-4.4,100.45,0,50.82
12:31:12.877,12:31:12.877,71812.537,0x82,0x00,True,2.16,-4.4,100.4,0,50.79
12:31:42.896,12:31:42.896,71842.556,0x82,0x00,True,2.17,-4.39,100.39,0,50.76
12:32:12.917,12:32:12.917,71872.577,0x82,0x00,True,2.18,-4.39,100.37,0,50.8
12:32:42.932,12:32:42.932,71902.592,0x82,0x00,True,2.18,-4.4,100.37,0,50.64
12:33:12.957,12:33:12.957,71932.617,0x82,0x00,True,2.17,-4.4,100.31,0,50.63
12:33:42.978,12:33:42.978,71962.638,0x82,0x00,True,2.17,-4.38,100.29,0,50.56
12:34:12.987,12:34:12.987,71992.647,0x82,0x00,True,2.17,-4.4,100.27,0,50.46
12:34:43.017,12:34:43.017,72022.677,0x82,0x00,True,2.17,-4.39,100.26,0,50.41
12:35:13.037,12:35:13.037,72052.697,0x82,0x00,True,2.16,-4.39,100.21,0,50.39
12:35:43.065,12:35:43.065,72082.725,0x82,0x00,True,2.16,-4.39,100.18,0,50.36
12:36:13.072,12:36:13.072,72112.732,0x82,0x00,True,2.16,-4.4,100.18,0,50.35
12:36:43.103,12:36:43.103,72142.763,0x82,0x00,True,2.17,-4.39,100.16,0,50.25
12:37:13.122,12:37:13.122,72172.782,0x82,0x00,True,2.16,-4.4,100.14,0,50.26
12:37:43.137,12:37:43.137,72202.797,0x82,0x00,True,2.17,-4.39,100.15,0,50.29
12:38:13.147,12:38:13.147,72232.807,0x82,0x00,True,2.15,-4.4,100.15,0,50.15
12:38:43.172,12:38:43.172,72262.832,0x82,0x00,True,2.15,-4.41,100.17,0,50.2
12:39:13.192,12:39:13.192,72292.852,0x82,0x00,True,2.15,-4.43,100.14,0,50.18
12:39:43.207,12:39:43.207,72322.867,0x82,0x00,True,2.15,-4.45,100.16,0,50.15
12:40:13.228,12:40:13.228,72352.888,0x82,0x00,True,2.16,-4.44,100.18,0,50.27
12:40:43.238,12:40:43.238,72382.898,0x82,0x00,True,2.14,-4.39,100.18,0,50.34
12:41:13.272,12:41:13.272,72412.932,0x82,0x00,True,2.16,-4.41,100.24,0,50.36
12:41:43.287,12:41:43.287,72442.947,0x82,0x00,True,2.15,-4.4,100.25,0,50.4
12:42:13.297,12:42:13.297,72472.957,0x82,0x00,True,2.15,-4.41,100.27,0,50.5
12:42:43.327,12:42:43.327,72502.987,0x82,0x00,True,2.17,-4.33,100.22,0,50.32
12:43:13.338,12:43:13.338,72532.998,0x82,0x00,True,2.16,-4.38,100.18,0,50.35
12:43:43.367,12:43:43.367,72563.027,0x82,0x00,True,2.16,-4.4,100.17,0,50.36
12:44:13.393,12:44:13.393,72593.053,0x82,0x00,True,2.17,-4.38,100.15,0,50.21
12:44:43.396,12:44:43.396,72623.056,0x82,0x00,True,2.16,-4.42,100.16,0,50.2
12:45:13.430,12:45:13.430,72653.09,0x82,0x00,True,2.19,-4.42,100.14,0,50.16
12:45:43.437,12:45:43.437,72683.097,0x82,0x00,True,2.17,-4.4,100.13,0,50.07
12:46:13.452,12:46:13.452,72713.112,0x82,0x00,True,2.18,-4.41,100.05,0,50.08
12:46:43.473,12:46:43.473,72743.133,0x82,0x00,True,2.18,-4.39,100.0,0,49.89
12:47:13.492,12:47:13.492,72773.152,0x82,0x00,True,2.17,-4.41,99.9,0,49.71
12:47:43.522,12:47:43.522,72803.182,0x82,0x00,True,2.17,-4.39,99.86,0,49.6
12:48:13.537,12:48:13.537,72833.197,0x82,0x00,True,2.17,-4.36,99.84,0,49.27
12:48:43.547,12:48:43.547,72863.207,0x82,0x00,True,2.17,-4.32,99.69,0,48.93
12:49:13.565,12:49:13.565,72893.225,0x82,0x00,True,2.16,-4.38,99.56,0,48.59
12:49:43.588,12:49:43.588,72923.248,0x82,0x00,True,2.17,-4.37,99.48,0,48.22
12:50:13.592,12:50:13.592,72953.252,0x82,0x00,True,2.17,-4.38,99.47,0,48.11
12:50:43.607,12:50:43.607,72983.267,0x82,0x00,True,2.17,-4.4,99.45,0,48.14
12:51:13.621,12:51:13.621,73013.281,0x82,0x00,True,2.15,-4.4,99.43,0,48.21
12:51:43.622,12:51:43.622,73043.282,0x82,0x00,True,2.17,-4.37,99.42,0,48.14
12:52:13.633,12:52:13.633,73073.293,0x82,0x00,True,2.16,-4.38,99.43,0,48.05
12:52:43.652,12:52:43.652,73103.312,0x82,0x00,True,2.16,-4.38,99.37,0,47.96
12:53:13.652,12:53:13.652,73133.312,0x82,0x00,True,2.17,-4.33,99.28,0,47.64
12:53:43.682,12:53:43.682,73163.342,0x82,0x00,True,2.15,-4.32,99.14,0,47.19
12:54:13.687,12:54:13.687,73193.347,0x82,0x00,True,2.15,-4.38,99.08,0,46.95
12:54:43.692,12:54:43.692,73223.352,0x82,0x00,True,2.17,-4.37,99.02,0,46.77
12:55:13.704,12:55:13.704,73253.364,0x82,0x00,True,2.15,-4.32,98.94,0,46.59
12:55:43.705,12:55:43.705,73283.365,0x82,0x00,True,2.13,-4.35,98.87,0,46.3
12:56:13.702,12:56:13.702,73313.362,0x82,0x00,True,2.14,-4.32,98.8,0,46.03
12:56:43.713,12:56:43.713,73343.373,0x82,0x00,True,2.15,-4.33,98.75,0,45.77
12:57:13.718,12:57:13.718,73373.378,0x82,0x00,True,2.15,-4.38,98.7,0,45.72
12:57:43.718,12:57:43.718,73403.378,0x82,0x00,True,2.14,-4.34,98.68,0,45.7
12:58:13.737,12:58:13.737,73433.397,0x82,0x00,True,2.15,-4.36,98.68,0,45.69
12:58:43.743,12:58:43.743,73463.403,0x82,0x00,True,2.14,-4.37,98.7,0,45.62
12:59:13.747,12:59:13.747,73493.407,0x82,0x00,True,2.14,-4.34,98.67,0,45.38
12:59:43.742,12:59:43.742,73523.402,0x82,0x00,True,2.14,-4.38,98.67,0,45.16
13:00:13.758,13:00:13.758,73553.418,0x82,0x00,True,2.13,-4.36,98.62,0,45.07
13:00:43.758,13:00:43.758,73583.418,0x82,0x00,True,2.15,-4.33,98.6,0,44.93
13:01:13.757,13:01:13.757,73613.417,0x82,0x00,True,2.13,-4.35,98.61,0,44.9
13:01:43.762,13:01:43.762,73643.422,0x82,0x00,True,2.14,-4.4,98.56,0,44.84
13:02:13.762,13:02:13.762,73673.422,0x82,0x00,True,2.13,-4.37,98.53,0,44.75
13:02:43.767,13:02:43.767,73703.427,0x82,0x00,True,2.13,-4.38,98.5,0,44.64
13:03:13.772,13:03:13.772,73733.432,0x82,0x00,True,2.15,-4.39,98.49,0,44.6
13:03:43.772,13:03:43.772,73763.432,0x82,0x00,True,2.14,-4.36,98.46,0,44.49
13:04:13.772,13:04:13.772,73793.432,0x82,0x00,True,2.15,-4.39,98.46,0,44.57
13:04:43.774,13:04:43.774,73823.434,0x82,0x00,True,2.14,-4.35,98.46,0,44.39
13:05:13.787,13:05:13.787,73853.447,0x82,0x00,True,2.13,-4.37,98.43,0,44.26
13:05:43.782,13:05:43.782,73883.442,0x82,0x00,True,2.13,-4.36,98.36,0,44.02
13:06:13.777,13:06:13.777,73913.437,0x82,0x00,True,2.13,-4.38,98.32,0,43.76
13:06:43.782,13:06:43.782,73943.442,0x82,0x00,True,2.13,-4.38,98.29,0,43.59
13:07:13.778,13:07:13.778,73973.438,0x82,0x00,True,2.13,-4.4,98.28,0,43.62
13:07:43.777,13:07:43.777,74003.437,0x82,0x00,True,2.12,-4.37,98.22,0,43.48
13:08:13.782,13:08:13.782,74033.442,0x82,0x00,True,2.12,-4.39,98.21,0,43.26
13:08:43.782,13:08:43.782,74063.442,0x82,0x00,True,2.13,-4.39,98.23,0,43.24
13:09:13.782,13:09:13.782,74093.442,0x82,0x00,True,2.13,-4.38,98.18,0,43.47
13:09:43.792,13:09:43.792,74123.452,0x82,0x00,True,2.12,-4.38,98.19,0,43.41
13:10:13.782,13:10:13.782,74153.442,0x82,0x00,True,2.12,-4.37,98.21,0,43.37
13:10:43.782,13:10:43.782,74183.442,0x82,0x00,True,2.11,-4.39,98.22,0,43.2
13:11:13.782,13:11:13.782,74213.442,0x82,0x00,True,2.11,-4.38,98.17,0,43.12
13:11:43.797,13:11:43.797,74243.457,0x82,0x00,True,2.11,-4.35,98.13,0,43.03
13:12:13.782,13:12:13.782,74273.442,0x82,0x00,True,2.11,-4.37,98.1,0,42.88
13:12:43.792,13:12:43.792,74303.452,0x82,0x00,True,2.11,-4.4,98.1,0,42.86
13:13:13.791,13:13:13.791,74333.451,0x82,0x00,True,2.1,-4.35,98.06,0,42.82
13:13:43.787,13:13:43.787,74363.447,0x82,0x00,True,2.13,-4.39,98.08,0,42.75
13:14:13.785,13:14:13.785,74393.445,0x82,0x00,True,2.11,-4.4,98.1,0,42.6
13:14:43.777,13:14:43.777,74423.437,0x82,0x00,True,2.12,-4.38,98.06,0,42.52
13:15:13.785,13:15:13.785,74453.445,0x82,0x00,True,2.12,-4.39,98.05,0,42.47
13:15:43.787,13:15:43.787,74483.447,0x82,0x00,True,2.13,-4.41,98.02,0,42.48
13:16:13.772,13:16:13.772,74513.432,0x82,0x00,True,2.11,-4.39,98.09,0,42.55
13:16:43.783,13:16:43.783,74543.443,0x82,0x00,True,2.11,-4.41,98.13,0,42.73
13:17:13.772,13:17:13.772,74573.432,0x82,0x00,True,2.11,-4.4,98.16,0,42.8
13:17:43.782,13:17:43.782,74603.442,0x82,0x00,True,2.12,-4.4,98.18,0,43.01
13:18:13.772,13:18:13.772,74633.432,0x82,0x00,True,2.13,-4.39,98.18,0,42.98
13:18:43.790,13:18:43.790,74663.45,0x82,0x00,True,2.12,-4.41,98.19,0,42.9
13:19:13.772,13:19:13.772,74693.432,0x82,0x00,True,2.12,-4.39,98.17,0,42.82
13:19:43.772,13:19:43.772,74723.432,0x82,0x00,True,2.12,-4.39,98.15,0,42.87
13:20:13.777,13:20:13.777,74753.437,0x82,0x00,True,2.12,-4.39,98.17,0,42.86
13:20:43.777,13:20:43.777,74783.437,0x82,0x00,True,2.12,-4.39,98.19,0,42.9
13:21:13.758,13:21:13.758,74813.418,0x82,0x00,True,2.11,-4.37,98.19,0,42.98
13:21:43.768,13:21:43.768,74843.428,0x82,0x00,True,2.12,-4.39,98.17,0,42.76
13:22:13.768,13:22:13.768,74873.428,0x82,0x00,True,2.13,-4.33,98.17,0,42.61
13:22:43.768,13:22:43.768,74903.428,0x82,0x00,True,2.13,-4.35,98.15,0,42.32
13:23:13.763,13:23:13.763,74933.423,0x82,0x00,True,2.12,-4.4,98.14,0,42.47
13:23:43.763,13:23:43.763,74963.423,0x82,0x00,True,2.12,-4.39,98.13,0,42.49
13:24:13.770,13:24:13.770,74993.43,0x82,0x00,True,2.12,-4.38,98.17,0,42.58
13:24:43.748,13:24:43.748,75023.408,0x82,0x00,True,2.11,-4.35,98.14,0,42.53
13:25:13.758,13:25:13.758,75053.418,0x82,0x00,True,2.11,-4.39,98.12,0,42.41
13:25:43.753,13:25:43.753,75083.413,0x82,0x00,True,2.12,-4.41,98.17,0,42.37
13:26:13.753,13:26:13.753,75113.413,0x82,0x00,True,2.11,-4.39,98.14,0,42.19
13:26:43.752,13:26:43.752,75143.412,0x82,0x00,True,2.11,-4.4,98.06,0,42.05
13:27:13.747,13:27:13.747,75173.407,0x82,0x00,True,2.11,-4.37,98.04,0,42.02
13:27:43.747,13:27:43.747,75203.407,0x82,0x00,True,2.12,-4.36,98.0,0,41.77
13:28:13.737,13:28:13.737,75233.397,0x82,0x00,True,2.1,-4.35,97.97,0,41.6
13:28:43.737,13:28:43.737,75263.397,0x82,0x00,True,2.12,-4.39,97.98,0,41.57
13:29:13.737,13:29:13.737,75293.397,0x82,0x00,True,2.12,-4.4,97.95,0,41.51
13:29:43.732,13:29:43.732,75323.392,0x82,0x00,True,2.11,-4.39,97.96,0,41.61
13:30:13.732,13:30:13.732,75353.392,0x82,0x00,True,2.11,-4.4,97.99,0,41.68
13:30:43.713,13:30:43.713,75383.373,0x82,0x00,True,2.11,-4.36,97.97,0,41.47
13:31:13.723,13:31:13.723,75413.383,0x82,0x00,True,2.13,-4.4,97.98,0,41.56
13:31:43.713,13:31:43.713,75443.373,0x82,0x00,True,2.11,-4.39,98.02,0,41.58
13:32:13.702,13:32:13.702,75473.362,0x82,0x00,True,2.11,-4.37,97.99,0,41.5
13:32:43.708,13:32:43.708,75503.368,0x82,0x00,True,2.12,-4.39,97.98,0,41.54
13:33:13.712,13:33:13.712,75533.372,0x82,0x00,True,2.11,-4.37,97.93,0,41.43
13:33:43.697,13:33:43.697,75563.357,0x82,0x00,True,2.12,-4.34,97.94,0,41.32
13:34:13.708,13:34:13.708,75593.368,0x82,0x00,True,2.11,-4.37,97.94,0,41.13
13:34:43.692,13:34:43.692,75623.352,0x82,0x00,True,2.12,-4.39,97.93,0,41.12
13:35:13.702,13:35:13.702,75653.362,0x82,0x00,True,2.12,-4.39,97.94,0,41.21
13:35:43.697,13:35:43.697,75683.357,0x82,0x00,True,2.1,-4.39,97.94,0,41.06
13:36:13.698,13:36:13.698,75713.358,0x82,0x00,True,2.11,-4.37,97.92,0,41.07
13:36:43.687,13:36:43.687,75743.347,0x82,0x00,True,2.12,-4.34,97.9,0,40.98
13:37:13.687,13:37:13.687,75773.347,0x82,0x00,True,2.12,-4.35,97.95,0,41.0
13:37:43.683,13:37:43.683,75803.343,0x82,0x00,True,2.1,-4.32,97.95,0,41.06
13:38:13.683,13:38:13.683,75833.343,0x82,0x00,True,2.11,-4.38,97.94,0,41.02
13:38:43.695,13:38:43.695,75863.355,0x82,0x00,True,2.1,-4.39,97.91,0,40.91
13:39:13.668,13:39:13.668,75893.328,0x82,0x00,True,2.1,-4.35,97.89,0,40.84
13:39:43.683,13:39:43.683,75923.343,0x82,0x00,True,2.1,-4.37,97.93,0,40.7
13:40:13.673,13:40:13.673,75953.333,0x82,0x00,True,2.1,-4.38,98.0,0,40.6
13:40:43.652,13:40:43.652,75983.312,0x82,0x00,True,2.09,-4.38,98.04,0,40.54
13:41:13.662,13:41:13.662,76013.322,0x82,0x00,True,2.09,-4.36,98.0,0,40.51
13:41:43.657,13:41:43.657,76043.317,0x82,0x00,True,2.1,-4.38,98.02,0,40.51
13:42:13.638,13:42:13.638,76073.298,0x82,0x00,True,2.09,-4.37,98.08,0,40.54
13:42:43.643,13:42:43.643,76103.303,0x82,0x00,True,2.09,-4.35,98.08,0,40.65
13:43:13.622,13:43:13.622,76133.282,0x82,0x00,True,2.07,-4.36,98.05,0,40.81
13:43:43.617,13:43:43.617,76163.277,0x82,0x00,True,2.07,-4.37,97.99,0,40.93
13:44:13.620,13:44:13.620,76193.28,0x82,0x00,True,2.07,-4.38,98.05,0,41.14
13:44:43.622,13:44:43.622,76223.282,0x82,0x00,True,2.07,-4.39,98.1,0,41.3
13:45:13.626,13:45:13.626,76253.286,0x82,0x00,True,2.06,-4.37,98.15,0,41.58
13:45:43.621,13:45:43.621,76283.281,0x82,0x00,True,2.08,-4.38,98.24,0,41.73
13:46:13.612,13:46:13.612,76313.272,0x82,0x00,True,2.08,-4.38,98.27,0,41.84
13:46:43.612,13:46:43.612,76343.272,0x82,0x00,True,2.07,-4.35,98.29,0,41.88
13:47:13.612,13:47:13.612,76373.272,0x82,0x00,True,2.07,-4.37,98.3,0,42.0
13:47:43.607,13:47:43.607,76403.267,0x82,0x00,True,2.08,-4.36,98.37,0,42.25
13:48:13.612,13:48:13.612,76433.272,0x82,0x00,True,2.08,-4.37,98.38,0,42.28
13:48:43.607,13:48:43.607,76463.267,0x82,0x00,True,2.09,-4.34,98.4,0,42.39
13:49:13.607,13:49:13.607,76493.267,0x82,0x00,True,2.1,-4.36,98.4,0,42.45
13:49:43.597,13:49:43.597,76523.257,0x82,0x00,True,2.11,-4.37,98.41,0,42.48
13:50:13.603,13:50:13.603,76553.263,0x82,0x00,True,2.11,-4.34,98.38,0,42.4
13:50:43.603,13:50:43.603,76583.263,0x82,0x00,True,2.11,-4.37,98.41,0,42.23
13:51:13.598,13:51:13.598,76613.258,0x82,0x00,True,2.11,-4.32,98.42,0,42.23
13:51:43.603,13:51:43.603,76643.263,0x82,0x00,True,2.11,-4.35,98.4,0,42.23
13:52:13.598,13:52:13.598,76673.258,0x82,0x00,True,2.11,-4.38,98.41,0,42.33
13:52:43.593,13:52:43.593,76703.253,0x82,0x00,True,2.12,-4.35,98.45,0,42.4
13:53:13.593,13:53:13.593,76733.253,0x82,0x00,True,2.11,-4.33,98.45,0,42.27
13:53:43.587,13:53:43.587,76763.247,0x82,0x00,True,2.1,-4.43,98.41,0,42.25
13:54:13.577,13:54:13.577,76793.237,0x82,0x00,True,2.1,-4.38,98.39,0,42.2
13:54:43.592,13:54:43.592,76823.252,0x82,0x00,True,2.11,-4.38,98.38,0,42.07
13:55:13.587,13:55:13.587,76853.247,0x82,0x00,True,2.11,-4.37,98.36,0,41.94
13:55:43.583,13:55:43.583,76883.243,0x82,0x00,True,2.1,-4.37,98.34,0,41.97
13:56:13.582,13:56:13.582,76913.242,0x82,0x00,True,2.09,-4.37,98.36,0,42.01
13:56:43.583,13:56:43.583,76943.243,0x82,0x00,True,2.09,-4.38,98.38,0,42.14
13:57:13.577,13:57:13.577,76973.237,0x82,0x00,True,2.08,-4.4,98.43,0,42.23
13:57:43.577,13:57:43.577,77003.237,0x82,0x00,True,2.08,-4.4,98.47,0,42.55
13:58:13.572,13:58:13.572,77033.232,0x82,0x00,True,2.08,-4.42,98.51,0,42.8
13:58:43.577,13:58:43.577,77063.237,0x82,0x00,True,2.07,-4.39,98.58,0,43.04
13:59:13.588,13:59:13.588,77093.248,0x82,0x00,True,2.08,-4.41,98.66,0,43.23
13:59:43.572,13:59:43.572,77123.232,0x82,0x00,True,2.08,-4.41,98.74,0,43.53
14:00:13.582,14:00:13.582,77153.242,0x82,0x00,True,2.07,-4.43,98.81,0,43.76
14:00:43.577,14:00:43.577,77183.237,0x82,0x00,True,2.08,-4.42,98.89,0,43.99
14:01:13.593,14:01:13.593,77213.253,0x82,0x00,True,2.07,-4.44,98.92,0,44.21
14:01:43.593,14:01:43.593,77243.253,0x82,0x00,True,2.06,-4.41,99.0,0,44.51
14:02:13.597,14:02:13.597,77273.257,0x82,0x00,True,2.07,-4.42,99.08,0,44.8
14:02:43.598,14:02:43.598,77303.258,0x82,0x00,True,2.08,-4.37,99.2,0,44.89
14:03:13.607,14:03:13.607,77333.267,0x82,0x00,True,2.08,-4.39,99.24,0,45.21
14:03:43.607,14:03:43.607,77363.267,0x82,0x00,True,2.07,-4.38,99.24,0,45.37
14:04:13.620,14:04:13.620,77393.28,0x82,0x00,True,2.07,-4.4,99.26,0,45.59
14:04:43.627,14:04:43.627,77423.287,0x82,0x00,True,2.07,-4.36,99.36,0,45.79
14:05:13.622,14:05:13.622,77453.282,0x82,0x00,True,2.06,-4.4,99.44,0,45.99
14:05:43.638,14:05:43.638,77483.298,0x82,0x00,True,2.08,-4.37,99.51,0,46.18
14:06:13.652,14:06:13.652,77513.312,0x82,0x00,True,2.06,-4.39,99.52,0,46.35
14:06:43.662,14:06:43.662,77543.322,0x82,0x00,True,2.07,-4.37,99.58,0,46.55
14:07:13.678,14:07:13.678,77573.338,0x82,0x00,True,2.08,-4.4,99.6,0,46.72
14:07:43.693,14:07:43.693,77603.353,0x82,0x00,True,2.07,-4.36,99.63,0,46.8
14:08:13.697,14:08:13.697,77633.357,0x82,0x00,True,2.06,-4.35,99.64,0,46.88
14:08:43.703,14:08:43.703,77663.363,0x82,0x00,True,2.07,-4.39,99.69,0,47.06
14:09:13.713,14:09:13.713,77693.373,0x82,0x00,True,2.07,-4.37,99.73,0,47.18
14:09:43.738,14:09:43.738,77723.398,0x82,0x00,True,2.08,-4.39,99.72,0,47.41
14:10:13.752,14:10:13.752,77753.412,0x82,0x00,True,2.08,-4.36,99.76,0,47.42
14:10:43.762,14:10:43.762,77783.422,0x82,0x00,True,2.06,-4.37,99.81,0,47.65
14:11:13.780,14:11:13.780,77813.44,0x82,0x00,True,2.08,-4.36,99.82,0,47.78
14:11:43.792,14:11:43.792,77843.452,0x82,0x00,True,2.08,-4.4,99.84,0,47.89
14:12:13.807,14:12:13.807,77873.467,0x82,0x00,True,2.06,-4.39,99.86,0,47.96
14:12:43.822,14:12:43.822,77903.482,0x82,0x00,True,2.08,-4.38,99.94,0,48.24
14:13:13.837,14:13:13.837,77933.497,0x82,0x00,True,2.08,-4.34,99.93,0,48.23
14:13:43.848,14:13:43.848,77963.508,0x82,0x00,True,2.07,-4.35,99.93,0,48.31
14:14:13.857,14:14:13.857,77993.517,0x82,0x00,True,2.07,-4.38,99.89,0,48.36
14:14:43.867,14:14:43.867,78023.527,0x82,0x00,True,2.07,-4.38,99.92,0,48.49
14:15:13.898,14:15:13.898,78053.558,0x82,0x00,True,2.08,-4.39,100.01,0,48.64
14:15:43.912,14:15:43.912,78083.572,0x82,0x00,True,2.08,-4.38,99.99,0,48.66
14:16:13.928,14:16:13.928,78113.588,0x82,0x00,True,2.08,-4.37,99.99,0,48.65
14:16:43.947,14:16:43.947,78143.607,0x82,0x00,True,2.09,-4.35,99.98,0,48.64
14:17:13.952,14:17:13.952,78173.612,0x82,0x00,True,2.09,-4.39,100.01,0,48.75
14:17:43.973,14:17:43.973,78203.633,0x82,0x00,True,2.1,-4.37,100.03,0,48.8
14:18:13.992,14:18:13.992,78233.652,0x82,0x00,True,2.08,-4.39,100.05,0,48.73
14:18:44.021,14:18:44.021,78263.681,0x82,0x00,True,2.09,-4.32,100.03,0,48.66
14:19:14.022,14:19:14.022,78293.682,0x82,0x00,True,2.09,-4.34,100.02,0,48.78
14:19:44.027,14:19:44.027,78323.687,0x82,0x00,True,2.08,-4.39,99.98,0,48.79
14:20:14.053,14:20:14.053,78353.713,0x82,0x00,True,2.1,-4.36,100.0,0,48.74
14:20:44.067,14:20:44.067,78383.727,0x82,0x00,True,2.09,-4.38,99.99,0,48.82
14:21:14.082,14:21:14.082,78413.742,0x82,0x00,True,2.09,-4.37,99.99,0,48.79
14:21:44.101,14:21:44.101,78443.761,0x82,0x00,True,2.09,-4.39,99.97,0,48.76
14:22:14.103,14:22:14.103,78473.763,0x82,0x00,True,2.1,-4.41,99.99,0,48.72
14:22:44.117,14:22:44.117,78503.777,0x82,0x00,True,2.09,-4.4,99.93,0,48.8
14:23:14.147,14:23:14.147,78533.807,0x82,0x00,True,2.11,-4.39,99.96,0,48.81
14:23:44.157,14:23:44.157,78563.817,0x82,0x00,True,2.11,-4.38,99.93,0,48.67
14:24:14.173,14:24:14.173,78593.833,0x82,0x00,True,2.11,-4.34,99.89,0,48.49
14:24:44.183,14:24:44.183,78623.843,0x82,0x00,True,2.11,-4.37,99.91,0,48.66
14:25:14.197,14:25:14.197,78653.857,0x82,0x00,True,2.11,-4.38,99.96,0,48.8
14:25:44.240,14:25:44.240,78683.9,0x82,0x00,True,2.11,-4.28,99.91,0,48.67
14:26:14.231,14:26:14.231,78713.891,0x82,0x00,True,2.1,-4.35,99.85,0,48.7
14:26:44.252,14:26:44.252,78743.912,0x82,0x00,True,2.12,-4.35,99.92,0,48.65
14:27:14.252,14:27:14.252,78773.912,0x82,0x00,True,2.11,-4.36,99.9,0,48.76
14:27:44.267,14:27:44.267,78803.927,0x82,0x00,True,2.12,-4.39,99.9,0,48.76
14:28:14.306,14:28:14.306,78833.966,0x82,0x00,True,2.13,-4.35,99.9,0,48.67
14:28:44.312,14:28:44.312,78863.972,0x82,0x00,True,2.13,-4.39,99.89,0,48.7
14:29:14.341,14:29:14.341,78894.001,0x82,0x00,True,2.15,-4.38,99.84,0,48.54
14:29:44.332,14:29:44.332,78923.992,0x82,0x00,True,2.14,-4.34,99.73,0,48.46
14:30:14.362,14:30:14.362,78954.022,0x82,0x00,True,2.15,-4.4,99.69,0,48.36
14:30:44.372,14:30:44.372,78984.032,0x82,0x00,True,2.14,-4.34,99.7,0,48.15
14:31:14.388,14:31:14.388,79014.048,0x82,0x00,True,2.15,-4.4,99.71,0,48.36
14:31:44.388,14:31:44.388,79044.048,0x82,0x00,True,2.15,-4.33,99.64,0,48.07
14:32:14.412,14:32:14.412,79074.072,0x82,0x00,True,2.14,-4.4,99.62,0,47.94
14:32:44.422,14:32:44.422,79104.082,0x82,0x00,True,2.13,-4.33,99.64,0,47.97
14:33:14.427,14:33:14.427,79134.087,0x82,0x00,True,2.15,-4.31,99.65,0,48.04
14:33:44.447,14:33:44.447,79164.107,0x82,0x00,True,2.13,-4.39,99.64,0,48.08
14:34:14.463,14:34:14.463,79194.123,0x82,0x00,True,2.13,-4.4,99.62,0,47.99
14:34:44.463,14:34:44.463,79224.123,0x82,0x00,True,2.13,-4.36,99.63,0,47.91
14:35:14.500,14:35:14.500,79254.16,0x82,0x00,True,2.12,-4.36,99.62,0,47.79
14:35:44.498,14:35:44.498,79284.158,0x82,0x00,True,2.12,-4.35,99.64,0,47.91
14:36:14.512,14:36:14.512,79314.172,0x82,0x00,True,2.11,-4.37,99.62,0,47.9
14:36:44.518,14:36:44.518,79344.178,0x82,0x00,True,2.12,-4.39,99.66,0,47.99
14:37:14.538,14:37:14.538,79374.198,0x82,0x00,True,2.13,-4.37,99.67,0,48.06
14:37:44.565,14:37:44.565,79404.225,0x82,0x00,True,2.12,-4.37,99.69,0,48.06
14:38:14.558,14:38:14.558,79434.218,0x82,0x00,True,2.11,-4.39,99.65,0,47.96
14:38:44.583,14:38:44.583,79464.243,0x82,0x00,True,2.11,-4.39,99.71,0,48.09
14:39:14.582,14:39:14.582,79494.242,0x82,0x00,True,2.12,-4.36,99.71,0,48.16
14:39:44.603,14:39:44.603,79524.263,0x82,0x00,True,2.12,-4.36,99.72,0,48.12
14:40:14.618,14:40:14.618,79554.278,0x82,0x00,True,2.11,-4.41,99.72,0,48.14
14:40:44.633,14:40:44.633,79584.293,0x82,0x00,True,2.12,-4.31,99.68,0,48.09
14:41:14.653,14:41:14.653,79614.313,0x82,0x00,True,2.12,-4.34,99.65,0,48.01
14:41:44.652,14:41:44.652,79644.312,0x82,0x00,True,2.11,-4.37,99.63,0,47.98
14:42:14.667,14:42:14.667,79674.327,0x82,0x00,True,2.13,-4.39,99.66,0,48.19
14:42:44.692,14:42:44.692,79704.352,0x82,0x00,True,2.11,-4.35,99.7,0,48.16
14:43:14.707,14:43:14.707,79734.367,0x82,0x00,True,2.11,-4.36,99.68,0,48.06
14:43:44.718,14:43:44.718,79764.378,0x82,0x00,True,2.11,-4.37,99.73,0,48.28
14:44:14.732,14:44:14.732,79794.392,0x82,0x00,True,2.1,-4.34,99.69,0,48.38
14:44:44.737,14:44:44.737,79824.397,0x82,0x00,True,2.11,-4.36,99.73,0,48.46
14:45:14.752,14:45:14.752,79854.412,0x82,0x00,True,2.12,-4.37,99.76,0,48.54
14:45:44.783,14:45:44.783,79884.443,0x82,0x00,True,2.1,-4.39,99.82,0,48.58
14:46:14.787,14:46:14.787,79914.447,0x82,0x00,True,2.12,-4.33,99.81,0,48.57
14:46:44.812,14:46:44.812,79944.472,0x82,0x00,True,2.1,-4.34,99.81,0,48.52
14:47:14.827,14:47:14.827,79974.487,0x82,0x00,True,2.11,-4.37,99.81,0,48.54
14:47:44.832,14:47:44.832,80004.492,0x82,0x00,True,2.11,-4.35,99.82,0,48.49
14:48:14.862,14:48:14.862,80034.522,0x82,0x00,True,2.11,-4.33,99.84,0,48.53
14:48:44.877,14:48:44.877,80064.537,0x82,0x00,True,2.1,-4.38,99.85,0,48.56
14:49:14.893,14:49:14.893,80094.553,0x82,0x00,True,2.1,-4.38,99.89,0,48.76
14:49:44.907,14:49:44.907,80124.567,0x82,0x00,True,2.1,-4.31,99.84,0,48.61
14:50:14.912,14:50:14.912,80154.572,0x82,0x00,True,2.1,-4.35,99.87,0,48.78
14:50:44.937,14:50:44.937,80184.597,0x82,0x00,True,2.1,-4.44,99.88,0,48.92
14:51:14.952,14:51:14.952,80214.612,0x82,0x00,True,2.12,-4.29,99.95,0,49.01
14:51:44.963,14:51:44.963,80244.623,0x82,0x00,True,2.12,-4.4,99.96,0,49.06
14:52:14.972,14:52:14.972,80274.632,0x82,0x00,True,2.14,-4.36,99.95,0,49.09
14:52:44.995,14:52:44.995,80304.655,0x82,0x00,True,2.15,-4.35,99.9,0,48.93
14:53:15.008,14:53:15.008,80334.668,0x82,0x00,True,2.16,-4.41,99.83,0,48.83
14:53:45.022,14:53:45.022,80364.682,0x82,0x00,True,2.15,-4.34,99.91,0,48.98
14:54:15.043,14:54:15.043,80394.703,0x82,0x00,True,2.17,-4.38,99.84,0,48.85
14:54:45.048,14:54:45.048,80424.708,0x82,0x00,True,2.17,-4.42,99.85,0,48.9
14:55:15.053,14:55:15.053,80454.713,0x82,0x00,True,2.17,-4.38,99.83,0,48.75
14:55:45.077,14:55:45.077,80484.737,0x82,0x00,True,2.16,-4.35,99.75,0,48.52
14:56:15.093,14:56:15.093,80514.753,0x82,0x00,True,2.17,-4.4,99.62,0,48.34
14:56:45.112,14:56:45.112,80544.772,0x82,0x00,True,2.15,-4.36,99.68,0,48.21
14:57:15.123,14:57:15.123,80574.783,0x82,0x00,True,2.17,-4.35,99.6,0,47.93
14:57:45.127,14:57:45.127,80604.787,0x82,0x00,True,2.16,-4.34,99.5,0,47.69
14:58:15.132,14:58:15.132,80634.792,0x82,0x00,True,2.17,-4.43,99.52,0,47.73
14:58:45.132,14:58:45.132,80664.792,0x82,0x00,True,2.17,-4.41,99.52,0,47.78
14:59:15.152,14:59:15.152,80694.812,0x82,0x00,True,2.17,-4.41,99.6,0,47.84
14:59:45.157,14:59:45.157,80724.817,0x82,0x00,True,2.17,-4.43,99.57,0,47.93
15:00:15.178,15:00:15.178,80754.838,0x82,0x00,True,2.17,-4.39,99.57,0,47.94
15:00:45.192,15:00:45.192,80784.852,0x82,0x00,True,2.18,-4.41,99.58,0,47.92
15:01:15.187,15:01:15.187,80814.847,0x82,0x00,True,2.16,-4.42,99.6,0,47.84
15:01:45.207,15:01:45.207,80844.867,0x82,0x00,True,2.17,-4.44,99.61,0,47.79
15:02:15.212,15:02:15.212,80874.872,0x82,0x00,True,2.17,-4.39,99.62,0,47.73
15:02:45.232,15:02:45.232,80904.892,0x82,0x00,True,2.17,-4.45,99.63,0,47.69
15:03:15.232,15:03:15.232,80934.892,0x82,0x00,True,2.16,-4.42,99.58,0,47.69
15:03:45.252,15:03:45.252,80964.912,0x82,0x00,True,2.17,-4.43,99.53,0,47.55
15:04:15.272,15:04:15.272,80994.932,0x82,0x00,True,2.16,-4.41,99.47,0,47.49
15:04:45.277,15:04:45.277,81024.937,0x82,0x00,True,2.17,-4.41,99.43,0,47.44
15:05:15.277,15:05:15.277,81054.937,0x82,0x00,True,2.17,-4.42,99.41,0,47.36
15:05:45.297,15:05:45.297,81084.957,0x82,0x00,True,2.17,-4.38,99.4,0,47.22
15:06:15.298,15:06:15.298,81114.958,0x82,0x00,True,2.16,-4.4,99.35,0,47.11
15:06:45.307,15:06:45.307,81144.967,0x82,0x00,True,2.16,-4.41,99.36,0,46.98
15:07:15.331,15:07:15.331,81174.991,0x82,0x00,True,2.17,-4.37,99.31,0,46.79
15:07:45.317,15:07:45.317,81204.977,0x82,0x00,True,2.17,-4.39,99.24,0,46.61
15:08:15.337,15:08:15.337,81234.997,0x82,0x00,True,2.17,-4.39,99.17,0,46.45
15:08:45.345,15:08:45.345,81265.005,0x82,0x00,True,2.16,-4.4,99.12,0,46.34
15:09:15.353,15:09:15.353,81295.013,0x82,0x00,True,2.16,-4.39,99.09,0,46.24
15:09:45.357,15:09:45.357,81325.017,0x82,0x00,True,2.17,-4.39,99.01,0,46.05
15:10:15.352,15:10:15.352,81355.012,0x82,0x00,True,2.15,-4.39,99.02,0,46.08
15:10:45.372,15:10:45.372,81385.032,0x82,0x00,True,2.17,-4.42,99.03,0,45.99
15:11:15.385,15:11:15.385,81415.045,0x82,0x00,True,2.16,-4.39,99.02,0,45.86
15:11:45.382,15:11:45.382,81445.042,0x82,0x00,True,2.15,-4.39,98.94,0,45.75
15:12:15.385,15:12:15.385,81475.045,0x82,0x00,True,2.15,-4.42,98.92,0,45.51
15:12:45.398,15:12:45.398,81505.058,0x82,0x00,True,2.14,-4.38,98.89,0,45.32
15:13:15.388,15:13:15.388,81535.048,0x82,0x00,True,2.16,-4.41,98.86,0,45.16
15:13:45.407,15:13:45.407,81565.067,0x82,0x00,True,2.14,-4.37,98.9,0,45.22
15:14:15.397,15:14:15.397,81595.057,0x82,0x00,True,2.14,-4.42,98.89,0,45.16
15:14:45.412,15:14:45.412,81625.072,0x82,0x00,True,2.14,-4.38,98.89,0,45.25
15:15:15.412,15:15:15.412,81655.072,0x82,0x00,True,2.13,-4.42,98.92,0,45.36
15:15:45.417,15:15:45.417,81685.077,0x82,0x00,True,2.13,-4.37,98.91,0,45.32
15:16:15.407,15:16:15.407,81715.067,0x82,0x00,True,2.12,-4.41,98.93,0,45.37
15:16:45.433,15:16:45.433,81745.093,0x82,0x00,True,2.13,-4.43,99.0,0,45.6
15:17:15.433,15:17:15.433,81775.093,0x82,0x00,True,2.13,-4.42,99.03,0,45.77
15:17:45.437,15:17:45.437,81805.097,0x82,0x00,True,2.13,-4.4,99.07,0,45.77
15:18:15.442,15:18:15.442,81835.102,0x82,0x00,True,2.14,-4.38,99.11,0,45.9
15:18:45.457,15:18:45.457,81865.117,0x82,0x00,True,2.11,-4.4,99.12,0,46.02
15:19:15.447,15:19:15.447,81895.107,0x82,0x00,True,2.13,-4.39,99.18,0,46.06
15:19:45.452,15:19:45.452,81925.112,0x82,0x00,True,2.13,-4.44,99.2,0,46.38
15:20:15.462,15:20:15.462,81955.122,0x82,0x00,True,2.13,-4.43,99.25,0,46.52
15:20:45.467,15:20:45.467,81985.127,0x82,0x00,True,2.13,-4.43,99.3,0,46.72
15:21:15.492,15:21:15.492,82015.152,0x82,0x00,True,2.13,-4.44,99.36,0,46.9
15:21:45.498,15:21:45.498,82045.158,0x82,0x00,True,2.13,-4.41,99.44,0,47.12
15:22:15.503,15:22:15.503,82075.163,0x82,0x00,True,2.14,-4.4,99.49,0,47.21
15:22:45.520,15:22:45.520,82105.18,0x82,0x00,True,2.14,-4.44,99.54,0,47.41
15:23:15.522,15:23:15.522,82135.182,0x82,0x00,True,2.14,-4.44,99.59,0,47.58
15:23:45.538,15:23:45.538,82165.198,0x82,0x00,True,2.15,-4.46,99.65,0,47.69
15:24:15.542,15:24:15.542,82195.202,0x82,0x00,True,2.16,-4.44,99.68,0,47.83
15:24:45.562,15:24:45.562,82225.222,0x82,0x00,True,2.16,-4.45,99.7,0,47.86
15:25:15.577,15:25:15.577,82255.237,0x82,0x00,True,2.16,-4.43,99.71,0,47.99
15:25:45.582,15:25:45.582,82285.242,0x82,0x00,True,2.16,-4.41,99.73,0,47.96
15:26:15.603,15:26:15.603,82315.263,0x82,0x00,True,2.16,-4.43,99.76,0,48.08
15:26:45.612,15:26:45.612,82345.272,0x82,0x00,True,2.16,-4.44,99.84,0,48.14
15:27:15.622,15:27:15.622,82375.282,0x82,0x00,True,2.17,-4.43,99.86,0,48.27
15:27:45.627,15:27:45.627,82405.287,0x82,0x00,True,2.16,-4.4,99.84,0,48.42
15:28:15.638,15:28:15.638,82435.298,0x82,0x00,True,2.17,-4.43,99.84,0,48.39
15:28:45.662,15:28:45.662,82465.322,0x82,0x00,True,2.17,-4.38,99.88,0,48.46
15:29:15.673,15:29:15.673,82495.333,0x82,0x00,True,2.16,-4.41,99.86,0,48.48
15:29:45.688,15:29:45.688,82525.348,0x82,0x00,True,2.17,-4.4,99.87,0,48.47
15:30:15.705,15:30:15.705,82555.365,0x82,0x00,True,2.17,-4.42,99.89,0,48.52
15:30:45.707,15:30:45.707,82585.367,0x82,0x00,True,2.16,-4.44,99.93,0,48.55
15:31:15.717,15:31:15.717,82615.377,0x82,0x00,True,2.17,-4.39,99.92,0,48.5
15:31:45.728,15:31:45.728,82645.388,0x82,0x00,True,2.15,-4.46,99.82,0,48.41
15:32:15.737,15:32:15.737,82675.397,0x82,0x00,True,2.16,-4.44,99.83,0,48.39
15:32:45.768,15:32:45.768,82705.428,0x82,0x00,True,2.15,-4.36,99.85,0,48.44
15:33:15.782,15:33:15.782,82735.442,0x82,0x00,True,2.16,-4.38,99.77,0,48.25
15:33:45.782,15:33:45.782,82765.442,0x82,0x00,True,2.15,-4.35,99.81,0,48.25
15:34:15.807,15:34:15.807,82795.467,0x82,0x00,True,2.15,-4.32,99.81,0,48.12
15:34:45.822,15:34:45.822,82825.482,0x82,0x00,True,2.15,-4.34,99.81,0,48.07
15:35:15.837,15:35:15.837,82855.497,0x82,0x00,True,2.14,-4.35,99.82,0,48.18
15:35:45.853,15:35:45.853,82885.513,0x82,0x00,True,2.14,-4.38,99.79,0,48.21
15:36:15.857,15:36:15.857,82915.517,0x82,0x00,True,2.15,-4.42,99.8,0,48.36
15:36:45.878,15:36:45.878,82945.538,0x82,0x00,True,2.14,-4.41,99.89,0,48.57
15:37:15.882,15:37:15.882,82975.542,0x82,0x00,True,2.14,-4.41,99.93,0,48.53
15:37:45.907,15:37:45.907,83005.567,0x82,0x00,True,2.13,-4.42,99.94,0,48.71
15:38:15.912,15:38:15.912,83035.572,0x82,0x00,True,2.15,-4.4,100.0,0,48.9
15:38:45.938,15:38:45.938,83065.598,0x82,0x00,True,2.15,-4.44,100.02,0,49.03
15:39:15.952,15:39:15.952,83095.612,0x82,0x00,True,2.14,-4.39,100.06,0,49.16
15:39:45.962,15:39:45.962,83125.622,0x82,0x00,True,2.16,-4.43,100.13,0,49.13
15:40:15.987,15:40:15.987,83155.647,0x82,0x00,True,2.15,-4.42,100.17,0,49.41
15:40:46.007,15:40:46.007,83185.667,0x82,0x00,True,2.15,-4.39,100.19,0,49.46
15:41:16.018,15:41:16.018,83215.678,0x82,0x00,True,2.15,-4.32,100.19,0,49.39
15:41:46.037,15:41:46.037,83245.697,0x82,0x00,True,2.15,-4.42,100.23,0,49.59
15:42:16.062,15:42:16.062,83275.722,0x82,0x00,True,2.14,-4.34,100.22,0,49.67
15:42:46.072,15:42:46.072,83305.732,0x82,0x00,True,2.14,-4.42,100.22,0,49.77
15:43:16.082,15:43:16.082,83335.742,0x82,0x00,True,2.15,-4.31,100.23,0,49.69
15:43:46.105,15:43:46.105,83365.765,0x82,0x00,True,2.15,-4.43,100.24,0,49.86
15:44:16.130,15:44:16.130,83395.79,0x82,0x00,True,2.16,-4.42,100.29,0,50.01
15:44:46.143,15:44:46.143,83425.803,0x82,0x00,True,2.14,-4.44,100.32,0,50.1
15:45:16.167,15:45:16.167,83455.827,0x82,0x00,True,2.15,-4.42,100.36,0,50.09
15:45:46.183,15:45:46.183,83485.843,0x82,0x00,True,2.15,-4.39,100.36,0,50.15
15:46:16.192,15:46:16.192,83515.852,0x82,0x00,True,2.15,-4.42,100.43,0,50.3
15:46:46.222,15:46:46.222,83545.882,0x82,0x00,True,2.16,-4.38,100.44,0,50.17
15:47:16.232,15:47:16.232,83575.892,0x82,0x00,True,2.16,-4.35,100.38,0,50.09
15:47:46.257,15:47:46.257,83605.917,0x82,0x00,True,2.16,-4.37,100.31,0,50.05
15:48:16.268,15:48:16.268,83635.928,0x82,0x00,True,2.15,-4.42,100.36,0,50.15
15:48:46.277,15:48:46.277,83665.937,0x82,0x00,True,2.15,-4.38,100.42,0,50.22
15:49:16.312,15:49:16.312,83695.972,0x82,0x00,True,2.14,-4.36,100.42,0,50.36
15:49:46.322,15:49:46.322,83725.982,0x82,0x00,True,2.14,-4.41,100.45,0,50.45
15:50:16.346,15:50:16.346,83756.006,0x82,0x00,True,2.16,-4.3,100.52,0,50.42
15:50:46.362,15:50:46.362,83786.022,0x82,0x00,True,2.15,-4.42,100.49,0,50.55
15:51:16.377,15:51:16.377,83816.037,0x82,0x00,True,2.16,-4.4,100.51,0,50.68
15:51:46.396,15:51:46.396,83846.056,0x82,0x00,True,2.14,-4.44,100.52,0,50.68
15:52:16.423,15:52:16.423,83876.083,0x82,0x00,True,2.15,-4.42,100.58,0,50.76
15:52:46.428,15:52:46.428,83906.088,0x82,0x00,True,2.16,-4.41,100.58,0,50.83
15:53:16.470,15:53:16.470,83936.13,0x82,0x00,True,2.16,-4.38,100.53,0,50.75
15:53:46.482,15:53:46.482,83966.142,0x82,0x00,True,2.16,-4.38,100.48,0,50.56
15:54:16.493,15:54:16.493,83996.153,0x82,0x00,True,2.16,-4.45,100.46,0,50.61
15:54:46.508,15:54:46.508,84026.168,0x82,0x00,True,2.17,-4.43,100.46,0,50.69
15:55:16.527,15:55:16.527,84056.187,0x82,0x00,True,2.17,-4.44,100.52,0,50.82
15:55:46.558,15:55:46.558,84086.218,0x82,0x00,True,2.17,-4.42,100.58,0,50.96
15:56:16.567,15:56:16.567,84116.227,0x82,0x00,True,2.17,-4.43,100.63,0,51.1
15:56:46.584,15:56:46.584,84146.244,0x82,0x00,True,2.18,-4.43,100.66,0,51.12
15:57:16.617,15:57:16.617,84176.277,0x82,0x00,True,2.18,-4.43,100.67,0,51.24
15:57:46.638,15:57:46.638,84206.298,0x82,0x00,True,2.18,-4.38,100.65,0,51.1
15:58:16.647,15:58:16.647,84236.307,0x82,0x00,True,2.17,-4.42,100.62,0,51.07
15:58:46.667,15:58:46.667,84266.327,0x82,0x00,True,2.2,-4.43,100.61,0,51.25
15:59:16.697,15:59:16.697,84296.357,0x82,0x00,True,2.18,-4.36,100.62,0,51.25
15:59:46.712,15:59:46.712,84326.372,0x82,0x00,True,2.18,-4.42,100.64,0,51.22
16:00:16.742,16:00:16.742,84356.402,0x82,0x00,True,2.19,-4.38,100.61,0,51.25
16:00:46.757,16:00:46.757,84386.417,0x82,0x00,True,2.19,-4.39,100.57,0,51.04
16:01:16.782,16:01:16.782,84416.442,0x82,0x00,True,2.19,-4.43,100.58,0,51.03
16:01:46.793,16:01:46.793,84446.453,0x82,0x00,True,2.19,-4.42,100.57,0,51.11
16:02:16.817,16:02:16.817,84476.477,0x82,0x00,True,2.18,-4.36,100.59,0,51.07
16:02:46.827,16:02:46.827,84506.487,0x82,0x00,True,2.19,-4.43,100.58,0,51.04
16:03:16.862,16:03:16.862,84536.522,0x82,0x00,True,2.19,-4.43,100.57,0,51.16
16:03:46.888,16:03:46.888,84566.548,0x82,0x00,True,2.2,-4.44,100.57,0,51.28
16:04:16.908,16:04:16.908,84596.568,0x82,0x00,True,2.19,-4.41,100.58,0,51.27
16:04:46.912,16:04:46.912,84626.572,0x82,0x00,True,2.19,-4.34,100.63,0,51.26
16:05:16.947,16:05:16.947,84656.607,0x82,0x00,True,2.21,-4.42,100.64,0,51.35
16:05:46.952,16:05:46.952,84686.612,0x82,0x00,True,2.2,-4.41,100.66,0,51.42
16:06:16.982,16:06:16.982,84716.642,0x82,0x00,True,2.19,-4.42,100.65,0,51.43
16:06:47.007,16:06:47.007,84746.667,0x82,0x00,True,2.19,-4.4,100.64,0,51.39
16:07:17.048,16:07:17.048,84776.708,0x82,0x00,True,2.2,-4.43,100.61,0,51.36
16:07:47.037,16:07:47.037,84806.697,0x82,0x00,True,2.21,-4.39,100.56,0,51.16
16:08:17.067,16:08:17.067,84836.727,0x82,0x00,True,2.2,-4.43,100.55,0,51.16
16:08:47.072,16:08:47.072,84866.732,0x82,0x00,True,2.2,-4.37,100.51,0,50.93
16:09:17.107,16:09:17.107,84896.767,0x82,0x00,True,2.2,-4.39,100.46,0,50.81
16:09:47.122,16:09:47.122,84926.782,0x82,0x00,True,2.2,-4.4,100.47,0,50.78
16:10:17.133,16:10:17.133,84956.793,0x82,0x00,True,2.2,-4.39,100.41,0,50.67
16:10:47.142,16:10:47.142,84986.802,0x82,0x00,True,2.19,-4.36,100.38,0,50.64
16:11:17.168,16:11:17.168,85016.828,0x82,0x00,True,2.19,-4.4,100.35,0,50.5
16:11:47.192,16:11:47.192,85046.852,0x82,0x00,True,2.19,-4.35,100.29,0,50.33
16:12:17.202,16:12:17.202,85076.862,0x82,0x00,True,2.19,-4.39,100.26,0,50.34
16:12:47.218,16:12:47.218,85106.878,0x82,0x00,True,2.18,-4.38,100.21,0,50.16
16:13:17.237,16:13:17.237,85136.897,0x82,0x00,True,2.17,-4.39,100.19,0,50.23
16:13:47.263,16:13:47.263,85166.923,0x82,0x00,True,2.19,-4.35,100.14,0,50.0
16:14:17.282,16:14:17.282,85196.942,0x82,0x00,True,2.17,-4.36,100.11,0,49.85
16:14:47.293,16:14:47.293,85226.953,0x82,0x00,True,2.19,-4.38,100.06,0,49.85
16:15:17.303,16:15:17.303,85256.963,0x82,0x00,True,2.18,-4.41,100.07,0,49.93
16:15:47.317,16:15:47.317,85286.977,0x82,0x00,True,2.18,-4.4,100.1,0,49.98
16:16:17.337,16:16:17.337,85316.997,0x82,0x00,True,2.17,-4.41,100.1,0,50.06
16:16:47.362,16:16:47.362,85347.022,0x82,0x00,True,2.18,-4.41,100.13,0,50.06
16:17:17.367,16:17:17.367,85377.027,0x82,0x00,True,2.17,-4.37,100.12,0,50.12
16:17:47.391,16:17:47.391,85407.051,0x82,0x00,True,2.18,-4.38,100.13,0,50.04
16:18:17.407,16:18:17.407,85437.067,0x82,0x00,True,2.17,-4.35,100.19,0,50.1
16:18:47.423,16:18:47.423,85467.083,0x82,0x00,True,2.18,-4.37,100.16,0,50.02
16:19:17.438,16:19:17.438,85497.098,0x82,0x00,True,2.18,-4.39,100.11,0,50.0
16:19:47.458,16:19:47.458,85527.118,0x82,0x00,True,2.18,-4.41,100.17,0,50.14
16:20:17.458,16:20:17.458,85557.118,0x82,0x00,True,2.18,-4.4,100.24,0,50.16
16:20:47.482,16:20:47.482,85587.142,0x82,0x00,True,2.17,-4.38,100.27,0,50.19
16:21:17.487,16:21:17.487,85617.147,0x82,0x00,True,2.16,-4.4,100.28,0,50.28
16:21:47.513,16:21:47.513,85647.173,0x82,0x00,True,2.17,-4.37,100.31,0,50.32
16:22:17.527,16:22:17.527,85677.187,0x82,0x00,True,2.18,-4.42,100.29,0,50.38
16:22:47.538,16:22:47.538,85707.198,0x82,0x00,True,2.17,-4.42,100.36,0,50.5
16:23:17.567,16:23:17.567,85737.227,0x82,0x00,True,2.18,-4.36,100.35,0,50.49
16:23:47.572,16:23:47.572,85767.232,0x82,0x00,True,2.2,-4.42,100.38,0,50.66
16:24:17.618,16:24:17.618,85797.278,0x82,0x00,True,2.19,-4.42,100.4,0,50.71
16:24:47.617,16:24:47.617,85827.277,0x82,0x00,True,2.19,-4.42,100.41,0,50.8
16:25:17.628,16:25:17.628,85857.288,0x82,0x00,True,2.19,-4.43,100.43,0,50.83
16:25:47.657,16:25:47.657,85887.317,0x82,0x00,True,2.19,-4.42,100.44,0,50.83
16:26:17.678,16:26:17.678,85917.338,0x82,0x00,True,2.18,-4.42,100.48,0,50.84
16:26:47.688,16:26:47.688,85947.348,0x82,0x00,True,2.17,-4.42,100.46,0,50.8
16:27:17.703,16:27:17.703,85977.363,0x82,0x00,True,2.18,-4.41,100.43,0,50.7
16:27:47.723,16:27:47.723,86007.383,0x82,0x00,True,2.19,-4.36,100.39,0,50.58
16:28:17.748,16:28:17.748,86037.408,0x82,0x00,True,2.2,-4.38,100.26,0,50.23
16:28:47.757,16:28:47.757,86067.417,0x82,0x00,True,2.2,-4.39,100.22,0,50.19
16:29:17.772,16:29:17.772,86097.432,0x82,0x00,True,2.2,-4.33,100.15,0,50.14
16:29:47.787,16:29:47.787,86127.447,0x82,0x00,True,2.19,-4.41,100.11,0,50.06
16:30:17.817,16:30:17.817,86157.477,0x82,0x00,True,2.18,-4.41,100.07,0,50.01
16:30:47.832,16:30:47.832,86187.492,0x82,0x00,True,2.19,-4.38,100.01,0,49.85
16:31:17.848,16:31:17.848,86217.508,0x82,0x00,True,2.2,-4.42,99.97,0,49.66
16:31:47.853,16:31:47.853,86247.513,0x82,0x00,True,2.19,-4.33,99.93,0,49.41
16:32:17.878,16:32:17.878,86277.538,0x82,0x00,True,2.2,-4.39,99.83,0,49.01
16:32:47.877,16:32:47.877,86307.537,0x82,0x00,True,2.19,-4.34,99.8,0,48.86
16:33:17.902,16:33:17.902,86337.562,0x82,0x00,True,2.18,-4.39,99.76,0,48.83
16:33:47.907,16:33:47.907,86367.567,0x82,0x00,True,2.19,-4.33,99.77,0,48.89
16:34:17.928,16:34:17.928,86397.588,0x82,0x00,True,2.19,-4.4,99.73,0,48.74
16:34:47.938,16:34:47.938,86427.598,0x82,0x00,True,2.2,-4.4,99.75,0,48.64
16:35:17.937,16:35:17.937,86457.597,0x82,0x00,True,2.19,-4.32,99.66,0,48.42
16:35:47.957,16:35:47.957,86487.617,0x82,0x00,True,2.19,-4.4,99.55,0,48.27
16:36:17.957,16:36:17.957,86517.617,0x82,0x00,True,2.18,-4.38,99.58,0,48.46
16:36:47.982,16:36:47.982,86547.642,0x82,0x00,True,2.17,-4.4,99.6,0,48.44
16:37:17.987,16:37:17.987,86577.647,0x82,0x00,True,2.18,-4.41,99.62,0,48.49
16:37:48.003,16:37:48.003,86607.663,0x82,0x00,True,2.18,-4.39,99.62,0,48.46
16:38:18.013,16:38:18.013,86637.673,0x82,0x00,True,2.17,-4.37,99.63,0,48.37
16:38:48.018,16:38:48.018,86667.678,0x82,0x00,True,2.18,-4.42,99.67,0,48.48
16:39:18.032,16:39:18.032,86697.692,0x82,0x00,True,2.18,-4.37,99.64,0,48.44
16:39:48.037,16:39:48.037,86727.697,0x82,0x00,True,2.18,-4.4,99.65,0,48.46
16:40:18.067,16:40:18.067,86757.727,0x82,0x00,True,2.18,-4.4,99.64,0,48.35
16:40:48.072,16:40:48.072,86787.732,0x82,0x00,True,2.18,-4.41,99.64,0,48.45
16:41:18.088,16:41:18.088,86817.748,0x82,0x00,True,2.19,-4.41,99.65,0,48.48
16:41:48.103,16:41:48.103,86847.763,0x82,0x00,True,2.17,-4.38,99.6,0,48.3
16:42:18.107,16:42:18.107,86877.767,0x82,0x00,True,2.18,-4.32,99.61,0,48.22
16:42:48.127,16:42:48.127,86907.787,0x82,0x00,True,2.17,-4.39,99.57,0,48.04
16:43:18.133,16:43:18.133,86937.793,0x82,0x00,True,2.16,-4.41,99.54,0,47.97
16:43:48.152,16:43:48.152,86967.812,0x82,0x00,True,2.17,-4.38,99.57,0,47.96
16:44:18.162,16:44:18.162,86997.822,0x82,0x00,True,2.18,-4.38,99.53,0,47.96
16:44:48.173,16:44:48.173,87027.833,0x82,0x00,True,2.16,-4.4,99.56,0,48.01
16:45:18.187,16:45:18.187,87057.847,0x82,0x00,True,2.18,-4.37,99.56,0,47.91
16:45:48.195,16:45:48.195,87087.855,0x82,0x00,True,2.18,-4.37,99.48,0,47.63
16:46:18.207,16:46:18.207,87117.867,0x82,0x00,True,2.19,-4.37,99.4,0,47.44
16:46:48.216,16:46:48.216,87147.876,0x82,0x00,True,2.18,-4.37,99.38,0,47.37
16:47:18.228,16:47:18.228,87177.888,0x82,0x00,True,2.18,-4.4,99.37,0,47.24
16:47:48.237,16:47:48.237,87207.897,0x82,0x00,True,2.18,-4.31,99.37,0,47.18
16:48:18.247,16:48:18.247,87237.907,0x82,0x00,True,2.19,-4.38,99.38,0,47.05
16:48:48.257,16:48:48.257,87267.917,0x82,0x00,True,2.18,-4.34,99.37,0,47.07
16:49:18.258,16:49:18.258,87297.918,0x82,0x00,True,2.18,-4.41,99.37,0,47.02
16:49:48.277,16:49:48.277,87327.937,0x82,0x00,True,2.18,-4.38,99.36,0,47.0
16:50:18.272,16:50:18.272,87357.932,0x82,0x00,True,2.18,-4.38,99.39,0,47.12
16:50:48.297,16:50:48.297,87387.957,0x82,0x00,True,2.18,-4.4,99.39,0,47.1
16:51:18.308,16:51:18.308,87417.968,0x82,0x00,True,2.17,-4.39,99.42,0,47.19
16:51:48.325,16:51:48.325,87447.985,0x82,0x00,True,2.17,-4.39,99.43,0,47.24
16:52:18.327,16:52:18.327,87477.987,0x82,0x00,True,2.16,-4.36,99.46,0,47.4
16:52:48.332,16:52:48.332,87507.992,0x82,0x00,True,2.16,-4.34,99.41,0,47.14
16:53:18.348,16:53:18.348,87538.008,0x82,0x00,True,2.17,-4.37,99.37,0,47.07
16:53:48.353,16:53:48.353,87568.013,0x82,0x00,True,2.16,-4.38,99.36,0,46.83
16:54:18.367,16:54:18.367,87598.027,0x82,0x00,True,2.15,-4.38,99.34,0,46.86
16:54:48.372,16:54:48.372,87628.032,0x82,0x00,True,2.16,-4.34,99.34,0,46.92
16:55:18.383,16:55:18.383,87658.043,0x82,0x00,True,2.14,-4.36,99.39,0,46.92
16:55:48.388,16:55:48.388,87688.048,0x82,0x00,True,2.16,-4.34,99.38,0,46.93
16:56:18.393,16:56:18.393,87718.053,0x82,0x00,True,2.15,-4.35,99.33,0,46.73
16:56:48.397,16:56:48.397,87748.057,0x82,0x00,True,2.16,-4.4,99.36,0,46.89
16:57:18.412,16:57:18.412,87778.072,0x82,0x00,True,2.16,-4.38,99.39,0,46.9
16:57:48.423,16:57:48.423,87808.083,0x82,0x00,True,2.16,-4.36,99.34,0,46.87
16:58:18.428,16:58:18.428,87838.088,0x82,0x00,True,2.16,-4.39,99.37,0,46.84
16:58:48.437,16:58:48.437,87868.097,0x82,0x00,True,2.17,-4.36,99.33,0,46.85
16:59:18.437,16:59:18.437,87898.097,0x82,0x00,True,2.16,-4.37,99.26,0,46.68
16:59:48.447,16:59:48.447,87928.107,0x82,0x00,True,2.16,-4.35,99.24,0,46.76
17:00:18.462,17:00:18.462,87958.122,0x82,0x00,True,2.17,-4.41,99.23,0,46.61
17:00:48.478,17:00:48.478,87988.138,0x82,0x00,True,2.17,-4.38,99.24,0,46.8
17:01:18.482,17:01:18.482,88018.142,0x82,0x00,True,2.17,-4.35,99.3,0,46.84
17:01:48.478,17:01:48.478,88048.138,0x82,0x00,True,2.17,-4.36,99.28,0,46.73
17:02:18.502,17:02:18.502,88078.162,0x82,0x00,True,2.16,-4.38,99.25,0,46.57
17:02:48.492,17:02:48.492,88108.152,0x82,0x00,True,2.16,-4.4,99.23,0,46.55
17:03:18.503,17:03:18.503,88138.163,0x82,0x00,True,2.16,-4.35,99.24,0,46.67
17:03:48.508,17:03:48.508,88168.168,0x82,0x00,True,2.17,-4.38,99.22,0,46.49
17:04:18.522,17:04:18.522,88198.182,0x82,0x00,True,2.17,-4.37,99.23,0,46.36
17:04:48.537,17:04:48.537,88228.197,0x82,0x00,True,2.17,-4.37,99.2,0,46.2
17:05:18.545,17:05:18.545,88258.205,0x82,0x00,True,2.17,-4.36,99.15,0,46.19
17:05:48.547,17:05:48.547,88288.207,0x82,0x00,True,2.17,-4.4,99.19,0,46.21
17:06:18.558,17:06:18.558,88318.218,0x82,0x00,True,2.16,-4.39,99.21,0,46.36
17:06:48.567,17:06:48.567,88348.227,0x82,0x00,True,2.16,-4.39,99.27,0,46.56
17:07:18.558,17:07:18.558,88378.218,0x82,0x00,True,2.15,-4.38,99.29,0,46.7
17:07:48.577,17:07:48.577,88408.237,0x82,0x00,True,2.15,-4.41,99.35,0,46.79
17:08:18.577,17:08:18.577,88438.237,0x82,0x00,True,2.18,-4.33,99.42,0,46.86
17:08:48.593,17:08:48.593,88468.253,0x82,0x00,True,2.18,-4.39,99.45,0,47.0
17:09:18.608,17:09:18.608,88498.268,0x82,0x00,True,2.16,-4.41,99.53,0,47.17
17:09:48.612,17:09:48.612,88528.272,0x82,0x00,True,2.17,-4.39,99.53,0,47.36
17:10:18.617,17:10:18.617,88558.277,0x82,0x00,True,2.18,-4.39,99.6,0,47.43
17:10:48.627,17:10:48.627,88588.287,0x82,0x00,True,2.17,-4.38,99.6,0,47.54
17:11:18.627,17:11:18.627,88618.287,0x82,0x00,True,2.18,-4.39,99.63,0,47.6
17:11:48.638,17:11:48.638,88648.298,0x82,0x00,True,2.18,-4.38,99.64,0,47.7
17:12:18.662,17:12:18.662,88678.322,0x82,0x00,True,2.17,-4.37,99.67,0,47.75
17:12:48.663,17:12:48.663,88708.323,0x82,0x00,True,2.18,-4.4,99.71,0,47.8
17:13:18.687,17:13:18.687,88738.347,0x82,0x00,True,2.18,-4.34,99.69,0,47.85
17:13:48.697,17:13:48.697,88768.357,0x82,0x00,True,2.18,-4.39,99.71,0,47.88
17:14:18.712,17:14:18.712,88798.372,0x82,0x00,True,2.18,-4.39,99.72,0,47.99
17:14:48.718,17:14:48.718,88828.378,0x82,0x00,True,2.16,-4.39,99.77,0,48.02
17:15:18.718,17:15:18.718,88858.378,0x82,0x00,True,2.19,-4.4,99.79,0,47.99
17:15:48.743,17:15:48.743,88888.403,0x82,0x00,True,2.19,-4.39,99.79,0,48.19
17:16:18.742,17:16:18.742,88918.402,0x82,0x00,True,2.18,-4.38,99.82,0,48.15
17:16:48.758,17:16:48.758,88948.418,0x82,0x00,True,2.19,-4.4,99.83,0,48.25
17:17:18.757,17:17:18.757,88978.417,0x82,0x00,True,2.18,-4.39,99.85,0,48.33
17:17:48.787,17:17:48.787,89008.447,0x82,0x00,True,2.2,-4.36,99.87,0,48.23
17:18:18.797,17:18:18.797,89038.457,0x82,0x00,True,2.18,-4.4,99.81,0,48.11
17:18:48.812,17:18:48.812,89068.472,0x82,0x00,True,2.18,-4.39,99.84,0,48.21
17:19:18.822,17:19:18.822,89098.482,0x82,0x00,True,2.19,-4.41,99.83,0,48.24
17:19:48.838,17:19:48.838,89128.498,0x82,0x00,True,2.18,-4.4,99.81,0,48.11
17:20:18.837,17:20:18.837,89158.497,0x82,0x00,True,2.18,-4.37,99.79,0,48.09
17:20:48.857,17:20:48.857,89188.517,0x82,0x00,True,2.18,-4.41,99.8,0,47.99
17:21:18.875,17:21:18.875,89218.535,0x82,0x00,True,2.19,-4.39,99.83,0,48.21
17:21:48.867,17:21:48.867,89248.527,0x82,0x00,True,2.17,-4.39,99.83,0,48.12
17:22:18.900,17:22:18.900,89278.56,0x82,0x00,True,2.18,-4.39,99.8,0,48.25
17:22:48.902,17:22:48.902,89308.562,0x82,0x00,True,2.2,-4.42,99.81,0,48.06
17:23:18.907,17:23:18.907,89338.567,0x82,0x00,True,2.18,-4.39,99.82,0,48.12
17:23:48.933,17:23:48.933,89368.593,0x82,0x00,True,2.18,-4.36,99.78,0,48.05
17:24:18.942,17:24:18.942,89398.602,0x82,0x00,True,2.19,-4.37,99.76,0,48.03
17:24:48.947,17:24:48.947,89428.607,0x82,0x00,True,2.17,-4.39,99.73,0,47.92
17:25:18.967,17:25:18.967,89458.627,0x82,0x00,True,2.19,-4.4,99.71,0,48.04
17:25:48.978,17:25:48.978,89488.638,0x82,0x00,True,2.19,-4.4,99.71,0,47.9
17:26:18.992,17:26:18.992,89518.652,0x82,0x00,True,2.18,-4.4,99.74,0,47.9
17:26:48.993,17:26:48.993,89548.653,0x82,0x00,True,2.19,-4.39,99.74,0,47.88
17:27:19.018,17:27:19.018,89578.678,0x82,0x00,True,2.19,-4.41,99.7,0,47.83
17:27:49.036,17:27:49.036,89608.696,0x82,0x00,True,2.19,-4.39,99.7,0,47.78
17:28:19.047,17:28:19.047,89638.707,0x82,0x00,True,2.2,-4.41,99.67,0,47.72
17:28:49.058,17:28:49.058,89668.718,0x82,0x00,True,2.18,-4.43,99.67,0,47.75
17:29:19.062,17:29:19.062,89698.722,0x82,0x00,True,2.18,-4.39,99.68,0,47.76
17:29:49.067,17:29:49.067,89728.727,0x82,0x00,True,2.19,-4.39,99.67,0,47.71
17:30:19.092,17:30:19.092,89758.752,0x82,0x00,True,2.19,-4.38,99.66,0,47.68
17:30:49.103,17:30:49.103,89788.763,0x82,0x00,True,2.19,-4.37,99.62,0,47.62
17:31:19.120,17:31:19.120,89818.78,0x82,0x00,True,2.19,-4.4,99.65,0,47.68
17:31:49.122,17:31:49.122,89848.782,0x82,0x00,True,2.18,-4.39,99.7,0,47.76
17:32:19.137,17:32:19.137,89878.797,0x82,0x00,True,2.18,-4.38,99.72,0,47.75
17:32:49.147,17:32:49.147,89908.807,0x82,0x00,True,2.19,-4.4,99.74,0,47.84
17:33:19.162,17:33:19.162,89938.822,0x82,0x00,True,2.19,-4.41,99.77,0,47.83
17:33:49.162,17:33:49.162,89968.822,0x82,0x00,True,2.18,-4.4,99.75,0,48.02
17:34:19.183,17:34:19.183,89998.843,0x82,0x00,True,2.18,-4.39,99.81,0,48.0
17:34:49.197,17:34:49.197,90028.857,0x82,0x00,True,2.19,-4.4,99.85,0,48.15
17:35:19.212,17:35:19.212,90058.872,0x82,0x00,True,2.19,-4.4,99.88,0,48.12
17:35:49.217,17:35:49.217,90088.877,0x82,0x00,True,2.2,-4.41,99.89,0,48.19
17:36:19.223,17:36:19.223,90118.883,0x82,0x00,True,2.2,-4.4,99.87,0,48.25
17:36:49.250,17:36:49.250,90148.91,0x82,0x00,True,2.19,-4.39,99.92,0,48.43
17:37:19.263,17:37:19.263,90178.923,0x82,0x00,True,2.2,-4.41,99.91,0,48.45
17:37:49.288,17:37:49.288,90208.948,0x82,0x00,True,2.2,-4.42,99.96,0,48.49
17:38:19.287,17:38:19.287,90238.947,0x82,0x00,True,2.18,-4.41,99.96,0,48.64
17:38:49.298,17:38:49.298,90268.958,0x82,0x00,True,2.19,-4.41,99.97,0,48.58
17:39:19.308,17:39:19.308,90298.968,0x82,0x00,True,2.2,-4.4,100.06,0,48.72
17:39:49.317,17:39:49.317,90328.977,0x82,0x00,True,2.19,-4.41,100.05,0,48.83
17:40:19.327,17:40:19.327,90358.987,0x82,0x00,True,2.2,-4.4,100.08,0,48.92
17:40:49.353,17:40:49.353,90389.013,0x82,0x00,True,2.2,-4.41,100.12,0,48.95
17:41:19.372,17:41:19.372,90419.032,0x82,0x00,True,2.18,-4.4,100.1,0,49.02
17:41:49.387,17:41:49.387,90449.047,0x82,0x00,True,2.21,-4.41,100.13,0,49.05
17:42:19.400,17:42:19.400,90479.06,0x82,0x00,True,2.2,-4.44,100.21,0,49.16
17:42:49.417,17:42:49.417,90509.077,0x82,0x00,True,2.2,-4.44,100.24,0,49.17
17:43:19.437,17:43:19.437,90539.097,0x82,0x00,True,2.2,-4.43,100.27,0,49.25
17:43:49.447,17:43:49.447,90569.107,0x82,0x00,True,2.2,-4.45,100.25,0,49.37
17:44:19.462,17:44:19.462,90599.122,0x82,0x00,True,2.2,-4.44,100.29,0,49.56
17:44:49.473,17:44:49.473,90629.133,0x82,0x00,True,2.21,-4.41,100.31,0,49.56
17:45:19.511,17:45:19.511,90659.171,0x82,0x00,True,2.21,-4.43,100.32,0,49.65
17:45:49.518,17:45:49.518,90689.178,0x82,0x00,True,2.2,-4.42,100.34,0,49.66
17:46:19.532,17:46:19.532,90719.192,0x82,0x00,True,2.21,-4.44,100.37,0,49.86
17:46:49.552,17:46:49.552,90749.212,0x82,0x00,True,2.2,-4.44,100.41,0,49.84
17:47:19.565,17:47:19.565,90779.225,0x82,0x00,True,2.2,-4.43,100.39,0,49.95
17:47:49.593,17:47:49.593,90809.253,0x82,0x00,True,2.21,-4.43,100.4,0,49.98
17:48:19.612,17:48:19.612,90839.272,0x82,0x00,True,2.22,-4.42,100.42,0,50.06
17:48:49.622,17:48:49.622,90869.282,0x82,0x00,True,2.21,-4.43,100.45,0,50.12
17:49:19.643,17:49:19.643,90899.303,0x82,0x00,True,2.2,-4.43,100.51,0,50.21
17:49:49.667,17:49:49.667,90929.327,0x82,0x00,True,2.21,-4.43,100.54,0,50.2
17:50:19.698,17:50:19.698,90959.358,0x82,0x00,True,2.21,-4.43,100.54,0,50.2
17:50:49.710,17:50:49.710,90989.37,0x82,0x00,True,2.19,-4.44,100.54,0,50.35
17:51:19.721,17:51:19.721,91019.381,0x82,0x00,True,2.22,-4.42,100.57,0,50.27
17:51:49.737,17:51:49.737,91049.397,0x82,0x00,True,2.21,-4.43,100.57,0,50.36
17:52:19.747,17:52:19.747,91079.407,0x82,0x00,True,2.22,-4.43,100.57,0,50.44
17:52:49.772,17:52:49.772,91109.432,0x82,0x00,True,2.2,-4.44,100.57,0,50.52
17:53:19.787,17:53:19.787,91139.447,0x82,0x00,True,2.21,-4.42,100.61,0,50.42
17:53:49.817,17:53:49.817,91169.477,0x82,0x00,True,2.21,-4.44,100.59,0,50.45
17:54:19.833,17:54:19.833,91199.493,0x82,0x00,True,2.22,-4.47,100.59,0,50.61
17:54:49.852,17:54:49.852,91229.512,0x82,0x00,True,2.21,-4.46,100.61,0,50.58
17:55:19.876,17:55:19.876,91259.536,0x82,0x00,True,2.21,-4.4,100.59,0,50.61
17:55:49.893,17:55:49.893,91289.553,0x82,0x00,True,2.22,-4.43,100.56,0,50.57
17:56:19.907,17:56:19.907,91319.567,0x82,0x00,True,2.21,-4.44,100.57,0,50.59
17:56:49.928,17:56:49.928,91349.588,0x82,0x00,True,2.22,-4.44,100.6,0,50.63
17:57:19.947,17:57:19.947,91379.607,0x82,0x00,True,2.22,-4.44,100.59,0,50.58
17:57:49.952,17:57:49.952,91409.612,0x82,0x00,True,2.21,-4.43,100.61,0,50.61
17:58:19.978,17:58:19.978,91439.638,0x82,0x00,True,2.21,-4.42,100.56,0,50.57
17:58:49.997,17:58:49.997,91469.657,0x82,0x00,True,2.21,-4.44,100.56,0,50.5
17:59:20.020,17:59:20.020,91499.68,0x82,0x00,True,2.21,-4.45,100.58,0,50.6
17:59:50.027,17:59:50.027,91529.687,0x82,0x00,True,2.22,-4.46,100.59,0,50.59
18:00:20.062,18:00:20.062,91559.722,0x82,0x00,True,2.21,-4.44,100.53,0,50.52
18:00:50.077,18:00:50.077,91589.737,0x82,0x00,True,2.22,-4.44,100.55,0,50.49
18:01:20.098,18:01:20.098,91619.758,0x82,0x00,True,2.21,-4.45,100.5,0,50.43
18:01:50.116,18:01:50.116,91649.776,0x82,0x00,True,2.21,-4.46,100.49,0,50.46
18:02:20.145,18:02:20.145,91679.805,0x82,0x00,True,2.21,-4.47,100.52,0,50.54
18:02:50.157,18:02:50.157,91709.817,0x82,0x00,True,2.2,-4.46,100.52,0,50.51
18:03:20.181,18:03:20.181,91739.841,0x82,0x00,True,2.21,-4.46,100.54,0,50.5
18:03:50.197,18:03:50.197,91769.857,0x82,0x00,True,2.21,-4.47,100.52,0,50.5
18:04:20.226,18:04:20.226,91799.886,0x82,0x00,True,2.21,-4.45,100.5,0,50.46
18:04:50.245,18:04:50.245,91829.905,0x82,0x00,True,2.22,-4.46,100.5,0,50.35
18:05:20.253,18:05:20.253,91859.913,0x82,0x00,True,2.21,-4.45,100.5,0,50.41
18:05:50.263,18:05:50.263,91889.923,0x82,0x00,True,2.22,-4.45,100.49,0,50.47
18:06:20.287,18:06:20.287,91919.947,0x82,0x00,True,2.22,-4.46,100.44,0,50.34
18:06:50.308,18:06:50.308,91949.968,0x82,0x00,True,2.22,-4.45,100.43,0,50.27
18:07:20.327,18:07:20.327,91979.987,0x82,0x00,True,2.23,-4.47,100.45,0,50.32
18:07:50.337,18:07:50.337,92009.997,0x82,0x00,True,2.22,-4.46,100.4,0,50.3
18:08:20.353,18:08:20.353,92040.013,0x82,0x00,True,2.22,-4.46,100.42,0,50.29
18:08:50.388,18:08:50.388,92070.048,0x82,0x00,True,2.21,-4.47,100.39,0,50.19
18:09:20.410,18:09:20.410,92100.07,0x82,0x00,True,2.21,-4.46,100.39,0,50.18
18:09:50.417,18:09:50.417,92130.077,0x82,0x00,True,2.21,-4.46,100.4,0,50.13
18:10:20.427,18:10:20.427,92160.087,0x82,0x00,True,2.2,-4.45,100.36,0,50.11
18:10:50.452,18:10:50.452,92190.112,0x82,0x00,True,2.21,-4.46,100.35,0,50.04
18:11:20.467,18:11:20.467,92220.127,0x82,0x00,True,2.21,-4.46,100.35,0,50.12
18:11:50.503,18:11:50.503,92250.163,0x82,0x00,True,2.21,-4.46,100.3,0,49.97
18:12:20.508,18:12:20.508,92280.168,0x82,0x00,True,2.21,-4.51,100.29,0,50.03
18:12:50.532,18:12:50.532,92310.192,0x82,0x00,True,2.2,-4.51,100.29,0,49.92
18:13:20.542,18:13:20.542,92340.202,0x82,0x00,True,2.2,-4.49,100.29,0,49.91
18:13:50.572,18:13:50.572,92370.232,0x82,0x00,True,2.21,-4.52,100.29,0,50.01
18:14:20.578,18:14:20.578,92400.238,0x82,0x00,True,2.21,-4.51,100.28,0,49.93
18:14:50.605,18:14:50.605,92430.265,0x82,0x00,True,2.21,-4.49,100.26,0,49.87
18:15:20.622,18:15:20.622,92460.282,0x82,0x00,True,2.21,-4.49,100.23,0,49.89
18:15:50.627,18:15:50.627,92490.287,0x82,0x00,True,2.22,-4.49,100.19,0,49.83
18:16:20.657,18:16:20.657,92520.317,0x82,0x00,True,2.22,-4.48,100.19,0,49.78
18:16:50.657,18:16:50.657,92550.317,0x82,0x00,True,2.22,-4.51,100.21,0,49.75
18:17:20.672,18:17:20.672,92580.332,0x82,0x00,True,2.22,-4.5,100.16,0,49.72
18:17:50.697,18:17:50.697,92610.357,0x82,0x00,True,2.21,-4.48,100.18,0,49.73
18:18:20.717,18:18:20.717,92640.377,0x82,0x00,True,2.21,-4.48,100.15,0,49.68
18:18:50.732,18:18:50.732,92670.392,0x82,0x00,True,2.2,-4.48,100.14,0,49.53
18:19:20.748,18:19:20.748,92700.408,0x82,0x00,True,2.2,-4.48,100.12,0,49.46
18:19:50.752,18:19:50.752,92730.412,0x82,0x00,True,2.21,-4.49,100.11,0,49.49
18:20:20.777,18:20:20.777,92760.437,0x82,0x00,True,2.2,-4.48,100.1,0,49.39
18:20:50.782,18:20:50.782,92790.442,0x82,0x00,True,2.21,-4.48,100.08,0,49.36
18:21:20.808,18:21:20.808,92820.468,0x82,0x00,True,2.21,-4.48,100.05,0,49.17
18:21:50.827,18:21:50.827,92850.487,0x82,0x00,True,2.22,-4.48,100.07,0,49.17
18:22:20.836,18:22:20.836,92880.496,0x82,0x00,True,2.2,-4.49,99.98,0,49.05
18:22:50.862,18:22:50.862,92910.522,0x82,0x00,True,2.2,-4.47,99.96,0,48.9
18:23:20.878,18:23:20.878,92940.538,0x82,0x00,True,2.21,-4.46,99.94,0,48.92
18:23:50.893,18:23:50.893,92970.553,0x82,0x00,True,2.2,-4.47,99.9,0,48.7
18:24:20.893,18:24:20.893,93000.553,0x82,0x00,True,2.2,-4.47,99.86,0,48.74
18:24:50.912,18:24:50.912,93030.572,0x82,0x00,True,2.21,-4.46,99.88,0,48.56
18:25:20.933,18:25:20.933,93060.593,0x82,0x00,True,2.19,-4.47,99.86,0,48.46
18:25:50.937,18:25:50.937,93090.597,0x82,0x00,True,2.2,-4.47,99.82,0,48.44
18:26:20.971,18:26:20.971,93120.631,0x82,0x00,True,2.21,-4.46,99.75,0,48.33
18:26:50.973,18:26:50.973,93150.633,0x82,0x00,True,2.21,-4.46,99.73,0,48.26
18:27:20.973,18:27:20.973,93180.633,0x82,0x00,True,2.2,-4.47,99.72,0,48.12
18:27:50.992,18:27:50.992,93210.652,0x82,0x00,True,2.2,-4.45,99.74,0,48.05
18:28:20.992,18:28:20.992,93240.652,0x82,0x00,True,2.19,-4.45,99.73,0,47.98
18:28:51.018,18:28:51.018,93270.678,0x82,0x00,True,2.2,-4.45,99.69,0,47.85
18:29:21.027,18:29:21.027,93300.687,0x82,0x00,True,2.2,-4.47,99.66,0,47.83
18:29:51.037,18:29:51.037,93330.697,0x82,0x00,True,2.2,-4.45,99.59,0,47.78
18:30:21.037,18:30:21.037,93360.697,0x82,0x00,True,2.2,-4.45,99.58,0,47.63
18:30:51.053,18:30:51.053,93390.713,0x82,0x00,True,2.2,-4.44,99.56,0,47.56
18:31:21.072,18:31:21.072,93420.732,0x82,0x00,True,2.21,-4.47,99.54,0,47.5
18:31:51.077,18:31:51.077,93450.737,0x82,0x00,True,2.2,-4.43,99.52,0,47.35
18:32:21.098,18:32:21.098,93480.758,0x82,0x00,True,2.2,-4.46,99.46,0,47.15
18:32:51.107,18:32:51.107,93510.767,0x82,0x00,True,2.19,-4.45,99.43,0,47.02
18:33:21.112,18:33:21.112,93540.772,0x82,0x00,True,2.21,-4.44,99.42,0,46.87
18:33:51.122,18:33:51.122,93570.782,0x82,0x00,True,2.19,-4.44,99.3,0,46.73
18:34:21.128,18:34:21.128,93600.788,0x82,0x00,True,2.19,-4.42,99.23,0,46.51
18:34:51.132,18:34:51.132,93630.792,0x82,0x00,True,2.19,-4.44,99.15,0,46.31
18:35:21.143,18:35:21.143,93660.803,0x82,0x00,True,2.18,-4.44,99.1,0,46.1
18:35:51.143,18:35:51.143,93690.803,0x82,0x00,True,2.2,-4.44,99.08,0,45.91
18:36:21.142,18:36:21.142,93720.802,0x82,0x00,True,2.2,-4.43,99.0,0,45.75
18:36:51.162,18:36:51.162,93750.822,0x82,0x00,True,2.19,-4.43,98.93,0,45.53
18:37:21.152,18:37:21.152,93780.812,0x82,0x00,True,2.18,-4.44,98.91,0,45.42
18:37:51.168,18:37:51.168,93810.828,0x82,0x00,True,2.19,-4.43,98.85,0,45.1
18:38:21.162,18:38:21.162,93840.822,0x82,0x00,True,2.18,-4.42,98.82,0,44.98
18:38:51.172,18:38:51.172,93870.832,0x82,0x00,True,2.19,-4.43,98.77,0,44.75
18:39:21.194,18:39:21.194,93900.854,0x82,0x00,True,2.19,-4.45,98.71,0,44.55
18:39:51.183,18:39:51.183,93930.843,0x82,0x00,True,2.17,-4.43,98.67,0,44.43
18:40:21.187,18:40:21.187,93960.847,0x82,0x00,True,2.18,-4.43,98.6,0,44.21
18:40:51.197,18:40:51.197,93990.857,0x82,0x00,True,2.19,-4.44,98.55,0,44.13
18:41:21.197,18:41:21.197,94020.857,0x82,0x00,True,2.18,-4.44,98.56,0,44.02
18:41:51.202,18:41:51.202,94050.862,0x82,0x00,True,2.18,-4.41,98.54,0,43.78
18:42:21.213,18:42:21.213,94080.873,0x82,0x00,True,2.18,-4.44,98.52,0,43.72
18:42:51.218,18:42:51.218,94110.878,0x82,0x00,True,2.18,-4.43,98.49,0,43.63
18:43:21.212,18:43:21.212,94140.872,0x82,0x00,True,2.17,-4.43,98.46,0,43.48
18:43:51.213,18:43:51.213,94170.873,0x82,0x00,True,2.17,-4.43,98.39,0,43.3
18:44:21.218,18:44:21.218,94200.878,0x82,0x00,True,2.17,-4.42,98.4,0,43.2
18:44:51.217,18:44:51.217,94230.877,0x82,0x00,True,2.17,-4.42,98.35,0,43.06
18:45:21.213,18:45:21.213,94260.873,0x82,0x00,True,2.18,-4.42,98.31,0,42.99
18:45:51.213,18:45:51.213,94290.873,0x82,0x00,True,2.17,-4.41,98.32,0,42.83
18:50:21.207,18:50:21.207,94560.867,0x82,0x00,True,2.15,-4.42,98.22,0,41.96
18:50:51.202,18:50:51.202,94590.862,0x82,0x00,True,2.16,-4.43,98.21,0,41.88
18:51:21.207,18:51:21.207,94620.867,0x82,0x00,True,2.16,-4.44,98.18,0,41.77
18:51:51.197,18:51:51.197,94650.857,0x82,0x00,True,2.15,-4.45,98.16,0,41.67
18:52:21.192,18:52:21.192,94680.852,0x82,0x00,True,2.15,-4.43,98.17,0,41.65
18:52:51.191,18:52:51.191,94710.851,0x82,0x00,True,2.15,-4.43,98.14,0,41.51
18:53:21.182,18:53:21.182,94740.842,0x82,0x00,True,2.16,-4.44,98.1,0,41.46
18:53:51.167,18:53:51.167,94770.827,0x82,0x00,True,2.15,-4.43,98.13,0,41.3
18:54:21.162,18:54:21.162,94800.822,0x82,0x00,True,2.16,-4.44,98.1,0,41.35
18:54:51.162,18:54:51.162,94830.822,0x82,0x00,True,2.17,-4.44,98.04,0,41.19
18:55:21.152,18:55:21.152,94860.812,0x82,0x00,True,2.17,-4.42,98.03,0,41.05
18:55:51.157,18:55:51.157,94890.817,0x82,0x00,True,2.15,-4.43,98.02,0,40.98
18:56:21.142,18:56:21.142,94920.802,0x82,0x00,True,2.16,-4.35,97.99,0,40.81
18:56:51.152,18:56:51.152,94950.812,0x82,0x00,True,2.15,-4.42,98.03,0,40.77
18:57:21.132,18:57:21.132,94980.792,0x82,0x00,True,2.16,-4.42,98.05,0,40.7
18:57:51.142,18:57:51.142,95010.802,0x82,0x00,True,2.14,-4.44,98.11,0,40.73
18:58:21.132,18:58:21.132,95040.792,0x82,0x00,True,2.16,-4.45,98.13,0,40.54
18:58:51.117,18:58:51.117,95070.777,0x82,0x00,True,2.15,-4.42,98.11,0,40.48
18:59:21.122,18:59:21.122,95100.782,0x82,0x00,True,2.14,-4.42,98.09,0,40.45
18:59:51.103,18:59:51.103,95130.763,0x82,0x00,True,2.15,-4.44,98.06,0,40.4
19:00:21.128,19:00:21.128,95160.788,0x82,0x00,True,2.14,-4.43,98.08,0,40.31
19:00:51.092,19:00:51.092,95190.752,0x82,0x00,True,2.13,-4.41,98.07,0,40.14
19:01:21.097,19:01:21.097,95220.757,0x82,0x00,True,2.14,-4.37,98.02,0,40.11
19:01:51.077,19:01:51.077,95250.737,0x82,0x00,True,2.14,-4.42,98.03,0,40.05
19:02:21.072,19:02:21.072,95280.732,0x82,0x00,True,2.15,-4.45,98.02,0,39.97
19:02:51.062,19:02:51.062,95310.722,0x82,0x00,True,2.14,-4.42,98.04,0,39.98
19:03:21.057,19:03:21.057,95340.717,0x82,0x00,True,2.15,-4.41,98.01,0,39.82
19:03:51.058,19:03:51.058,95370.718,0x82,0x00,True,2.14,-4.42,97.98,0,39.88
19:04:21.052,19:04:21.052,95400.712,0x82,0x00,True,2.14,-4.43,97.95,0,39.78
19:04:51.042,19:04:51.042,95430.702,0x82,0x00,True,2.14,-4.45,97.99,0,39.83
19:05:21.032,19:05:21.032,95460.692,0x82,0x00,True,2.15,-4.44,98.0,0,39.66
19:05:51.018,19:05:51.018,95490.678,0x82,0x00,True,2.15,-4.44,97.95,0,39.71
19:06:21.018,19:06:21.018,95520.678,0x82,0x00,True,2.15,-4.43,97.97,0,39.71
19:06:51.007,19:06:51.007,95550.667,0x82,0x00,True,2.15,-4.41,97.97,0,39.72
19:07:20.987,19:07:20.987,95580.647,0x82,0x00,True,2.13,-4.42,97.97,0,39.64
19:07:50.987,19:07:50.987,95610.647,0x82,0x00,True,2.14,-4.42,97.99,0,39.56
19:08:20.973,19:08:20.973,95640.633,0x82,0x00,True,2.14,-4.45,97.96,0,39.43
19:08:50.967,19:08:50.967,95670.627,0x82,0x00,True,2.14,-4.46,97.93,0,39.42
19:09:20.962,19:09:20.962,95700.622,0x82,0x00,True,2.13,-4.44,97.96,0,39.44
19:09:50.952,19:09:50.952,95730.612,0x82,0x00,True,2.14,-4.44,97.94,0,39.38
19:10:20.947,19:10:20.947,95760.607,0x82,0x00,True,2.13,-4.38,97.97,0,39.34
19:10:50.940,19:10:50.940,95790.6,0x82,0x00,True,2.14,-4.4,97.99,0,39.31
19:11:20.912,19:11:20.912,95820.572,0x82,0x00,True,2.15,-4.42,97.97,0,39.29
19:11:50.912,19:11:50.912,95850.572,0x82,0x00,True,2.14,-4.36,98.0,0,39.29
19:12:20.912,19:12:20.912,95880.572,0x82,0x00,True,2.15,-4.34,97.95,0,39.12
19:12:50.892,19:12:50.892,95910.552,0x82,0x00,True,2.14,-4.4,98.0,0,39.13
19:13:20.887,19:13:20.887,95940.547,0x82,0x00,True,2.14,-4.39,98.0,0,39.17
19:13:50.867,19:13:50.867,95970.527,0x82,0x00,True,2.14,-4.4,97.99,0,39.13
19:14:20.872,19:14:20.872,96000.532,0x82,0x00,True,2.13,-4.41,98.01,0,39.15
19:14:50.862,19:14:50.862,96030.522,0x82,0x00,True,2.14,-4.39,98.05,0,39.13
19:15:20.837,19:15:20.837,96060.497,0x82,0x00,True,2.13,-4.41,98.06,0,39.01
19:15:50.837,19:15:50.837,96090.497,0x82,0x00,True,2.14,-4.39,98.04,0,39.11
19:16:20.817,19:16:20.817,96120.477,0x82,0x00,True,2.15,-4.37,98.07,0,39.07
19:16:50.817,19:16:50.817,96150.477,0x82,0x00,True,2.15,-4.38,98.07,0,39.0
19:17:20.808,19:17:20.808,96180.468,0x82,0x00,True,2.14,-4.37,98.05,0,38.96
19:17:50.797,19:17:50.797,96210.457,0x82,0x00,True,2.12,-4.42,98.04,0,38.91
19:18:20.787,19:18:20.787,96240.447,0x82,0x00,True,2.14,-4.41,98.05,0,38.84
19:18:50.777,19:18:50.777,96270.437,0x82,0x00,True,2.13,-4.4,98.04,0,38.83
19:19:20.768,19:19:20.768,96300.428,0x82,0x00,True,2.13,-4.42,98.05,0,38.75
19:19:50.747,19:19:50.747,96330.407,0x82,0x00,True,2.14,-4.38,98.03,0,38.64
19:20:20.741,19:20:20.741,96360.401,0x82,0x00,True,2.14,-4.41,98.02,0,38.75
19:20:50.742,19:20:50.742,96390.402,0x82,0x00,True,2.13,-4.44,98.05,0,38.54
19:21:20.736,19:21:20.736,96420.396,0x82,0x00,True,2.14,-4.42,98.03,0,38.48
19:21:50.722,19:21:50.722,96450.382,0x82,0x00,True,2.13,-4.42,98.07,0,38.33
19:22:20.712,19:22:20.712,96480.372,0x82,0x00,True,2.14,-4.4,98.06,0,38.18
19:22:50.702,19:22:50.702,96510.362,0x82,0x00,True,2.14,-4.39,98.05,0,38.17
19:23:20.677,19:23:20.677,96540.337,0x82,0x00,True,2.14,-4.41,98.05,0,38.16
19:23:50.667,19:23:50.667,96570.327,0x82,0x00,True,2.13,-4.42,98.03,0,38.07
19:24:20.652,19:24:20.652,96600.312,0x82,0x00,True,2.12,-4.4,98.04,0,38.12
19:24:50.657,19:24:50.657,96630.317,0x82,0x00,True,2.13,-4.39,98.05,0,38.1
19:25:20.632,19:25:20.632,96660.292,0x82,0x00,True,2.14,-4.36,98.06,0,37.91
19:25:50.632,19:25:50.632,96690.292,0x82,0x00,True,2.13,-4.38,98.06,0,37.9
19:26:20.622,19:26:20.622,96720.282,0x82,0x00,True,2.13,-4.42,98.07,0,37.88
19:26:50.612,19:26:50.612,96750.272,0x82,0x00,True,2.14,-4.39,98.02,0,37.91
19:27:20.592,19:27:20.592,96780.252,0x82,0x00,True,2.13,-4.41,98.04,0,37.91
19:27:50.578,19:27:50.578,96810.238,0x82,0x00,True,2.15,-4.43,98.09,0,37.98
19:28:20.567,19:28:20.567,96840.227,0x82,0x00,True,2.14,-4.44,98.08,0,37.92
19:28:50.572,19:28:50.572,96870.232,0x82,0x00,True,2.14,-4.43,98.05,0,37.9
19:29:20.547,19:29:20.547,96900.207,0x82,0x00,True,2.14,-4.44,98.05,0,37.83
19:29:50.542,19:29:50.542,96930.202,0x82,0x00,True,2.14,-4.44,98.07,0,37.91
19:30:20.522,19:30:20.522,96960.182,0x82,0x00,True,2.13,-4.43,98.08,0,37.9
19:30:50.513,19:30:50.513,96990.173,0x82,0x00,True,2.13,-4.44,98.08,0,37.84
19:31:20.502,19:31:20.502,97020.162,0x82,0x00,True,2.14,-4.43,98.11,0,37.75
19:31:50.508,19:31:50.508,97050.168,0x82,0x00,True,2.13,-4.41,98.07,0,37.77
19:32:20.498,19:32:20.498,97080.158,0x82,0x00,True,2.14,-4.4,98.07,0,37.69
19:32:50.477,19:32:50.477,97110.137,0x82,0x00,True,2.15,-4.43,98.09,0,37.66
19:33:20.467,19:33:20.467,97140.127,0x82,0x00,True,2.13,-4.4,98.13,0,37.68
19:33:50.462,19:33:50.462,97170.122,0x82,0x00,True,2.13,-4.43,98.15,0,37.79
19:34:20.442,19:34:20.442,97200.102,0x82,0x00,True,2.13,-4.39,98.13,0,37.62
19:34:50.428,19:34:50.428,97230.088,0x82,0x00,True,2.14,-4.43,98.13,0,37.71
19:35:20.437,19:35:20.437,97260.097,0x82,0x00,True,2.12,-4.46,98.14,0,37.68
19:35:50.417,19:35:50.417,97290.077,0x82,0x00,True,2.15,-4.43,98.13,0,37.65
19:36:20.397,19:36:20.397,97320.057,0x82,0x00,True,2.13,-4.43,98.12,0,37.55
19:36:50.393,19:36:50.393,97350.053,0x82,0x00,True,2.13,-4.45,98.12,0,37.57
19:37:20.382,19:37:20.382,97380.042,0x82,0x00,True,2.13,-4.44,98.09,0,37.46
19:37:50.377,19:37:50.377,97410.037,0x82,0x00,True,2.13,-4.43,98.1,0,37.43
19:38:20.352,19:38:20.352,97440.012,0x82,0x00,True,2.13,-4.39,98.08,0,37.46
19:38:50.357,19:38:50.357,97470.017,0x82,0x00,True,2.14,-4.42,98.1,0,37.44
19:39:20.332,19:39:20.332,97499.992,0x82,0x00,True,2.14,-4.4,98.11,0,37.3
19:39:50.317,19:39:50.317,97529.977,0x82,0x00,True,2.13,-4.42,98.07,0,37.34
19:40:20.322,19:40:20.322,97559.982,0x82,0x00,True,2.14,-4.42,98.1,0,37.4
19:40:50.313,19:40:50.313,97589.973,0x82,0x00,True,2.14,-4.42,98.13,0,37.43
19:41:20.287,19:41:20.287,97619.947,0x82,0x00,True,2.13,-4.43,98.08,0,37.38
19:41:50.277,19:41:50.277,97649.937,0x82,0x00,True,2.15,-4.41,98.08,0,37.37
19:42:20.277,19:42:20.277,97679.937,0x82,0x00,True,2.14,-4.42,98.08,0,37.36
19:42:50.257,19:42:50.257,97709.917,0x82,0x00,True,2.13,-4.39,98.12,0,37.34
19:43:20.247,19:43:20.247,97739.907,0x82,0x00,True,2.13,-4.4,98.1,0,37.31
19:43:50.242,19:43:50.242,97769.902,0x82,0x00,True,2.14,-4.44,98.13,0,37.34
19:44:20.227,19:44:20.227,97799.887,0x82,0x00,True,2.12,-4.44,98.15,0,37.37
19:44:50.207,19:44:50.207,97829.867,0x82,0x00,True,2.14,-4.42,98.13,0,37.28
19:45:20.192,19:45:20.192,97859.852,0x82,0x00,True,2.14,-4.43,98.13,0,37.24
19:45:50.197,19:45:50.197,97889.857,0x82,0x00,True,2.14,-4.44,98.11,0,37.28
19:46:20.172,19:46:20.172,97919.832,0x82,0x00,True,2.14,-4.41,98.15,0,37.39
19:46:50.157,19:46:50.157,97949.817,0x82,0x00,True,2.13,-4.44,98.1,0,37.4
19:47:20.147,19:47:20.147,97979.807,0x82,0x00,True,2.12,-4.45,98.1,0,37.18
19:47:50.146,19:47:50.146,98009.806,0x82,0x00,True,2.14,-4.44,98.08,0,37.15
19:48:20.117,19:48:20.117,98039.777,0x82,0x00,True,2.13,-4.42,98.09,0,37.16
19:48:50.102,19:48:50.102,98069.762,0x82,0x00,True,2.14,-4.41,98.08,0,37.19
19:49:20.098,19:49:20.098,98099.758,0x82,0x00,True,2.12,-4.44,98.1,0,37.28
19:49:50.087,19:49:50.087,98129.747,0x82,0x00,True,2.13,-4.43,98.11,0,37.16
19:50:20.077,19:50:20.077,98159.737,0x82,0x00,True,2.13,-4.45,98.1,0,37.16
19:50:50.063,19:50:50.063,98189.723,0x82,0x00,True,2.14,-4.43,98.13,0,37.13
19:51:20.037,19:51:20.037,98219.697,0x82,0x00,True,2.13,-4.44,98.13,0,37.15
19:51:50.021,19:51:50.021,98249.681,0x82,0x00,True,2.13,-4.42,98.12,0,37.1
19:52:20.022,19:52:20.022,98279.682,0x82,0x00,True,2.14,-4.41,98.13,0,37.17
19:52:50.007,19:52:50.007,98309.667,0x82,0x00,True,2.13,-4.43,98.13,0,37.17
19:53:19.997,19:53:19.997,98339.657,0x82,0x00,True,2.14,-4.38,98.14,0,37.16
19:53:49.980,19:53:49.980,98369.64,0x82,0x00,True,2.13,-4.45,98.13,0,37.16
19:54:19.972,19:54:19.972,98399.632,0x82,0x00,True,2.13,-4.46,98.15,0,37.22
19:54:49.947,19:54:49.947,98429.607,0x82,0x00,True,2.13,-4.44,98.11,0,37.16
19:55:19.950,19:55:19.950,98459.61,0x82,0x00,True,2.13,-4.42,98.12,0,37.16
19:55:49.932,19:55:49.932,98489.592,0x82,0x00,True,2.13,-4.45,98.12,0,37.13
19:56:19.922,19:56:19.922,98519.582,0x82,0x00,True,2.12,-4.42,98.13,0,37.12
19:56:49.913,19:56:49.913,98549.573,0x82,0x00,True,2.13,-4.41,98.13,0,37.07
19:57:19.887,19:57:19.887,98579.547,0x82,0x00,True,2.14,-4.44,98.11,0,37.13
19:57:49.882,19:57:49.882,98609.542,0x82,0x00,True,2.14,-4.41,98.13,0,37.12
19:58:19.867,19:58:19.867,98639.527,0x82,0x00,True,2.14,-4.4,98.19,0,37.17
19:58:49.857,19:58:49.857,98669.517,0x82,0x00,True,2.13,-4.41,98.15,0,37.08
19:59:19.847,19:59:19.847,98699.507,0x82,0x00,True,2.13,-4.4,98.18,0,37.16
19:59:49.832,19:59:49.832,98729.492,0x82,0x00,True,2.13,-4.42,98.18,0,37.12
20:00:19.822,20:00:19.822,98759.482,0x82,0x00,True,2.13,-4.43,98.2,0,37.11
20:00:49.798,20:00:49.798,98789.458,0x82,0x00,True,2.13,-4.43,98.19,0,37.13
20:01:19.798,20:01:19.798,98819.458,0x82,0x00,True,2.13,-4.4,98.13,0,37.13
20:01:49.777,20:01:49.777,98849.437,0x82,0x00,True,2.14,-4.39,98.16,0,37.09
20:02:19.772,20:02:19.772,98879.432,0x82,0x00,True,2.13,-4.42,98.16,0,37.13
20:02:49.763,20:02:49.763,98909.423,0x82,0x00,True,2.14,-4.42,98.17,0,37.06
20:03:19.749,20:03:19.749,98939.409,0x82,0x00,True,2.13,-4.4,98.18,0,37.16
20:03:49.742,20:03:49.742,98969.402,0x82,0x00,True,2.12,-4.43,98.17,0,37.16
20:04:19.713,20:04:19.713,98999.373,0x82,0x00,True,2.13,-4.43,98.16,0,37.11
20:04:49.712,20:04:49.712,99029.372,0x82,0x00,True,2.14,-4.41,98.18,0,37.09
20:05:19.692,20:05:19.692,99059.352,0x82,0x00,True,2.14,-4.41,98.17,0,37.06
20:05:49.682,20:05:49.682,99089.342,0x82,0x00,True,2.14,-4.39,98.17,0,37.06
20:06:19.673,20:06:19.673,99119.333,0x82,0x00,True,2.14,-4.43,98.16,0,37.01
20:06:49.657,20:06:49.657,99149.317,0x82,0x00,True,2.13,-4.44,98.15,0,37.03
20:07:19.647,20:07:19.647,99179.307,0x82,0x00,True,2.12,-4.42,98.13,0,36.91
20:07:49.622,20:07:49.622,99209.282,0x82,0x00,True,2.13,-4.37,98.18,0,36.91
20:08:19.617,20:08:19.617,99239.277,0x82,0x00,True,2.14,-4.4,98.15,0,36.91
20:08:49.597,20:08:49.597,99269.257,0x82,0x00,True,2.13,-4.44,98.17,0,36.89
20:09:19.588,20:09:19.588,99299.248,0x82,0x00,True,2.13,-4.42,98.14,0,36.91
20:09:49.580,20:09:49.580,99329.24,0x82,0x00,True,2.13,-4.44,98.13,0,36.92
20:10:19.550,20:10:19.550,99359.21,0x82,0x00,True,2.14,-4.4,98.14,0,36.84
20:10:49.542,20:10:49.542,99389.202,0x82,0x00,True,2.13,-4.43,98.16,0,36.86
20:11:19.527,20:11:19.527,99419.187,0x82,0x00,True,2.12,-4.38,98.14,0,36.85
20:11:49.502,20:11:49.502,99449.162,0x82,0x00,True,2.12,-4.41,98.15,0,36.88
20:12:19.497,20:12:19.497,99479.157,0x82,0x00,True,2.13,-4.42,98.12,0,36.88
20:12:49.473,20:12:49.473,99509.133,0x82,0x00,True,2.13,-4.42,98.12,0,36.82
20:13:19.468,20:13:19.468,99539.128,0x82,0x00,True,2.14,-4.41,99.39,0,36.97
20:13:49.452,20:13:49.452,99569.112,0x82,0x00,True,2.13,-4.44,99.39,0,36.9
20:14:19.447,20:14:19.447,99599.107,0x82,0x00,True,2.13,-4.39,99.36,0,36.87
20:14:49.432,20:14:49.432,99629.092,0x82,0x00,True,2.13,-4.41,99.38,0,36.8
20:15:19.407,20:15:19.407,99659.067,0x82,0x00,True,2.13,-4.42,99.38,0,36.83
20:15:49.393,20:15:49.393,99689.053,0x82,0x00,True,2.13,-4.42,99.35,0,36.77
20:16:19.383,20:16:19.383,99719.043,0x82,0x00,True,2.13,-4.43,99.37,0,36.8
20:16:49.377,20:16:49.377,99749.037,0x82,0x00,True,2.13,-4.41,99.39,0,36.88
20:17:19.357,20:17:19.357,99779.017,0x82,0x00,True,2.14,-4.44,99.37,0,36.89
20:17:49.353,20:17:49.353,99809.013,0x82,0x00,True,2.12,-4.43,99.41,0,36.94
20:18:19.350,20:18:19.350,99839.01,0x82,0x00,True,2.13,-4.44,99.39,0,36.79
20:18:49.322,20:18:49.322,99868.982,0x82,0x00,True,2.13,-4.4,99.41,0,36.8
20:19:19.307,20:19:19.307,99898.967,0x82,0x00,True,2.12,-4.42,99.37,0,36.85
20:19:49.305,20:19:49.305,99928.965,0x82,0x00,True,2.13,-4.43,99.4,0,36.75
20:20:19.297,20:20:19.297,99958.957,0x82,0x00,True,2.13,-4.43,99.4,0,36.75
20:20:49.276,20:20:49.276,99988.936,0x82,0x00,True,2.13,-4.43,99.42,0,36.63
20:21:19.277,20:21:19.277,100018.937,0x82,0x00,True,2.13,-4.4,99.4,0,36.66
20:21:49.257,20:21:49.257,100048.917,0x82,0x00,True,2.13,-4.37,99.37,0,36.57
20:22:19.237,20:22:19.237,100078.897,0x82,0x00,True,2.14,-4.38,99.44,0,36.73
20:22:49.227,20:22:49.227,100108.887,0x82,0x00,True,2.11,-4.4,99.42,0,36.7
20:23:19.212,20:23:19.212,100138.872,0x82,0x00,True,2.12,-4.42,99.41,0,36.72
20:23:49.202,20:23:49.202,100168.862,0x82,0x00,True,2.12,-4.41,99.42,0,36.58
20:24:19.187,20:24:19.187,100198.847,0x82,0x00,True,2.13,-4.41,99.38,0,36.53
20:24:49.178,20:24:49.178,100228.838,0x82,0x00,True,2.13,-4.41,99.32,0,36.31
20:25:19.157,20:25:19.157,100258.817,0x82,0x00,True,2.13,-4.44,99.38,0,36.3
20:25:49.141,20:25:49.141,100288.801,0x82,0x00,True,2.11,-4.43,99.37,0,36.33
20:26:19.132,20:26:19.132,100318.792,0x82,0x00,True,2.13,-4.42,99.37,0,36.32
20:26:49.111,20:26:49.111,100348.771,0x82,0x00,True,2.11,-4.42,99.38,0,36.44
20:27:19.092,20:27:19.092,100378.752,0x82,0x00,True,2.12,-4.43,99.38,0,36.28
20:27:49.082,20:27:49.082,100408.742,0x82,0x00,True,2.12,-4.43,99.37,0,36.3
20:28:19.057,20:28:19.057,100438.717,0x82,0x00,True,2.13,-4.44,99.39,0,36.27
20:28:49.047,20:28:49.047,100468.707,0x82,0x00,True,2.12,-4.44,99.38,0,36.3
20:29:19.047,20:29:19.047,100498.707,0x82,0x00,True,2.11,-4.42,99.35,0,36.29
20:29:49.027,20:29:49.027,100528.687,0x82,0x00,True,2.11,-4.41,99.38,0,36.39
20:30:19.018,20:30:19.018,100558.678,0x82,0x00,True,2.12,-4.43,99.36,0,36.42
20:30:48.992,20:30:48.992,100588.652,0x82,0x00,True,2.11,-4.42,99.36,0,36.48
20:31:18.992,20:31:18.992,100618.652,0x82,0x00,True,2.11,-4.44,99.36,0,36.46
20:31:48.977,20:31:48.977,100648.637,0x82,0x00,True,2.12,-4.39,99.37,0,36.42
20:32:18.967,20:32:18.967,100678.627,0x82,0x00,True,2.11,-4.41,99.43,0,36.45
20:32:48.957,20:32:48.957,100708.617,0x82,0x00,True,2.13,-4.42,99.39,0,36.6
20:33:18.927,20:33:18.927,100738.587,0x82,0x00,True,2.13,-4.41,99.42,0,36.5
20:33:48.927,20:33:48.927,100768.587,0x82,0x00,True,2.12,-4.41,99.4,0,36.54
20:34:18.907,20:34:18.907,100798.567,0x82,0x00,True,2.12,-4.42,99.41,0,36.51
20:34:48.897,20:34:48.897,100828.557,0x82,0x00,True,2.12,-4.42,99.41,0,36.5
20:35:18.887,20:35:18.887,100858.547,0x82,0x00,True,2.13,-4.42,99.43,0,36.66
20:35:48.877,20:35:48.877,100888.537,0x82,0x00,True,2.12,-4.41,99.44,0,36.67
20:36:18.867,20:36:18.867,100918.527,0x82,0x00,True,2.12,-4.4,99.46,0,36.72
20:36:48.842,20:36:48.842,100948.502,0x82,0x00,True,2.12,-4.43,99.46,0,36.75
20:37:18.837,20:37:18.837,100978.497,0x82,0x00,True,2.12,-4.42,99.51,0,36.81
20:37:48.834,20:37:48.834,101008.494,0x82,0x00,True,2.12,-4.44,99.53,0,36.76
20:38:18.807,20:38:18.807,101038.467,0x82,0x00,True,2.12,-4.44,99.51,0,36.78
20:38:48.797,20:38:48.797,101068.457,0x82,0x00,True,2.12,-4.41,99.47,0,36.7
20:39:18.782,20:39:18.782,101098.442,0x82,0x00,True,2.12,-4.43,99.47,0,36.67
20:39:48.780,20:39:48.780,101128.44,0x82,0x00,True,2.11,-4.39,99.5,0,36.67
20:40:18.752,20:40:18.752,101158.412,0x82,0x00,True,2.13,-4.43,99.51,0,36.74
20:40:48.747,20:40:48.747,101188.407,0x82,0x00,True,2.12,-4.4,99.59,0,36.82
20:41:18.732,20:41:18.732,101218.392,0x82,0x00,True,2.12,-4.42,99.58,0,36.81
20:41:48.730,20:41:48.730,101248.39,0x82,0x00,True,2.12,-4.44,99.55,0,36.85
20:42:18.712,20:42:18.712,101278.372,0x82,0x00,True,2.12,-4.44,99.54,0,36.79
20:42:48.697,20:42:48.697,101308.357,0x82,0x00,True,2.11,-4.43,99.57,0,36.77
20:43:18.673,20:43:18.673,101338.333,0x82,0x00,True,2.12,-4.44,99.53,0,36.77
20:43:48.662,20:43:48.662,101368.322,0x82,0x00,True,2.12,-4.42,99.58,0,36.71
20:44:18.647,20:44:18.647,101398.307,0x82,0x00,True,2.12,-4.41,99.56,0,36.69
20:44:48.649,20:44:48.649,101428.309,0x82,0x00,True,2.12,-4.41,99.59,0,36.83
20:45:18.627,20:45:18.627,101458.287,0x82,0x00,True,2.13,-4.42,99.59,0,36.85
20:45:48.627,20:45:48.627,101488.287,0x82,0x00,True,2.13,-4.43,99.58,0,36.75
20:46:18.597,20:46:18.597,101518.257,0x82,0x00,True,2.14,-4.4,99.6,0,36.72
20:46:48.587,20:46:48.587,101548.247,0x82,0x00,True,2.13,-4.43,99.61,0,36.79
20:47:18.572,20:47:18.572,101578.232,0x82,0x00,True,2.12,-4.39,99.58,0,36.66
20:47:48.572,20:47:48.572,101608.232,0x82,0x00,True,2.12,-4.43,99.58,0,36.76
20:48:18.564,20:48:18.564,101638.224,0x82,0x00,True,2.12,-4.41,99.52,0,36.79
20:48:48.547,20:48:48.547,101668.207,0x82,0x00,True,2.12,-4.41,99.57,0,36.74
20:49:18.535,20:49:18.535,101698.195,0x82,0x00,True,2.11,-4.26,99.53,0,36.69
20:49:48.507,20:49:48.507,101728.167,0x82,0x00,True,2.12,-4.41,99.56,0,36.68
20:50:18.505,20:50:18.505,101758.165,0x82,0x00,True,2.12,-4.42,99.57,0,36.64
20:50:48.497,20:50:48.497,101788.157,0x82,0x00,True,2.12,-4.4,99.53,0,36.61
20:51:18.472,20:51:18.472,101818.132,0x82,0x00,True,2.13,-4.43,99.49,0,36.63
20:51:48.467,20:51:48.467,101848.127,0x82,0x00,True,2.12,-4.43,99.55,0,36.61
20:52:18.442,20:52:18.442,101878.102,0x82,0x00,True,2.12,-4.41,99.57,0,36.68
20:52:48.433,20:52:48.433,101908.093,0x82,0x00,True,2.13,-4.44,99.54,0,36.67
20:53:18.431,20:53:18.431,101938.091,0x82,0x00,True,2.11,-4.43,99.56,0,36.51
20:53:48.417,20:53:48.417,101968.077,0x82,0x00,True,2.12,-4.42,99.53,0,36.52
20:54:18.402,20:54:18.402,101998.062,0x82,0x00,True,2.12,-4.4,99.57,0,36.69
20:54:48.397,20:54:48.397,102028.057,0x82,0x00,True,2.13,-4.42,99.55,0,36.65
20:55:18.377,20:55:18.377,102058.037,0x82,0x00,True,2.12,-4.4,99.6,0,36.71
20:55:48.362,20:55:48.362,102088.022,0x82,0x00,True,2.12,-4.38,99.57,0,36.76
20:56:18.357,20:56:18.357,102118.017,0x82,0x00,True,2.13,-4.41,99.61,0,36.69
20:56:48.337,20:56:48.337,102147.997,0x82,0x00,True,2.13,-4.4,99.6,0,36.71
20:57:18.343,20:57:18.343,102178.003,0x82,0x00,True,2.12,-4.41,99.63,0,36.79
20:57:48.333,20:57:48.333,102207.993,0x82,0x00,True,2.12,-4.39,99.59,0,36.79
20:58:18.312,20:58:18.312,102237.972,0x82,0x00,True,2.12,-4.4,99.62,0,36.73
20:58:48.308,20:58:48.308,102267.968,0x82,0x00,True,2.12,-4.41,99.6,0,36.68
20:59:18.282,20:59:18.282,102297.942,0x82,0x00,True,2.13,-4.41,99.59,0,36.73
20:59:48.274,20:59:48.274,102327.934,0x82,0x00,True,2.13,-4.41,99.58,0,36.79
21:00:18.252,21:00:18.252,102357.912,0x82,0x00,True,2.13,-4.42,99.57,0,36.89
21:00:48.252,21:00:48.252,102387.912,0x82,0x00,True,2.12,-4.41,99.6,0,36.8
21:01:18.242,21:01:18.242,102417.902,0x82,0x00,True,2.13,-4.39,99.6,0,36.77
21:01:48.217,21:01:48.217,102447.877,0x82,0x00,True,2.12,-4.42,99.6,0,36.76
21:02:18.217,21:02:18.217,102477.877,0x82,0x00,True,2.13,-4.42,99.62,0,36.77
21:02:48.192,21:02:48.192,102507.852,0x82,0x00,True,2.12,-4.43,99.59,0,36.83
21:03:18.192,21:03:18.192,102537.852,0x82,0x00,True,2.13,-4.41,99.62,0,36.83
21:03:48.172,21:03:48.172,102567.832,0x82,0x00,True,2.14,-4.39,99.62,0,36.91
21:04:18.167,21:04:18.167,102597.827,0x82,0x00,True,2.12,-4.4,99.62,0,36.83
21:04:48.157,21:04:48.157,102627.817,0x82,0x00,True,2.12,-4.43,99.57,0,36.89
21:05:18.148,21:05:18.148,102657.808,0x82,0x00,True,2.13,-4.39,99.62,0,37.03
21:05:48.132,21:05:48.132,102687.792,0x82,0x00,True,2.12,-4.41,99.65,0,36.98
21:06:18.112,21:06:18.112,102717.772,0x82,0x00,True,2.12,-4.41,99.65,0,36.95
21:06:48.110,21:06:48.110,102747.77,0x82,0x00,True,2.12,-4.4,99.7,0,36.97
21:07:18.087,21:07:18.087,102777.747,0x82,0x00,True,2.14,-4.43,99.73,0,37.07
21:07:48.087,21:07:48.087,102807.747,0x82,0x00,True,2.11,-4.44,99.73,0,37.06
21:08:18.077,21:08:18.077,102837.737,0x82,0x00,True,2.11,-4.4,99.74,0,37.1
21:08:48.063,21:08:48.063,102867.723,0x82,0x00,True,2.13,-4.42,99.74,0,37.15
21:09:18.047,21:09:18.047,102897.707,0x82,0x00,True,2.12,-4.44,99.7,0,37.12
21:09:48.022,21:09:48.022,102927.682,0x82,0x00,True,2.13,-4.42,99.72,0,37.09
21:10:18.022,21:10:18.022,102957.682,0x82,0x00,True,2.12,-4.43,99.72,0,37.19
21:10:48.008,21:10:48.008,102987.668,0x82,0x00,True,2.12,-4.41,99.73,0,37.09
21:11:18.002,21:11:18.002,103017.662,0x82,0x00,True,2.13,-4.41,99.7,0,37.12
21:11:47.987,21:11:47.987,103047.647,0x82,0x00,True,2.11,-4.45,99.71,0,37.11
21:12:17.978,21:12:17.978,103077.638,0x82,0x00,True,2.12,-4.42,99.71,0,37.13
21:12:47.952,21:12:47.952,103107.612,0x82,0x00,True,2.11,-4.42,99.74,0,37.17
21:13:17.942,21:13:17.942,103137.602,0x82,0x00,True,2.13,-4.41,99.74,0,37.13
21:13:47.942,21:13:47.942,103167.602,0x82,0x00,True,2.12,-4.43,99.75,0,37.22
21:14:17.917,21:14:17.917,103197.577,0x82,0x00,True,2.12,-4.41,99.74,0,37.22
21:14:47.917,21:14:47.917,103227.577,0x82,0x00,True,2.13,-4.43,99.73,0,37.29
21:15:17.902,21:15:17.902,103257.562,0x82,0x00,True,2.11,-4.44,99.75,0,37.13
21:15:47.877,21:15:47.877,103287.537,0x82,0x00,True,2.12,-4.42,99.74,0,37.14
21:16:17.862,21:16:17.862,103317.522,0x82,0x00,True,2.11,-4.43,99.74,0,37.06
21:16:47.853,21:16:47.853,103347.513,0x82,0x00,True,2.13,-4.4,99.75,0,37.1
21:17:17.837,21:17:17.837,103377.497,0x82,0x00,True,2.13,-4.41,99.75,0,37.11
21:17:47.832,21:17:47.832,103407.492,0x82,0x00,True,2.12,-4.43,99.73,0,37.11
21:18:17.817,21:18:17.817,103437.477,0x82,0x00,True,2.12,-4.42,99.73,0,37.1
21:18:47.802,21:18:47.802,103467.462,0x82,0x00,True,2.12,-4.45,99.73,0,37.16
21:19:17.782,21:19:17.782,103497.442,0x82,0x00,True,2.13,-4.42,99.73,0,37.08
21:19:47.777,21:19:47.777,103527.437,0x82,0x00,True,2.12,-4.45,99.74,0,37.1
21:20:17.762,21:20:17.762,103557.422,0x82,0x00,True,2.11,-4.45,99.77,0,37.13
21:20:47.747,21:20:47.747,103587.407,0x82,0x00,True,2.11,-4.45,99.76,0,37.09
21:21:17.722,21:21:17.722,103617.382,0x82,0x00,True,2.12,-4.44,99.73,0,37.06
21:21:47.712,21:21:47.712,103647.372,0x82,0x00,True,2.13,-4.46,99.74,0,37.03
21:22:17.713,21:22:17.713,103677.373,0x82,0x00,True,2.12,-4.43,99.74,0,36.96
21:22:47.697,21:22:47.697,103707.357,0x82,0x00,True,2.12,-4.45,99.75,0,36.95
21:23:17.687,21:23:17.687,103737.347,0x82,0x00,True,2.13,-4.45,99.74,0,37.06
21:23:47.667,21:23:47.667,103767.327,0x82,0x00,True,2.12,-4.45,99.73,0,36.97
21:24:17.667,21:24:17.667,103797.327,0x82,0x00,True,2.13,-4.44,99.73,0,37.02
21:24:47.647,21:24:47.647,103827.307,0x82,0x00,True,2.12,-4.44,99.74,0,37.06
21:25:17.643,21:25:17.643,103857.303,0x82,0x00,True,2.13,-4.45,99.7,0,36.99
21:25:47.637,21:25:47.637,103887.297,0x82,0x00,True,2.12,-4.46,99.76,0,37.03
21:26:17.617,21:26:17.617,103917.277,0x82,0x00,True,2.12,-4.42,99.76,0,36.94
21:26:47.642,21:26:47.642,103947.302,0x82,0x00,True,2.12,-4.43,99.77,0,36.97
21:27:17.607,21:27:17.607,103977.267,0x82,0x00,True,2.12,-4.45,99.77,0,37.05
21:27:47.603,21:27:47.603,104007.263,0x82,0x00,True,2.13,-4.46,99.75,0,37.07
21:28:17.582,21:28:17.582,104037.242,0x82,0x00,True,2.13,-4.42,99.75,0,37.06
21:28:47.572,21:28:47.572,104067.232,0x82,0x00,True,2.12,-4.44,99.77,0,37.02
21:29:17.563,21:29:17.563,104097.223,0x82,0x00,True,2.13,-4.44,99.79,0,37.09
21:29:47.551,21:29:47.551,104127.211,0x82,0x00,True,2.11,-4.46,99.75,0,37.08
21:30:17.547,21:30:17.547,104157.207,0x82,0x00,True,2.12,-4.46,99.77,0,37.03
21:30:47.518,21:30:47.518,104187.178,0x82,0x00,True,2.12,-4.45,99.74,0,37.08
21:31:17.512,21:31:17.512,104217.172,0x82,0x00,True,2.11,-4.45,99.72,0,37.04
21:31:47.502,21:31:47.502,104247.162,0x82,0x00,True,2.13,-4.44,99.77,0,37.11
21:32:17.478,21:32:17.478,104277.138,0x82,0x00,True,2.12,-4.45,99.77,0,37.13
21:32:47.473,21:32:47.473,104307.133,0x82,0x00,True,2.12,-4.45,99.81,0,37.14
21:33:17.453,21:33:17.453,104337.113,0x82,0x00,True,2.13,-4.44,99.79,0,37.09
21:33:47.442,21:33:47.442,104367.102,0x82,0x00,True,2.11,-4.46,99.78,0,37.09
21:34:17.437,21:34:17.437,104397.097,0x82,0x00,True,2.12,-4.41,99.78,0,37.18
21:34:47.423,21:34:47.423,104427.083,0x82,0x00,True,2.13,-4.44,99.79,0,37.22
21:35:17.412,21:35:17.412,104457.072,0x82,0x00,True,2.12,-4.44,99.79,0,37.2
21:35:47.392,21:35:47.392,104487.052,0x82,0x00,True,2.12,-4.44,99.81,0,37.22
21:36:17.388,21:36:17.388,104517.048,0x82,0x00,True,2.13,-4.46,99.87,0,37.31
21:36:47.381,21:36:47.381,104547.041,0x82,0x00,True,2.12,-4.46,99.85,0,37.28
21:37:17.362,21:37:17.362,104577.022,0x82,0x00,True,2.12,-4.43,99.88,0,37.22
21:37:47.353,21:37:47.353,104607.013,0x82,0x00,True,2.12,-4.47,99.85,0,37.25
21:38:17.343,21:38:17.343,104637.003,0x82,0x00,True,2.13,-4.43,99.86,0,37.24
21:38:47.332,21:38:47.332,104666.992,0x82,0x00,True,2.12,-4.44,99.86,0,37.25
21:39:17.320,21:39:17.320,104696.98,0x82,0x00,True,2.12,-4.43,99.87,0,37.26
21:39:47.313,21:39:47.313,104726.973,0x82,0x00,True,2.13,-4.4,99.85,0,37.18
21:40:17.292,21:40:17.292,104756.952,0x82,0x00,True,2.11,-4.42,99.85,0,37.23
21:40:47.298,21:40:47.298,104786.958,0x82,0x00,True,2.12,-4.43,99.86,0,37.25
21:41:17.277,21:41:17.277,104816.937,0x82,0x00,True,2.12,-4.41,99.85,0,37.28
21:41:47.282,21:41:47.282,104846.942,0x82,0x00,True,2.13,-4.44,99.89,0,37.35
21:42:17.268,21:42:17.268,104876.928,0x82,0x00,True,2.13,-4.44,99.87,0,37.26
21:42:47.258,21:42:47.258,104906.918,0x82,0x00,True,2.13,-4.43,99.84,0,37.22
21:43:17.247,21:43:17.247,104936.907,0x82,0x00,True,2.12,-4.41,99.89,0,37.25
21:43:47.240,21:43:47.240,104966.9,0x82,0x00,True,2.12,-4.4,99.86,0,37.2
21:44:17.227,21:44:17.227,104996.887,0x82,0x00,True,2.12,-4.41,99.86,0,37.28
21:44:47.217,21:44:47.217,105026.877,0x82,0x00,True,2.11,-4.41,99.86,0,37.34
21:45:17.212,21:45:17.212,105056.872,0x82,0x00,True,2.13,-4.42,99.85,0,37.28
21:45:47.202,21:45:47.202,105086.862,0x82,0x00,True,2.12,-4.4,99.87,0,37.22
21:46:17.192,21:46:17.192,105116.852,0x82,0x00,True,2.12,-4.39,99.85,0,37.26
21:46:47.183,21:46:47.183,105146.843,0x82,0x00,True,2.11,-4.42,99.85,0,37.25
21:47:17.171,21:47:17.171,105176.831,0x82,0x00,True,2.12,-4.42,99.87,0,37.25
21:47:47.168,21:47:47.168,105206.828,0x82,0x00,True,2.12,-4.4,99.82,0,37.25
21:48:17.155,21:48:17.155,105236.815,0x82,0x00,True,2.11,-4.38,99.87,0,37.24
21:48:47.147,21:48:47.147,105266.807,0x82,0x00,True,2.12,-4.43,99.84,0,37.29
21:49:17.127,21:49:17.127,105296.787,0x82,0x00,True,2.11,-4.41,99.83,0,37.28
21:49:47.130,21:49:47.130,105326.79,0x82,0x00,True,2.11,-4.43,99.84,0,37.27
21:50:17.128,21:50:17.128,105356.788,0x82,0x00,True,2.11,-4.42,99.83,0,37.22
21:50:47.107,21:50:47.107,105386.767,0x82,0x00,True,2.12,-4.41,99.79,0,37.18
21:51:17.102,21:51:17.102,105416.762,0x82,0x00,True,2.12,-4.41,99.84,0,37.23
21:51:47.087,21:51:47.087,105446.747,0x82,0x00,True,2.12,-4.41,99.87,0,37.3
21:52:17.082,21:52:17.082,105476.742,0x82,0x00,True,2.13,-4.41,99.85,0,37.33
21:52:47.067,21:52:47.067,105506.727,0x82,0x00,True,2.11,-4.42,99.87,0,37.27
21:53:17.067,21:53:17.067,105536.727,0x82,0x00,True,2.13,-4.39,99.87,0,37.25
21:53:47.052,21:53:47.052,105566.712,0x82,0x00,True,2.12,-4.4,99.84,0,37.32
21:54:17.047,21:54:17.047,105596.707,0x82,0x00,True,2.13,-4.37,99.86,0,37.25
21:54:47.037,21:54:47.037,105626.697,0x82,0x00,True,2.12,-4.42,99.88,0,37.25
21:55:17.022,21:55:17.022,105656.682,0x82,0x00,True,2.12,-4.41,99.86,0,37.29
21:55:47.022,21:55:47.022,105686.682,0x82,0x00,True,2.12,-4.42,99.95,0,37.4
21:56:16.998,21:56:16.998,105716.658,0x82,0x00,True,2.11,-4.4,99.94,0,37.35
21:56:46.987,21:56:46.987,105746.647,0x82,0x00,True,2.13,-4.4,99.93,0,37.35
21:57:16.978,21:57:16.978,105776.638,0x82,0x00,True,2.12,-4.42,99.97,0,37.4
21:57:46.978,21:57:46.978,105806.638,0x82,0x00,True,2.11,-4.43,99.98,0,37.37
21:58:16.967,21:58:16.967,105836.627,0x82,0x00,True,2.12,-4.43,99.96,0,37.31
21:58:46.957,21:58:46.957,105866.617,0x82,0x00,True,2.13,-4.44,99.92,0,37.26
21:59:16.955,21:59:16.955,105896.615,0x82,0x00,True,2.11,-4.44,99.96,0,37.26
21:59:46.927,21:59:46.927,105926.587,0x82,0x00,True,2.12,-4.41,99.94,0,37.28
22:00:16.925,22:00:16.925,105956.585,0x82,0x00,True,2.12,-4.39,99.95,0,37.32
22:00:46.913,22:00:46.913,105986.573,0x82,0x00,True,2.13,-4.39,99.93,0,37.29
22:01:16.912,22:01:16.912,106016.572,0x82,0x00,True,2.12,-4.41,99.95,0,37.27
22:01:46.893,22:01:46.893,106046.553,0x82,0x00,True,2.13,-4.43,99.95,0,37.24
22:02:16.897,22:02:16.897,106076.557,0x82,0x00,True,2.12,-4.41,99.96,0,37.25
22:02:46.882,22:02:46.882,106106.542,0x82,0x00,True,2.12,-4.43,99.93,0,37.24
22:03:16.857,22:03:16.857,106136.517,0x82,0x00,True,2.13,-4.41,99.95,0,37.23
22:03:46.865,22:03:46.865,106166.525,0x82,0x00,True,2.12,-4.39,99.93,0,37.25
22:04:16.838,22:04:16.838,106196.498,0x82,0x00,True,2.13,-4.42,99.94,0,37.28
22:04:46.822,22:04:46.822,106226.482,0x82,0x00,True,2.13,-4.42,99.94,0,37.32
22:05:16.817,22:05:16.817,106256.477,0x82,0x00,True,2.12,-4.42,99.95,0,37.27
22:05:46.812,22:05:46.812,106286.472,0x82,0x00,True,2.12,-4.38,99.98,0,37.28
22:06:16.782,22:06:16.782,106316.442,0x82,0x00,True,2.12,-4.4,99.97,0,37.31
22:06:46.772,22:06:46.772,106346.432,0x82,0x00,True,2.12,-4.43,99.95,0,37.31
22:07:16.763,22:07:16.763,106376.423,0x82,0x00,True,2.12,-4.41,99.97,0,37.26
22:07:46.748,22:07:46.748,106406.408,0x82,0x00,True,2.12,-4.41,99.98,0,37.27
22:08:16.737,22:08:16.737,106436.397,0x82,0x00,True,2.11,-4.4,99.97,0,37.26
22:08:46.732,22:08:46.732,106466.392,0x82,0x00,True,2.11,-4.41,99.96,0,37.27
22:09:16.723,22:09:16.723,106496.383,0x82,0x00,True,2.12,-4.4,99.98,0,37.35
22:09:46.713,22:09:46.713,106526.373,0x82,0x00,True,2.12,-4.42,99.98,0,37.37
22:10:16.702,22:10:16.702,106556.362,0x82,0x00,True,2.13,-4.41,99.98,0,37.34
22:10:46.692,22:10:46.692,106586.352,0x82,0x00,True,2.13,-4.41,99.96,0,37.23
22:11:16.677,22:11:16.677,106616.337,0x82,0x00,True,2.11,-4.4,100.0,0,37.34
22:11:46.667,22:11:46.667,106646.327,0x82,0x00,True,2.12,-4.41,100.0,0,37.4
22:12:16.670,22:12:16.670,106676.33,0x82,0x00,True,2.11,-4.4,100.01,0,37.37
22:12:46.647,22:12:46.647,106706.307,0x82,0x00,True,2.12,-4.43,100.03,0,37.41
22:13:16.642,22:13:16.642,106736.302,0x82,0x00,True,2.14,-4.37,100.0,0,37.37
22:13:46.632,22:13:46.632,106766.292,0x82,0x00,True,2.12,-4.42,100.02,0,37.46
22:14:16.617,22:14:16.617,106796.277,0x82,0x00,True,2.12,-4.41,100.03,0,37.54
22:14:46.603,22:14:46.603,106826.263,0x82,0x00,True,2.13,-4.41,100.01,0,37.53
22:15:16.598,22:15:16.598,106856.258,0x82,0x00,True,2.11,-4.41,100.03,0,37.51
22:15:46.577,22:15:46.577,106886.237,0x82,0x00,True,2.12,-4.41,100.05,0,37.53
22:16:16.574,22:16:16.574,106916.234,0x82,0x00,True,2.12,-4.4,100.03,0,37.53
22:16:46.557,22:16:46.557,106946.217,0x82,0x00,True,2.13,-4.42,100.01,0,37.53
22:17:16.558,22:17:16.558,106976.218,0x82,0x00,True,2.12,-4.38,100.02,0,37.52
22:17:46.547,22:17:46.547,107006.207,0x82,0x00,True,2.12,-4.43,100.01,0,37.53
22:18:16.542,22:18:16.542,107036.202,0x82,0x00,True,2.11,-4.39,100.01,0,37.48
22:18:46.527,22:18:46.527,107066.187,0x82,0x00,True,2.11,-4.43,100.04,0,37.52
22:19:16.512,22:19:16.512,107096.172,0x82,0x00,True,2.11,-4.42,100.02,0,37.56
22:19:46.512,22:19:46.512,107126.172,0x82,0x00,True,2.11,-4.43,100.04,0,37.53
22:20:16.498,22:20:16.498,107156.158,0x82,0x00,True,2.12,-4.45,99.99,0,37.46
22:20:46.492,22:20:46.492,107186.152,0x82,0x00,True,2.12,-4.46,100.03,0,37.41
22:21:16.482,22:21:16.482,107216.142,0x82,0x00,True,2.11,-4.45,100.01,0,37.44
22:21:46.472,22:21:46.472,107246.132,0x82,0x00,True,2.11,-4.44,100.01,0,37.46
22:22:16.463,22:22:16.463,107276.123,0x82,0x00,True,2.12,-4.44,100.02,0,37.5
22:22:46.442,22:22:46.442,107306.102,0x82,0x00,True,2.11,-4.41,99.99,0,37.57
22:23:16.438,22:23:16.438,107336.098,0x82,0x00,True,2.11,-4.39,100.02,0,37.56
22:23:46.431,22:23:46.431,107366.091,0x82,0x00,True,2.13,-4.41,100.02,0,37.51
22:24:16.422,22:24:16.422,107396.082,0x82,0x00,True,2.12,-4.4,100.03,0,37.62
22:24:46.412,22:24:46.412,107426.072,0x82,0x00,True,2.12,-4.41,100.04,0,37.62
22:25:16.407,22:25:16.407,107456.067,0x82,0x00,True,2.12,-4.39,99.98,0,37.58
22:25:46.393,22:25:46.393,107486.053,0x82,0x00,True,2.11,-4.38,100.03,0,37.56
22:26:16.387,22:26:16.387,107516.047,0x82,0x00,True,2.11,-4.4,100.04,0,37.61
22:26:46.377,22:26:46.377,107546.037,0x82,0x00,True,2.13,-4.39,100.03,0,37.56
22:27:16.353,22:27:16.353,107576.013,0x82,0x00,True,2.1,-4.42,100.05,0,37.63
22:27:46.348,22:27:46.348,107606.008,0x82,0x00,True,2.12,-4.41,100.01,0,37.62
22:28:16.335,22:28:16.335,107635.995,0x82,0x00,True,2.13,-4.41,100.03,0,37.67
22:28:46.332,22:28:46.332,107665.992,0x82,0x00,True,2.12,-4.43,100.04,0,37.65
22:29:16.327,22:29:16.327,107695.987,0x82,0x00,True,2.11,-4.42,100.05,0,37.71
22:29:46.317,22:29:46.317,107725.977,0x82,0x00,True,2.12,-4.41,100.04,0,37.62
22:30:16.307,22:30:16.307,107755.967,0x82,0x00,True,2.12,-4.43,100.03,0,37.72
22:30:46.287,22:30:46.287,107785.947,0x82,0x00,True,2.13,-4.41,100.06,0,37.73
22:31:16.293,22:31:16.293,107815.953,0x82,0x00,True,2.12,-4.42,100.01,0,37.71
22:31:46.272,22:31:46.272,107845.932,0x82,0x00,True,2.11,-4.42,100.02,0,37.72
22:32:16.263,22:32:16.263,107875.923,0x82,0x00,True,2.12,-4.42,100.06,0,37.7
22:32:46.257,22:32:46.257,107905.917,0x82,0x00,True,2.12,-4.42,100.01,0,37.72
22:33:16.271,22:33:16.271,107935.931,0x82,0x00,True,2.12,-4.41,100.04,0,37.8
22:33:46.248,22:33:46.248,107965.908,0x82,0x00,True,2.12,-4.4,100.03,0,37.82
22:34:16.240,22:34:16.240,107995.9,0x82,0x00,True,2.11,-4.42,100.05,0,37.73
22:34:46.232,22:34:46.232,108025.892,0x82,0x00,True,2.11,-4.42,100.04,0,37.8
22:35:16.212,22:35:16.212,108055.872,0x82,0x00,True,2.12,-4.39,100.04,0,37.65
22:35:46.202,22:35:46.202,108085.862,0x82,0x00,True,2.11,-4.42,100.03,0,37.71
22:36:16.197,22:36:16.197,108115.857,0x82,0x00,True,2.12,-4.44,100.07,0,37.77
22:36:46.178,22:36:46.178,108145.838,0x82,0x00,True,2.11,-4.43,100.05,0,37.64
22:37:16.178,22:37:16.178,108175.838,0x82,0x00,True,2.12,-4.41,100.02,0,37.72
22:37:46.181,22:37:46.181,108205.841,0x82,0x00,True,2.11,-4.41,100.01,0,37.57
22:38:16.167,22:38:16.167,108235.827,0x82,0x00,True,2.12,-4.4,100.06,0,37.7
22:38:46.157,22:38:46.157,108265.817,0x82,0x00,True,2.13,-4.44,100.06,0,37.59
22:39:16.147,22:39:16.147,108295.807,0x82,0x00,True,2.11,-4.42,100.08,0,37.61
22:39:46.144,22:39:46.144,108325.804,0x82,0x00,True,2.13,-4.42,100.07,0,37.68
22:40:16.146,22:40:16.146,108355.806,0x82,0x00,True,2.12,-4.43,100.09,0,37.65
22:40:46.112,22:40:46.112,108385.772,0x82,0x00,True,2.12,-4.42,100.08,0,37.62
22:41:16.117,22:41:16.117,108415.777,0x82,0x00,True,2.12,-4.44,100.05,0,37.63
22:41:46.097,22:41:46.097,108445.757,0x82,0x00,True,2.12,-4.44,100.08,0,37.76
22:42:16.098,22:42:16.098,108475.758,0x82,0x00,True,2.12,-4.44,100.05,0,37.71
22:42:46.092,22:42:46.092,108505.752,0x82,0x00,True,2.13,-4.42,100.04,0,37.73
22:43:16.072,22:43:16.072,108535.732,0x82,0x00,True,2.12,-4.43,100.05,0,37.65
22:43:46.077,22:43:46.077,108565.737,0x82,0x00,True,2.13,-4.42,100.06,0,37.7
22:44:16.066,22:44:16.066,108595.726,0x82,0x00,True,2.12,-4.44,100.05,0,37.72
22:44:46.047,22:44:46.047,108625.707,0x82,0x00,True,2.12,-4.42,100.05,0,37.65
22:45:16.037,22:45:16.037,108655.697,0x82,0x00,True,2.12,-4.41,100.07,0,37.74
22:45:46.032,22:45:46.032,108685.692,0x82,0x00,True,2.11,-4.41,100.11,0,37.65
22:46:16.018,22:46:16.018,108715.678,0x82,0x00,True,2.11,-4.43,100.07,0,37.77
22:46:46.008,22:46:46.008,108745.668,0x82,0x00,True,2.11,-4.42,100.06,0,37.71
22:47:16.003,22:47:16.003,108775.663,0x82,0x00,True,2.12,-4.39,100.08,0,37.64
22:47:45.997,22:47:45.997,108805.657,0x82,0x00,True,2.12,-4.45,100.06,0,37.71
22:48:15.982,22:48:15.982,108835.642,0x82,0x00,True,2.11,-4.43,100.05,0,37.72
22:48:45.978,22:48:45.978,108865.638,0x82,0x00,True,2.12,-4.42,100.08,0,37.57
22:49:15.952,22:49:15.952,108895.612,0x82,0x00,True,2.1,-4.42,100.09,0,37.69
22:49:45.948,22:49:45.948,108925.608,0x82,0x00,True,2.11,-4.42,100.1,0,37.74
22:50:15.947,22:50:15.947,108955.607,0x82,0x00,True,2.12,-4.41,100.11,0,37.7
22:50:45.937,22:50:45.937,108985.597,0x82,0x00,True,2.12,-4.43,100.07,0,37.79
22:51:15.937,22:51:15.937,109015.597,0x82,0x00,True,2.12,-4.42,100.13,0,37.76
22:51:45.933,22:51:45.933,109045.593,0x82,0x00,True,2.12,-4.43,100.11,0,37.79
22:52:15.922,22:52:15.922,109075.582,0x82,0x00,True,2.11,-4.43,100.11,0,37.69
22:52:45.912,22:52:45.912,109105.572,0x82,0x00,True,2.11,-4.43,100.11,0,37.74
22:53:15.913,22:53:15.913,109135.573,0x82,0x00,True,2.11,-4.43,100.12,0,37.74
22:53:45.902,22:53:45.902,109165.562,0x82,0x00,True,2.13,-4.42,100.12,0,37.71
22:54:15.893,22:54:15.893,109195.553,0x82,0x00,True,2.13,-4.42,100.11,0,37.8
22:54:45.878,22:54:45.878,109225.538,0x82,0x00,True,2.12,-4.41,100.1,0,37.77
22:55:15.862,22:55:15.862,109255.522,0x82,0x00,True,2.12,-4.41,100.09,0,37.83
22:55:45.872,22:55:45.872,109285.532,0x82,0x00,True,2.12,-4.43,100.1,0,37.75
22:56:15.862,22:56:15.862,109315.522,0x82,0x00,True,2.11,-4.43,100.09,0,37.75
22:56:45.857,22:56:45.857,109345.517,0x82,0x00,True,2.11,-4.43,100.07,0,37.77
22:57:15.848,22:57:15.848,109375.508,0x82,0x00,True,2.12,-4.41,100.04,0,37.7
22:57:45.832,22:57:45.832,109405.492,0x82,0x00,True,2.12,-4.43,100.07,0,37.69
22:58:15.836,22:58:15.836,109435.496,0x82,0x00,True,2.11,-4.43,100.09,0,37.83
22:58:45.822,22:58:45.822,109465.482,0x82,0x00,True,2.12,-4.42,100.06,0,37.81
22:59:15.797,22:59:15.797,109495.457,0x82,0x00,True,2.12,-4.41,100.08,0,37.79
22:59:45.787,22:59:45.787,109525.447,0x82,0x00,True,2.12,-4.42,100.07,0,37.79
23:00:15.777,23:00:15.777,109555.437,0x82,0x00,True,2.12,-4.41,100.08,0,37.77
23:00:45.772,23:00:45.772,109585.432,0x82,0x00,True,2.13,-4.42,100.07,0,37.76
23:01:15.777,23:01:15.777,109615.437,0x82,0x00,True,2.13,-4.42,100.09,0,37.75
23:01:45.768,23:01:45.768,109645.428,0x82,0x00,True,2.12,-4.42,100.09,0,37.77
23:02:15.757,23:02:15.757,109675.417,0x82,0x00,True,2.12,-4.41,100.08,0,37.75
23:02:45.737,23:02:45.737,109705.397,0x82,0x00,True,2.12,-4.41,100.07,0,37.77
23:03:15.723,23:03:15.723,109735.383,0x82,0x00,True,2.12,-4.41,100.1,0,37.78
23:03:45.728,23:03:45.728,109765.388,0x82,0x00,True,2.13,-4.43,100.09,0,37.85
23:04:15.702,23:04:15.702,109795.362,0x82,0x00,True,2.13,-4.43,100.09,0,37.67
23:04:45.702,23:04:45.702,109825.362,0x82,0x00,True,2.13,-4.42,100.09,0,37.67
23:05:15.701,23:05:15.701,109855.361,0x82,0x00,True,2.12,-4.43,100.11,0,37.69
23:05:45.692,23:05:45.692,109885.352,0x82,0x00,True,2.12,-4.43,100.11,0,37.8
23:06:15.683,23:06:15.683,109915.343,0x82,0x00,True,2.12,-4.41,100.13,0,37.75
23:06:45.667,23:06:45.667,109945.327,0x82,0x00,True,2.12,-4.41,100.1,0,37.68
23:07:15.657,23:07:15.657,109975.317,0x82,0x00,True,2.12,-4.42,100.11,0,37.67
23:07:45.643,23:07:45.643,110005.303,0x82,0x00,True,2.13,-4.4,100.1,0,37.74
23:08:15.628,23:08:15.628,110035.288,0x82,0x00,True,2.12,-4.42,100.09,0,37.69
23:08:45.613,23:08:45.613,110065.273,0x82,0x00,True,2.13,-4.42,100.08,0,37.76
23:09:15.612,23:09:15.612,110095.272,0x82,0x00,True,2.12,-4.41,100.12,0,37.71
23:09:45.603,23:09:45.603,110125.263,0x82,0x00,True,2.12,-4.42,100.11,0,37.67
23:10:15.593,23:10:15.593,110155.253,0x82,0x00,True,2.12,-4.42,100.1,0,37.7
23:10:45.601,23:10:45.601,110185.261,0x82,0x00,True,2.12,-4.4,100.11,0,37.56
23:11:15.572,23:11:15.572,110215.232,0x82,0x00,True,2.11,-4.43,100.09,0,37.71
23:11:45.558,23:11:45.558,110245.218,0x82,0x00,True,2.11,-4.42,100.09,0,37.65
23:12:15.542,23:12:15.542,110275.202,0x82,0x00,True,2.12,-4.43,100.1,0,37.65
23:12:45.548,23:12:45.548,110305.208,0x82,0x00,True,2.12,-4.42,100.09,0,37.72
23:13:15.529,23:13:15.529,110335.189,0x82,0x00,True,2.11,-4.42,100.08,0,37.68
23:13:45.544,23:13:45.544,110365.204,0x82,0x00,True,2.13,-4.39,100.11,0,37.7
23:14:15.513,23:14:15.513,110395.173,0x82,0x00,True,2.11,-4.42,100.1,0,37.68
23:14:45.492,23:14:45.492,110425.152,0x82,0x00,True,2.12,-4.41,100.09,0,37.72
23:15:15.481,23:15:15.481,110455.141,0x82,0x00,True,2.12,-4.43,100.07,0,37.72
23:15:45.468,23:15:45.468,110485.128,0x82,0x00,True,2.13,-4.43,100.11,0,37.77
23:16:15.473,23:16:15.473,110515.133,0x82,0x00,True,2.12,-4.41,100.11,0,37.63
23:16:45.452,23:16:45.452,110545.112,0x82,0x00,True,2.12,-4.41,100.12,0,37.65
23:17:15.452,23:17:15.452,110575.112,0x82,0x00,True,2.1,-4.41,100.14,0,37.71
23:17:45.447,23:17:45.447,110605.107,0x82,0x00,True,2.11,-4.4,100.12,0,37.65
23:18:15.433,23:18:15.433,110635.093,0x82,0x00,True,2.13,-4.42,100.13,0,37.74
23:18:45.422,23:18:45.422,110665.082,0x82,0x00,True,2.13,-4.41,100.17,0,37.62
23:19:15.408,23:19:15.408,110695.068,0x82,0x00,True,2.11,-4.41,100.14,0,37.68
23:19:45.402,23:19:45.402,110725.062,0x82,0x00,True,2.12,-4.39,100.1,0,37.64
23:20:15.388,23:20:15.388,110755.048,0x82,0x00,True,2.11,-4.4,100.13,0,37.65
23:20:45.377,23:20:45.377,110785.037,0x82,0x00,True,2.12,-4.41,100.15,0,37.7
23:21:15.372,23:21:15.372,110815.032,0x82,0x00,True,2.12,-4.42,100.15,0,37.74
23:21:45.362,23:21:45.362,110845.022,0x82,0x00,True,2.12,-4.44,100.13,0,37.77
23:22:15.342,23:22:15.342,110875.002,0x82,0x00,True,2.12,-4.42,100.13,0,37.75
23:22:45.342,23:22:45.342,110905.002,0x82,0x00,True,2.11,-4.41,100.13,0,37.68
23:23:15.322,23:23:15.322,110934.982,0x82,0x00,True,2.12,-4.42,100.16,0,37.71
23:23:45.302,23:23:45.302,110964.962,0x82,0x00,True,2.12,-4.42,100.15,0,37.73
23:24:15.292,23:24:15.292,110994.952,0x82,0x00,True,2.13,-4.39,100.15,0,37.71
23:24:45.298,23:24:45.298,111024.958,0x82,0x00,True,2.12,-4.42,100.15,0,37.56
23:25:15.282,23:25:15.282,111054.942,0x82,0x00,True,2.12,-4.42,100.15,0,37.6
23:25:45.280,23:25:45.280,111084.94,0x82,0x00,True,2.12,-4.41,100.14,0,37.67
23:26:15.268,23:26:15.268,111114.928,0x82,0x00,True,2.11,-4.4,100.12,0,37.65
23:26:45.252,23:26:45.252,111144.912,0x82,0x00,True,2.12,-4.39,100.17,0,37.65
23:27:15.232,23:27:15.232,111174.892,0x82,0x00,True,2.11,-4.39,100.18,0,37.63
23:27:45.242,23:27:45.242,111204.902,0x82,0x00,True,2.13,-4.41,100.17,0,37.68
23:28:15.218,23:28:15.218,111234.878,0x82,0x00,True,2.12,-4.4,100.16,0,37.61
23:28:45.222,23:28:45.222,111264.882,0x82,0x00,True,2.12,-4.4,100.16,0,37.61
23:29:15.201,23:29:15.201,111294.861,0x82,0x00,True,2.13,-4.41,100.18,0,37.73
23:29:45.197,23:29:45.197,111324.857,0x82,0x00,True,2.12,-4.41,100.17,0,37.69
23:30:15.187,23:30:15.187,111354.847,0x82,0x00,True,2.13,-4.39,100.18,0,37.7
23:30:45.177,23:30:45.177,111384.837,0x82,0x00,True,2.12,-4.4,100.2,0,37.71
23:31:15.162,23:31:15.162,111414.822,0x82,0x00,True,2.12,-4.4,100.17,0,37.69
23:31:45.142,23:31:45.142,111444.802,0x82,0x00,True,2.12,-4.4,100.16,0,37.72
23:32:15.143,23:32:15.143,111474.803,0x82,0x00,True,2.12,-4.39,100.16,0,37.67
23:32:45.132,23:32:45.132,111504.792,0x82,0x00,True,2.12,-4.4,100.2,0,37.73
23:33:15.117,23:33:15.117,111534.777,0x82,0x00,True,2.12,-4.4,100.15,0,37.72
23:33:45.107,23:33:45.107,111564.767,0x82,0x00,True,2.12,-4.4,100.18,0,37.71
23:34:15.098,23:34:15.098,111594.758,0x82,0x00,True,2.11,-4.4,100.16,0,37.67
23:34:45.072,23:34:45.072,111624.732,0x82,0x00,True,2.12,-4.41,100.17,0,37.83
23:35:15.076,23:35:15.076,111654.736,0x82,0x00,True,2.12,-4.4,100.16,0,37.78
23:35:45.067,23:35:45.067,111684.727,0x82,0x00,True,2.13,-4.4,100.19,0,37.82
23:36:15.081,23:36:15.081,111714.741,0x82,0x00,True,2.12,-4.39,100.18,0,37.79
23:36:45.048,23:36:45.048,111744.708,0x82,0x00,True,2.11,-4.41,100.19,0,37.74
23:37:15.043,23:37:15.043,111774.703,0x82,0x00,True,2.11,-4.41,100.19,0,37.77
23:37:45.028,23:37:45.028,111804.688,0x82,0x00,True,2.12,-4.4,100.17,0,37.79
23:38:15.018,23:38:15.018,111834.678,0x82,0x00,True,2.11,-4.37,100.21,0,37.73
23:38:44.998,23:38:44.998,111864.658,0x82,0x00,True,2.12,-4.4,100.21,0,37.8
23:39:14.997,23:39:14.997,111894.657,0x82,0x00,True,2.12,-4.4,100.21,0,37.71
23:39:44.982,23:39:44.982,111924.642,0x82,0x00,True,2.13,-4.4,100.22,0,37.74
23:40:14.982,23:40:14.982,111954.642,0x82,0x00,True,2.11,-4.41,100.21,0,37.68
23:40:44.967,23:40:44.967,111984.627,0x82,0x00,True,2.11,-4.4,100.19,0,37.77
23:41:14.958,23:41:14.958,112014.618,0x82,0x00,True,2.12,-4.41,100.21,0,37.79
23:41:44.947,23:41:44.947,112044.607,0x82,0x00,True,2.11,-4.38,100.18,0,37.69
23:42:14.936,23:42:14.936,112074.596,0x82,0x00,True,2.11,-4.4,100.15,0,37.76
23:42:44.933,23:42:44.933,112104.593,0x82,0x00,True,2.11,-4.41,100.19,0,37.75
23:43:14.916,23:43:14.916,112134.576,0x82,0x00,True,2.12,-4.41,100.18,0,37.73
23:43:44.902,23:43:44.902,112164.562,0x82,0x00,True,2.12,-4.41,100.21,0,37.73
23:44:14.893,23:44:14.893,112194.553,0x82,0x00,True,2.12,-4.39,100.18,0,37.78
23:44:44.889,23:44:44.889,112224.549,0x82,0x00,True,2.12,-4.42,100.18,0,37.79
23:45:14.872,23:45:14.872,112254.532,0x82,0x00,True,2.13,-4.42,100.19,0,37.71
23:45:44.868,23:45:44.868,112284.528,0x82,0x00,True,2.12,-4.42,100.17,0,37.75
23:46:14.857,23:46:14.857,112314.517,0x82,0x00,True,2.13,-4.4,100.16,0,37.83
23:46:44.838,23:46:44.838,112344.498,0x82,0x00,True,2.12,-4.42,100.19,0,37.72
23:47:14.827,23:47:14.827,112374.487,0x82,0x00,True,2.12,-4.42,100.2,0,37.81
23:47:44.822,23:47:44.822,112404.482,0x82,0x00,True,2.11,-4.41,100.18,0,37.84
23:48:14.822,23:48:14.822,112434.482,0x82,0x00,True,2.12,-4.4,100.17,0,37.88
23:48:44.812,23:48:44.812,112464.472,0x82,0x00,True,2.12,-4.41,100.2,0,37.83
23:49:14.802,23:49:14.802,112494.462,0x82,0x00,True,2.12,-4.4,100.2,0,37.83
23:49:44.787,23:49:44.787,112524.447,0x82,0x00,True,2.12,-4.41,100.18,0,37.88
23:50:14.782,23:50:14.782,112554.442,0x82,0x00,True,2.11,-4.41,100.17,0,37.87
23:50:44.763,23:50:44.763,112584.423,0x82,0x00,True,2.12,-4.4,100.19,0,37.89
23:51:14.758,23:51:14.758,112614.418,0x82,0x00,True,2.13,-4.41,100.2,0,37.89
23:51:44.743,23:51:44.743,112644.403,0x82,0x00,True,2.11,-4.42,100.18,0,37.86
23:52:14.737,23:52:14.737,112674.397,0x82,0x00,True,2.11,-4.41,100.23,0,37.77
23:52:44.732,23:52:44.732,112704.392,0x82,0x00,True,2.12,-4.42,100.21,0,37.79
23:53:14.728,23:53:14.728,112734.388,0x82,0x00,True,2.13,-4.42,100.2,0,37.87
23:53:44.718,23:53:44.718,112764.378,0x82,0x00,True,2.12,-4.41,100.19,0,37.84
23:54:14.707,23:54:14.707,112794.367,0x82,0x00,True,2.12,-4.42,100.14,0,37.84
23:54:44.697,23:54:44.697,112824.357,0x82,0x00,True,2.11,-4.43,100.2,0,37.88
23:55:14.688,23:55:14.688,112854.348,0x82,0x00,True,2.13,-4.41,100.18,0,37.91
23:55:44.667,23:55:44.667,112884.327,0x82,0x00,True,2.12,-4.42,100.18,0,37.86
23:56:14.667,23:56:14.667,112914.327,0x82,0x00,True,2.12,-4.36,100.17,0,37.8
23:56:44.652,23:56:44.652,112944.312,0x82,0x00,True,2.13,-4.4,100.18,0,37.82
23:57:14.647,23:57:14.647,112974.307,0x82,0x00,True,2.12,-4.4,100.16,0,37.83
23:57:44.638,23:57:44.638,113004.298,0x82,0x00,True,2.13,-4.41,100.17,0,37.83
23:58:14.628,23:58:14.628,113034.288,0x82,0x00,True,2.13,-4.41,100.16,0,37.87
23:58:44.617,23:58:44.617,113064.277,0x82,0x00,True,2.13,-4.4,100.12,0,37.93
23:59:14.605,23:59:14.605,113094.265,0x82,0x00,True,2.11,-4.41,100.14,0,37.84
23:59:44.593,23:59:44.593,113124.253,0x82,0x00,True,2.11,-4.4,100.13,0,37.88
00:00:14.577,00:00:14.577,113154.237,0x82,0x00,True,2.12,-4.39,100.14,0,37.83
00:00:44.582,00:00:44.582,113184.242,0x82,0x00,True,2.12,-4.42,100.13,0,37.8
00:01:14.573,00:01:14.573,113214.233,0x82,0x00,True,2.11,-4.41,100.11,0,37.84
00:01:44.562,00:01:44.562,113244.222,0x82,0x00,True,2.12,-4.4,100.11,0,37.84
00:02:14.552,00:02:14.552,113274.212,0x82,0x00,True,2.12,-4.41,100.15,0,37.89
00:02:44.532,00:02:44.532,113304.192,0x82,0x00,True,2.12,-4.42,100.16,0,37.92
00:03:14.527,00:03:14.527,113334.187,0x82,0x00,True,2.13,-4.41,100.15,0,37.86
00:03:44.513,00:03:44.513,113364.173,0x82,0x00,True,2.12,-4.4,100.12,0,37.81
00:04:14.503,00:04:14.503,113394.163,0x82,0x00,True,2.11,-4.41,100.16,0,37.83
00:04:44.498,00:04:44.498,113424.158,0x82,0x00,True,2.13,-4.41,100.17,0,37.89
00:05:14.482,00:05:14.482,113454.142,0x82,0x00,True,2.12,-4.42,100.16,0,37.85
00:05:44.473,00:05:44.473,113484.133,0x82,0x00,True,2.11,-4.41,100.15,0,37.87
00:06:14.467,00:06:14.467,113514.127,0x82,0x00,True,2.13,-4.4,100.14,0,37.91
00:06:44.462,00:06:44.462,113544.122,0x82,0x00,True,2.12,-4.38,100.16,0,37.93
00:07:14.438,00:07:14.438,113574.098,0x82,0x00,True,2.13,-4.38,100.14,0,37.82
00:07:44.437,00:07:44.437,113604.097,0x82,0x00,True,2.13,-4.39,100.16,0,37.91
00:08:14.428,00:08:14.428,113634.088,0x82,0x00,True,2.12,-4.4,100.13,0,37.91
00:08:44.407,00:08:44.407,113664.067,0x82,0x00,True,2.13,-4.42,100.18,0,37.89
00:09:14.412,00:09:14.412,113694.072,0x82,0x00,True,2.12,-4.4,100.14,0,37.92
00:09:44.392,00:09:44.392,113724.052,0x82,0x00,True,2.12,-4.4,100.11,0,37.9
00:10:14.393,00:10:14.393,113754.053,0x82,0x00,True,2.12,-4.4,100.1,0,37.92
00:10:44.372,00:10:44.372,113784.032,0x82,0x00,True,2.11,-4.41,100.15,0,37.93
00:11:14.372,00:11:14.372,113814.032,0x82,0x00,True,2.12,-4.4,100.13,0,37.91
00:11:44.360,00:11:44.360,113844.02,0x82,0x00,True,2.12,-4.4,100.14,0,37.87
00:12:14.348,00:12:14.348,113874.008,0x82,0x00,True,2.13,-4.41,100.15,0,37.83
00:12:44.333,00:12:44.333,113903.993,0x82,0x00,True,2.12,-4.38,100.11,0,37.89
00:13:14.332,00:13:14.332,113933.992,0x82,0x00,True,2.12,-4.4,100.1,0,37.86
00:13:44.322,00:13:44.322,113963.982,0x82,0x00,True,2.12,-4.38,100.08,0,37.78
00:14:14.312,00:14:14.312,113993.972,0x82,0x00,True,2.12,-4.4,100.09,0,37.79
00:14:44.302,00:14:44.302,114023.962,0x82,0x00,True,2.12,-4.42,100.11,0,37.74
00:15:14.282,00:15:14.282,114053.942,0x82,0x00,True,2.13,-4.41,100.14,0,37.84
00:15:44.272,00:15:44.272,114083.932,0x82,0x00,True,2.13,-4.4,100.16,0,37.8
00:16:14.268,00:16:14.268,114113.928,0x82,0x00,True,2.12,-4.38,100.15,0,37.86
00:16:44.271,00:16:44.271,114143.931,0x82,0x00,True,2.12,-4.41,100.11,0,37.77
00:17:14.257,00:17:14.257,114173.917,0x82,0x00,True,2.14,-4.38,100.12,0,37.76
00:17:44.247,00:17:44.247,114203.907,0x82,0x00,True,2.13,-4.42,100.13,0,37.76
00:18:14.232,00:18:14.232,114233.892,0x82,0x00,True,2.11,-4.42,100.11,0,37.77
00:18:44.218,00:18:44.218,114263.878,0x82,0x00,True,2.11,-4.4,100.08,0,37.75
00:19:14.218,00:19:14.218,114293.878,0x82,0x00,True,2.12,-4.39,100.09,0,37.74
00:19:44.197,00:19:44.197,114323.857,0x82,0x00,True,2.12,-4.41,100.12,0,37.74
00:20:14.197,00:20:14.197,114353.857,0x82,0x00,True,2.12,-4.39,100.11,0,37.77
00:20:44.178,00:20:44.178,114383.838,0x82,0x00,True,2.12,-4.39,100.12,0,37.74
00:21:14.183,00:21:14.183,114413.843,0x82,0x00,True,2.12,-4.38,100.16,0,37.7
00:21:44.168,00:21:44.168,114443.828,0x82,0x00,True,2.13,-4.41,100.13,0,37.68
00:22:14.147,00:22:14.147,114473.807,0x82,0x00,True,2.11,-4.42,100.14,0,37.72
00:22:44.147,00:22:44.147,114503.807,0x82,0x00,True,2.12,-4.42,100.13,0,37.67
00:23:14.138,00:23:14.138,114533.798,0x82,0x00,True,2.12,-4.4,100.14,0,37.68
00:23:44.128,00:23:44.128,114563.788,0x82,0x00,True,2.11,-4.39,100.14,0,37.61
00:24:14.107,00:24:14.107,114593.767,0x82,0x00,True,2.12,-4.39,100.13,0,37.61
00:24:44.107,00:24:44.107,114623.767,0x82,0x00,True,2.12,-4.38,100.09,0,37.59
00:25:14.093,00:25:14.093,114653.753,0x82,0x00,True,2.12,-4.39,100.13,0,37.66
00:25:44.082,00:25:44.082,114683.742,0x82,0x00,True,2.12,-4.4,100.12,0,37.62
00:26:14.052,00:26:14.052,114713.712,0x82,0x00,True,2.11,-4.39,100.15,0,37.64
00:26:44.042,00:26:44.042,114743.702,0x82,0x00,True,2.13,-4.4,100.12,0,37.62
00:27:14.042,00:27:14.042,114773.702,0x82,0x00,True,2.11,-4.42,100.17,0,37.73
00:27:44.022,00:27:44.022,114803.682,0x82,0x00,True,2.13,-4.4,100.13,0,37.6
00:28:14.012,00:28:14.012,114833.672,0x82,0x00,True,2.13,-4.41,100.13,0,37.63
00:28:44.005,00:28:44.005,114863.665,0x82,0x00,True,2.13,-4.41,100.16,0,37.7
00:29:13.992,00:29:13.992,114893.652,0x82,0x00,True,2.12,-4.4,100.15,0,37.68
00:29:43.963,00:29:43.963,114923.623,0x82,0x00,True,2.12,-4.4,100.19,0,37.74
00:30:13.952,00:30:13.952,114953.612,0x82,0x00,True,2.13,-4.4,100.12,0,37.68
00:30:43.952,00:30:43.952,114983.612,0x82,0x00,True,2.14,-4.39,100.13,0,37.73
00:31:13.933,00:31:13.933,115013.593,0x82,0x00,True,2.12,-4.41,100.13,0,37.72
00:31:43.923,00:31:43.923,115043.583,0x82,0x00,True,2.13,-4.4,100.12,0,37.71
00:32:13.912,00:32:13.912,115073.572,0x82,0x00,True,2.12,-4.4,100.14,0,37.74
00:32:43.893,00:32:43.893,115103.553,0x82,0x00,True,2.13,-4.42,100.13,0,37.77
00:33:13.878,00:33:13.878,115133.538,0x82,0x00,True,2.12,-4.4,100.11,0,37.68
00:33:43.867,00:33:43.867,115163.527,0x82,0x00,True,2.11,-4.38,100.15,0,37.72
00:34:13.872,00:34:13.872,115193.532,0x82,0x00,True,2.12,-4.39,100.16,0,37.77
00:34:43.853,00:34:43.853,115223.513,0x82,0x00,True,2.12,-4.4,100.13,0,37.8
00:35:13.853,00:35:13.853,115253.513,0x82,0x00,True,2.13,-4.39,100.17,0,37.73
00:35:43.837,00:35:43.837,115283.497,0x82,0x00,True,2.13,-4.39,100.16,0,37.83
00:36:13.838,00:36:13.838,115313.498,0x82,0x00,True,2.12,-4.39,100.14,0,37.8
00:36:43.823,00:36:43.823,115343.483,0x82,0x00,True,2.12,-4.39,100.17,0,37.76
00:37:13.797,00:37:13.797,115373.457,0x82,0x00,True,2.12,-4.41,100.17,0,37.83
00:37:43.793,00:37:43.793,115403.453,0x82,0x00,True,2.13,-4.38,100.16,0,37.83
00:38:13.782,00:38:13.782,115433.442,0x82,0x00,True,2.11,-4.39,100.17,0,37.81
00:38:43.778,00:38:43.778,115463.438,0x82,0x00,True,2.11,-4.41,100.21,0,37.77
00:39:13.772,00:39:13.772,115493.432,0x82,0x00,True,2.12,-4.4,100.18,0,37.77
00:39:43.758,00:39:43.758,115523.418,0x82,0x00,True,2.14,-4.41,100.17,0,37.82
00:40:13.748,00:40:13.748,115553.408,0x82,0x00,True,2.13,-4.38,100.2,0,37.79
00:40:43.728,00:40:43.728,115583.388,0x82,0x00,True,2.12,-4.4,100.16,0,37.71
00:41:13.728,00:41:13.728,115613.388,0x82,0x00,True,2.13,-4.4,100.21,0,37.84
00:41:43.707,00:41:43.707,115643.367,0x82,0x00,True,2.12,-4.38,100.15,0,37.76
00:42:13.712,00:42:13.712,115673.372,0x82,0x00,True,2.12,-4.41,100.17,0,37.7
00:42:43.692,00:42:43.692,115703.352,0x82,0x00,True,2.12,-4.38,100.16,0,37.75
00:43:13.692,00:43:13.692,115733.352,0x82,0x00,True,2.13,-4.35,100.14,0,37.67
00:43:43.678,00:43:43.678,115763.338,0x82,0x00,True,2.13,-4.4,100.14,0,37.69
00:44:13.667,00:44:13.667,115793.327,0x82,0x00,True,2.12,-4.38,100.13,0,37.72
00:44:43.657,00:44:43.657,115823.317,0x82,0x00,True,2.12,-4.41,100.15,0,37.71
00:45:13.633,00:45:13.633,115853.293,0x82,0x00,True,2.12,-4.39,100.15,0,37.67
00:45:43.638,00:45:43.638,115883.298,0x82,0x00,True,2.11,-4.41,100.17,0,37.78
00:46:13.612,00:46:13.612,115913.272,0x82,0x00,True,2.12,-4.4,100.12,0,37.7
00:46:43.607,00:46:43.607,115943.267,0x82,0x00,True,2.12,-4.41,100.28,0,37.57
00:47:13.600,00:47:13.600,115973.26,0x82,0x00,True,2.12,-4.41,100.24,0,37.61
00:47:43.582,00:47:43.582,116003.242,0x82,0x00,True,2.11,-4.4,100.25,0,37.66
00:48:13.572,00:48:13.572,116033.232,0x82,0x00,True,2.11,-4.39,100.24,0,37.58
00:48:43.548,00:48:43.548,116063.208,0x82,0x00,True,2.11,-4.4,100.23,0,37.6
00:49:13.537,00:49:13.537,116093.197,0x82,0x00,True,2.12,-4.4,100.23,0,37.64
00:49:43.537,00:49:43.537,116123.197,0x82,0x00,True,2.12,-4.38,100.25,0,37.66
00:50:13.527,00:50:13.527,116153.187,0x82,0x00,True,2.11,-4.39,100.26,0,37.64
00:50:43.518,00:50:43.518,116183.178,0x82,0x00,True,2.11,-4.41,100.24,0,37.6
00:51:13.507,00:51:13.507,116213.167,0x82,0x00,True,2.12,-4.43,100.24,0,37.68
00:51:43.492,00:51:43.492,116243.152,0x82,0x00,True,2.11,-4.39,100.24,0,37.62
00:52:13.478,00:52:13.478,116273.138,0x82,0x00,True,2.12,-4.41,100.21,0,37.68
00:52:43.473,00:52:43.473,116303.133,0x82,0x00,True,2.12,-4.41,100.23,0,37.62
00:53:13.452,00:53:13.452,116333.112,0x82,0x00,True,2.12,-4.42,100.22,0,37.65
00:53:43.452,00:53:43.452,116363.112,0x82,0x00,True,2.11,-4.41,100.25,0,37.68
00:54:13.447,00:54:13.447,116393.107,0x82,0x00,True,2.12,-4.41,100.27,0,37.63
00:54:43.437,00:54:43.437,116423.097,0x82,0x00,True,2.11,-4.41,100.26,0,37.71
00:55:13.437,00:55:13.437,116453.097,0x82,0x00,True,2.12,-4.41,100.29,0,37.71
00:55:43.407,00:55:43.407,116483.067,0x82,0x00,True,2.11,-4.41,100.29,0,37.72
00:56:13.412,00:56:13.412,116513.072,0x82,0x00,True,2.13,-4.41,100.28,0,37.68
00:56:43.393,00:56:43.393,116543.053,0x82,0x00,True,2.12,-4.4,100.26,0,37.71
00:57:13.393,00:57:13.393,116573.053,0x82,0x00,True,2.11,-4.41,100.25,0,37.69
00:57:43.377,00:57:43.377,116603.037,0x82,0x00,True,2.12,-4.35,100.27,0,37.77
00:58:13.378,00:58:13.378,116633.038,0x82,0x00,True,2.1,-4.4,100.3,0,37.71
00:58:43.367,00:58:43.367,116663.027,0x82,0x00,True,2.11,-4.4,100.28,0,37.71
00:59:13.357,00:59:13.357,116693.017,0x82,0x00,True,2.1,-4.41,100.26,0,37.77
00:59:43.353,00:59:43.353,116723.013,0x82,0x00,True,2.13,-4.4,100.24,0,37.69
01:00:13.332,01:00:13.332,116752.992,0x82,0x00,True,2.12,-4.41,100.28,0,37.74
01:00:43.327,01:00:43.327,116782.987,0x82,0x00,True,2.12,-4.41,100.25,0,37.7
01:01:13.302,01:01:13.302,116812.962,0x82,0x00,True,2.12,-4.39,100.29,0,37.71
01:01:43.302,01:01:43.302,116842.962,0x82,0x00,True,2.11,-4.39,100.24,0,37.7
01:02:13.298,01:02:13.298,116872.958,0x82,0x00,True,2.13,-4.41,100.25,0,37.73
01:02:43.277,01:02:43.277,116902.937,0x82,0x00,True,2.13,-4.4,100.3,0,37.74
01:03:13.277,01:03:13.277,116932.937,0x82,0x00,True,2.11,-4.4,100.31,0,37.73
01:03:43.263,01:03:43.263,116962.923,0x82,0x00,True,2.11,-4.4,100.3,0,37.69
01:04:13.253,01:04:13.253,116992.913,0x82,0x00,True,2.12,-4.41,100.33,0,37.76
01:04:43.237,01:04:43.237,117022.897,0x82,0x00,True,2.11,-4.41,100.31,0,37.79
01:05:13.223,01:05:13.223,117052.883,0x82,0x00,True,2.12,-4.41,100.26,0,37.75
01:05:43.218,01:05:43.218,117082.878,0x82,0x00,True,2.11,-4.38,100.3,0,37.66
01:06:13.213,01:06:13.213,117112.873,0x82,0x00,True,2.12,-4.39,100.26,0,37.72
01:06:43.218,01:06:43.218,117142.878,0x82,0x00,True,2.11,-4.4,100.28,0,37.62
01:07:13.207,01:07:13.207,117172.867,0x82,0x00,True,2.12,-4.42,100.28,0,37.71
01:07:43.197,01:07:43.197,117202.857,0x82,0x00,True,2.11,-4.37,100.26,0,37.62
01:08:13.187,01:08:13.187,117232.847,0x82,0x00,True,2.12,-4.4,100.28,0,37.68
01:08:43.178,01:08:43.178,117262.838,0x82,0x00,True,2.12,-4.4,100.3,0,37.65
01:09:13.163,01:09:13.163,117292.823,0x82,0x00,True,2.11,-4.4,100.29,0,37.7
01:09:43.178,01:09:43.178,117322.838,0x82,0x00,True,2.12,-4.4,100.31,0,37.65
01:10:13.157,01:10:13.157,117352.817,0x82,0x00,True,2.12,-4.4,100.28,0,37.6
01:10:43.162,01:10:43.162,117382.822,0x82,0x00,True,2.11,-4.38,100.29,0,37.62
01:11:13.142,01:11:13.142,117412.802,0x82,0x00,True,2.12,-4.38,100.3,0,37.71
01:11:43.137,01:11:43.137,117442.797,0x82,0x00,True,2.13,-4.38,100.32,0,37.59
01:12:13.138,01:12:13.138,117472.798,0x82,0x00,True,2.11,-4.4,100.33,0,37.62
01:12:43.127,01:12:43.127,117502.787,0x82,0x00,True,2.13,-4.4,100.32,0,37.65
01:13:13.122,01:13:13.122,117532.782,0x82,0x00,True,2.13,-4.41,100.33,0,37.65
01:13:43.103,01:13:43.103,117562.763,0x82,0x00,True,2.11,-4.41,100.32,0,37.62
01:14:13.103,01:14:13.103,117592.763,0x82,0x00,True,2.1,-4.42,100.38,0,37.61
01:14:43.083,01:14:43.083,117622.743,0x82,0x00,True,2.11,-4.41,100.33,0,37.49
01:15:13.087,01:15:13.087,117652.747,0x82,0x00,True,2.11,-4.41,100.35,0,37.67
01:15:43.067,01:15:43.067,117682.727,0x82,0x00,True,2.12,-4.41,100.37,0,37.58
01:16:13.067,01:16:13.067,117712.727,0x82,0x00,True,2.11,-4.4,100.38,0,37.66
01:16:43.057,01:16:43.057,117742.717,0x82,0x00,True,2.12,-4.4,100.39,0,37.68
01:17:13.058,01:17:13.058,117772.718,0x82,0x00,True,2.12,-4.39,100.41,0,37.59
01:17:43.047,01:17:43.047,117802.707,0x82,0x00,True,2.12,-4.4,100.39,0,37.72
01:18:13.032,01:18:13.032,117832.692,0x82,0x00,True,2.12,-4.41,100.36,0,37.61
01:18:43.018,01:18:43.018,117862.678,0x82,0x00,True,2.12,-4.39,100.33,0,37.63
01:19:13.008,01:19:13.008,117892.668,0x82,0x00,True,2.11,-4.35,100.36,0,37.62
01:19:42.992,01:19:42.992,117922.652,0x82,0x00,True,2.12,-4.41,100.36,0,37.65
01:20:12.982,01:20:12.982,117952.642,0x82,0x00,True,2.11,-4.4,100.36,0,37.69
01:20:42.982,01:20:42.982,117982.642,0x82,0x00,True,2.11,-4.39,100.4,0,37.67
01:21:12.978,01:21:12.978,118012.638,0x82,0x00,True,2.11,-4.39,100.39,0,37.6
01:21:42.973,01:21:42.973,118042.633,0x82,0x00,True,2.13,-4.4,100.36,0,37.56
01:22:12.957,01:22:12.957,118072.617,0x82,0x00,True,2.12,-4.41,100.38,0,37.51
01:22:42.938,01:22:42.938,118102.598,0x82,0x00,True,2.12,-4.39,100.36,0,37.59
01:23:12.938,01:23:12.938,118132.598,0x82,0x00,True,2.12,-4.39,100.32,0,37.54
01:23:42.917,01:23:42.917,118162.577,0x82,0x00,True,2.13,-4.38,100.35,0,37.56
01:24:12.917,01:24:12.917,118192.577,0x82,0x00,True,2.12,-4.39,100.38,0,37.62
01:24:42.897,01:24:42.897,118222.557,0x82,0x00,True,2.12,-4.42,100.33,0,37.65
01:25:12.901,01:25:12.901,118252.561,0x82,0x00,True,2.11,-4.38,100.33,0,37.61
01:25:42.897,01:25:42.897,118282.557,0x82,0x00,True,2.12,-4.4,100.35,0,37.68
01:26:12.883,01:26:12.883,118312.543,0x82,0x00,True,2.11,-4.39,100.34,0,37.61
01:26:42.878,01:26:42.878,118342.538,0x82,0x00,True,2.11,-4.4,100.34,0,37.65
01:27:12.862,01:27:12.862,118372.522,0x82,0x00,True,2.11,-4.4,100.34,0,37.59
01:27:42.862,01:27:42.862,118402.522,0x82,0x00,True,2.12,-4.4,100.34,0,37.59
01:28:12.837,01:28:12.837,118432.497,0x82,0x00,True,2.11,-4.4,100.35,0,37.54
01:28:42.837,01:28:42.837,118462.497,0x82,0x00,True,2.12,-4.4,100.36,0,37.59
01:29:12.817,01:29:12.817,118492.477,0x82,0x00,True,2.13,-4.4,100.34,0,37.67
01:29:42.822,01:29:42.822,118522.482,0x82,0x00,True,2.11,-4.41,100.35,0,37.71
01:30:12.820,01:30:12.820,118552.48,0x82,0x00,True,2.12,-4.38,100.37,0,37.61
01:30:42.807,01:30:42.807,118582.467,0x82,0x00,True,2.12,-4.39,100.36,0,37.62
01:31:12.808,01:31:12.808,118612.468,0x82,0x00,True,2.13,-4.39,100.35,0,37.77
01:31:42.803,01:31:42.803,118642.463,0x82,0x00,True,2.11,-4.43,100.38,0,37.63
01:32:12.792,01:32:12.792,118672.452,0x82,0x00,True,2.12,-4.4,100.36,0,37.64
01:32:42.782,01:32:42.782,118702.442,0x82,0x00,True,2.12,-4.41,100.34,0,37.52
01:33:12.762,01:33:12.762,118732.422,0x82,0x00,True,2.12,-4.41,100.35,0,37.63
01:33:42.752,01:33:42.752,118762.412,0x82,0x00,True,2.13,-4.41,100.32,0,37.6
01:34:12.747,01:34:12.747,118792.407,0x82,0x00,True,2.11,-4.4,100.36,0,37.6
01:34:42.738,01:34:42.738,118822.398,0x82,0x00,True,2.13,-4.41,100.36,0,37.69
01:35:12.728,01:35:12.728,118852.388,0x82,0x00,True,2.12,-4.41,100.37,0,37.71
01:35:42.728,01:35:42.728,118882.388,0x82,0x00,True,2.12,-4.42,100.34,0,37.68
01:36:12.722,01:36:12.722,118912.382,0x82,0x00,True,2.11,-4.38,100.47,0,37.68
01:36:42.713,01:36:42.713,118942.373,0x82,0x00,True,2.11,-4.4,100.5,0,37.59
01:37:12.707,01:37:12.707,118972.367,0x82,0x00,True,2.12,-4.4,100.5,0,37.73
01:37:42.697,01:37:42.697,119002.357,0x82,0x00,True,2.12,-4.41,100.45,0,37.7
01:38:12.678,01:38:12.678,119032.338,0x82,0x00,True,2.12,-4.41,100.45,0,37.71
01:38:42.667,01:38:42.667,119062.327,0x82,0x00,True,2.13,-4.39,100.44,0,37.62
01:39:12.662,01:39:12.662,119092.322,0x82,0x00,True,2.12,-4.41,100.45,0,37.66
01:39:42.660,01:39:42.660,119122.32,0x82,0x00,True,2.12,-4.4,100.44,0,37.72
01:40:12.652,01:40:12.652,119152.312,0x82,0x00,True,2.11,-4.39,100.44,0,37.73
01:40:42.647,01:40:42.647,119182.307,0x82,0x00,True,2.11,-4.41,100.5,0,37.74
01:41:12.647,01:41:12.647,119212.307,0x82,0x00,True,2.12,-4.41,100.46,0,37.65
01:41:42.638,01:41:42.638,119242.298,0x82,0x00,True,2.12,-4.41,100.45,0,37.69
01:42:12.627,01:42:12.627,119272.287,0x82,0x00,True,2.11,-4.38,100.44,0,37.62
01:42:42.622,01:42:42.622,119302.282,0x82,0x00,True,2.12,-4.41,100.42,0,37.72
01:43:12.631,01:43:12.631,119332.291,0x82,0x00,True,2.12,-4.41,100.44,0,37.78
01:43:42.598,01:43:42.598,119362.258,0x82,0x00,True,2.12,-4.4,100.46,0,37.71
01:44:12.603,01:44:12.603,119392.263,0x82,0x00,True,2.11,-4.39,100.44,0,37.69
01:44:42.587,01:44:42.587,119422.247,0x82,0x00,True,2.12,-4.4,100.45,0,37.67
01:45:12.578,01:45:12.578,119452.238,0x82,0x00,True,2.12,-4.4,100.44,0,37.72
01:45:42.567,01:45:42.567,119482.227,0x82,0x00,True,2.11,-4.4,100.49,0,37.71
01:46:12.580,01:46:12.580,119512.24,0x82,0x00,True,2.12,-4.4,100.45,0,37.66
01:46:42.567,01:46:42.567,119542.227,0x82,0x00,True,2.14,-4.39,100.45,0,37.77
01:47:12.562,01:47:12.562,119572.222,0x82,0x00,True,2.13,-4.4,100.44,0,37.65
01:47:42.552,01:47:42.552,119602.212,0x82,0x00,True,2.11,-4.41,100.44,0,37.74
01:48:12.537,01:48:12.537,119632.197,0x82,0x00,True,2.13,-4.4,100.43,0,37.73
01:48:42.547,01:48:42.547,119662.207,0x82,0x00,True,2.13,-4.42,100.44,0,37.68
01:49:12.532,01:49:12.532,119692.192,0x82,0x00,True,2.12,-4.41,100.47,0,37.61
01:49:42.532,01:49:42.532,119722.192,0x82,0x00,True,2.12,-4.41,100.45,0,37.65
01:50:12.516,01:50:12.516,119752.176,0x82,0x00,True,2.12,-4.4,100.45,0,37.74
01:50:42.503,01:50:42.503,119782.163,0x82,0x00,True,2.12,-4.41,100.41,0,37.71
01:51:12.500,01:51:12.500,119812.16,0x82,0x00,True,2.11,-4.41,100.44,0,37.77
01:51:42.492,01:51:42.492,119842.152,0x82,0x00,True,2.11,-4.41,100.45,0,37.74
01:52:12.487,01:52:12.487,119872.147,0x82,0x00,True,2.12,-4.42,100.43,0,37.71
01:52:42.473,01:52:42.473,119902.133,0x82,0x00,True,2.12,-4.41,100.48,0,37.74
01:53:12.468,01:53:12.468,119932.128,0x82,0x00,True,2.11,-4.39,100.51,0,37.72
01:53:42.468,01:53:42.468,119962.128,0x82,0x00,True,2.12,-4.4,100.5,0,37.75
01:54:12.457,01:54:12.457,119992.117,0x82,0x00,True,2.14,-4.39,100.51,0,37.76
01:54:42.437,01:54:42.437,120022.097,0x82,0x00,True,2.13,-4.41,100.47,0,37.74
01:55:12.442,01:55:12.442,120052.102,0x82,0x00,True,2.13,-4.41,100.46,0,37.76
01:55:42.428,01:55:42.428,120082.088,0x82,0x00,True,2.11,-4.42,100.5,0,37.71
01:56:12.427,01:56:12.427,120112.087,0x82,0x00,True,2.12,-4.4,100.49,0,37.68
01:56:42.423,01:56:42.423,120142.083,0x82,0x00,True,1.96,-4.41,100.49,0,37.71
01:57:12.438,01:57:12.438,120172.098,0x82,0x00,True,2.11,-4.41,100.49,0,37.67
01:57:42.420,01:57:42.420,120202.08,0x82,0x00,True,2.13,-4.41,100.49,0,37.75
01:58:12.407,01:58:12.407,120232.067,0x82,0x00,True,2.13,-4.41,100.49,0,37.74
01:58:42.412,01:58:42.412,120262.072,0x82,0x00,True,2.12,-4.41,100.48,0,37.79
01:59:12.415,01:59:12.415,120292.075,0x82,0x00,True,2.12,-4.4,100.48,0,37.8
01:59:42.393,01:59:42.393,120322.053,0x82,0x00,True,2.12,-4.4,100.51,0,37.75
02:00:12.397,02:00:12.397,120352.057,0x82,0x00,True,2.12,-4.4,100.53,0,37.73
02:00:42.397,02:00:42.397,120382.057,0x82,0x00,True,2.12,-4.42,100.51,0,37.77
02:01:12.382,02:01:12.382,120412.042,0x82,0x00,True,2.12,-4.4,100.53,0,37.82
02:01:42.383,02:01:42.383,120442.043,0x82,0x00,True,2.12,-4.38,100.52,0,37.75
02:02:12.362,02:02:12.362,120472.022,0x82,0x00,True,2.12,-4.41,100.53,0,37.72
02:02:42.362,02:02:42.362,120502.022,0x82,0x00,True,2.12,-4.4,100.52,0,37.76
02:03:12.343,02:03:12.343,120532.003,0x82,0x00,True,2.12,-4.41,100.49,0,37.8
02:03:42.337,02:03:42.337,120561.997,0x82,0x00,True,2.13,-4.42,100.52,0,37.77
02:04:12.340,02:04:12.340,120592.0,0x82,0x00,True,2.12,-4.4,100.51,0,37.68
02:04:42.338,02:04:42.338,120621.998,0x82,0x00,True,2.11,-4.41,100.49,0,37.79
02:05:12.322,02:05:12.322,120651.982,0x82,0x00,True,2.12,-4.41,100.5,0,37.74
02:05:42.313,02:05:42.313,120681.973,0x82,0x00,True,2.12,-4.41,100.52,0,37.81
02:06:12.308,02:06:12.308,120711.968,0x82,0x00,True,2.12,-4.41,100.5,0,37.76
02:06:42.303,02:06:42.303,120741.963,0x82,0x00,True,2.12,-4.39,100.52,0,37.83
02:07:12.277,02:07:12.277,120771.937,0x82,0x00,True,2.13,-4.37,100.51,0,37.7
02:07:42.268,02:07:42.268,120801.928,0x82,0x00,True,2.13,-4.42,100.5,0,37.74
02:08:12.271,02:08:12.271,120831.931,0x82,0x00,True,2.12,-4.41,100.48,0,37.73
02:08:42.266,02:08:42.266,120861.926,0x82,0x00,True,2.14,-4.41,100.51,0,37.71
02:09:12.252,02:09:12.252,120891.912,0x82,0x00,True,2.12,-4.4,100.48,0,37.7
02:09:42.242,02:09:42.242,120921.902,0x82,0x00,True,2.14,-4.43,100.49,0,37.78
02:10:12.237,02:10:12.237,120951.897,0x82,0x00,True,2.12,-4.39,100.52,0,37.8
02:10:42.228,02:10:42.228,120981.888,0x82,0x00,True,2.13,-4.39,100.51,0,37.7
02:11:12.218,02:11:12.218,121011.878,0x82,0x00,True,2.13,-4.42,100.53,0,37.71
02:11:42.212,02:11:42.212,121041.872,0x82,0x00,True,2.12,-4.37,100.51,0,37.62
02:12:12.192,02:12:12.192,121071.852,0x82,0x00,True,2.12,-4.4,100.5,0,37.56
02:12:42.202,02:12:42.202,121101.862,0x82,0x00,True,2.11,-4.41,100.53,0,37.69
02:13:12.178,02:13:12.178,121131.838,0x82,0x00,True,2.13,-4.41,100.5,0,37.68
02:13:42.188,02:13:42.188,121161.848,0x82,0x00,True,2.12,-4.41,100.52,0,37.65
02:14:12.173,02:14:12.173,121191.833,0x82,0x00,True,2.12,-4.41,100.55,0,37.73
02:14:42.180,02:14:42.180,121221.84,0x82,0x00,True,2.12,-4.39,100.55,0,37.72
02:15:12.167,02:15:12.167,121251.827,0x82,0x00,True,2.13,-4.4,100.55,0,37.73
02:15:42.167,02:15:42.167,121281.827,0x82,0x00,True,2.13,-4.4,100.52,0,37.73
02:16:12.165,02:16:12.165,121311.825,0x82,0x00,True,2.13,-4.41,100.55,0,37.71
02:16:42.157,02:16:42.157,121341.817,0x82,0x00,True,2.12,-4.39,100.54,0,37.68
02:17:12.137,02:17:12.137,121371.797,0x82,0x00,True,2.12,-4.38,100.54,0,37.71
02:17:42.143,02:17:42.143,121401.803,0x82,0x00,True,2.11,-4.38,100.56,0,37.74
02:18:12.122,02:18:12.122,121431.782,0x82,0x00,True,2.11,-4.38,100.51,0,37.74
02:18:42.122,02:18:42.122,121461.782,0x82,0x00,True,2.12,-4.37,100.51,0,37.74
02:19:12.117,02:19:12.117,121491.777,0x82,0x00,True,2.12,-4.37,100.52,0,37.79
02:19:42.103,02:19:42.103,121521.763,0x82,0x00,True,2.12,-4.38,100.53,0,37.74
02:20:12.107,02:20:12.107,121551.767,0x82,0x00,True,2.11,-4.36,100.54,0,37.73
02:20:42.093,02:20:42.093,121581.753,0x82,0x00,True,2.12,-4.35,100.54,0,37.8
02:21:12.098,02:21:12.098,121611.758,0x82,0x00,True,2.11,-4.38,100.51,0,37.74
02:21:42.093,02:21:42.093,121641.753,0x82,0x00,True,2.12,-4.37,100.51,0,37.65
02:22:12.077,02:22:12.077,121671.737,0x82,0x00,True,2.13,-4.37,100.51,0,37.59
02:22:42.077,02:22:42.077,121701.737,0x82,0x00,True,2.13,-4.36,100.51,0,37.68
02:23:12.067,02:23:12.067,121731.727,0x82,0x00,True,2.13,-4.36,100.53,0,37.79
02:23:42.058,02:23:42.058,121761.718,0x82,0x00,True,2.12,-4.38,100.52,0,37.65
02:24:12.053,02:24:12.053,121791.713,0x82,0x00,True,2.13,-4.35,100.52,0,37.74
02:24:42.048,02:24:42.048,121821.708,0x82,0x00,True,2.12,-4.37,100.49,0,37.73
02:25:12.026,02:25:12.026,121851.686,0x82,0x00,True,2.13,-4.37,100.51,0,37.74
02:25:42.022,02:25:42.022,121881.682,0x82,0x00,True,2.13,-4.39,100.55,0,37.71
02:26:12.013,02:26:12.013,121911.673,0x82,0x00,True,2.13,-4.37,100.54,0,37.77
02:26:42.018,02:26:42.018,121941.678,0x82,0x00,True,2.13,-4.37,100.5,0,37.77
02:27:12.013,02:27:12.013,121971.673,0x82,0x00,True,2.13,-4.37,100.53,0,37.75
02:27:41.998,02:27:41.998,122001.658,0x82,0x00,True,2.12,-4.36,100.5,0,37.74
02:28:11.997,02:28:11.997,122031.657,0x82,0x00,True,2.11,-4.37,100.5,0,37.8
02:28:41.987,02:28:41.987,122061.647,0x82,0x00,True,2.12,-4.37,100.53,0,37.83
02:29:11.982,02:29:11.982,122091.642,0x82,0x00,True,2.12,-4.38,100.5,0,37.74
02:29:41.962,02:29:41.962,122121.622,0x82,0x00,True,2.12,-4.37,100.49,0,37.8
02:30:11.973,02:30:11.973,122151.633,0x82,0x00,True,2.12,-4.37,100.51,0,37.82
02:30:41.955,02:30:41.955,122181.615,0x82,0x00,True,2.11,-4.37,100.52,0,37.79
02:31:11.942,02:31:11.942,122211.602,0x82,0x00,True,2.12,-4.37,100.55,0,37.88
02:31:41.933,02:31:41.933,122241.593,0x82,0x00,True,2.12,-4.37,100.51,0,37.85
02:32:11.928,02:32:11.928,122271.588,0x82,0x00,True,2.12,-4.37,100.52,0,37.83
02:32:41.928,02:32:41.928,122301.588,0x82,0x00,True,2.12,-4.38,100.53,0,37.83
02:33:11.923,02:33:11.923,122331.583,0x82,0x00,True,2.12,-4.38,100.54,0,37.83
02:33:41.913,02:33:41.913,122361.573,0x82,0x00,True,2.12,-4.37,100.52,0,37.94
02:34:11.902,02:34:11.902,122391.562,0x82,0x00,True,2.13,-4.37,100.5,0,37.93
02:34:41.903,02:34:41.903,122421.563,0x82,0x00,True,2.12,-4.38,100.55,0,38.0
02:35:11.902,02:35:11.902,122451.562,0x82,0x00,True,2.11,-4.37,100.56,0,37.93
02:35:41.883,02:35:41.883,122481.543,0x82,0x00,True,2.12,-4.38,100.58,0,37.99
02:36:11.873,02:36:11.873,122511.533,0x82,0x00,True,2.12,-4.37,100.6,0,37.99
02:36:41.862,02:36:41.862,122541.522,0x82,0x00,True,2.12,-4.36,100.58,0,37.99
02:37:11.853,02:37:11.853,122571.513,0x82,0x00,True,2.12,-4.38,100.59,0,38.08
02:37:41.857,02:37:41.857,122601.517,0x82,0x00,True,2.12,-4.37,100.59,0,38.05
02:38:11.848,02:38:11.848,122631.508,0x82,0x00,True,2.12,-4.38,100.6,0,38.07
02:38:41.848,02:38:41.848,122661.508,0x82,0x00,True,2.13,-4.37,100.61,0,38.17
02:39:11.833,02:39:11.833,122691.493,0x82,0x00,True,2.12,-4.36,100.61,0,38.15
02:39:41.817,02:39:41.817,122721.477,0x82,0x00,True,2.12,-4.39,100.6,0,38.1
02:40:11.808,02:40:11.808,122751.468,0x82,0x00,True,2.13,-4.38,100.64,0,38.16
02:40:41.801,02:40:41.801,122781.461,0x82,0x00,True,2.12,-4.37,100.63,0,38.13
02:41:11.798,02:41:11.798,122811.458,0x82,0x00,True,2.12,-4.36,100.64,0,38.17
02:41:41.783,02:41:41.783,122841.443,0x82,0x00,True,2.12,-4.38,100.61,0,38.16
02:42:11.788,02:42:11.788,122871.448,0x82,0x00,True,2.12,-4.38,100.62,0,38.14
02:42:41.772,02:42:41.772,122901.432,0x82,0x00,True,2.13,-4.37,100.58,0,38.22
02:43:11.772,02:43:11.772,122931.432,0x82,0x00,True,2.13,-4.37,100.6,0,38.22
02:43:41.752,02:43:41.752,122961.412,0x82,0x00,True,2.12,-4.38,100.62,0,38.2
02:44:11.758,02:44:11.758,122991.418,0x82,0x00,True,2.13,-4.37,100.61,0,38.27
02:44:41.758,02:44:41.758,123021.418,0x82,0x00,True,2.13,-4.37,100.58,0,38.18
02:45:11.743,02:45:11.743,123051.403,0x82,0x00,True,2.12,-4.39,100.6,0,38.18
02:45:41.738,02:45:41.738,123081.398,0x82,0x00,True,2.12,-4.37,100.64,0,38.19
02:46:11.740,02:46:11.740,123111.4,0x82,0x00,True,2.13,-4.38,100.61,0,38.22
02:46:41.728,02:46:41.728,123141.388,0x82,0x00,True,2.12,-4.37,100.63,0,38.17
02:47:11.712,02:47:11.712,123171.372,0x82,0x00,True,2.12,-4.36,100.63,0,38.17
02:47:41.707,02:47:41.707,123201.367,0x82,0x00,True,2.13,-4.35,100.65,0,38.21
02:48:11.697,02:48:11.697,123231.357,0x82,0x00,True,2.12,-4.38,100.66,0,38.17
02:48:41.697,02:48:41.697,123261.357,0x82,0x00,True,2.12,-4.38,100.64,0,38.2
02:49:11.700,02:49:11.700,123291.36,0x82,0x00,True,2.12,-4.38,100.65,0,38.17
02:49:41.688,02:49:41.688,123321.348,0x82,0x00,True,2.12,-4.39,100.64,0,38.23
02:50:11.688,02:50:11.688,123351.348,0x82,0x00,True,2.11,-4.39,100.66,0,38.2
02:50:41.683,02:50:41.683,123381.343,0x82,0x00,True,2.12,-4.38,100.63,0,38.13
02:51:11.662,02:51:11.662,123411.322,0x82,0x00,True,2.13,-4.34,100.65,0,38.24
02:51:41.662,02:51:41.662,123441.322,0x82,0x00,True,2.12,-4.35,100.63,0,38.23
02:52:11.657,02:52:11.657,123471.317,0x82,0x00,True,2.11,-4.33,100.66,0,38.2
02:52:41.652,02:52:41.652,123501.312,0x82,0x00,True,2.12,-4.34,100.65,0,38.3
02:53:11.643,02:53:11.643,123531.303,0x82,0x00,True,2.11,-4.34,100.66,0,38.18
02:53:41.627,02:53:41.627,123561.287,0x82,0x00,True,2.12,-4.33,100.65,0,38.15
02:54:11.632,02:54:11.632,123591.292,0x82,0x00,True,2.12,-4.34,100.65,0,38.19
02:54:41.612,02:54:41.612,123621.272,0x82,0x00,True,2.12,-4.33,100.66,0,38.2
02:55:11.618,02:55:11.618,123651.278,0x82,0x00,True,2.1,-4.34,100.66,0,38.19
02:55:41.612,02:55:41.612,123681.272,0x82,0x00,True,2.12,-4.34,100.64,0,38.15
02:56:11.603,02:56:11.603,123711.263,0x82,0x00,True,2.11,-4.34,100.67,0,38.18
02:56:41.592,02:56:41.592,123741.252,0x82,0x00,True,2.11,-4.34,100.66,0,38.28
02:57:11.577,02:57:11.577,123771.237,0x82,0x00,True,2.11,-4.33,100.64,0,38.26
02:57:41.577,02:57:41.577,123801.237,0x82,0x00,True,2.11,-4.34,100.66,0,38.36
02:58:11.558,02:58:11.558,123831.218,0x82,0x00,True,2.11,-4.35,100.72,0,38.3
02:58:41.548,02:58:41.548,123861.208,0x82,0x00,True,2.11,-4.34,100.69,0,38.27
02:59:11.543,02:59:11.543,123891.203,0x82,0x00,True,2.13,-4.35,100.72,0,38.35
02:59:41.552,02:59:41.552,123921.212,0x82,0x00,True,2.12,-4.35,100.73,0,38.43
03:00:11.537,03:00:11.537,123951.197,0x82,0x00,True,2.12,-4.34,100.71,0,38.33
03:00:41.518,03:00:41.518,123981.178,0x82,0x00,True,2.12,-4.35,100.71,0,38.3
03:01:11.522,03:01:11.522,124011.182,0x82,0x00,True,2.13,-4.32,100.72,0,38.48
03:01:41.522,03:01:41.522,124041.182,0x82,0x00,True,2.12,-4.34,100.72,0,38.39
03:02:11.508,03:02:11.508,124071.168,0x82,0x00,True,2.12,-4.35,100.73,0,38.45
03:02:41.497,03:02:41.497,124101.157,0x82,0x00,True,2.11,-4.35,100.73,0,38.46
03:03:11.487,03:03:11.487,124131.147,0x82,0x00,True,2.11,-4.33,100.71,0,38.54
03:03:41.478,03:03:41.478,124161.138,0x82,0x00,True,2.12,-4.35,100.7,0,38.59
03:04:11.482,03:04:11.482,124191.142,0x82,0x00,True,2.12,-4.37,100.71,0,38.48
03:04:41.462,03:04:41.462,124221.122,0x82,0x00,True,2.11,-4.36,100.74,0,38.57
03:05:11.468,03:05:11.468,124251.128,0x82,0x00,True,2.12,-4.37,100.73,0,38.57
03:05:41.452,03:05:41.452,124281.112,0x82,0x00,True,2.11,-4.36,100.74,0,38.52
03:06:11.457,03:06:11.457,124311.117,0x82,0x00,True,2.12,-4.37,100.71,0,38.61
03:06:41.452,03:06:41.452,124341.112,0x82,0x00,True,2.12,-4.36,100.74,0,38.6
03:07:11.442,03:07:11.442,124371.102,0x82,0x00,True,2.12,-4.35,100.73,0,38.65
03:07:41.437,03:07:41.437,124401.097,0x82,0x00,True,2.11,-4.37,100.78,0,38.51
03:08:11.433,03:08:11.433,124431.093,0x82,0x00,True,2.11,-4.37,100.78,0,38.51
03:08:41.433,03:08:41.433,124461.093,0x82,0x00,True,2.11,-4.37,100.75,0,38.54
03:09:11.422,03:09:11.422,124491.082,0x82,0x00,True,2.11,-4.36,100.75,0,38.61
03:09:41.418,03:09:41.418,124521.078,0x82,0x00,True,2.11,-4.35,100.8,0,38.63
03:10:11.397,03:10:11.397,124551.057,0x82,0x00,True,2.1,-4.38,100.76,0,38.66
03:10:41.402,03:10:41.402,124581.062,0x82,0x00,True,2.11,-4.37,100.77,0,38.54
03:11:11.388,03:11:11.388,124611.048,0x82,0x00,True,2.12,-4.36,100.79,0,38.63
03:11:41.383,03:11:41.383,124641.043,0x82,0x00,True,2.12,-4.37,100.76,0,38.58
03:12:11.381,03:12:11.381,124671.041,0x82,0x00,True,2.11,-4.36,100.75,0,38.65
03:12:41.380,03:12:41.380,124701.04,0x82,0x00,True,2.12,-4.35,100.77,0,38.68
03:13:11.365,03:13:11.365,124731.025,0x82,0x00,True,2.11,-4.36,100.75,0,38.67
03:13:41.362,03:13:41.362,124761.022,0x82,0x00,True,2.12,-4.35,100.78,0,38.66
03:14:11.357,03:14:11.357,124791.017,0x82,0x00,True,2.12,-4.36,100.77,0,38.72
03:14:41.348,03:14:41.348,124821.008,0x82,0x00,True,2.13,-4.37,100.8,0,38.76
03:15:11.353,03:15:11.353,124851.013,0x82,0x00,True,2.11,-4.36,100.81,0,38.71
03:15:41.348,03:15:41.348,124881.008,0x82,0x00,True,2.11,-4.34,100.8,0,38.73
03:16:11.338,03:16:11.338,124910.998,0x82,0x00,True,2.12,-4.36,100.8,0,38.76
03:16:41.327,03:16:41.327,124940.987,0x82,0x00,True,2.12,-4.34,100.83,0,38.7
03:17:11.312,03:17:11.312,124970.972,0x82,0x00,True,2.11,-4.35,100.84,0,38.78
03:17:41.308,03:17:41.308,125000.968,0x82,0x00,True,2.1,-4.36,100.82,0,38.75
03:18:11.317,03:18:11.317,125030.977,0x82,0x00,True,2.12,-4.34,100.8,0,38.77
03:18:41.302,03:18:41.302,125060.962,0x82,0x00,True,2.12,-4.37,100.83,0,38.75
03:19:11.298,03:19:11.298,125090.958,0x82,0x00,True,2.11,-4.35,100.83,0,38.79
03:19:41.292,03:19:41.292,125120.952,0x82,0x00,True,2.12,-4.36,100.81,0,38.81
03:20:11.282,03:20:11.282,125150.942,0x82,0x00,True,2.11,-4.36,100.78,0,38.79
03:20:41.287,03:20:41.287,125180.947,0x82,0x00,True,2.12,-4.34,100.81,0,38.79
03:21:11.282,03:21:11.282,125210.942,0x82,0x00,True,2.11,-4.36,100.81,0,38.83
03:21:41.282,03:21:41.282,125240.942,0x82,0x00,True,2.11,-4.36,100.8,0,38.88
03:22:11.272,03:22:11.272,125270.932,0x82,0x00,True,2.12,-4.36,100.82,0,38.79
03:22:41.263,03:22:41.263,125300.923,0x82,0x00,True,2.12,-4.35,100.75,0,38.78
03:23:11.248,03:23:11.248,125330.908,0x82,0x00,True,2.11,-4.34,100.76,0,38.77
03:23:41.252,03:23:41.252,125360.912,0x82,0x00,True,2.11,-4.35,100.79,0,38.82
03:24:11.237,03:24:11.237,125390.897,0x82,0x00,True,2.12,-4.37,100.77,0,38.72
03:24:41.237,03:24:41.237,125420.897,0x82,0x00,True,2.11,-4.34,100.76,0,38.76
03:25:11.228,03:25:11.228,125450.888,0x82,0x00,True,2.11,-4.36,100.79,0,38.81
03:25:41.232,03:25:41.232,125480.892,0x82,0x00,True,2.1,-4.35,100.8,0,38.79
03:26:11.217,03:26:11.217,125510.877,0x82,0x00,True,2.11,-4.36,100.84,0,38.76
03:26:41.228,03:26:41.228,125540.888,0x82,0x00,True,2.12,-4.36,100.81,0,38.78
03:27:11.212,03:27:11.212,125570.872,0x82,0x00,True,2.11,-4.36,100.85,0,38.88
03:27:41.221,03:27:41.221,125600.881,0x82,0x00,True,2.11,-4.37,100.87,0,38.82
03:28:11.208,03:28:11.208,125630.868,0x82,0x00,True,2.12,-4.35,100.87,0,38.81
03:28:41.202,03:28:41.202,125660.862,0x82,0x00,True,2.12,-4.36,100.86,0,38.82
03:29:11.197,03:29:11.197,125690.857,0x82,0x00,True,2.12,-4.37,100.85,0,38.85
03:29:41.187,03:29:41.187,125720.847,0x82,0x00,True,2.12,-4.37,100.86,0,38.9
03:30:11.183,03:30:11.183,125750.843,0x82,0x00,True,2.12,-4.35,100.84,0,38.89
03:30:41.178,03:30:41.178,125780.838,0x82,0x00,True,2.1,-4.37,100.87,0,38.85
03:31:11.178,03:31:11.178,125810.838,0x82,0x00,True,2.11,-4.35,100.85,0,38.94
03:31:41.162,03:31:41.162,125840.822,0x82,0x00,True,2.1,-4.34,100.86,0,38.9
03:32:11.152,03:32:11.152,125870.812,0x82,0x00,True,2.1,-4.36,100.91,0,38.88
03:32:41.147,03:32:41.147,125900.807,0x82,0x00,True,2.11,-4.36,100.97,0,38.94
03:33:11.157,03:33:11.157,125930.817,0x82,0x00,True,2.1,-4.34,100.91,0,39.02
03:33:41.167,03:33:41.167,125960.827,0x82,0x00,True,2.1,-4.34,100.91,0,39.0
03:34:11.143,03:34:11.143,125990.803,0x82,0x00,True,2.1,-4.36,100.87,0,39.0
03:34:41.132,03:34:41.132,126020.792,0x82,0x00,True,2.11,-4.34,100.92,0,39.03
03:35:11.133,03:35:11.133,126050.793,0x82,0x00,True,2.11,-4.34,100.91,0,38.94
03:35:41.112,03:35:41.112,126080.772,0x82,0x00,True,2.1,-4.36,100.92,0,38.99
03:36:11.117,03:36:11.117,126110.777,0x82,0x00,True,2.1,-4.37,100.97,0,39.05
03:36:41.112,03:36:41.112,126140.772,0x82,0x00,True,2.11,-4.36,100.95,0,39.0
03:37:11.098,03:37:11.098,126170.758,0x82,0x00,True,2.1,-4.37,100.96,0,39.11
03:37:41.103,03:37:41.103,126200.763,0x82,0x00,True,2.11,-4.34,100.96,0,39.13
03:38:11.098,03:38:11.098,126230.758,0x82,0x00,True,2.12,-4.34,100.96,0,39.13
03:38:41.101,03:38:41.101,126260.761,0x82,0x00,True,2.11,-4.36,101.0,0,39.15
03:39:11.082,03:39:11.082,126290.742,0x82,0x00,True,2.11,-4.35,100.96,0,39.15
03:39:41.072,03:39:41.072,126320.732,0x82,0x00,True,2.1,-4.35,100.95,0,39.14
03:40:11.067,03:40:11.067,126350.727,0x82,0x00,True,2.11,-4.39,101.0,0,39.19
03:40:41.072,03:40:41.072,126380.732,0x82,0x00,True,2.1,-4.37,100.99,0,39.13
03:41:11.058,03:41:11.058,126410.718,0x82,0x00,True,2.11,-4.36,100.97,0,39.11
03:41:41.063,03:41:41.063,126440.723,0x82,0x00,True,2.12,-4.36,100.92,0,39.17
03:42:11.058,03:42:11.058,126470.718,0x82,0x00,True,2.12,-4.37,100.95,0,39.17
03:42:41.047,03:42:41.047,126500.707,0x82,0x00,True,2.12,-4.36,100.92,0,39.09
03:43:11.053,03:43:11.053,126530.713,0x82,0x00,True,2.12,-4.37,100.93,0,39.05
03:43:41.037,03:43:41.037,126560.697,0x82,0x00,True,2.12,-4.36,100.92,0,39.1
03:44:11.043,03:44:11.043,126590.703,0x82,0x00,True,2.12,-4.35,100.91,0,38.99
03:44:41.032,03:44:41.032,126620.692,0x82,0x00,True,2.12,-4.37,100.92,0,38.99
03:45:11.027,03:45:11.027,126650.687,0x82,0x00,True,2.12,-4.37,100.9,0,39.03
03:45:41.013,03:45:41.013,126680.673,0x82,0x00,True,2.12,-4.35,100.88,0,39.05
03:46:11.018,03:46:11.018,126710.678,0x82,0x00,True,2.1,-4.35,100.91,0,38.98
03:46:40.997,03:46:40.997,126740.657,0x82,0x00,True,2.13,-4.35,100.9,0,39.03
03:47:10.997,03:47:10.997,126770.657,0x82,0x00,True,2.12,-4.34,100.89,0,38.92
03:47:40.997,03:47:40.997,126800.657,0x82,0x00,True,2.11,-4.35,100.9,0,38.88
03:48:10.997,03:48:10.997,126830.657,0x82,0x00,True,2.12,-4.36,100.9,0,38.95
03:48:40.982,03:48:40.982,126860.642,0x82,0x00,True,2.11,-4.34,100.89,0,38.92
03:49:11.001,03:49:11.001,126890.661,0x82,0x00,True,2.12,-4.36,100.89,0,38.88
03:49:40.978,03:49:40.978,126920.638,0x82,0x00,True,2.13,-4.34,100.87,0,38.82
03:50:10.978,03:50:10.978,126950.638,0x82,0x00,True,2.12,-4.36,100.86,0,38.85
03:50:40.980,03:50:40.980,126980.64,0x82,0x00,True,2.13,-4.37,100.88,0,38.89
03:51:10.967,03:51:10.967,127010.627,0x82,0x00,True,2.12,-4.36,100.86,0,38.77
03:51:40.963,03:51:40.963,127040.623,0x82,0x00,True,2.12,-4.37,100.83,0,38.85
03:52:10.962,03:52:10.962,127070.622,0x82,0x00,True,2.12,-4.36,100.81,0,38.84
03:52:40.958,03:52:40.958,127100.618,0x82,0x00,True,2.12,-4.37,100.81,0,38.85
03:53:10.942,03:53:10.942,127130.602,0x82,0x00,True,2.12,-4.36,100.79,0,38.73
03:53:40.947,03:53:40.947,127160.607,0x82,0x00,True,2.12,-4.35,100.8,0,38.82
03:54:10.938,03:54:10.938,127190.598,0x82,0x00,True,2.11,-4.37,100.79,0,38.76
03:54:40.925,03:54:40.925,127220.585,0x82,0x00,True,2.12,-4.36,100.78,0,38.73
03:55:10.921,03:55:10.921,127250.581,0x82,0x00,True,2.1,-4.35,100.79,0,38.66
03:55:40.912,03:55:40.912,127280.572,0x82,0x00,True,2.11,-4.36,100.77,0,38.7
03:56:10.892,03:56:10.892,127310.552,0x82,0x00,True,2.12,-4.34,100.77,0,38.68
03:56:40.888,03:56:40.888,127340.548,0x82,0x00,True,2.12,-4.37,100.76,0,38.69
03:57:10.892,03:57:10.892,127370.552,0x82,0x00,True,2.12,-4.36,100.81,0,38.73
03:57:40.883,03:57:40.883,127400.543,0x82,0x00,True,2.11,-4.37,100.8,0,38.7
03:58:10.878,03:58:10.878,127430.538,0x82,0x00,True,2.11,-4.37,100.77,0,38.73
03:58:40.857,03:58:40.857,127460.517,0x82,0x00,True,2.11,-4.35,100.75,0,38.55
03:59:10.862,03:59:10.862,127490.522,0x82,0x00,True,2.11,-4.37,100.77,0,38.6
03:59:40.848,03:59:40.848,127520.508,0x82,0x00,True,2.12,-4.36,100.75,0,38.64
04:00:10.853,04:00:10.853,127550.513,0x82,0x00,True,2.12,-4.35,100.77,0,38.71
04:00:40.837,04:00:40.837,127580.497,0x82,0x00,True,2.11,-4.37,100.81,0,38.63
04:01:10.848,04:01:10.848,127610.508,0x82,0x00,True,2.12,-4.36,100.79,0,38.66
04:01:40.822,04:01:40.822,127640.482,0x82,0x00,True,2.11,-4.37,100.77,0,38.58
04:02:10.822,04:02:10.822,127670.482,0x82,0x00,True,2.13,-4.36,100.79,0,38.6
04:02:40.812,04:02:40.812,127700.472,0x82,0x00,True,2.12,-4.35,100.8,0,38.6
04:03:10.822,04:03:10.822,127730.482,0x82,0x00,True,2.12,-4.35,100.79,0,38.71
04:03:40.827,04:03:40.827,127760.487,0x82,0x00,True,2.12,-4.35,100.84,0,38.61
04:04:10.812,04:04:10.812,127790.472,0x82,0x00,True,2.13,-4.35,100.81,0,38.76
04:04:40.808,04:04:40.808,127820.468,0x82,0x00,True,2.11,-4.36,100.82,0,38.75
04:05:10.803,04:05:10.803,127850.463,0x82,0x00,True,2.12,-4.36,100.84,0,38.75
04:05:40.803,04:05:40.803,127880.463,0x82,0x00,True,2.12,-4.36,100.86,0,38.78
04:06:10.792,04:06:10.792,127910.452,0x82,0x00,True,2.11,-4.36,100.86,0,38.9
04:06:40.787,04:06:40.787,127940.447,0x82,0x00,True,2.12,-4.35,100.9,0,38.85
04:07:10.777,04:07:10.777,127970.437,0x82,0x00,True,2.12,-4.34,100.91,0,38.84
04:07:40.772,04:07:40.772,128000.432,0x82,0x00,True,2.11,-4.35,100.91,0,38.92
04:08:10.777,04:08:10.777,128030.437,0x82,0x00,True,2.12,-4.35,100.92,0,38.91
04:08:40.780,04:08:40.780,128060.44,0x82,0x00,True,2.12,-4.35,100.92,0,38.89
04:09:10.757,04:09:10.757,128090.417,0x82,0x00,True,2.11,-4.35,100.91,0,38.91
04:09:40.758,04:09:40.758,128120.418,0x82,0x00,True,2.13,-4.36,100.93,0,38.88
04:10:10.752,04:10:10.752,128150.412,0x82,0x00,True,2.11,-4.34,100.91,0,39.0
04:10:40.768,04:10:40.768,128180.428,0x82,0x00,True,2.12,-4.35,100.92,0,38.91
04:11:10.747,04:11:10.747,128210.407,0x82,0x00,True,2.12,-4.38,100.94,0,38.97
04:11:40.758,04:11:40.758,128240.418,0x82,0x00,True,2.12,-4.36,100.93,0,38.88
04:12:10.742,04:12:10.742,128270.402,0x82,0x00,True,2.11,-4.37,100.94,0,38.92
04:12:40.747,04:12:40.747,128300.407,0x82,0x00,True,2.13,-4.35,100.91,0,38.85
04:13:10.737,04:13:10.737,128330.397,0x82,0x00,True,2.12,-4.36,100.89,0,38.79
04:13:40.742,04:13:40.742,128360.402,0x82,0x00,True,2.12,-4.37,100.83,0,38.89
04:14:10.732,04:14:10.732,128390.392,0x82,0x00,True,2.12,-4.37,100.88,0,38.79
04:14:40.740,04:14:40.740,128420.4,0x82,0x00,True,2.11,-4.35,100.84,0,38.79
04:15:10.728,04:15:10.728,128450.388,0x82,0x00,True,2.12,-4.37,100.84,0,38.85
04:15:40.723,04:15:40.723,128480.383,0x82,0x00,True,2.12,-4.34,100.85,0,38.77
04:16:10.713,04:16:10.713,128510.373,0x82,0x00,True,2.1,-4.36,100.85,0,38.78
04:16:40.707,04:16:40.707,128540.367,0x82,0x00,True,2.12,-4.36,100.83,0,38.8
04:17:10.702,04:17:10.702,128570.362,0x82,0x00,True,2.12,-4.36,100.84,0,38.66
04:17:40.692,04:17:40.692,128600.352,0x82,0x00,True,2.12,-4.34,100.84,0,38.69
04:18:10.688,04:18:10.688,128630.348,0x82,0x00,True,2.12,-4.34,100.77,0,38.7
04:18:40.672,04:18:40.672,128660.332,0x82,0x00,True,2.11,-4.35,100.82,0,38.58
04:19:10.667,04:19:10.667,128690.327,0x82,0x00,True,2.11,-4.35,100.82,0,38.63
04:19:40.662,04:19:40.662,128720.322,0x82,0x00,True,2.11,-4.37,100.77,0,38.54
04:20:10.671,04:20:10.671,128750.331,0x82,0x00,True,2.12,-4.37,100.79,0,38.57
04:20:40.652,04:20:40.652,128780.312,0x82,0x00,True,2.12,-4.36,100.8,0,38.52
04:21:10.657,04:21:10.657,128810.317,0x82,0x00,True,2.11,-4.4,100.75,0,38.6
04:21:40.643,04:21:40.643,128840.303,0x82,0x00,True,2.12,-4.38,100.76,0,38.4
04:22:10.627,04:22:10.627,128870.287,0x82,0x00,True,2.11,-4.37,100.75,0,38.42
04:22:40.632,04:22:40.632,128900.292,0x82,0x00,True,2.12,-4.37,100.76,0,38.54
04:23:10.625,04:23:10.625,128930.285,0x82,0x00,True,2.12,-4.37,100.75,0,38.4
04:23:40.623,04:23:40.623,128960.283,0x82,0x00,True,2.11,-4.38,100.76,0,38.51
04:24:10.603,04:24:10.603,128990.263,0x82,0x00,True,2.13,-4.39,100.8,0,38.5
04:24:40.593,04:24:40.593,129020.253,0x82,0x00,True,2.12,-4.39,100.75,0,38.35
04:25:10.584,04:25:10.584,129050.244,0x82,0x00,True,2.11,-4.39,100.75,0,38.36
04:25:40.587,04:25:40.587,129080.247,0x82,0x00,True,2.11,-4.38,100.78,0,38.37
04:26:10.562,04:26:10.562,129110.222,0x82,0x00,True,2.11,-4.38,100.77,0,38.33
04:26:40.567,04:26:40.567,129140.227,0x82,0x00,True,2.12,-4.37,100.77,0,38.28
04:27:10.558,04:27:10.558,129170.218,0x82,0x00,True,2.12,-4.38,100.77,0,38.3
04:27:40.556,04:27:40.556,129200.216,0x82,0x00,True,2.11,-4.39,100.78,0,38.44
04:28:10.527,04:28:10.527,129230.187,0x82,0x00,True,2.1,-4.39,100.78,0,38.38
04:28:40.532,04:28:40.532,129260.192,0x82,0x00,True,2.12,-4.38,100.76,0,38.38
04:29:10.522,04:29:10.522,129290.182,0x82,0x00,True,2.11,-4.39,100.76,0,38.34
04:29:40.502,04:29:40.502,129320.162,0x82,0x00,True,2.11,-4.39,100.77,0,38.32
04:30:10.502,04:30:10.502,129350.162,0x82,0x00,True,2.11,-4.36,100.81,0,38.23
04:30:40.493,04:30:40.493,129380.153,0x82,0x00,True,2.13,-4.37,100.81,0,38.31
04:31:10.487,04:31:10.487,129410.147,0x82,0x00,True,2.12,-4.37,100.82,0,38.3
04:31:40.478,04:31:40.478,129440.138,0x82,0x00,True,2.11,-4.38,100.77,0,38.21
04:32:10.458,04:32:10.458,129470.118,0x82,0x00,True,2.12,-4.38,100.78,0,38.2
04:32:40.471,04:32:40.471,129500.131,0x82,0x00,True,2.12,-4.4,100.79,0,38.21
04:33:10.442,04:33:10.442,129530.102,0x82,0x00,True,2.11,-4.39,100.77,0,38.16
04:33:40.437,04:33:40.437,129560.097,0x82,0x00,True,2.1,-4.34,100.76,0,38.2
04:34:10.428,04:34:10.428,129590.088,0x82,0x00,True,2.12,-4.37,100.76,0,38.17
04:34:40.436,04:34:40.436,129620.096,0x82,0x00,True,2.1,-4.35,100.75,0,38.2
04:35:10.412,04:35:10.412,129650.072,0x82,0x00,True,2.11,-4.35,100.74,0,38.12
04:35:40.418,04:35:40.418,129680.078,0x82,0x00,True,2.12,-4.32,100.72,0,38.12
04:36:10.402,04:36:10.402,129710.062,0x82,0x00,True,2.11,-4.35,100.74,0,38.23
04:36:40.388,04:36:40.388,129740.048,0x82,0x00,True,2.12,-4.34,100.74,0,38.1
04:37:10.387,04:37:10.387,129770.047,0x82,0x00,True,2.11,-4.35,100.71,0,38.13
04:37:40.378,04:37:40.378,129800.038,0x82,0x00,True,2.11,-4.35,100.72,0,38.16
04:38:10.362,04:38:10.362,129830.022,0x82,0x00,True,2.12,-4.35,100.71,0,38.11
04:38:40.353,04:38:40.353,129860.013,0x82,0x00,True,2.1,-4.36,100.71,0,38.1
04:39:10.343,04:39:10.343,129890.003,0x82,0x00,True,2.12,-4.35,100.7,0,38.1
04:39:40.337,04:39:40.337,129919.997,0x82,0x00,True,2.12,-4.34,100.74,0,38.08
04:40:10.343,04:40:10.343,129950.003,0x82,0x00,True,2.11,-4.35,100.74,0,38.15
04:40:40.332,04:40:40.332,129979.992,0x82,0x00,True,2.12,-4.36,100.73,0,38.1
04:41:10.322,04:41:10.322,130009.982,0x82,0x00,True,2.12,-4.36,100.72,0,38.07
04:41:40.308,04:41:40.308,130039.968,0x82,0x00,True,2.11,-4.35,100.7,0,38.08
04:42:10.297,04:42:10.297,130069.957,0x82,0x00,True,2.11,-4.36,100.74,0,38.05
04:42:40.298,04:42:40.298,130099.958,0x82,0x00,True,2.12,-4.36,100.71,0,38.04
04:43:10.277,04:43:10.277,130129.937,0x82,0x00,True,2.12,-4.34,100.72,0,38.13
04:43:40.282,04:43:40.282,130159.942,0x82,0x00,True,2.11,-4.37,100.71,0,38.06
04:44:10.263,04:44:10.263,130189.923,0x82,0x00,True,2.12,-4.36,100.7,0,38.06
04:44:40.263,04:44:40.263,130219.923,0x82,0x00,True,2.11,-4.35,100.71,0,38.02
04:45:10.252,04:45:10.252,130249.912,0x82,0x00,True,2.11,-4.35,100.71,0,38.05
04:45:40.253,04:45:40.253,130279.913,0x82,0x00,True,2.12,-4.34,100.67,0,38.11
04:46:10.242,04:46:10.242,130309.902,0x82,0x00,True,2.11,-4.35,100.71,0,38.17
04:46:40.237,04:46:40.237,130339.897,0x82,0x00,True,2.11,-4.36,100.71,0,38.08
04:47:10.228,04:47:10.228,130369.888,0x82,0x00,True,2.12,-4.33,100.68,0,38.13
04:47:40.223,04:47:40.223,130399.883,0x82,0x00,True,2.11,-4.36,100.75,0,38.08
04:48:10.212,04:48:10.212,130429.872,0x82,0x00,True,2.11,-4.36,100.75,0,38.12
04:48:40.197,04:48:40.197,130459.857,0x82,0x00,True,2.12,-4.35,100.73,0,38.14
04:49:10.192,04:49:10.192,130489.852,0x82,0x00,True,2.12,-4.37,100.71,0,38.17
04:49:40.183,04:49:40.183,130519.843,0x82,0x00,True,2.11,-4.36,100.72,0,38.1
04:50:10.183,04:50:10.183,130549.843,0x82,0x00,True,2.12,-4.34,100.72,0,38.04
04:50:40.173,04:50:40.173,130579.833,0x82,0x00,True,2.12,-4.35,100.69,0,37.97
04:51:10.168,04:51:10.168,130609.828,0x82,0x00,True,2.12,-4.36,100.69,0,38.09
04:51:40.162,04:51:40.162,130639.822,0x82,0x00,True,2.11,-4.36,100.74,0,38.05
04:52:10.152,04:52:10.152,130669.812,0x82,0x00,True,2.11,-4.36,100.71,0,38.11
04:52:40.147,04:52:40.147,130699.807,0x82,0x00,True,2.12,-4.35,100.68,0,38.08
04:53:10.143,04:53:10.143,130729.803,0x82,0x00,True,2.11,-4.36,100.7,0,38.01
04:53:40.132,04:53:40.132,130759.792,0x82,0x00,True,2.12,-4.34,100.69,0,38.05
04:54:10.112,04:54:10.112,130789.772,0x82,0x00,True,2.13,-4.36,100.69,0,37.96
04:54:40.120,04:54:40.120,130819.78,0x82,0x00,True,2.12,-4.33,100.65,0,37.93
04:55:10.121,04:55:10.121,130849.781,0x82,0x00,True,2.12,-4.34,100.7,0,37.86
04:55:40.098,04:55:40.098,130879.758,0x82,0x00,True,2.11,-4.35,100.69,0,37.96
04:56:10.087,04:56:10.087,130909.747,0x82,0x00,True,2.12,-4.34,100.68,0,38.0
04:56:40.067,04:56:40.067,130939.727,0x82,0x00,True,2.12,-4.34,100.71,0,37.9
04:57:10.072,04:57:10.072,130969.732,0x82,0x00,True,2.12,-4.33,100.67,0,37.9
04:57:40.062,04:57:40.062,130999.722,0x82,0x00,True,2.12,-4.35,100.66,0,37.87
04:58:10.053,04:58:10.053,131029.713,0x82,0x00,True,2.12,-4.34,100.66,0,37.94
04:58:40.037,04:58:40.037,131059.697,0x82,0x00,True,2.12,-4.36,100.66,0,37.84
04:59:10.037,04:59:10.037,131089.697,0x82,0x00,True,2.11,-4.35,100.64,0,37.8
04:59:40.022,04:59:40.022,131119.682,0x82,0x00,True,2.11,-4.35,100.65,0,37.84
05:00:10.030,05:00:10.030,131149.69,0x82,0x00,True,2.12,-4.35,100.66,0,37.84
05:00:40.013,05:00:40.013,131179.673,0x82,0x00,True,2.12,-4.35,100.68,0,37.8
05:01:10.008,05:01:10.008,131209.668,0x82,0x00,True,2.12,-4.34,100.68,0,37.82
05:01:40.003,05:01:40.003,131239.663,0x82,0x00,True,2.12,-4.35,100.64,0,37.83
05:02:09.993,05:02:09.993,131269.653,0x82,0x00,True,2.11,-4.34,100.65,0,37.85
05:02:39.992,05:02:39.992,131299.652,0x82,0x00,True,2.12,-4.34,100.66,0,37.79
05:03:09.978,05:03:09.978,131329.638,0x82,0x00,True,2.11,-4.36,100.66,0,37.78
05:03:39.968,05:03:39.968,131359.628,0x82,0x00,True,2.12,-4.35,100.65,0,37.74
05:04:09.947,05:04:09.947,131389.607,0x82,0x00,True,2.11,-4.36,100.62,0,37.72
05:04:39.942,05:04:39.942,131419.602,0x82,0x00,True,2.12,-4.35,100.66,0,37.77
05:05:09.940,05:05:09.940,131449.6,0x82,0x00,True,2.12,-4.32,100.66,0,37.64
05:05:39.927,05:05:39.927,131479.587,0x82,0x00,True,2.1,-4.36,100.66,0,37.73
05:06:09.919,05:06:09.919,131509.579,0x82,0x00,True,2.12,-4.35,100.69,0,37.72
05:06:39.893,05:06:39.893,131539.553,0x82,0x00,True,2.11,-4.34,100.66,0,37.76
05:07:09.887,05:07:09.887,131569.547,0x82,0x00,True,2.11,-4.36,100.68,0,37.77
05:07:39.873,05:07:39.873,131599.533,0x82,0x00,True,2.12,-4.36,100.66,0,37.79
05:08:09.862,05:08:09.862,131629.522,0x82,0x00,True,2.13,-4.36,100.65,0,37.71
05:08:39.853,05:08:39.853,131659.513,0x82,0x00,True,2.12,-4.36,100.63,0,37.77
05:09:09.843,05:09:09.843,131689.503,0x82,0x00,True,2.13,-4.37,100.67,0,37.73
05:09:39.838,05:09:39.838,131719.498,0x82,0x00,True,2.12,-4.35,100.64,0,37.68
05:10:09.832,05:10:09.832,131749.492,0x82,0x00,True,2.11,-4.36,100.65,0,37.68
05:10:39.822,05:10:39.822,131779.482,0x82,0x00,True,2.11,-4.35,100.68,0,37.76
05:11:09.822,05:11:09.822,131809.482,0x82,0x00,True,2.13,-4.35,100.66,0,37.77
05:11:39.798,05:11:39.798,131839.458,0x82,0x00,True,2.12,-4.36,100.67,0,37.75
05:12:09.787,05:12:09.787,131869.447,0x82,0x00,True,2.12,-4.35,100.69,0,37.8
05:12:39.787,05:12:39.787,131899.447,0x82,0x00,True,2.1,-4.34,100.67,0,37.71
05:13:09.776,05:13:09.776,131929.436,0x82,0x00,True,2.12,-4.34,100.66,0,37.74
05:13:39.771,05:13:39.771,131959.431,0x82,0x00,True,2.11,-4.36,100.67,0,37.77
05:14:09.770,05:14:09.770,131989.43,0x82,0x00,True,2.13,-4.34,100.67,0,37.74
05:14:39.753,05:14:39.753,132019.413,0x82,0x00,True,2.13,-4.35,100.66,0,37.77
05:15:09.742,05:15:09.742,132049.402,0x82,0x00,True,2.11,-4.34,100.66,0,37.73
05:15:39.717,05:15:39.717,132079.377,0x82,0x00,True,2.11,-4.36,100.67,0,37.77
05:16:09.723,05:16:09.723,132109.383,0x82,0x00,True,2.12,-4.35,100.62,0,37.75
05:16:39.707,05:16:39.707,132139.367,0x82,0x00,True,2.14,-4.36,100.64,0,37.78
05:17:09.702,05:17:09.702,132169.362,0x82,0x00,True,2.12,-4.35,100.64,0,37.83
05:17:39.692,05:17:39.692,132199.352,0x82,0x00,True,2.11,-4.35,100.66,0,37.74
05:18:09.683,05:18:09.683,132229.343,0x82,0x00,True,2.11,-4.33,100.63,0,37.78
05:18:39.672,05:18:39.672,132259.332,0x82,0x00,True,2.11,-4.36,100.66,0,37.77
05:19:09.662,05:19:09.662,132289.322,0x82,0x00,True,2.12,-4.37,100.66,0,37.84
05:19:39.652,05:19:39.652,132319.312,0x82,0x00,True,2.11,-4.36,100.69,0,37.83
05:20:09.641,05:20:09.641,132349.301,0x82,0x00,True,2.12,-4.36,100.65,0,37.84
05:20:39.637,05:20:39.637,132379.297,0x82,0x00,True,2.11,-4.37,100.65,0,37.9
05:21:09.612,05:21:09.612,132409.272,0x82,0x00,True,2.11,-4.37,100.68,0,37.84
05:21:39.598,05:21:39.598,132439.258,0x82,0x00,True,2.12,-4.36,100.66,0,37.85
05:22:09.603,05:22:09.603,132469.263,0x82,0x00,True,2.11,-4.37,100.68,0,37.89
05:22:39.593,05:22:39.593,132499.253,0x82,0x00,True,2.11,-4.38,100.63,0,37.86
05:23:09.577,05:23:09.577,132529.237,0x82,0x00,True,2.12,-4.36,100.66,0,37.91
05:23:39.562,05:23:39.562,132559.222,0x82,0x00,True,2.11,-4.37,100.69,0,37.87
05:24:09.563,05:24:09.563,132589.223,0x82,0x00,True,2.11,-4.38,100.66,0,37.9
05:24:39.543,05:24:39.543,132619.203,0x82,0x00,True,2.11,-4.37,100.65,0,37.96
05:25:09.551,05:25:09.551,132649.211,0x82,0x00,True,2.11,-4.39,100.66,0,37.99
05:25:39.537,05:25:39.537,132679.197,0x82,0x00,True,2.12,-4.4,100.7,0,38.02
05:26:09.518,05:26:09.518,132709.178,0x82,0x00,True,2.12,-4.4,100.69,0,37.98
05:26:39.518,05:26:39.518,132739.178,0x82,0x00,True,2.12,-4.39,100.7,0,37.93
05:27:09.507,05:27:09.507,132769.167,0x82,0x00,True,2.13,-4.37,100.7,0,37.91
05:27:39.508,05:27:39.508,132799.168,0x82,0x00,True,2.11,-4.37,100.69,0,38.02
05:28:09.482,05:28:09.482,132829.142,0x82,0x00,True,2.11,-4.37,100.7,0,38.05
05:28:39.482,05:28:39.482,132859.142,0x82,0x00,True,2.09,-4.38,100.73,0,38.04
05:29:09.471,05:29:09.471,132889.131,0x82,0x00,True,2.11,-4.37,100.75,0,38.07
05:29:39.452,05:29:39.452,132919.112,0x82,0x00,True,2.12,-4.37,100.76,0,38.11
05:30:09.452,05:30:09.452,132949.112,0x82,0x00,True,2.09,-4.38,100.76,0,38.09
05:30:39.442,05:30:39.442,132979.102,0x82,0x00,True,2.11,-4.38,100.73,0,38.13
05:31:09.433,05:31:09.433,133009.093,0x82,0x00,True,2.11,-4.38,100.74,0,38.11
05:31:39.433,05:31:39.433,133039.093,0x82,0x00,True,2.11,-4.37,100.77,0,38.13
05:32:09.417,05:32:09.417,133069.077,0x82,0x00,True,2.12,-4.38,100.76,0,38.17
05:32:39.393,05:32:39.393,133099.053,0x82,0x00,True,2.11,-4.39,100.82,0,38.12
05:33:09.392,05:33:09.392,133129.052,0x82,0x00,True,2.11,-4.38,100.78,0,38.06
05:33:39.383,05:33:39.383,133159.043,0x82,0x00,True,2.12,-4.37,100.79,0,38.14
05:34:09.388,05:34:09.388,133189.048,0x82,0x00,True,2.11,-4.37,100.78,0,38.13
05:34:39.372,05:34:39.372,133219.032,0x82,0x00,True,2.11,-4.39,100.78,0,38.22
05:35:09.375,05:35:09.375,133249.035,0x82,0x00,True,2.11,-4.36,100.77,0,38.21
05:35:39.357,05:35:39.357,133279.017,0x82,0x00,True,2.11,-4.38,100.81,0,38.2
05:36:09.353,05:36:09.353,133309.013,0x82,0x00,True,2.11,-4.39,100.82,0,38.23
05:36:39.348,05:36:39.348,133339.008,0x82,0x00,True,2.11,-4.37,100.8,0,38.19
05:37:09.348,05:37:09.348,133369.008,0x82,0x00,True,2.1,-4.37,100.81,0,38.22
05:37:39.327,05:37:39.327,133398.987,0x82,0x00,True,2.11,-4.36,100.82,0,38.17
05:38:09.322,05:38:09.322,133428.982,0x82,0x00,True,2.11,-4.37,100.81,0,38.14
05:38:39.322,05:38:39.322,133458.982,0x82,0x00,True,2.12,-4.38,100.81,0,38.2
05:39:09.311,05:39:09.311,133488.971,0x82,0x00,True,2.12,-4.38,100.82,0,38.14
05:39:39.308,05:39:39.308,133518.968,0x82,0x00,True,2.11,-4.37,100.81,0,38.09
05:40:09.293,05:40:09.293,133548.953,0x82,0x00,True,2.12,-4.35,100.78,0,38.13
05:40:39.297,05:40:39.297,133578.957,0x82,0x00,True,2.1,-4.38,100.81,0,38.16
05:41:09.287,05:41:09.287,133608.947,0x82,0x00,True,2.12,-4.38,100.83,0,38.17
05:41:39.282,05:41:39.282,133638.942,0x82,0x00,True,2.11,-4.38,100.8,0,38.14
05:42:09.266,05:42:09.266,133668.926,0x82,0x00,True,2.12,-4.37,100.81,0,38.05
05:42:39.270,05:42:39.270,133698.93,0x82,0x00,True,2.11,-4.38,100.78,0,38.11
05:43:09.263,05:43:09.263,133728.923,0x82,0x00,True,2.1,-4.35,100.76,0,38.0
05:43:39.231,05:43:39.231,133758.891,0x82,0x00,True,2.11,-4.37,100.76,0,38.05
05:44:09.240,05:44:09.240,133788.9,0x82,0x00,True,2.11,-4.38,100.78,0,37.93
05:44:39.213,05:44:39.213,133818.873,0x82,0x00,True,2.11,-4.36,100.76,0,38.04
05:45:09.223,05:45:09.223,133848.883,0x82,0x00,True,2.11,-4.37,100.76,0,37.99
05:45:39.197,05:45:39.197,133878.857,0x82,0x00,True,2.11,-4.36,100.76,0,37.93
05:46:09.197,05:46:09.197,133908.857,0x82,0x00,True,2.12,-4.37,100.74,0,37.92
05:46:39.187,05:46:39.187,133938.847,0x82,0x00,True,2.12,-4.37,100.74,0,37.96
05:47:09.162,05:47:09.162,133968.822,0x82,0x00,True,2.11,-4.38,100.76,0,37.91
05:47:39.152,05:47:39.152,133998.812,0x82,0x00,True,2.11,-4.38,100.75,0,38.01
05:48:09.147,05:48:09.147,134028.807,0x82,0x00,True,2.1,-4.38,100.75,0,38.02
05:48:39.138,05:48:39.138,134058.798,0x82,0x00,True,2.11,-4.38,100.75,0,37.9
05:49:09.133,05:49:09.133,134088.793,0x82,0x00,True,2.1,-4.39,100.74,0,37.97
05:49:39.133,05:49:39.133,134118.793,0x82,0x00,True,2.1,-4.38,100.74,0,38.0
05:50:09.127,05:50:09.127,134148.787,0x82,0x00,True,2.11,-4.37,100.78,0,37.93
05:50:39.107,05:50:39.107,134178.767,0x82,0x00,True,2.11,-4.37,100.75,0,38.04
05:51:09.103,05:51:09.103,134208.763,0x82,0x00,True,2.11,-4.38,100.75,0,37.93
05:51:39.103,05:51:39.103,134238.763,0x82,0x00,True,2.11,-4.37,100.72,0,37.97
05:52:09.100,05:52:09.100,134268.76,0x82,0x00,True,2.11,-4.38,100.73,0,38.0
05:52:39.077,05:52:39.077,134298.737,0x82,0x00,True,2.1,-4.37,100.74,0,38.02
05:53:09.082,05:53:09.082,134328.742,0x82,0x00,True,2.11,-4.37,100.74,0,37.99
05:53:39.062,05:53:39.062,134358.722,0x82,0x00,True,2.1,-4.39,100.76,0,38.02
05:54:09.067,05:54:09.067,134388.727,0x82,0x00,True,2.11,-4.38,100.75,0,38.01
05:54:39.053,05:54:39.053,134418.713,0x82,0x00,True,2.11,-4.36,100.74,0,38.04
05:55:09.053,05:55:09.053,134448.713,0x82,0x00,True,2.11,-4.36,100.74,0,38.03
05:55:39.043,05:55:39.043,134478.703,0x82,0x00,True,2.12,-4.36,100.72,0,38.03
05:56:09.027,05:56:09.027,134508.687,0x82,0x00,True,2.11,-4.37,100.75,0,38.02
05:56:39.027,05:56:39.027,134538.687,0x82,0x00,True,2.12,-4.37,100.75,0,37.96
05:57:09.022,05:57:09.022,134568.682,0x82,0x00,True,2.13,-4.37,100.75,0,37.99
05:57:39.013,05:57:39.013,134598.673,0x82,0x00,True,2.11,-4.38,100.75,0,38.04
05:58:08.992,05:58:08.992,134628.652,0x82,0x00,True,2.11,-4.37,100.77,0,38.08
05:58:38.987,05:58:38.987,134658.647,0x82,0x00,True,2.12,-4.37,100.76,0,38.08
05:59:08.978,05:59:08.978,134688.638,0x82,0x00,True,2.11,-4.37,100.75,0,38.05
05:59:38.982,05:59:38.982,134718.642,0x82,0x00,True,2.11,-4.38,100.76,0,38.15
06:00:08.973,06:00:08.973,134748.633,0x82,0x00,True,2.11,-4.37,100.76,0,38.08
06:00:38.963,06:00:38.963,134778.623,0x82,0x00,True,2.12,-4.39,100.77,0,38.1
06:01:08.963,06:01:08.963,134808.623,0x82,0x00,True,2.11,-4.37,100.77,0,38.09
06:01:38.942,06:01:38.942,134838.602,0x82,0x00,True,2.11,-4.38,100.8,0,38.11
06:02:08.942,06:02:08.942,134868.602,0x82,0x00,True,2.11,-4.38,100.77,0,38.11
06:02:38.933,06:02:38.933,134898.593,0x82,0x00,True,2.11,-4.37,100.81,0,38.11
06:03:08.912,06:03:08.912,134928.572,0x82,0x00,True,2.11,-4.36,100.83,0,38.11
06:03:38.902,06:03:38.902,134958.562,0x82,0x00,True,2.11,-4.36,100.8,0,38.12
06:04:08.907,06:04:08.907,134988.567,0x82,0x00,True,2.12,-4.38,100.86,0,38.18
06:04:38.892,06:04:38.892,135018.552,0x82,0x00,True,2.11,-4.37,100.85,0,38.27
06:05:08.893,06:05:08.893,135048.553,0x82,0x00,True,2.1,-4.38,100.87,0,38.26
06:05:38.873,06:05:38.873,135078.533,0x82,0x00,True,2.11,-4.36,100.91,0,38.32
06:06:08.878,06:06:08.878,135108.538,0x82,0x00,True,2.12,-4.34,100.91,0,38.43
06:06:38.867,06:06:38.867,135138.527,0x82,0x00,True,2.1,-4.37,100.91,0,38.53
06:07:08.862,06:07:08.862,135168.522,0x82,0x00,True,2.11,-4.38,100.93,0,38.61
06:07:38.857,06:07:38.857,135198.517,0x82,0x00,True,2.11,-4.35,100.93,0,38.71
06:08:08.840,06:08:08.840,135228.5,0x82,0x00,True,2.11,-4.37,100.94,0,38.65
06:08:38.832,06:08:38.832,135258.492,0x82,0x00,True,2.12,-4.35,100.95,0,38.69
06:09:08.822,06:09:08.822,135288.482,0x82,0x00,True,2.1,-4.35,100.97,0,38.82
06:09:38.822,06:09:38.822,135318.482,0x82,0x00,True,2.11,-4.37,100.98,0,38.87
06:10:08.813,06:10:08.813,135348.473,0x82,0x00,True,2.1,-4.37,101.02,0,38.91
06:10:38.817,06:10:38.817,135378.477,0x82,0x00,True,2.11,-4.35,101.03,0,38.95
06:11:08.812,06:11:08.812,135408.472,0x82,0x00,True,2.11,-4.35,101.03,0,38.94
06:11:38.808,06:11:38.808,135438.468,0x82,0x00,True,2.1,-4.34,101.07,0,39.03
06:12:08.792,06:12:08.792,135468.452,0x82,0x00,True,2.11,-4.35,101.06,0,39.11
06:12:38.787,06:12:38.787,135498.447,0x82,0x00,True,2.11,-4.36,101.1,0,39.16
06:13:08.782,06:13:08.782,135528.442,0x82,0x00,True,2.1,-4.35,101.09,0,39.08
06:13:38.768,06:13:38.768,135558.428,0x82,0x00,True,2.11,-4.33,101.11,0,39.17
06:14:08.768,06:14:08.768,135588.428,0x82,0x00,True,2.1,-4.34,101.14,0,39.11
06:14:38.757,06:14:38.757,135618.417,0x82,0x00,True,2.1,-4.36,101.13,0,39.22
06:15:08.763,06:15:08.763,135648.423,0x82,0x00,True,2.08,-4.36,101.14,0,39.19
06:15:38.743,06:15:38.743,135678.403,0x82,0x00,True,2.09,-4.35,101.13,0,39.29
06:16:08.752,06:16:08.752,135708.412,0x82,0x00,True,2.1,-4.36,101.13,0,39.41
06:16:38.732,06:16:38.732,135738.392,0x82,0x00,True,2.09,-4.36,101.15,0,39.34
06:17:08.737,06:17:08.737,135768.397,0x82,0x00,True,2.09,-4.35,101.19,0,39.37
06:17:38.732,06:17:38.732,135798.392,0x82,0x00,True,2.09,-4.36,101.21,0,39.39
06:18:08.723,06:18:08.723,135828.383,0x82,0x00,True,2.1,-4.36,101.23,0,39.47
06:18:38.718,06:18:38.718,135858.378,0x82,0x00,True,2.11,-4.36,101.21,0,39.51
06:19:08.702,06:19:08.702,135888.362,0x82,0x00,True,2.11,-4.36,101.21,0,39.5
06:19:38.708,06:19:38.708,135918.368,0x82,0x00,True,2.09,-4.37,101.24,0,39.59
06:20:08.697,06:20:08.697,135948.357,0x82,0x00,True,2.11,-4.36,101.24,0,39.59
06:20:38.683,06:20:38.683,135978.343,0x82,0x00,True,2.09,-4.37,101.27,0,39.59
06:21:08.673,06:21:08.673,136008.333,0x82,0x00,True,2.1,-4.36,101.26,0,39.64
06:21:38.683,06:21:38.683,136038.343,0x82,0x00,True,2.1,-4.37,101.29,0,39.62
06:22:08.662,06:22:08.662,136068.322,0x82,0x00,True,2.1,-4.36,101.29,0,39.7
06:22:38.673,06:22:38.673,136098.333,0x82,0x00,True,2.11,-4.36,101.32,0,39.77
06:23:08.657,06:23:08.657,136128.317,0x82,0x00,True,2.1,-4.37,101.3,0,39.87
06:23:38.662,06:23:38.662,136158.322,0x82,0x00,True,2.11,-4.35,101.31,0,39.75
06:24:08.652,06:24:08.652,136188.312,0x82,0x00,True,2.1,-4.34,101.35,0,39.72
06:24:38.657,06:24:38.657,136218.317,0x82,0x00,True,2.1,-4.35,101.37,0,39.83
06:25:08.652,06:25:08.652,136248.312,0x82,0x00,True,2.11,-4.35,101.37,0,39.88
06:25:38.652,06:25:38.652,136278.312,0x82,0x00,True,2.11,-4.35,101.39,0,39.9
06:26:08.648,06:26:08.648,136308.308,0x82,0x00,True,2.1,-4.36,101.35,0,39.88
06:26:38.647,06:26:38.647,136338.307,0x82,0x00,True,2.11,-4.36,101.4,0,39.83
06:27:08.643,06:27:08.643,136368.303,0x82,0x00,True,2.1,-4.34,101.37,0,39.95
06:27:38.628,06:27:38.628,136398.288,0x82,0x00,True,2.1,-4.36,101.42,0,39.93
06:28:08.638,06:28:08.638,136428.298,0x82,0x00,True,2.1,-4.36,101.4,0,39.93
06:28:38.628,06:28:38.628,136458.288,0x82,0x00,True,2.11,-4.34,101.45,0,39.99
06:29:08.633,06:29:08.633,136488.293,0x82,0x00,True,2.1,-4.36,101.47,0,40.0
06:29:38.622,06:29:38.622,136518.282,0x82,0x00,True,2.11,-4.36,101.49,0,39.95
06:30:08.633,06:30:08.633,136548.293,0x82,0x00,True,2.11,-4.36,101.51,0,40.04
06:30:38.617,06:30:38.617,136578.277,0x82,0x00,True,2.11,-4.35,101.5,0,40.02
06:31:08.627,06:31:08.627,136608.287,0x82,0x00,True,2.12,-4.35,101.51,0,40.02
06:31:38.625,06:31:38.625,136638.285,0x82,0x00,True,2.11,-4.35,101.51,0,40.03
06:32:08.617,06:32:08.617,136668.277,0x82,0x00,True,2.11,-4.35,101.57,0,40.08
06:32:38.607,06:32:38.607,136698.267,0x82,0x00,True,2.1,-4.36,101.51,0,40.08
06:33:08.598,06:33:08.598,136728.258,0x82,0x00,True,2.1,-4.36,101.52,0,40.08
06:33:38.601,06:33:38.601,136758.261,0x82,0x00,True,2.11,-4.34,101.53,0,40.22
06:34:08.607,06:34:08.607,136788.267,0x82,0x00,True,2.11,-4.33,101.51,0,40.11
06:34:38.593,06:34:38.593,136818.253,0x82,0x00,True,2.1,-4.35,101.54,0,40.23
06:35:08.603,06:35:08.603,136848.263,0x82,0x00,True,2.1,-4.34,101.55,0,40.23
06:35:38.593,06:35:38.593,136878.253,0x82,0x00,True,2.1,-4.34,101.55,0,40.23
06:36:08.587,06:36:08.587,136908.247,0x82,0x00,True,2.11,-4.34,101.54,0,40.24
06:36:38.593,06:36:38.593,136938.253,0x82,0x00,True,2.1,-4.35,101.56,0,40.3
06:37:08.598,06:37:08.598,136968.258,0x82,0x00,True,2.1,-4.34,101.58,0,40.28
06:37:38.588,06:37:38.588,136998.248,0x82,0x00,True,2.1,-4.35,101.58,0,40.27
06:38:08.598,06:38:08.598,137028.258,0x82,0x00,True,2.11,-4.36,101.54,0,40.24
06:38:38.587,06:38:38.587,137058.247,0x82,0x00,True,2.1,-4.34,101.54,0,40.29
06:39:08.598,06:39:08.598,137088.258,0x82,0x00,True,2.1,-4.35,101.56,0,40.33
06:39:38.582,06:39:38.582,137118.242,0x82,0x00,True,2.1,-4.36,101.57,0,40.3
06:40:08.582,06:40:08.582,137148.242,0x82,0x00,True,2.11,-4.35,101.57,0,40.33
06:40:38.582,06:40:38.582,137178.242,0x82,0x00,True,2.1,-4.35,101.56,0,40.29
06:41:08.593,06:41:08.593,137208.253,0x82,0x00,True,2.11,-4.35,101.55,0,40.36
06:41:38.582,06:41:38.582,137238.242,0x82,0x00,True,2.11,-4.35,101.69,0,40.4
06:42:08.596,06:42:08.596,137268.256,0x82,0x00,True,2.1,-4.35,101.67,0,40.39
06:42:38.583,06:42:38.583,137298.243,0x82,0x00,True,2.1,-4.34,101.7,0,40.39
06:43:08.593,06:43:08.593,137328.253,0x82,0x00,True,2.1,-4.35,101.67,0,40.4
06:43:38.582,06:43:38.582,137358.242,0x82,0x00,True,2.11,-4.34,101.71,0,40.42
06:44:08.578,06:44:08.578,137388.238,0x82,0x00,True,2.1,-4.36,101.68,0,40.41
06:44:38.572,06:44:38.572,137418.232,0x82,0x00,True,2.1,-4.35,101.7,0,40.48
06:45:08.588,06:45:08.588,137448.248,0x82,0x00,True,2.09,-4.33,101.71,0,40.48
06:45:38.572,06:45:38.572,137478.232,0x82,0x00,True,2.1,-4.35,101.68,0,40.48
06:46:08.572,06:46:08.572,137508.232,0x82,0x00,True,2.1,-4.35,101.68,0,40.44
06:46:38.572,06:46:38.572,137538.232,0x82,0x00,True,2.1,-4.35,101.66,0,40.54
06:47:08.567,06:47:08.567,137568.227,0x82,0x00,True,2.1,-4.35,101.7,0,40.51
06:47:38.572,06:47:38.572,137598.232,0x82,0x00,True,2.1,-4.35,101.7,0,40.49
06:48:08.563,06:48:08.563,137628.223,0x82,0x00,True,2.1,-4.35,101.73,0,40.58
06:48:38.567,06:48:38.567,137658.227,0x82,0x00,True,2.09,-4.34,101.74,0,40.5
06:49:08.562,06:49:08.562,137688.222,0x82,0x00,True,2.1,-4.34,101.76,0,40.57
06:49:38.572,06:49:38.572,137718.232,0x82,0x00,True,2.09,-4.34,101.79,0,40.64
06:50:08.563,06:50:08.563,137748.223,0x82,0x00,True,2.09,-4.36,101.79,0,40.65
06:50:38.562,06:50:38.562,137778.222,0x82,0x00,True,2.09,-4.34,101.76,0,40.56
06:51:08.562,06:51:08.562,137808.222,0x82,0x00,True,2.1,-4.35,101.76,0,40.65
06:51:38.563,06:51:38.563,137838.223,0x82,0x00,True,2.1,-4.35,101.79,0,40.66
06:52:08.558,06:52:08.558,137868.218,0x82,0x00,True,2.11,-4.36,101.74,0,40.6
06:52:38.558,06:52:38.558,137898.218,0x82,0x00,True,2.09,-4.35,101.85,0,40.69
06:53:08.558,06:53:08.558,137928.218,0x82,0x00,True,2.1,-4.35,101.88,0,40.6
06:53:38.552,06:53:38.552,137958.212,0x82,0x00,True,2.1,-4.36,101.86,0,40.68
06:54:08.552,06:54:08.552,137988.212,0x82,0x00,True,2.09,-4.37,101.86,0,40.71
06:54:38.553,06:54:38.553,138018.213,0x82,0x00,True,2.1,-4.36,101.86,0,40.74
06:55:08.547,06:55:08.547,138048.207,0x82,0x00,True,2.09,-4.34,101.85,0,40.72
06:55:38.553,06:55:38.553,138078.213,0x82,0x00,True,2.1,-4.36,101.79,0,40.71
06:56:08.547,06:56:08.547,138108.207,0x82,0x00,True,2.1,-4.36,101.82,0,40.72
06:56:38.553,06:56:38.553,138138.213,0x82,0x00,True,2.1,-4.35,101.8,0,40.83
06:57:08.547,06:57:08.547,138168.207,0x82,0x00,True,2.09,-4.34,101.79,0,40.78
06:57:38.547,06:57:38.547,138198.207,0x82,0x00,True,2.09,-4.37,101.82,0,40.73
06:58:08.537,06:58:08.537,138228.197,0x82,0x00,True,2.1,-4.35,101.81,0,40.8
06:58:38.548,06:58:38.548,138258.208,0x82,0x00,True,2.1,-4.34,101.8,0,40.73
06:59:08.542,06:59:08.542,138288.202,0x82,0x00,True,2.09,-4.36,101.76,0,40.8
06:59:38.537,06:59:38.537,138318.197,0x82,0x00,True,2.1,-4.34,101.76,0,40.76
07:00:08.527,07:00:08.527,138348.187,0x82,0x00,True,2.09,-4.35,101.77,0,40.79
07:00:38.538,07:00:38.538,138378.198,0x82,0x00,True,2.09,-4.37,101.76,0,40.86
07:01:08.537,07:01:08.537,138408.197,0x82,0x00,True,2.1,-4.35,101.73,0,40.81
07:01:38.527,07:01:38.527,138438.187,0x82,0x00,True,2.1,-4.35,101.78,0,40.92
07:02:08.522,07:02:08.522,138468.182,0x82,0x00,True,2.09,-4.34,101.74,0,40.85
07:02:38.532,07:02:38.532,138498.192,0x82,0x00,True,2.09,-4.34,101.74,0,40.85
07:03:08.518,07:03:08.518,138528.178,0x82,0x00,True,2.09,-4.35,101.76,0,40.8
07:03:38.513,07:03:38.513,138558.173,0x82,0x00,True,2.09,-4.34,101.75,0,40.92
07:04:08.518,07:04:08.518,138588.178,0x82,0x00,True,2.09,-4.34,101.73,0,40.9
07:04:38.527,07:04:38.527,138618.187,0x82,0x00,True,2.1,-4.34,101.7,0,40.85
07:05:08.525,07:05:08.525,138648.185,0x82,0x00,True,2.09,-4.35,101.72,0,40.89
07:05:38.522,07:05:38.522,138678.182,0x82,0x00,True,2.09,-4.35,101.72,0,40.96
07:06:08.513,07:06:08.513,138708.173,0x82,0x00,True,2.09,-4.32,101.73,0,40.9
07:06:38.507,07:06:38.507,138738.167,0x82,0x00,True,2.1,-4.35,101.7,0,40.9
07:07:08.513,07:07:08.513,138768.173,0x82,0x00,True,2.09,-4.34,101.7,0,40.95
07:07:38.506,07:07:38.506,138798.166,0x82,0x00,True,2.11,-4.35,101.71,0,40.88
07:08:08.502,07:08:08.502,138828.162,0x82,0x00,True,2.08,-4.33,101.71,0,40.91
07:08:38.513,07:08:38.513,138858.173,0x82,0x00,True,2.1,-4.34,101.68,0,40.88
07:09:08.508,07:09:08.508,138888.168,0x82,0x00,True,2.09,-4.36,101.68,0,40.94
07:09:38.518,07:09:38.518,138918.178,0x82,0x00,True,2.09,-4.35,101.68,0,40.85
07:10:08.498,07:10:08.498,138948.158,0x82,0x00,True,2.1,-4.35,101.68,0,40.85
07:10:38.497,07:10:38.497,138978.157,0x82,0x00,True,2.1,-4.34,101.66,0,40.87
07:11:08.506,07:11:08.506,139008.166,0x82,0x00,True,2.1,-4.35,101.68,0,40.86
07:11:38.511,07:11:38.511,139038.171,0x82,0x00,True,2.1,-4.34,101.71,0,40.81
07:12:08.492,07:12:08.492,139068.152,0x82,0x00,True,2.1,-4.35,101.71,0,40.79
07:12:38.512,07:12:38.512,139098.172,0x82,0x00,True,2.1,-4.35,101.71,0,40.79
07:13:08.492,07:13:08.492,139128.152,0x82,0x00,True,2.11,-4.36,101.72,0,40.79
07:13:38.497,07:13:38.497,139158.157,0x82,0x00,True,2.1,-4.35,101.71,0,40.76
07:14:08.501,07:14:08.501,139188.161,0x82,0x00,True,2.09,-4.34,101.7,0,40.68
07:14:38.493,07:14:38.493,139218.153,0x82,0x00,True,2.09,-4.35,101.74,0,40.78
07:15:08.473,07:15:08.473,139248.133,0x82,0x00,True,2.09,-4.35,101.77,0,40.62
07:15:38.473,07:15:38.473,139278.133,0x82,0x00,True,2.1,-4.33,101.75,0,40.71
07:16:08.478,07:16:08.478,139308.138,0x82,0x00,True,2.11,-4.33,101.78,0,40.74
07:16:38.473,07:16:38.473,139338.133,0x82,0x00,True,2.1,-4.32,101.74,0,40.6
07:17:08.468,07:17:08.468,139368.128,0x82,0x00,True,2.1,-4.35,101.78,0,40.54
07:17:38.463,07:17:38.463,139398.123,0x82,0x00,True,2.09,-4.33,101.75,0,40.66
07:18:08.462,07:18:08.462,139428.122,0x82,0x00,True,2.1,-4.32,101.79,0,40.57
07:18:38.457,07:18:38.457,139458.117,0x82,0x00,True,2.09,-4.34,101.78,0,40.57
07:19:08.458,07:19:08.458,139488.118,0x82,0x00,True,2.1,-4.34,101.78,0,40.59
07:19:38.437,07:19:38.437,139518.097,0x82,0x00,True,2.1,-4.35,101.77,0,40.64
07:20:08.442,07:20:08.442,139548.102,0x82,0x00,True,2.1,-4.33,101.79,0,40.65
07:20:38.433,07:20:38.433,139578.093,0x82,0x00,True,2.1,-4.34,101.78,0,40.63
07:21:08.438,07:21:08.438,139608.098,0x82,0x00,True,2.1,-4.34,101.77,0,40.62
07:21:38.422,07:21:38.422,139638.082,0x82,0x00,True,2.11,-4.34,101.75,0,40.62
07:22:08.433,07:22:08.433,139668.093,0x82,0x00,True,2.1,-4.36,101.78,0,40.76
07:22:38.423,07:22:38.423,139698.083,0x82,0x00,True,2.09,-4.33,101.75,0,40.73
07:23:08.422,07:23:08.422,139728.082,0x82,0x00,True,2.09,-4.35,101.77,0,40.73
07:23:38.423,07:23:38.423,139758.083,0x82,0x00,True,2.09,-4.36,101.73,0,40.86
07:24:08.433,07:24:08.433,139788.093,0x82,0x00,True,2.09,-4.35,101.75,0,40.76
07:24:38.422,07:24:38.422,139818.082,0x82,0x00,True,2.08,-4.33,101.7,0,40.79
07:25:08.428,07:25:08.428,139848.088,0x82,0x00,True,2.09,-4.33,101.7,0,40.82
07:25:38.423,07:25:38.423,139878.083,0x82,0x00,True,2.08,-4.35,101.69,0,40.78
07:26:08.435,07:26:08.435,139908.095,0x82,0x00,True,2.1,-4.34,101.67,0,40.84
07:26:38.423,07:26:38.423,139938.083,0x82,0x00,True,2.09,-4.34,101.7,0,40.87
07:27:08.417,07:27:08.417,139968.077,0x82,0x00,True,2.09,-4.34,100.47,0,40.94
07:27:38.417,07:27:38.417,139998.077,0x82,0x00,True,2.09,-4.35,100.45,0,40.88
07:28:08.422,07:28:08.422,140028.082,0x82,0x00,True,2.1,-4.34,100.44,0,40.86
07:28:38.412,07:28:38.412,140058.072,0x82,0x00,True,2.09,-4.32,100.47,0,40.85
07:29:08.423,07:29:08.423,140088.083,0x82,0x00,True,2.09,-4.34,100.47,0,40.95
07:29:38.407,07:29:38.407,140118.067,0x82,0x00,True,2.1,-4.34,100.48,0,40.94
07:30:08.423,07:30:08.423,140148.083,0x82,0x00,True,2.1,-4.32,100.46,0,40.97
07:30:38.417,07:30:38.417,140178.077,0x82,0x00,True,2.09,-4.34,100.45,0,40.91
07:31:08.423,07:31:08.423,140208.083,0x82,0x00,True,2.09,-4.33,100.5,0,41.02
07:31:38.423,07:31:38.423,140238.083,0x82,0x00,True,2.1,-4.33,100.48,0,41.04
07:32:08.428,07:32:08.428,140268.088,0x82,0x00,True,2.09,-4.32,100.47,0,40.96
07:32:38.413,07:32:38.413,140298.073,0x82,0x00,True,2.09,-4.35,100.47,0,41.02
07:33:08.422,07:33:08.422,140328.082,0x82,0x00,True,2.09,-4.33,100.43,0,40.97
07:33:38.423,07:33:38.423,140358.083,0x82,0x00,True,2.09,-4.32,100.41,0,40.84
07:34:08.418,07:34:08.418,140388.078,0x82,0x00,True,2.1,-4.33,100.39,0,40.94
07:34:38.412,07:34:38.412,140418.072,0x82,0x00,True,2.09,-4.32,100.39,0,40.93
07:35:08.402,07:35:08.402,140448.062,0x82,0x00,True,2.09,-4.33,100.42,0,40.95
07:35:38.402,07:35:38.402,140478.062,0x82,0x00,True,2.08,-4.37,100.44,0,40.93
07:36:08.412,07:36:08.412,140508.072,0x82,0x00,True,2.09,-4.35,100.43,0,40.95
07:36:38.412,07:36:38.412,140538.072,0x82,0x00,True,2.09,-4.37,100.42,0,40.95
07:37:08.420,07:37:08.420,140568.08,0x82,0x00,True,2.08,-4.35,100.46,0,41.04
07:37:38.402,07:37:38.402,140598.062,0x82,0x00,True,2.09,-4.35,100.46,0,40.96
07:38:08.412,07:38:08.412,140628.072,0x82,0x00,True,2.09,-4.37,100.45,0,40.94
07:38:38.397,07:38:38.397,140658.057,0x82,0x00,True,2.08,-4.37,100.47,0,41.03
07:39:08.417,07:39:08.417,140688.077,0x82,0x00,True,2.09,-4.36,100.47,0,40.97
07:39:38.412,07:39:38.412,140718.072,0x82,0x00,True,2.09,-4.35,100.47,0,41.03
07:40:08.418,07:40:08.418,140748.078,0x82,0x00,True,2.09,-4.34,100.47,0,41.07
07:40:38.425,07:40:38.425,140778.085,0x82,0x00,True,2.09,-4.37,100.48,0,41.09
07:41:08.417,07:41:08.417,140808.077,0x82,0x00,True,2.1,-4.37,100.52,0,41.17
07:41:38.417,07:41:38.417,140838.077,0x82,0x00,True,2.08,-4.36,100.51,0,41.17
07:42:08.420,07:42:08.420,140868.08,0x82,0x00,True,2.11,-4.36,100.49,0,41.13
07:42:38.412,07:42:38.412,140898.072,0x82,0x00,True,2.09,-4.36,100.54,0,41.16
07:43:08.417,07:43:08.417,140928.077,0x82,0x00,True,2.1,-4.35,100.55,0,41.23
07:43:38.412,07:43:38.412,140958.072,0x82,0x00,True,2.09,-4.35,100.54,0,41.15
07:44:08.417,07:44:08.417,140988.077,0x82,0x00,True,2.09,-4.33,100.55,0,41.13
07:44:38.412,07:44:38.412,141018.072,0x82,0x00,True,2.09,-4.36,100.53,0,41.27
07:45:08.430,07:45:08.430,141048.09,0x82,0x00,True,2.1,-4.35,100.56,0,41.31
07:45:38.418,07:45:38.418,141078.078,0x82,0x00,True,2.09,-4.34,100.57,0,41.35
07:46:08.412,07:46:08.412,141108.072,0x82,0x00,True,2.09,-4.36,100.59,0,41.34
07:46:38.412,07:46:38.412,141138.072,0x82,0x00,True,2.09,-4.35,100.58,0,41.41
07:47:08.402,07:47:08.402,141168.062,0x82,0x00,True,2.1,-4.36,100.59,0,41.38
07:47:38.417,07:47:38.417,141198.077,0x82,0x00,True,2.09,-4.36,100.58,0,41.42
07:48:08.402,07:48:08.402,141228.062,0x82,0x00,True,2.09,-4.38,100.56,0,41.34
07:48:38.412,07:48:38.412,141258.072,0x82,0x00,True,2.08,-4.35,100.56,0,41.37
07:49:08.409,07:49:08.409,141288.069,0x82,0x00,True,2.09,-4.36,100.58,0,41.4
07:49:38.402,07:49:38.402,141318.062,0x82,0x00,True,2.08,-4.35,100.57,0,41.42
07:50:08.412,07:50:08.412,141348.072,0x82,0x00,True,2.09,-4.36,100.55,0,41.48
07:50:38.417,07:50:38.417,141378.077,0x82,0x00,True,2.08,-4.36,100.57,0,41.41
07:51:08.417,07:51:08.417,141408.077,0x82,0x00,True,2.09,-4.35,100.62,0,41.47
07:51:38.421,07:51:38.421,141438.081,0x82,0x00,True,2.08,-4.35,100.58,0,41.47
07:52:08.412,07:52:08.412,141468.072,0x82,0x00,True,2.09,-4.35,100.59,0,41.5
07:52:38.407,07:52:38.407,141498.067,0x82,0x00,True,2.09,-4.36,100.61,0,41.44
07:53:08.412,07:53:08.412,141528.072,0x82,0x00,True,2.1,-4.36,100.59,0,41.52
07:53:38.402,07:53:38.402,141558.062,0x82,0x00,True,2.08,-4.37,100.58,0,41.5
07:54:08.402,07:54:08.402,141588.062,0x82,0x00,True,2.09,-4.34,100.59,0,41.53
07:54:38.403,07:54:38.403,141618.063,0x82,0x00,True,2.1,-4.36,100.58,0,41.5
07:55:08.393,07:55:08.393,141648.053,0x82,0x00,True,2.09,-4.34,100.59,0,41.62
07:55:38.393,07:55:38.393,141678.053,0x82,0x00,True,2.08,-4.37,100.59,0,41.57
07:56:08.393,07:56:08.393,141708.053,0x82,0x00,True,2.08,-4.35,100.61,0,41.62
07:56:38.393,07:56:38.393,141738.053,0x82,0x00,True,2.08,-4.36,100.63,0,41.69
07:57:08.393,07:57:08.393,141768.053,0x82,0x00,True,2.1,-4.35,100.62,0,41.73
07:57:38.388,07:57:38.388,141798.048,0x82,0x00,True,2.09,-4.35,100.66,0,41.71
07:58:08.387,07:58:08.387,141828.047,0x82,0x00,True,2.1,-4.35,100.63,0,41.71
07:58:38.393,07:58:38.393,141858.053,0x82,0x00,True,2.1,-4.34,100.63,0,41.75
07:59:08.382,07:59:08.382,141888.042,0x82,0x00,True,2.09,-4.34,100.66,0,41.83
07:59:38.382,07:59:38.382,141918.042,0x82,0x00,True,2.09,-4.33,100.64,0,41.78
08:00:08.382,08:00:08.382,141948.042,0x82,0x00,True,2.09,-4.35,100.68,0,41.82
08:00:38.377,08:00:38.377,141978.037,0x82,0x00,True,2.08,-4.34,100.65,0,41.79
08:01:08.373,08:01:08.373,142008.033,0x82,0x00,True,2.09,-4.36,100.65,0,41.88
08:01:38.378,08:01:38.378,142038.038,0x82,0x00,True,2.09,-4.34,100.64,0,41.84
08:02:08.390,08:02:08.390,142068.05,0x82,0x00,True,2.08,-4.35,100.66,0,41.87
08:02:38.372,08:02:38.372,142098.032,0x82,0x00,True,2.09,-4.36,100.69,0,41.84
08:03:08.370,08:03:08.370,142128.03,0x82,0x00,True,2.09,-4.37,100.67,0,41.9
08:03:38.378,08:03:38.378,142158.038,0x82,0x00,True,2.1,-4.37,100.64,0,41.94
08:04:08.377,08:04:08.377,142188.037,0x82,0x00,True,2.09,-4.35,100.67,0,41.87
08:04:38.387,08:04:38.387,142218.047,0x82,0x00,True,2.08,-4.36,100.7,0,41.96
08:05:08.388,08:05:08.388,142248.048,0x82,0x00,True,2.11,-4.35,100.69,0,41.91
08:05:38.382,08:05:38.382,142278.042,0x82,0x00,True,2.09,-4.37,100.69,0,41.92
08:06:08.393,08:06:08.393,142308.053,0x82,0x00,True,2.09,-4.35,100.67,0,42.01
08:06:38.388,08:06:38.388,142338.048,0x82,0x00,True,2.1,-4.36,100.72,0,41.98
08:07:08.392,08:07:08.392,142368.052,0x82,0x00,True,2.09,-4.37,100.69,0,41.95
08:07:38.388,08:07:38.388,142398.048,0x82,0x00,True,2.09,-4.35,100.69,0,41.97
08:08:08.387,08:08:08.387,142428.047,0x82,0x00,True,2.1,-4.37,100.69,0,41.96
08:08:38.393,08:08:38.393,142458.053,0x82,0x00,True,2.09,-4.35,100.67,0,41.93
08:09:08.392,08:09:08.392,142488.052,0x82,0x00,True,2.1,-4.37,100.67,0,41.97
08:09:38.392,08:09:38.392,142518.052,0x82,0x00,True,2.1,-4.36,100.68,0,41.99
08:10:08.397,08:10:08.397,142548.057,0x82,0x00,True,2.09,-4.35,100.67,0,41.91
08:10:38.383,08:10:38.383,142578.043,0x82,0x00,True,2.1,-4.36,100.67,0,42.05
08:11:08.393,08:11:08.393,142608.053,0x82,0x00,True,2.09,-4.35,100.64,0,42.01
08:11:38.377,08:11:38.377,142638.037,0x82,0x00,True,2.09,-4.34,100.67,0,42.04
08:12:08.377,08:12:08.377,142668.037,0x82,0x00,True,2.09,-4.34,100.66,0,42.01
08:12:38.392,08:12:38.392,142698.052,0x82,0x00,True,2.09,-4.37,100.69,0,42.02
08:13:08.387,08:13:08.387,142728.047,0x82,0x00,True,2.09,-4.37,100.68,0,41.99
08:13:38.387,08:13:38.387,142758.047,0x82,0x00,True,2.09,-4.37,100.68,0,41.99
08:14:08.388,08:14:08.388,142788.048,0x82,0x00,True,2.09,-4.36,100.64,0,41.99
08:14:38.388,08:14:38.388,142818.048,0x82,0x00,True,2.09,-4.34,100.65,0,41.97
08:15:08.388,08:15:08.388,142848.048,0x82,0x00,True,2.09,-4.37,100.63,0,42.01
08:15:38.387,08:15:38.387,142878.047,0x82,0x00,True,2.09,-4.36,100.64,0,42.01
08:16:08.393,08:16:08.393,142908.053,0x82,0x00,True,2.1,-4.34,100.65,0,41.97
08:16:38.393,08:16:38.393,142938.053,0x82,0x00,True,2.08,-4.35,100.69,0,41.99
08:17:08.397,08:17:08.397,142968.057,0x82,0x00,True,2.09,-4.36,100.69,0,42.02
08:17:38.397,08:17:38.397,142998.057,0x82,0x00,True,2.08,-4.33,100.69,0,42.01
08:18:08.410,08:18:08.410,143028.07,0x82,0x00,True,2.09,-4.35,100.68,0,42.05
08:18:38.408,08:18:38.408,143058.068,0x82,0x00,True,2.07,-4.36,100.7,0,41.97
08:19:08.393,08:19:08.393,143088.053,0x82,0x00,True,2.09,-4.34,100.68,0,41.98
08:19:38.408,08:19:38.408,143118.068,0x82,0x00,True,2.08,-4.34,100.64,0,42.05
08:20:08.407,08:20:08.407,143148.067,0x82,0x00,True,2.09,-4.34,100.67,0,42.02
08:20:38.397,08:20:38.397,143178.057,0x82,0x00,True,2.09,-4.34,100.67,0,42.08
08:21:08.407,08:21:08.407,143208.067,0x82,0x00,True,2.09,-4.34,100.7,0,42.02
08:21:38.407,08:21:38.407,143238.067,0x82,0x00,True,2.09,-4.36,100.69,0,42.15
08:22:08.412,08:22:08.412,143268.072,0x82,0x00,True,2.09,-4.36,100.68,0,42.07
08:22:38.412,08:22:38.412,143298.072,0x82,0x00,True,2.09,-4.35,100.71,0,42.03
08:23:08.414,08:23:08.414,143328.074,0x82,0x00,True,2.1,-4.35,100.72,0,42.09
08:23:38.425,08:23:38.425,143358.085,0x82,0x00,True,2.1,-4.36,100.72,0,42.12
08:24:08.412,08:24:08.412,143388.072,0x82,0x00,True,2.1,-4.35,100.74,0,42.11
08:24:38.413,08:24:38.413,143418.073,0x82,0x00,True,2.09,-4.34,100.7,0,42.09
08:25:08.417,08:25:08.417,143448.077,0x82,0x00,True,2.1,-4.35,100.76,0,42.12
08:25:38.412,08:25:38.412,143478.072,0x82,0x00,True,2.09,-4.35,100.74,0,42.05
08:26:08.418,08:26:08.418,143508.078,0x82,0x00,True,2.09,-4.33,100.73,0,42.13
08:26:38.412,08:26:38.412,143538.072,0x82,0x00,True,2.1,-4.33,100.73,0,42.14
08:27:08.431,08:27:08.431,143568.091,0x82,0x00,True,2.09,-4.34,100.72,0,42.14
08:27:38.417,08:27:38.417,143598.077,0x82,0x00,True,2.1,-4.36,100.72,0,42.11
08:28:08.422,08:28:08.422,143628.082,0x82,0x00,True,2.08,-4.35,100.72,0,42.05
08:28:38.417,08:28:38.417,143658.077,0x82,0x00,True,2.09,-4.35,100.71,0,42.17
08:29:08.417,08:29:08.417,143688.077,0x82,0x00,True,2.1,-4.36,100.7,0,42.12
08:29:38.422,08:29:38.422,143718.082,0x82,0x00,True,2.09,-4.34,100.71,0,42.24
08:30:08.423,08:30:08.423,143748.083,0x82,0x00,True,2.09,-4.36,100.73,0,42.17
08:30:38.412,08:30:38.412,143778.072,0x82,0x00,True,2.09,-4.37,100.7,0,42.11
08:31:08.423,08:31:08.423,143808.083,0x82,0x00,True,2.09,-4.37,100.77,0,42.19
08:31:38.418,08:31:38.418,143838.078,0x82,0x00,True,2.09,-4.33,100.71,0,42.19
08:32:08.428,08:32:08.428,143868.088,0x82,0x00,True,2.1,-4.34,100.67,0,42.2
08:32:38.412,08:32:38.412,143898.072,0x82,0x00,True,2.1,-4.36,100.65,0,42.05
08:33:08.418,08:33:08.418,143928.078,0x82,0x00,True,2.1,-4.34,100.66,0,42.04
08:33:38.413,08:33:38.413,143958.073,0x82,0x00,True,2.09,-4.35,100.64,0,42.0
08:34:08.418,08:34:08.418,143988.078,0x82,0x00,True,2.08,-4.35,100.66,0,41.99
08:34:38.412,08:34:38.412,144018.072,0x82,0x00,True,2.1,-4.33,100.6,0,41.96
08:35:08.417,08:35:08.417,144048.077,0x82,0x00,True,2.09,-4.34,100.6,0,41.9
08:35:38.413,08:35:38.413,144078.073,0x82,0x00,True,2.08,-4.36,100.59,0,41.88
08:36:08.422,08:36:08.422,144108.082,0x82,0x00,True,2.09,-4.34,100.6,0,41.93
08:36:38.412,08:36:38.412,144138.072,0x82,0x00,True,2.08,-4.34,100.59,0,41.91
08:37:08.427,08:37:08.427,144168.087,0x82,0x00,True,2.09,-4.36,100.6,0,41.92
08:37:38.412,08:37:38.412,144198.072,0x82,0x00,True,2.08,-4.36,100.57,0,41.91
08:38:08.418,08:38:08.418,144228.078,0x82,0x00,True,2.09,-4.34,100.55,0,41.78
08:38:38.413,08:38:38.413,144258.073,0x82,0x00,True,2.09,-4.35,100.55,0,41.8
08:39:08.423,08:39:08.423,144288.083,0x82,0x00,True,2.08,-4.33,100.55,0,41.8
08:39:38.413,08:39:38.413,144318.073,0x82,0x00,True,2.1,-4.34,100.56,0,41.83
08:40:08.423,08:40:08.423,144348.083,0x82,0x00,True,2.08,-4.37,100.54,0,41.84
08:40:38.412,08:40:38.412,144378.072,0x82,0x00,True,2.09,-4.35,100.57,0,41.93
08:41:08.422,08:41:08.422,144408.082,0x82,0x00,True,2.09,-4.36,100.55,0,41.95
08:41:38.422,08:41:38.422,144438.082,0x82,0x00,True,2.08,-4.33,100.56,0,41.97
08:42:08.433,08:42:08.433,144468.093,0x82,0x00,True,2.07,-4.35,100.58,0,42.0
08:42:38.423,08:42:38.423,144498.083,0x82,0x00,True,2.08,-4.34,100.61,0,42.03
08:43:08.422,08:43:08.422,144528.082,0x82,0x00,True,2.1,-4.34,100.59,0,42.01
08:43:38.422,08:43:38.422,144558.082,0x82,0x00,True,2.08,-4.32,100.63,0,42.0
08:44:08.459,08:44:08.459,144588.119,0x82,0x00,True,2.08,-4.34,100.6,0,42.03
08:44:38.432,08:44:38.432,144618.092,0x82,0x00,True,2.08,-4.35,100.58,0,42.06
08:45:08.459,08:45:08.459,144648.119,0x82,0x00,True,2.08,-4.34,100.6,0,42.05
08:45:38.432,08:45:38.432,144678.092,0x82,0x00,True,2.08,-4.36,100.6,0,42.03
08:46:08.459,08:46:08.459,144708.119,0x82,0x00,True,2.09,-4.35,100.62,0,42.08
08:46:38.432,08:46:38.432,144738.092,0x82,0x00,True,2.08,-4.34,100.6,0,42.14
08:47:08.432,08:47:08.432,144768.092,0x82,0x00,True,2.09,-4.34,100.61,0,42.21
08:47:38.433,08:47:38.433,144798.093,0x82,0x00,True,2.08,-4.35,100.64,0,42.15
08:48:08.471,08:48:08.471,144828.131,0x82,0x00,True,2.08,-4.34,100.63,0,42.17
08:48:38.467,08:48:38.467,144858.127,0x82,0x00,True,2.09,-4.35,100.7,0,42.2
08:49:08.461,08:49:08.461,144888.121,0x82,0x00,True,2.09,-4.34,100.65,0,42.27
08:49:38.461,08:49:38.461,144918.121,0x82,0x00,True,2.1,-4.34,100.68,0,42.31
08:50:08.471,08:50:08.471,144948.131,0x82,0x00,True,2.09,-4.35,100.65,0,42.3
08:50:38.467,08:50:38.467,144978.127,0x82,0x00,True,2.09,-4.35,100.61,0,42.23
08:51:08.458,08:51:08.458,145008.118,0x82,0x00,True,2.09,-4.35,100.6,0,42.22
08:51:38.471,08:51:38.471,145038.131,0x82,0x00,True,2.09,-4.35,100.59,0,42.21
08:52:08.480,08:52:08.480,145068.14,0x82,0x00,True,2.08,-4.36,100.61,0,42.15
08:52:38.500,08:52:38.500,145098.16,0x82,0x00,True,2.08,-4.28,100.61,0,42.27
08:53:08.471,08:53:08.471,145128.131,0x82,0x00,True,2.09,-4.36,100.6,0,42.19
08:53:38.471,08:53:38.471,145158.131,0x82,0x00,True,2.09,-4.36,100.61,0,42.19
08:54:08.471,08:54:08.471,145188.131,0x82,0x00,True,2.09,-4.36,100.61,0,42.21
08:54:38.499,08:54:38.499,145218.159,0x82,0x00,True,2.09,-4.35,100.6,0,42.11
08:55:08.471,08:55:08.471,145248.131,0x82,0x00,True,2.08,-4.36,100.58,0,42.22
08:55:38.478,08:55:38.478,145278.138,0x82,0x00,True,2.1,-4.36,100.6,0,42.23
08:56:08.526,08:56:08.526,145308.186,0x82,0x00,True,2.09,-4.35,100.64,0,42.2
08:56:38.459,08:56:38.459,145338.119,0x82,0x00,True,2.09,-4.35,100.61,0,42.23
08:57:08.510,08:57:08.510,145368.17,0x82,0x00,True,2.09,-4.34,100.62,0,42.21
08:57:38.511,08:57:38.511,145398.171,0x82,0x00,True,2.09,-4.36,100.62,0,42.27
08:58:08.506,08:58:08.506,145428.166,0x82,0x00,True,2.09,-4.36,100.6,0,42.28
08:58:38.498,08:58:38.498,145458.158,0x82,0x00,True,2.09,-4.36,100.57,0,42.19
08:59:08.510,08:59:08.510,145488.17,0x82,0x00,True,2.08,-4.35,100.59,0,42.21
08:59:38.506,08:59:38.506,145518.166,0x82,0x00,True,2.09,-4.35,100.57,0,42.19
09:00:08.518,09:00:08.518,145548.178,0x82,0x00,True,2.09,-4.35,100.56,0,42.2
09:00:38.546,09:00:38.546,145578.206,0x82,0x00,True,2.08,-4.33,100.54,0,42.18
09:01:08.510,09:01:08.510,145608.17,0x82,0x00,True,2.08,-4.33,100.51,0,42.11
09:01:38.511,09:01:38.511,145638.171,0x82,0x00,True,2.09,-4.33,100.5,0,42.11
09:02:08.510,09:02:08.510,145668.17,0x82,0x00,True,2.08,-4.35,100.51,0,42.11
09:02:38.526,09:02:38.526,145698.186,0x82,0x00,True,2.09,-4.34,100.51,0,42.11
09:03:08.512,09:03:08.512,145728.172,0x82,0x00,True,2.1,-4.34,100.47,0,42.09
09:03:38.513,09:03:38.513,145758.173,0x82,0x00,True,2.09,-4.35,100.47,0,42.11
09:04:08.513,09:04:08.513,145788.173,0x82,0x00,True,2.09,-4.35,100.49,0,42.14
09:04:38.546,09:04:38.546,145818.206,0x82,0x00,True,2.1,-4.34,100.49,0,42.14
09:05:08.510,09:05:08.510,145848.17,0x82,0x00,True,2.08,-4.35,100.49,0,42.1
09:05:38.538,09:05:38.538,145878.198,0x82,0x00,True,2.08,-4.35,100.49,0,42.06
09:06:08.538,09:06:08.538,145908.198,0x82,0x00,True,2.1,-4.36,100.51,0,42.11
09:06:38.578,09:06:38.578,145938.238,0x82,0x00,True,2.09,-4.36,100.48,0,42.19
09:07:08.510,09:07:08.510,145968.17,0x82,0x00,True,2.08,-4.35,100.49,0,42.11
09:07:38.539,09:07:38.539,145998.199,0x82,0x00,True,2.09,-4.36,100.47,0,42.11
09:08:08.510,09:08:08.510,146028.17,0x82,0x00,True,2.1,-4.33,100.48,0,42.05
09:08:38.550,09:08:38.550,146058.21,0x82,0x00,True,2.09,-4.38,100.47,0,42.06
09:09:08.510,09:09:08.510,146088.17,0x82,0x00,True,2.08,-4.35,100.48,0,42.07
09:09:38.551,09:09:38.551,146118.211,0x82,0x00,True,2.09,-4.36,100.43,0,42.02
09:10:08.538,09:10:08.538,146148.198,0x82,0x00,True,2.1,-4.37,100.42,0,41.98
09:10:38.550,09:10:38.550,146178.21,0x82,0x00,True,2.09,-4.35,100.39,0,41.97
09:11:08.538,09:11:08.538,146208.198,0x82,0x00,True,2.09,-4.32,100.39,0,41.82
09:11:38.546,09:11:38.546,146238.206,0x82,0x00,True,2.09,-4.36,100.37,0,41.83
09:12:08.538,09:12:08.538,146268.198,0x82,0x00,True,2.08,-4.32,100.32,0,41.74
09:12:38.550,09:12:38.550,146298.21,0x82,0x00,True,2.09,-4.36,100.34,0,41.75
09:13:08.538,09:13:08.538,146328.198,0x82,0x00,True,2.08,-4.37,100.32,0,41.74
09:13:38.550,09:13:38.550,146358.21,0x82,0x00,True,2.08,-4.34,100.3,0,41.74
09:14:08.510,09:14:08.510,146388.17,0x82,0x00,True,2.09,-4.35,100.29,0,41.8
09:14:38.630,09:14:38.630,146418.29,0x82,0x00,True,2.08,-4.35,100.27,0,41.76
09:15:08.510,09:15:08.510,146448.17,0x82,0x00,True,2.09,-4.36,100.28,0,41.79
09:15:38.513,09:15:38.513,146478.173,0x82,0x00,True,2.09,-4.34,100.31,0,41.77
09:16:08.511,09:16:08.511,146508.171,0x82,0x00,True,2.09,-4.34,100.34,0,41.74
09:16:38.510,09:16:38.510,146538.17,0x82,0x00,True,2.09,-4.34,100.36,0,41.77
09:17:08.510,09:17:08.510,146568.17,0x82,0x00,True,2.09,-4.35,100.36,0,41.87
09:17:38.511,09:17:38.511,146598.171,0x82,0x00,True,2.09,-4.35,100.37,0,41.87
09:18:08.513,09:18:08.513,146628.173,0x82,0x00,True,2.08,-4.37,100.39,0,41.97
09:18:38.510,09:18:38.510,146658.17,0x82,0x00,True,2.09,-4.35,100.42,0,41.95
09:19:08.498,09:19:08.498,146688.158,0x82,0x00,True,2.07,-4.35,100.47,0,42.01
09:19:38.506,09:19:38.506,146718.166,0x82,0x00,True,2.08,-4.34,100.44,0,41.94
09:20:08.562,09:20:08.562,146748.222,0x82,0x00,True,2.08,-4.34,100.46,0,42.03
09:20:38.506,09:20:38.506,146778.166,0x82,0x00,True,2.09,-4.35,100.45,0,42.11
09:21:08.515,09:21:08.515,146808.175,0x82,0x00,True,2.07,-4.35,100.46,0,42.13
09:21:38.498,09:21:38.498,146838.158,0x82,0x00,True,2.09,-4.37,100.46,0,42.14
09:22:08.550,09:22:08.550,146868.21,0x82,0x00,True,2.09,-4.35,100.48,0,42.14
09:22:38.470,09:22:38.470,146898.13,0x82,0x00,True,2.09,-4.35,100.51,0,42.24
09:23:08.498,09:23:08.498,146928.158,0x82,0x00,True,2.08,-4.35,100.51,0,42.29
09:23:38.470,09:23:38.470,146958.13,0x82,0x00,True,2.08,-4.37,100.51,0,42.27
09:24:08.470,09:24:08.470,146988.13,0x82,0x00,True,2.09,-4.35,100.52,0,42.32
09:24:38.471,09:24:38.471,147018.131,0x82,0x00,True,2.08,-4.36,100.52,0,42.36
09:25:08.470,09:25:08.470,147048.13,0x82,0x00,True,2.08,-4.36,100.51,0,42.44
09:25:38.470,09:25:38.470,147078.13,0x82,0x00,True,2.09,-4.35,100.53,0,42.42
09:26:08.470,09:26:08.470,147108.13,0x82,0x00,True,2.08,-4.34,100.51,0,42.54
09:26:38.498,09:26:38.498,147138.158,0x82,0x00,True,2.08,-4.36,100.55,0,42.53
09:27:08.470,09:27:08.470,147168.13,0x82,0x00,True,2.09,-4.35,100.57,0,42.58
09:27:38.470,09:27:38.470,147198.13,0x82,0x00,True,2.08,-4.35,100.57,0,42.57
09:28:08.500,09:28:08.500,147228.16,0x82,0x00,True,2.08,-4.35,100.58,0,42.58
09:28:38.498,09:28:38.498,147258.158,0x82,0x00,True,2.08,-4.36,100.62,0,42.7
09:29:08.499,09:29:08.499,147288.159,0x82,0x00,True,2.06,-4.36,100.6,0,42.64
09:29:38.506,09:29:38.506,147318.166,0x82,0x00,True,2.09,-4.36,100.61,0,42.67
09:30:08.498,09:30:08.498,147348.158,0x82,0x00,True,2.1,-4.33,100.55,0,42.62
09:30:38.519,09:30:38.519,147378.179,0x82,0x00,True,2.09,-4.36,100.56,0,42.64
09:31:08.470,09:31:08.470,147408.13,0x82,0x00,True,2.08,-4.35,100.55,0,42.63
09:31:38.506,09:31:38.506,147438.166,0x82,0x00,True,2.09,-4.36,100.52,0,42.54
09:32:08.510,09:32:08.510,147468.17,0x82,0x00,True,2.09,-4.37,100.53,0,42.54
09:32:38.512,09:32:38.512,147498.172,0x82,0x00,True,2.08,-4.37,100.5,0,42.54
09:33:08.515,09:33:08.515,147528.175,0x82,0x00,True,2.09,-4.36,100.51,0,42.54
09:33:38.498,09:33:38.498,147558.158,0x82,0x00,True,2.09,-4.34,100.47,0,42.53
09:34:08.498,09:34:08.498,147588.158,0x82,0x00,True,2.1,-4.35,100.47,0,42.51
09:34:38.498,09:34:38.498,147618.158,0x82,0x00,True,2.1,-4.37,100.45,0,42.41
09:35:08.500,09:35:08.500,147648.16,0x82,0x00,True,2.1,-4.36,100.46,0,42.45
09:35:38.533,09:35:38.533,147678.193,0x82,0x00,True,2.09,-4.35,100.44,0,42.41
09:36:08.511,09:36:08.511,147708.171,0x82,0x00,True,2.09,-4.34,100.48,0,42.37
09:36:38.521,09:36:38.521,147738.181,0x82,0x00,True,2.08,-4.37,100.46,0,42.27
09:37:08.631,09:37:08.631,147768.291,0x82,0x00,True,2.09,-4.33,100.45,0,42.42
09:37:38.513,09:37:38.513,147798.173,0x82,0x00,True,2.08,-4.37,100.44,0,42.31
09:38:08.535,09:38:08.535,147828.195,0x82,0x00,True,2.08,-4.35,100.46,0,42.39
09:38:38.511,09:38:38.511,147858.171,0x82,0x00,True,2.08,-4.36,100.43,0,42.3
09:39:08.512,09:39:08.512,147888.172,0x82,0x00,True,2.08,-4.34,100.44,0,42.36
09:39:38.474,09:39:38.474,147918.134,0x82,0x00,True,2.07,-4.34,100.44,0,42.4
09:40:08.511,09:40:08.511,147948.171,0x82,0x00,True,2.08,-4.34,100.45,0,42.46
09:40:38.575,09:40:38.575,147978.235,0x82,0x00,True,2.08,-4.35,100.47,0,42.51
09:41:08.551,09:41:08.551,148008.211,0x82,0x00,True,2.08,-4.35,100.45,0,42.45
09:41:38.512,09:41:38.512,148038.172,0x82,0x00,True,2.08,-4.35,100.48,0,42.52
09:42:08.495,09:42:08.495,148068.155,0x82,0x00,True,2.09,-4.34,100.5,0,42.49
09:42:38.512,09:42:38.512,148098.172,0x82,0x00,True,2.09,-4.36,100.45,0,42.43
09:43:08.471,09:43:08.471,148128.131,0x82,0x00,True,2.09,-4.35,100.46,0,42.5
09:43:38.471,09:43:38.471,148158.131,0x82,0x00,True,2.08,-4.36,100.45,0,42.51
09:44:08.573,09:44:08.573,148188.233,0x82,0x00,True,2.09,-4.36,100.47,0,42.48
09:44:38.511,09:44:38.511,148218.171,0x82,0x00,True,2.09,-4.35,100.44,0,42.55
09:45:08.520,09:45:08.520,148248.18,0x82,0x00,True,2.1,-4.36,100.42,0,42.56
09:45:38.471,09:45:38.471,148278.131,0x82,0x00,True,2.08,-4.34,100.46,0,42.41
09:46:08.512,09:46:08.512,148308.172,0x82,0x00,True,2.08,-4.34,100.41,0,42.37
09:46:38.539,09:46:38.539,148338.199,0x82,0x00,True,2.09,-4.33,100.44,0,42.29
09:47:08.505,09:47:08.505,148368.165,0x82,0x00,True,2.1,-4.36,100.41,0,42.18
09:47:38.478,09:47:38.478,148398.138,0x82,0x00,True,2.09,-4.34,100.4,0,42.24
09:48:08.495,09:48:08.495,148428.155,0x82,0x00,True,2.09,-4.35,100.39,0,42.21
09:48:38.511,09:48:38.511,148458.171,0x82,0x00,True,2.09,-4.3,100.38,0,42.14
09:49:08.511,09:49:08.511,148488.171,0x82,0x00,True,2.08,-4.34,100.4,0,42.15
09:49:38.512,09:49:38.512,148518.172,0x82,0x00,True,2.09,-4.33,100.39,0,42.15
09:50:08.511,09:50:08.511,148548.171,0x82,0x00,True,2.1,-4.34,100.4,0,42.2
09:50:38.471,09:50:38.471,148578.131,0x82,0x00,True,2.08,-4.34,100.4,0,42.25
09:51:08.474,09:51:08.474,148608.134,0x82,0x00,True,2.08,-4.35,100.42,0,42.22
09:51:38.495,09:51:38.495,148638.155,0x82,0x00,True,2.09,-4.34,100.43,0,42.21
09:52:08.471,09:52:08.471,148668.131,0x82,0x00,True,2.09,-4.35,100.44,0,42.33
09:52:38.431,09:52:38.431,148698.091,0x82,0x00,True,2.09,-4.32,100.41,0,42.2
09:53:08.472,09:53:08.472,148728.132,0x82,0x00,True,2.09,-4.34,100.41,0,42.19
09:53:38.439,09:53:38.439,148758.099,0x82,0x00,True,2.09,-4.34,100.43,0,42.24
09:54:08.471,09:54:08.471,148788.131,0x82,0x00,True,2.09,-4.34,100.4,0,42.23
09:54:38.432,09:54:38.432,148818.092,0x82,0x00,True,2.08,-4.35,100.43,0,42.27
09:55:08.432,09:55:08.432,148848.092,0x82,0x00,True,2.09,-4.35,100.39,0,42.16
09:55:38.432,09:55:38.432,148878.092,0x82,0x00,True,2.09,-4.34,100.34,0,42.11
09:56:08.472,09:56:08.472,148908.132,0x82,0x00,True,2.1,-4.36,100.38,0,42.07
09:56:38.439,09:56:38.439,148938.099,0x82,0x00,True,2.08,-4.36,100.35,0,42.11
09:57:08.472,09:57:08.472,148968.132,0x82,0x00,True,2.08,-4.36,100.36,0,42.13
09:57:38.432,09:57:38.432,148998.092,0x82,0x00,True,2.08,-4.35,100.37,0,42.19
09:58:08.471,09:58:08.471,149028.131,0x82,0x00,True,2.08,-4.34,100.36,0,42.3
09:58:38.431,09:58:38.431,149058.091,0x82,0x00,True,2.08,-4.36,100.41,0,42.26
09:59:08.432,09:59:08.432,149088.092,0x82,0x00,True,2.09,-4.36,100.43,0,42.25
09:59:38.431,09:59:38.431,149118.091,0x82,0x00,True,2.08,-4.36,100.38,0,42.32
10:00:08.434,10:00:08.434,149148.094,0x82,0x00,True,2.08,-4.36,100.36,0,42.32
10:00:38.431,10:00:38.431,149178.091,0x82,0x00,True,2.08,-4.36,100.38,0,42.3
10:01:08.471,10:01:08.471,149208.131,0x82,0x00,True,2.08,-4.34,100.41,0,42.26
10:01:38.430,10:01:38.430,149238.09,0x82,0x00,True,2.09,-4.36,100.4,0,42.3
10:02:08.454,10:02:08.454,149268.114,0x82,0x00,True,2.08,-4.35,100.35,0,42.26
10:02:38.431,10:02:38.431,149298.091,0x82,0x00,True,2.09,-4.35,100.37,0,42.3
10:03:08.430,10:03:08.430,149328.09,0x82,0x00,True,2.08,-4.35,100.37,0,42.36
10:03:38.437,10:03:38.437,149358.097,0x82,0x00,True,2.08,-4.36,100.37,0,42.3
10:04:08.438,10:04:08.438,149388.098,0x82,0x00,True,2.08,-4.36,100.38,0,42.33
10:04:38.455,10:04:38.455,149418.115,0x82,0x00,True,2.07,-4.34,100.34,0,42.23
10:05:08.430,10:05:08.430,149448.09,0x82,0x00,True,2.09,-4.36,100.36,0,42.22
10:05:38.431,10:05:38.431,149478.091,0x82,0x00,True,2.08,-4.37,100.38,0,42.35
10:06:08.430,10:06:08.430,149508.09,0x82,0x00,True,2.08,-4.35,100.39,0,42.24
10:06:38.431,10:06:38.431,149538.091,0x82,0x00,True,2.08,-4.36,100.38,0,42.42
10:07:08.431,10:07:08.431,149568.091,0x82,0x00,True,2.08,-4.36,100.38,0,42.33
10:07:38.431,10:07:38.431,149598.091,0x82,0x00,True,2.08,-4.33,100.4,0,42.3
10:08:08.471,10:08:08.471,149628.131,0x82,0x00,True,2.09,-4.32,100.41,0,42.3
10:08:38.431,10:08:38.431,149658.091,0x82,0x00,True,2.08,-4.33,100.43,0,42.12
10:09:08.471,10:09:08.471,149688.131,0x82,0x00,True,2.08,-4.32,100.35,0,42.17
10:09:38.430,10:09:38.430,149718.09,0x82,0x00,True,2.09,-4.32,100.33,0,42.0
10:10:08.478,10:10:08.478,149748.138,0x82,0x00,True,2.08,-4.34,100.29,0,41.99
11:30:08.563,11:30:08.563,154548.223,0x82,0x00,True,2.08,-4.39,100.41,0,42.91
11:30:38.576,11:30:38.576,154578.236,0x82,0x00,True,2.08,-4.39,100.41,0,42.94
11:31:08.564,11:31:08.564,154608.224,0x82,0x00,True,2.08,-4.4,100.4,0,43.01
11:31:38.576,11:31:38.576,154638.236,0x82,0x00,True,2.08,-4.38,100.42,0,43.07
11:32:08.564,11:32:08.564,154668.224,0x82,0x00,True,2.08,-4.39,100.42,0,43.13
11:32:38.576,11:32:38.576,154698.236,0x82,0x00,True,2.08,-4.38,100.43,0,43.1
11:33:08.604,11:33:08.604,154728.264,0x82,0x00,True,2.08,-4.37,100.48,0,43.15
11:33:38.576,11:33:38.576,154758.236,0x82,0x00,True,2.07,-4.4,100.5,0,43.28
11:34:08.563,11:34:08.563,154788.223,0x82,0x00,True,2.08,-4.39,100.52,0,43.27
11:34:38.563,11:34:38.563,154818.223,0x82,0x00,True,2.09,-4.38,100.55,0,43.41
11:35:08.604,11:35:08.604,154848.264,0x82,0x00,True,2.08,-4.4,100.57,0,43.49
11:35:38.576,11:35:38.576,154878.236,0x82,0x00,True,2.09,-4.38,100.64,0,43.59
11:36:08.572,11:36:08.572,154908.232,0x82,0x00,True,2.08,-4.37,100.64,0,43.6
11:36:38.576,11:36:38.576,154938.236,0x82,0x00,True,2.1,-4.37,100.69,0,43.63
11:37:08.604,11:37:08.604,154968.264,0x82,0x00,True,2.09,-4.39,100.7,0,43.78
11:37:38.604,11:37:38.604,154998.264,0x82,0x00,True,2.09,-4.42,100.73,0,43.88
11:38:08.576,11:38:08.576,155028.236,0x82,0x00,True,2.14,-4.48,100.69,0,43.99
11:38:38.604,11:38:38.604,155058.264,0x82,0x00,True,2.14,-4.5,100.68,0,44.08
11:39:08.604,11:39:08.604,155088.264,0x82,0x00,True,2.14,-4.45,100.7,0,44.05
11:39:38.604,11:39:38.604,155118.264,0x82,0x00,True,2.14,-4.46,100.74,0,44.13
11:40:08.604,11:40:08.604,155148.264,0x82,0x00,True,2.14,-4.47,100.73,0,44.15
11:40:38.616,11:40:38.616,155178.276,0x82,0x00,True,2.14,-4.45,100.73,0,44.14
11:41:08.604,11:41:08.604,155208.264,0x82,0x00,True,2.14,-4.44,100.74,0,44.02
11:41:38.616,11:41:38.616,155238.276,0x82,0x00,True,2.13,-4.45,100.74,0,44.08
11:42:08.616,11:42:08.616,155268.276,0x82,0x00,True,2.13,-4.46,100.72,0,44.07
11:42:38.617,11:42:38.617,155298.277,0x82,0x00,True,2.14,-4.47,100.73,0,44.04
11:43:08.654,11:43:08.654,155328.314,0x82,0x00,True,2.14,-4.47,100.73,0,44.02
11:43:38.645,11:43:38.645,155358.305,0x82,0x00,True,2.14,-4.45,100.73,0,44.11
11:53:00.221,11:53:00.221,155919.881,0x82,0x00,True,3.18,-5.43,-0.04,0,40.2
11:53:30.188,11:53:30.188,155949.848,0x82,0x00,True,2.05,-4.27,0.04,0,40.73
11:54:00.191,11:54:00.191,155979.851,0x82,0x00,True,2.06,-4.26,-0.03,0,41.16
11:54:30.192,11:54:30.192,156009.852,0x82,0x00,True,2.07,-4.27,0.05,0,41.37
11:55:00.182,11:55:00.182,156039.842,0x82,0x00,True,2.05,-4.25,0.13,0,41.77
11:55:30.187,11:55:30.187,156069.847,0x82,0x00,True,2.06,-4.25,0.23,0,41.96
11:56:00.182,11:56:00.182,156099.842,0x82,0x00,True,2.05,-4.27,0.31,0,42.27
11:56:30.175,11:56:30.175,156129.835,0x82,0x00,True,2.05,-4.26,0.36,0,42.45
11:57:00.188,11:57:00.188,156159.848,0x82,0x00,True,2.07,-4.27,0.4,0,42.7
11:57:30.187,11:57:30.187,156189.847,0x82,0x00,True,2.07,-4.25,0.42,0,43.01
11:58:00.182,11:58:00.182,156219.842,0x82,0x00,True,2.07,-4.27,0.52,0,43.18
11:58:30.167,11:58:30.167,156249.827,0x82,0x00,True,2.08,-4.27,0.61,0,43.35
11:59:00.182,11:59:00.182,156279.842,0x82,0x00,True,2.08,-4.25,0.66,0,43.54
11:59:30.182,11:59:30.182,156309.842,0x82,0x00,True,2.08,-4.25,0.75,0,43.68
12:00:00.182,12:00:00.182,156339.842,0x82,0x00,True,2.07,-4.26,0.79,0,43.93
12:00:30.187,12:00:30.187,156369.847,0x82,0x00,True,2.08,-4.26,0.82,0,44.12
12:01:00.190,12:01:00.190,156399.85,0x82,0x00,True,2.07,-4.23,0.89,0,44.27
12:01:30.187,12:01:30.187,156429.847,0x82,0x00,True,2.09,-4.26,0.93,0,44.42
12:02:00.189,12:02:00.189,156459.849,0x82,0x00,True,2.09,-4.25,0.96,0,44.66
12:02:30.191,12:02:30.191,156489.851,0x82,0x00,True,2.08,-4.25,1.0,0,44.79
12:03:00.188,12:03:00.188,156519.848,0x82,0x00,True,2.09,-4.26,1.04,0,45.0
12:03:30.187,12:03:30.187,156549.847,0x82,0x00,True,2.08,-4.24,1.09,0,45.06
12:04:00.192,12:04:00.192,156579.852,0x82,0x00,True,2.09,-4.25,1.14,0,45.2
12:04:30.206,12:04:30.206,156609.866,0x82,0x00,True,2.08,-4.24,1.14,0,45.19
12:05:00.196,12:05:00.196,156639.856,0x82,0x00,True,2.09,-4.26,1.16,0,45.28
12:05:30.202,12:05:30.202,156669.862,0x82,0x00,True,2.09,-4.25,1.16,0,45.22
12:06:00.202,12:06:00.202,156699.862,0x82,0x00,True,2.08,-4.24,1.14,0,45.25
12:06:30.207,12:06:30.207,156729.867,0x82,0x00,True,2.1,-4.25,1.12,0,45.29
12:07:00.207,12:07:00.207,156759.867,0x82,0x00,True,2.09,-4.19,1.05,0,45.1
12:07:30.217,12:07:30.217,156789.877,0x82,0x00,True,2.08,-4.2,1.04,0,44.92
12:08:00.232,12:08:00.232,156819.892,0x82,0x00,True,2.09,-4.22,1.03,0,44.83
12:08:30.227,12:08:30.227,156849.887,0x82,0x00,True,2.08,-4.13,0.92,0,44.63
12:09:00.231,12:09:00.231,156879.891,0x82,0x00,True,2.08,-4.23,0.91,0,44.68
12:09:30.222,12:09:30.222,156909.882,0x82,0x00,True,2.07,-4.24,0.94,0,44.82
12:10:00.237,12:10:00.237,156939.897,0x82,0x00,True,2.09,-4.21,1.01,0,44.9
12:10:30.242,12:10:30.242,156969.902,0x82,0x00,True,2.08,-4.23,1.03,0,45.13
12:11:00.247,12:11:00.247,156999.907,0x82,0x00,True,2.09,-4.18,1.04,0,45.12
12:11:30.252,12:11:30.252,157029.912,0x82,0x00,True,2.08,-4.19,1.0,0,44.95
12:12:00.252,12:12:00.252,157059.912,0x82,0x00,True,2.07,-4.13,0.94,0,44.78
12:12:30.257,12:12:30.257,157089.917,0x82,0x00,True,2.08,-4.15,0.82,0,44.51
12:13:00.262,12:13:00.262,157119.922,0x82,0x00,True,2.08,-4.21,0.77,0,44.42
12:13:30.262,12:13:30.262,157149.922,0x82,0x00,True,2.08,-4.14,0.75,0,44.34
12:14:00.267,12:14:00.267,157179.927,0x82,0x00,True,2.08,-4.24,0.78,0,44.4
12:14:30.287,12:14:30.287,157209.947,0x82,0x00,True,2.08,-4.23,0.81,0,44.52
12:15:00.271,12:15:00.271,157239.931,0x82,0x00,True,2.06,-4.16,0.86,0,44.68
12:15:30.262,12:15:30.262,157269.922,0x82,0x00,True,2.09,-4.18,0.89,0,44.78
12:16:00.271,12:16:00.271,157299.931,0x82,0x00,True,2.09,-4.17,0.95,0,44.86
12:16:30.271,12:16:30.271,157329.931,0x82,0x00,True,2.09,-4.19,0.95,0,45.04
12:17:00.271,12:17:00.271,157359.931,0x82,0x00,True,2.09,-4.21,1.0,0,45.16
12:17:30.277,12:17:30.277,157389.937,0x82,0x00,True,2.09,-4.16,1.03,0,45.19
12:18:00.292,12:18:00.292,157419.952,0x82,0x00,True,2.09,-4.19,1.05,0,45.31
12:18:30.281,12:18:30.281,157449.941,0x82,0x00,True,2.09,-4.2,1.06,0,45.44
12:19:00.310,12:19:00.310,157479.97,0x82,0x00,True,2.1,-4.24,1.01,0,45.47
12:19:30.308,12:19:30.308,157509.968,0x82,0x00,True,2.11,-4.23,1.02,0,45.49
12:20:00.312,12:20:00.312,157539.972,0x82,0x00,True,2.11,-4.2,1.03,0,45.53
12:20:30.321,12:20:30.321,157569.981,0x82,0x00,True,2.11,-4.23,1.05,0,45.61
12:21:00.322,12:21:00.322,157599.982,0x82,0x00,True,2.11,-4.22,1.08,0,45.65
12:21:30.322,12:21:30.322,157629.982,0x82,0x00,True,2.12,-4.22,1.06,0,45.76
12:22:00.331,12:22:00.331,157659.991,0x82,0x00,True,2.12,-4.21,1.08,0,45.73
12:22:30.337,12:22:30.337,157689.997,0x82,0x00,True,2.13,-4.21,1.08,0,45.77
12:23:00.347,12:23:00.347,157720.007,0x82,0x00,True,2.12,-4.23,1.07,0,45.79
12:23:30.352,12:23:30.352,157750.012,0x82,0x00,True,2.12,-4.17,1.06,0,45.65
12:24:00.352,12:24:00.352,157780.012,0x82,0x00,True,2.12,-4.21,1.05,0,45.73
12:24:30.352,12:24:30.352,157810.012,0x82,0x00,True,2.11,-4.24,1.07,0,45.75
12:25:00.356,12:25:00.356,157840.016,0x82,0x00,True,2.12,-4.23,1.13,0,45.82
12:25:30.367,12:25:30.367,157870.027,0x82,0x00,True,2.11,-4.24,1.09,0,45.87
12:26:00.377,12:26:00.377,157900.037,0x82,0x00,True,2.11,-4.23,1.17,0,45.87
12:26:30.390,12:26:30.390,157930.05,0x82,0x00,True,2.1,-4.2,1.16,0,45.89
12:27:00.387,12:27:00.387,157960.047,0x82,0x00,True,2.09,-4.23,1.17,0,45.99
12:27:30.401,12:27:30.401,157990.061,0x82,0x00,True,2.11,-4.23,1.2,0,45.95
12:28:00.401,12:28:00.401,158020.061,0x82,0x00,True,2.12,-4.22,1.19,0,46.02
12:28:30.412,12:28:30.412,158050.072,0x82,0x00,True,2.11,-4.23,1.21,0,46.08
12:29:00.422,12:29:00.422,158080.082,0x82,0x00,True,2.12,-4.24,1.2,0,46.24
12:29:30.422,12:29:30.422,158110.082,0x82,0x00,True,2.11,-4.22,1.22,0,46.19
12:30:00.422,12:30:00.422,158140.082,0x82,0x00,True,2.12,-4.23,1.22,0,46.33
12:30:30.445,12:30:30.445,158170.105,0x82,0x00,True,2.13,-4.23,1.22,0,46.4
12:31:00.452,12:31:00.452,158200.112,0x82,0x00,True,2.12,-4.23,1.22,0,46.38
12:31:30.462,12:31:30.462,158230.122,0x82,0x00,True,2.12,-4.08,1.26,0,46.25
12:32:00.472,12:32:00.472,158260.132,0x82,0x00,True,2.11,-4.21,1.17,0,46.09
12:32:30.461,12:32:30.461,158290.121,0x82,0x00,True,2.12,-4.14,1.12,0,45.94
12:33:00.481,12:33:00.481,158320.141,0x82,0x00,True,2.11,-4.18,1.0,0,45.78
12:33:30.486,12:33:30.486,158350.146,0x82,0x00,True,2.13,-4.17,0.98,0,45.5
12:34:00.496,12:34:00.496,158380.156,0x82,0x00,True,2.14,-4.17,0.88,0,45.34
12:34:30.502,12:34:30.502,158410.162,0x82,0x00,True,2.12,-4.12,0.86,0,45.1
12:35:00.502,12:35:00.502,158440.162,0x82,0x00,True,2.13,-4.17,0.83,0,44.87
12:35:30.507,12:35:30.507,158470.167,0x82,0x00,True,2.13,-4.18,0.76,0,44.77
12:36:00.510,12:36:00.510,158500.17,0x82,0x00,True,2.12,-4.14,0.71,0,44.74
12:36:30.512,12:36:30.512,158530.172,0x82,0x00,True,2.11,-4.18,0.67,0,44.61
12:37:00.502,12:37:00.502,158560.162,0x82,0x00,True,2.12,-4.16,0.64,0,44.48
12:37:30.507,12:37:30.507,158590.167,0x82,0x00,True,2.13,-4.14,0.59,0,44.29
12:38:00.514,12:38:00.514,158620.174,0x82,0x00,True,2.12,-4.13,0.5,0,44.07
12:38:30.512,12:38:30.512,158650.172,0x82,0x00,True,2.12,-4.17,0.48,0,43.85
12:39:00.517,12:39:00.517,158680.177,0x82,0x00,True,2.13,-4.18,0.48,0,43.78
12:39:30.526,12:39:30.526,158710.186,0x82,0x00,True,2.13,-4.19,0.4,0,43.67
12:40:00.517,12:40:00.517,158740.177,0x82,0x00,True,2.12,-4.2,0.4,0,43.62
12:40:30.536,12:40:30.536,158770.196,0x82,0x00,True,2.12,-4.27,0.39,0,43.75
12:41:00.523,12:41:00.523,158800.183,0x82,0x00,True,2.11,-4.19,0.4,0,43.64
12:41:30.536,12:41:30.536,158830.196,0x82,0x00,True,2.1,-4.16,0.41,0,43.62
12:42:00.540,12:42:00.540,158860.2,0x82,0x00,True,2.09,-4.2,0.39,0,43.58
12:42:30.542,12:42:30.542,158890.202,0x82,0x00,True,2.08,-4.18,0.44,0,43.66
12:43:00.537,12:43:00.537,158920.197,0x82,0x00,True,2.09,-4.21,0.45,0,43.78
12:43:30.537,12:43:30.537,158950.197,0x82,0x00,True,2.08,-4.21,0.49,0,43.88
12:44:00.557,12:44:00.557,158980.217,0x82,0x00,True,2.08,-4.18,0.55,0,44.02
12:44:30.562,12:44:30.562,159010.222,0x82,0x00,True,2.1,-4.14,0.53,0,43.96
12:45:00.562,12:45:00.562,159040.222,0x82,0x00,True,2.1,-4.21,0.52,0,44.14
12:45:30.566,12:45:30.566,159070.226,0x82,0x00,True,2.11,-4.2,0.54,0,44.22
12:46:00.572,12:46:00.572,159100.232,0x82,0x00,True,2.11,-4.22,0.57,0,44.19
12:46:30.562,12:46:30.562,159130.222,0x82,0x00,True,2.11,-4.2,0.6,0,44.16
12:47:00.578,12:47:00.578,159160.238,0x82,0x00,True,2.12,-4.19,0.55,0,44.15
12:47:30.578,12:47:30.578,159190.238,0x82,0x00,True,2.12,-4.2,0.55,0,43.96
12:48:00.583,12:48:00.583,159220.243,0x82,0x00,True,2.13,-4.2,0.55,0,43.85
12:48:30.583,12:48:30.583,159250.243,0x82,0x00,True,2.12,-4.18,0.55,0,43.85
12:49:00.573,12:49:00.573,159280.233,0x82,0x00,True,2.12,-4.15,0.48,0,43.61
12:49:30.583,12:49:30.583,159310.243,0x82,0x00,True,2.12,-4.16,0.44,0,43.49
12:50:00.588,12:50:00.588,159340.248,0x82,0x00,True,2.12,-4.14,0.37,0,43.26
12:50:30.583,12:50:30.583,159370.243,0x82,0x00,True,2.1,-4.12,0.38,0,43.3
12:51:00.572,12:51:00.572,159400.232,0x82,0x00,True,2.12,-4.17,0.35,0,43.18
12:51:30.583,12:51:30.583,159430.243,0x82,0x00,True,2.11,-4.19,0.34,0,43.22
12:52:00.583,12:52:00.583,159460.243,0x82,0x00,True,2.12,-4.12,0.26,0,43.08
12:52:30.583,12:52:30.583,159490.243,0x82,0x00,True,2.12,-4.11,0.24,0,42.91
12:53:00.568,12:53:00.568,159520.228,0x82,0x00,True,2.11,-4.18,0.22,0,42.89
12:53:30.568,12:53:30.568,159550.228,0x82,0x00,True,2.11,-4.13,0.21,0,42.82
12:54:00.568,12:54:00.568,159580.228,0x82,0x00,True,2.09,-4.21,0.24,0,42.82
12:54:30.578,12:54:30.578,159610.238,0x82,0x00,True,2.08,-4.19,0.29,0,43.04
12:55:00.578,12:55:00.578,159640.238,0x82,0x00,True,2.09,-4.19,0.34,0,43.16
12:55:30.586,12:55:30.586,159670.246,0x82,0x00,True,2.09,-4.2,0.4,0,43.34
12:56:00.568,12:56:00.568,159700.228,0x82,0x00,True,2.08,-4.2,0.42,0,43.38
12:56:30.594,12:56:30.594,159730.254,0x82,0x00,True,2.09,-4.2,0.46,0,43.53
12:57:00.589,12:57:00.589,159760.249,0x82,0x00,True,2.08,-4.21,0.53,0,43.63
12:57:30.583,12:57:30.583,159790.243,0x82,0x00,True,2.07,-4.21,0.53,0,43.75
12:58:00.593,12:58:00.593,159820.253,0x82,0x00,True,2.06,-4.2,0.59,0,44.02
12:58:30.583,12:58:30.583,159850.243,0x82,0x00,True,2.07,-4.24,0.66,0,44.28
12:59:00.583,12:59:00.583,159880.243,0x82,0x00,True,2.07,-4.22,0.74,0,44.43
12:59:30.589,12:59:30.589,159910.249,0x82,0x00,True,2.06,-4.21,0.75,0,44.51
13:00:00.598,13:00:00.598,159940.258,0x82,0x00,True,2.07,-4.23,0.77,0,44.7
13:00:30.589,13:00:30.589,159970.249,0x82,0x00,True,2.05,-4.22,0.83,0,44.79
13:01:00.604,13:01:00.604,160000.264,0x82,0x00,True,2.05,-4.17,0.9,0,45.04
13:01:30.593,13:01:30.593,160030.253,0x82,0x00,True,2.05,-4.22,0.89,0,45.21
13:02:00.598,13:02:00.598,160060.258,0x82,0x00,True,2.06,-4.2,0.93,0,45.35
13:02:30.603,13:02:30.603,160090.263,0x82,0x00,True,2.05,-4.23,0.99,0,45.39
13:03:00.623,13:03:00.623,160120.283,0x82,0x00,True,2.05,-4.22,1.03,0,45.7
13:03:30.636,13:03:30.636,160150.296,0x82,0x00,True,2.05,-4.24,1.09,0,45.83
13:04:00.633,13:04:00.633,160180.293,0x82,0x00,True,2.06,-4.26,1.14,0,46.0
13:04:30.643,13:04:30.643,160210.303,0x82,0x00,True,2.04,-4.23,1.2,0,46.15
13:05:00.652,13:05:00.652,160240.312,0x82,0x00,True,2.04,-4.23,1.24,0,46.33
13:05:30.643,13:05:30.643,160270.303,0x82,0x00,True,2.03,-4.22,1.3,0,46.46
13:06:00.663,13:06:00.663,160300.323,0x82,0x00,True,2.04,-4.22,1.34,0,46.61
13:06:30.668,13:06:30.668,160330.328,0x82,0x00,True,2.04,-4.22,1.37,0,46.8
13:07:00.668,13:07:00.668,160360.328,0x82,0x00,True,2.04,-4.23,1.4,0,46.94
13:07:30.678,13:07:30.678,160390.338,0x82,0x00,True,2.05,-4.23,1.45,0,47.02
13:08:00.703,13:08:00.703,160420.363,0x82,0x00,True,2.04,-4.22,1.5,0,47.16
13:08:30.703,13:08:30.703,160450.363,0x82,0x00,True,2.05,-4.24,1.51,0,47.41
13:09:00.723,13:09:00.723,160480.383,0x82,0x00,True,2.04,-4.25,1.57,0,47.58
13:09:30.741,13:09:30.741,160510.401,0x82,0x00,True,2.04,-4.23,1.61,0,47.84
13:10:00.748,13:10:00.748,160540.408,0x82,0x00,True,2.03,-4.24,1.7,0,48.0
13:10:30.747,13:10:30.747,160570.407,0x82,0x00,True,2.05,-4.24,1.71,0,48.05
13:11:00.762,13:11:00.762,160600.422,0x82,0x00,True,2.05,-4.23,1.74,0,48.12
13:11:30.802,13:11:30.802,160630.462,0x82,0x00,True,2.06,-4.23,1.77,0,48.24
13:12:00.802,13:12:00.802,160660.462,0x82,0x00,True,2.04,-4.24,1.75,0,48.27
13:12:30.822,13:12:30.822,160690.482,0x82,0x00,True,2.06,-4.16,1.79,0,48.35
13:13:00.822,13:13:00.822,160720.482,0x82,0x00,True,2.04,-4.25,1.77,0,48.38
13:13:30.842,13:13:30.842,160750.502,0x82,0x00,True,2.04,-4.19,1.79,0,48.41
13:14:00.842,13:14:00.842,160780.502,0x82,0x00,True,2.06,-4.23,1.85,0,48.57
13:14:30.882,13:14:30.882,160810.542,0x82,0x00,True,2.04,-4.24,1.9,0,48.72
13:15:00.901,13:15:00.901,160840.561,0x82,0x00,True,2.05,-4.2,1.88,0,48.81
13:15:30.902,13:15:30.902,160870.562,0x82,0x00,True,2.05,-4.23,1.9,0,48.73
13:16:00.902,13:16:00.902,160900.562,0x82,0x00,True,2.04,-4.25,1.96,0,48.93
13:16:30.922,13:16:30.922,160930.582,0x82,0x00,True,2.04,-4.25,1.96,0,48.98
13:17:00.941,13:17:00.941,160960.601,0x82,0x00,True,2.04,-4.23,2.04,0,49.14
13:17:30.962,13:17:30.962,160990.622,0x82,0x00,True,2.03,-4.21,2.1,0,49.16
13:18:00.981,13:18:00.981,161020.641,0x82,0x00,True,2.04,-4.18,2.1,0,49.22
13:18:31.002,13:18:31.002,161050.662,0x82,0x00,True,2.05,-4.24,2.11,0,49.41
13:19:01.002,13:19:01.002,161080.662,0x82,0x00,True,2.04,-4.24,2.12,0,49.56
13:19:31.002,13:19:31.002,161110.662,0x82,0x00,True,2.03,-4.19,2.14,0,49.6
13:20:01.042,13:20:01.042,161140.702,0x82,0x00,True,2.03,-4.24,2.15,0,49.71
13:20:31.042,13:20:31.042,161170.702,0x82,0x00,True,2.04,-4.23,2.14,0,49.77
13:21:01.063,13:21:01.063,161200.723,0x82,0x00,True,2.04,-4.25,2.17,0,49.92
13:21:31.062,13:21:31.062,161230.722,0x82,0x00,True,2.05,-4.27,2.21,0,50.1
13:22:01.102,13:22:01.102,161260.762,0x82,0x00,True,2.03,-4.24,2.14,0,50.0
13:22:31.122,13:22:31.122,161290.782,0x82,0x00,True,2.05,-4.23,2.12,0,49.94
13:23:01.144,13:23:01.144,161320.804,0x82,0x00,True,2.04,-4.22,2.12,0,50.0
13:23:31.162,13:23:31.162,161350.822,0x82,0x00,True,2.04,-4.21,2.17,0,50.06
13:24:01.161,13:24:01.161,161380.821,0x82,0x00,True,2.06,-4.21,2.23,0,50.21
13:24:31.227,13:24:31.227,161410.887,0x82,0x00,True,2.04,-4.21,2.25,0,50.29
13:25:01.202,13:25:01.202,161440.862,0x82,0x00,True,2.05,-4.25,2.27,0,50.24
13:25:31.222,13:25:31.222,161470.882,0x82,0x00,True,2.06,-4.18,2.3,0,50.25
13:26:01.242,13:26:01.242,161500.902,0x82,0x00,True,2.05,-4.17,2.29,0,50.43
13:26:31.262,13:26:31.262,161530.922,0x82,0x00,True,2.05,-4.2,2.31,0,50.52
13:27:01.281,13:27:01.281,161560.941,0x82,0x00,True,2.05,-4.21,2.35,0,50.69
13:27:31.302,13:27:31.302,161590.962,0x82,0x00,True,2.05,-4.22,2.4,0,50.7
13:28:01.310,13:28:01.310,161620.97,0x82,0x00,True,2.05,-4.23,2.41,0,50.81
13:28:31.342,13:28:31.342,161651.002,0x82,0x00,True,2.05,-4.25,2.4,0,50.85
13:29:01.361,13:29:01.361,161681.021,0x82,0x00,True,2.05,-4.27,2.39,0,50.93
13:29:31.382,13:29:31.382,161711.042,0x82,0x00,True,2.04,-4.25,2.39,0,50.8
13:30:01.402,13:30:01.402,161741.062,0x82,0x00,True,2.05,-4.27,2.36,0,50.89
13:30:31.401,13:30:31.401,161771.061,0x82,0x00,True,2.05,-4.25,2.41,0,51.05
13:31:01.442,13:31:01.442,161801.102,0x82,0x00,True,2.06,-4.24,3.71,0,51.01
13:31:31.432,13:31:31.432,161831.092,0x82,0x00,True,2.06,-4.28,3.74,0,51.23
13:32:01.457,13:32:01.457,161861.117,0x82,0x00,True,2.07,-4.2,3.75,0,51.26
13:32:31.487,13:32:31.487,161891.147,0x82,0x00,True,2.05,-4.22,3.77,0,51.45
13:33:01.507,13:33:01.507,161921.167,0x82,0x00,True,2.06,-4.26,3.82,0,51.64
13:33:31.532,13:33:31.532,161951.192,0x82,0x00,True,2.06,-4.26,3.87,0,51.76
13:34:01.552,13:34:01.552,161981.212,0x82,0x00,True,2.05,-4.23,3.92,0,51.85
13:34:31.562,13:34:31.562,162011.222,0x82,0x00,True,2.05,-4.21,3.89,0,51.9
13:35:01.597,13:35:01.597,162041.257,0x82,0x00,True,2.04,-4.22,3.85,0,51.9
13:35:31.617,13:35:31.617,162071.277,0x82,0x00,True,2.04,-4.22,3.87,0,51.97
13:36:01.627,13:36:01.627,162101.287,0x82,0x00,True,2.04,-4.24,3.86,0,52.08
13:36:31.662,13:36:31.662,162131.322,0x82,0x00,True,2.03,-4.23,3.87,0,52.03
13:37:01.682,13:37:01.682,162161.342,0x82,0x00,True,2.05,-4.24,3.93,0,52.12
13:37:31.696,13:37:31.696,162191.356,0x82,0x00,True,2.04,-4.25,3.93,0,52.29
13:38:01.727,13:38:01.727,162221.387,0x82,0x00,True,2.04,-4.22,3.91,0,52.38
13:38:31.760,13:38:31.760,162251.42,0x82,0x00,True,2.03,-4.21,3.97,0,52.36
13:39:01.771,13:39:01.771,162281.431,0x82,0x00,True,2.04,-4.22,3.91,0,52.25
13:39:31.797,13:39:31.797,162311.457,0x82,0x00,True,2.04,-4.22,3.97,0,52.33
13:40:01.821,13:40:01.821,162341.481,0x82,0x00,True,2.04,-4.21,3.93,0,52.29
13:40:31.842,13:40:31.842,162371.502,0x82,0x00,True,2.06,-4.23,3.91,0,52.34
13:41:01.857,13:41:01.857,162401.517,0x82,0x00,True,2.07,-4.15,3.92,0,52.21
13:41:31.882,13:41:31.882,162431.542,0x82,0x00,True,2.06,-4.15,3.9,0,52.17
13:42:01.907,13:42:01.907,162461.567,0x82,0x00,True,2.07,-4.2,3.85,0,52.19
13:42:31.922,13:42:31.922,162491.582,0x82,0x00,True,2.08,-4.24,3.85,0,52.15
13:43:01.952,13:43:01.952,162521.612,0x82,0x00,True,2.07,-4.15,3.84,0,52.24
13:43:31.981,13:43:31.981,162551.641,0x82,0x00,True,2.07,-4.18,3.83,0,52.14
13:44:01.997,13:44:01.997,162581.657,0x82,0x00,True,2.07,-4.2,3.77,0,51.9
13:44:32.017,13:44:32.017,162611.677,0x82,0x00,True,2.07,-4.22,3.76,0,52.09
13:45:02.042,13:45:02.042,162641.702,0x82,0x00,True,2.06,-4.23,3.74,0,52.06
13:45:32.052,13:45:32.052,162671.712,0x82,0x00,True,2.06,-4.23,3.77,0,52.16
13:46:02.087,13:46:02.087,162701.747,0x82,0x00,True,2.07,-4.21,3.75,0,52.15
13:46:32.106,13:46:32.106,162731.766,0x82,0x00,True,2.06,-4.23,3.7,0,52.02
13:47:02.117,13:47:02.117,162761.777,0x82,0x00,True,2.05,-4.22,3.7,0,52.03
13:47:32.152,13:47:32.152,162791.812,0x82,0x00,True,2.06,-4.2,3.68,0,51.91
13:48:02.177,13:48:02.177,162821.837,0x82,0x00,True,2.07,-4.22,3.66,0,51.92
13:48:32.187,13:48:32.187,162851.847,0x82,0x00,True,2.07,-4.13,3.66,0,51.83
13:49:02.223,13:49:02.223,162881.883,0x82,0x00,True,2.06,-4.22,3.61,0,51.77
13:49:32.242,13:49:32.242,162911.902,0x82,0x00,True,2.06,-4.23,3.67,0,51.81
13:50:02.258,13:50:02.258,162941.918,0x82,0x00,True,2.07,-4.18,3.67,0,51.86
13:50:32.277,13:50:32.277,162971.937,0x82,0x00,True,2.05,-4.21,3.67,0,51.95
13:51:02.307,13:51:02.307,163001.967,0x82,0x00,True,2.06,-4.24,3.69,0,52.09
13:51:32.327,13:51:32.327,163031.987,0x82,0x00,True,2.04,-4.25,3.72,0,52.19
13:52:02.350,13:52:02.350,163062.01,0x82,0x00,True,2.06,-4.19,3.71,0,52.15
13:52:32.377,13:52:32.377,163092.037,0x82,0x00,True,2.06,-4.2,3.74,0,52.3
13:53:02.402,13:53:02.402,163122.062,0x82,0x00,True,2.06,-4.22,3.78,0,52.31
13:53:32.428,13:53:32.428,163152.088,0x82,0x00,True,2.07,-4.24,3.83,0,52.46
13:54:02.447,13:54:02.447,163182.107,0x82,0x00,True,2.06,-4.2,3.86,0,52.57
13:54:32.472,13:54:32.472,163212.132,0x82,0x00,True,2.05,-4.24,3.84,0,52.57
13:55:02.492,13:55:02.492,163242.152,0x82,0x00,True,2.06,-4.25,3.87,0,52.75
13:55:32.512,13:55:32.512,163272.172,0x82,0x00,True,2.08,-4.21,3.88,0,52.8
13:56:02.542,13:56:02.542,163302.202,0x82,0x00,True,2.08,-4.23,3.83,0,52.64
13:56:32.568,13:56:32.568,163332.228,0x82,0x00,True,2.1,-4.2,3.83,0,52.52
13:57:02.577,13:57:02.577,163362.237,0x82,0x00,True,2.12,-4.19,3.81,0,52.4
13:57:32.610,13:57:32.610,163392.27,0x82,0x00,True,2.11,-4.2,3.71,0,52.22
13:58:02.632,13:58:02.632,163422.292,0x82,0x00,True,2.12,-4.2,3.65,0,52.08
13:58:32.651,13:58:32.651,163452.311,0x82,0x00,True,2.12,-4.23,3.6,0,51.87
13:59:02.667,13:59:02.667,163482.327,0x82,0x00,True,2.11,-4.22,3.53,0,51.72
13:59:32.831,13:59:32.831,163512.491,0x82,0x00,True,2.11,-4.21,3.46,0,51.66
14:00:02.724,14:00:02.724,163542.384,0x82,0x00,True,2.11,-4.17,3.49,0,51.62
14:00:32.731,14:00:32.731,163572.391,0x82,0x00,True,2.12,-4.21,3.49,0,51.46
14:01:02.751,14:01:02.751,163602.411,0x82,0x00,True,2.1,-4.15,3.47,0,51.61
14:01:32.766,14:01:32.766,163632.426,0x82,0x00,True,2.1,-4.24,3.41,0,51.44
14:02:02.781,14:02:02.781,163662.441,0x82,0x00,True,2.1,-4.2,3.43,0,51.52
14:02:32.806,14:02:32.806,163692.466,0x82,0x00,True,2.1,-4.21,3.43,0,51.59
14:03:02.816,14:03:02.816,163722.476,0x82,0x00,True,2.1,-4.2,3.47,0,51.57
14:03:32.836,14:03:32.836,163752.496,0x82,0x00,True,2.09,-4.19,3.5,0,51.6
14:04:02.866,14:04:02.866,163782.526,0x82,0x00,True,2.09,-4.19,3.51,0,51.64
14:04:32.886,14:04:32.886,163812.546,0x82,0x00,True,2.09,-4.18,3.5,0,51.49
14:05:02.906,14:05:02.906,163842.566,0x82,0x00,True,2.1,-4.17,3.48,0,51.54
14:05:32.931,14:05:32.931,163872.591,0x82,0x00,True,2.08,-4.22,3.49,0,51.56
14:06:02.940,14:06:02.940,163902.6,0x82,0x00,True,2.09,-4.21,3.5,0,51.63
14:06:32.966,14:06:32.966,163932.626,0x82,0x00,True,2.08,-4.21,3.52,0,51.66
14:07:02.976,14:07:02.976,163962.636,0x82,0x00,True,2.09,-4.18,3.56,0,51.79
14:07:32.986,14:07:32.986,163992.646,0x82,0x00,True,2.08,-4.2,3.62,0,51.97
14:08:03.016,14:08:03.016,164022.676,0x82,0x00,True,2.07,-4.19,3.62,0,51.95
14:08:33.036,14:08:33.036,164052.696,0x82,0x00,True,2.07,-4.19,3.65,0,52.1
14:09:03.056,14:09:03.056,164082.716,0x82,0x00,True,2.07,-4.21,3.69,0,52.3
14:09:33.070,14:09:33.070,164112.73,0x82,0x00,True,2.06,-4.25,3.79,0,52.57
14:10:03.106,14:10:03.106,164142.766,0x82,0x00,True,2.08,-4.26,3.86,0,52.86
14:10:33.120,14:10:33.120,164172.78,0x82,0x00,True,2.07,-4.25,3.97,0,53.05
14:11:03.151,14:11:03.151,164202.811,0x82,0x00,True,2.05,-4.26,4.0,0,53.23
14:11:33.166,14:11:33.166,164232.826,0x82,0x00,True,2.07,-4.26,4.06,0,53.41
14:12:03.201,14:12:03.201,164262.861,0x82,0x00,True,2.06,-4.25,4.12,0,53.55
14:12:33.239,14:12:33.239,164292.899,0x82,0x00,True,2.06,-4.25,4.16,0,53.75
14:13:03.249,14:13:03.249,164322.909,0x82,0x00,True,2.06,-4.25,4.17,0,53.93
14:13:33.281,14:13:33.281,164352.941,0x82,0x00,True,2.06,-4.26,4.21,0,53.94
14:14:03.291,14:14:03.291,164382.951,0x82,0x00,True,2.06,-4.19,4.2,0,54.07
14:14:33.316,14:14:33.316,164412.976,0x82,0x00,True,2.06,-4.25,4.2,0,54.06
14:15:03.351,14:15:03.351,164443.011,0x82,0x00,True,2.06,-4.15,4.26,0,54.09
14:15:33.381,14:15:33.381,164473.041,0x82,0x00,True,2.05,-4.21,4.24,0,54.19
14:16:03.396,14:16:03.396,164503.056,0x82,0x00,True,2.07,-4.2,4.24,0,54.21
14:16:33.437,14:16:33.437,164533.097,0x82,0x00,True,2.07,-4.21,4.26,0,54.23
14:17:03.466,14:17:03.466,164563.126,0x82,0x00,True,2.06,-4.14,4.26,0,54.18
14:17:33.480,14:17:33.480,164593.14,0x82,0x00,True,2.07,-4.17,4.17,0,54.03
14:18:03.521,14:18:03.521,164623.181,0x82,0x00,True,2.06,-4.19,4.17,0,54.06
14:18:33.541,14:18:33.541,164653.201,0x82,0x00,True,2.08,-4.14,4.2,0,54.09
14:19:03.576,14:19:03.576,164683.236,0x82,0x00,True,2.07,-4.15,4.16,0,54.0
14:19:33.607,14:19:33.607,164713.267,0x82,0x00,True,2.07,-4.19,4.14,0,54.12
14:20:03.621,14:20:03.621,164743.281,0x82,0x00,True,2.07,-4.17,4.12,0,54.07
14:20:33.661,14:20:33.661,164773.321,0x82,0x00,True,2.07,-4.18,4.11,0,54.03
14:21:03.690,14:21:03.690,164803.35,0x82,0x00,True,2.08,-4.15,4.05,0,53.96
14:21:33.711,14:21:33.711,164833.371,0x82,0x00,True,2.08,-4.17,4.01,0,53.92
14:22:03.751,14:22:03.751,164863.411,0x82,0x00,True,2.08,-4.2,4.03,0,54.03
14:22:33.792,14:22:33.792,164893.452,0x82,0x00,True,2.08,-4.17,4.05,0,54.04
14:23:03.811,14:23:03.811,164923.471,0x82,0x00,True,2.08,-4.17,4.05,0,54.02
14:23:33.831,14:23:33.831,164953.491,0x82,0x00,True,2.08,-4.2,4.03,0,53.96
14:24:03.855,14:24:03.855,164983.515,0x82,0x00,True,2.08,-4.17,4.0,0,53.94
14:24:33.886,14:24:33.886,165013.546,0x82,0x00,True,2.09,-4.18,3.98,0,53.77
14:25:03.921,14:25:03.921,165043.581,0x82,0x00,True,2.08,-4.16,3.96,0,53.8
14:25:33.941,14:25:33.941,165073.601,0x82,0x00,True,2.08,-4.2,3.96,0,53.91
14:26:03.972,14:26:03.972,165103.632,0x82,0x00,True,2.08,-4.08,3.97,0,53.91
14:26:34.015,14:26:34.015,165133.675,0x82,0x00,True,2.07,-4.21,3.98,0,53.89
14:27:04.020,14:27:04.020,165163.68,0x82,0x00,True,2.1,-4.19,4.01,0,53.97
14:27:34.041,14:27:34.041,165193.701,0x82,0x00,True,2.08,-4.15,4.0,0,53.98
14:28:04.070,14:28:04.070,165223.73,0x82,0x00,True,2.08,-4.18,4.03,0,54.01
14:28:34.102,14:28:34.102,165253.762,0x82,0x00,True,2.08,-4.16,4.0,0,53.94
14:29:04.136,14:29:04.136,165283.796,0x82,0x00,True,2.08,-4.19,4.0,0,53.83
14:29:34.175,14:29:34.175,165313.835,0x82,0x00,True,2.08,-4.17,4.01,0,53.96
14:30:04.186,14:30:04.186,165343.846,0x82,0x00,True,2.09,-4.12,3.98,0,53.97
14:30:34.230,14:30:34.230,165373.89,0x82,0x00,True,2.07,-4.09,4.0,0,53.91
14:31:04.255,14:31:04.255,165403.915,0x82,0x00,True,2.08,-4.23,3.97,0,53.98
14:31:34.280,14:31:34.280,165433.94,0x82,0x00,True,2.08,-4.17,4.02,0,54.03
14:32:04.316,14:32:04.316,165463.976,0x82,0x00,True,2.08,-4.17,4.04,0,54.08
14:32:34.351,14:32:34.351,165494.011,0x82,0x00,True,2.07,-4.16,4.02,0,54.09
14:33:04.366,14:33:04.366,165524.026,0x82,0x00,True,2.07,-4.13,4.02,0,54.14
14:33:34.415,14:33:34.415,165554.075,0x82,0x00,True,2.09,-4.19,4.04,0,54.12
14:34:04.426,14:34:04.426,165584.086,0x82,0x00,True,2.09,-4.21,4.04,0,54.27
14:34:34.471,14:34:34.471,165614.131,0x82,0x00,True,2.09,-4.25,4.06,0,54.49
14:35:04.495,14:35:04.495,165644.155,0x82,0x00,True,2.08,-4.17,4.03,0,54.27
14:35:34.526,14:35:34.526,165674.186,0x82,0x00,True,2.11,-4.15,4.02,0,54.35
14:36:04.551,14:36:04.551,165704.211,0x82,0x00,True,2.09,-4.21,4.0,0,54.36
14:36:34.581,14:36:34.581,165734.241,0x82,0x00,True,2.09,-4.13,3.99,0,54.36
14:37:04.597,14:37:04.597,165764.257,0x82,0x00,True,2.08,-4.13,3.99,0,54.53
14:37:34.636,14:37:34.636,165794.296,0x82,0x00,True,2.09,-4.13,4.0,0,54.45
14:38:04.669,14:38:04.669,165824.329,0x82,0x00,True,2.1,-4.16,3.98,0,54.36
14:38:34.701,14:38:34.701,165854.361,0x82,0x00,True,2.09,-4.25,3.99,0,54.68
14:39:04.735,14:39:04.735,165884.395,0x82,0x00,True,2.09,-4.25,3.98,0,54.82
14:39:34.746,14:39:34.746,165914.406,0x82,0x00,True,2.09,-4.19,3.99,0,54.83
14:40:04.791,14:40:04.791,165944.451,0x82,0x00,True,2.1,-4.23,3.96,0,54.9
14:40:34.821,14:40:34.821,165974.481,0x82,0x00,True,2.09,-4.18,3.97,0,54.88
14:41:04.831,14:41:04.831,166004.491,0x82,0x00,True,2.09,-4.19,3.99,0,54.95
14:41:34.876,14:41:34.876,166034.536,0x82,0x00,True,2.09,-4.17,3.97,0,54.8
14:42:04.901,14:42:04.901,166064.561,0x82,0x00,True,2.09,-4.23,3.98,0,54.91
14:42:34.916,14:42:34.916,166094.576,0x82,0x00,True,2.09,-4.19,4.0,0,55.01
14:43:04.956,14:43:04.956,166124.616,0x82,0x00,True,2.09,-4.17,4.02,0,55.03
14:43:34.985,14:43:34.985,166154.645,0x82,0x00,True,2.09,-4.18,4.0,0,54.92
14:44:05.016,14:44:05.016,166184.676,0x82,0x00,True,2.09,-4.2,4.0,0,55.03
14:44:35.065,14:44:35.065,166214.725,0x82,0x00,True,2.1,-4.22,4.03,0,55.02
14:45:05.076,14:45:05.076,166244.736,0x82,0x00,True,2.11,-4.27,3.98,0,55.0
14:45:35.096,14:45:35.096,166274.756,0x82,0x00,True,2.09,-4.29,3.96,0,54.99
14:46:05.145,14:46:05.145,166304.805,0x82,0x00,True,2.1,-4.39,4.09,0,55.34
14:46:35.150,14:46:35.150,166334.81,0x82,0x00,True,2.09,-4.39,4.17,0,55.55
14:47:05.190,14:47:05.190,166364.85,0x82,0x00,True,2.1,-4.33,4.18,0,55.65
14:47:35.221,14:47:35.221,166394.881,0x82,0x00,True,2.11,-4.33,4.13,0,55.56
14:48:05.251,14:48:05.251,166424.911,0x82,0x00,True,2.1,-4.38,4.12,0,55.6
14:48:35.295,14:48:35.295,166454.955,0x82,0x00,True,2.11,-4.34,4.12,0,55.54
14:49:05.306,14:49:05.306,166484.966,0x82,0x00,True,2.1,-4.37,4.06,0,55.47
14:49:35.352,14:49:35.352,166515.012,0x82,0x00,True,2.1,-4.37,4.07,0,55.49
14:50:05.381,14:50:05.381,166545.041,0x82,0x00,True,2.1,-4.39,4.07,0,55.57
14:50:35.396,14:50:35.396,166575.056,0x82,0x00,True,2.1,-4.39,4.13,0,55.64
14:51:05.457,14:51:05.457,166605.117,0x82,0x00,True,2.12,-4.4,4.2,0,55.84
14:51:35.476,14:51:35.476,166635.136,0x82,0x00,True,2.11,-4.38,4.23,0,56.06
14:52:05.516,14:52:05.516,166665.176,0x82,0x00,True,2.09,-4.33,4.19,0,56.03
14:52:35.541,14:52:35.541,166695.201,0x82,0x00,True,2.11,-4.33,4.21,0,56.0
14:53:05.576,14:53:05.576,166725.236,0x82,0x00,True,2.12,-4.31,4.2,0,55.88
14:53:35.630,14:53:35.630,166755.29,0x82,0x00,True,2.11,-4.29,4.15,0,55.82
14:54:05.626,14:54:05.626,166785.286,0x82,0x00,True,2.12,-4.28,4.12,0,55.7
14:54:35.671,14:54:35.671,166815.331,0x82,0x00,True,2.11,-4.28,4.05,0,55.62
14:55:05.701,14:55:05.701,166845.361,0x82,0x00,True,2.12,-4.3,4.04,0,55.54
14:55:35.721,14:55:35.721,166875.381,0x82,0x00,True,2.1,-4.3,4.01,0,55.54
14:56:05.783,14:56:05.783,166905.443,0x82,0x00,True,2.1,-4.29,3.98,0,55.37
14:56:35.791,14:56:35.791,166935.451,0x82,0x00,True,2.12,-4.38,4.01,0,55.68
14:57:05.825,14:57:05.825,166965.485,0x82,0x00,True,2.11,-4.41,4.12,0,55.88
14:57:35.861,14:57:35.861,166995.521,0x82,0x00,True,2.11,-4.35,4.14,0,55.9
14:58:05.891,14:58:05.891,167025.551,0x82,0x00,True,2.1,-4.34,4.11,0,55.77
14:58:35.935,14:58:35.935,167055.595,0x82,0x00,True,2.12,-4.36,4.09,0,55.81
14:59:05.946,14:59:05.946,167085.606,0x82,0x00,True,2.11,-4.3,4.04,0,55.72
14:59:35.991,14:59:35.991,167115.651,0x82,0x00,True,2.12,-4.34,4.0,0,55.58
15:00:06.034,15:00:06.034,167145.694,0x82,0x00,True,2.11,-4.28,3.99,0,55.6
15:00:36.071,15:00:36.071,167175.731,0x82,0x00,True,2.11,-4.32,4.03,0,55.72
15:01:06.095,15:01:06.095,167205.755,0x82,0x00,True,2.11,-4.26,4.0,0,55.54
15:01:36.129,15:01:36.129,167235.789,0x82,0x00,True,2.11,-4.28,3.99,0,55.62
15:02:06.150,15:02:06.150,167265.81,0x82,0x00,True,2.11,-4.33,4.03,0,55.69
15:02:36.188,15:02:36.188,167295.848,0x82,0x00,True,2.1,-4.3,4.02,0,55.75
15:03:06.216,15:03:06.216,167325.876,0x82,0x00,True,2.13,-4.3,4.08,0,55.77
15:03:36.255,15:03:36.255,167355.915,0x82,0x00,True,2.14,-4.29,4.06,0,55.71
15:04:06.270,15:04:06.270,167385.93,0x82,0x00,True,2.13,-4.27,3.99,0,55.64
15:04:36.335,15:04:36.335,167415.995,0x82,0x00,True,2.13,-4.29,3.96,0,55.64
15:05:06.346,15:05:06.346,167446.006,0x82,0x00,True,2.12,-4.32,4.0,0,55.67
15:05:36.381,15:05:36.381,167476.041,0x82,0x00,True,2.12,-4.32,4.0,0,55.61
15:06:06.415,15:06:06.415,167506.075,0x82,0x00,True,2.12,-4.31,3.97,0,55.59
15:06:36.431,15:06:36.431,167536.091,0x82,0x00,True,2.13,-4.31,3.95,0,55.54
15:07:06.471,15:07:06.471,167566.131,0x82,0x00,True,2.13,-4.37,3.98,0,55.62
15:07:36.502,15:07:36.502,167596.162,0x82,0x00,True,2.13,-4.36,4.04,0,55.68
15:08:06.531,15:08:06.531,167626.191,0x82,0x00,True,2.14,-4.37,4.12,0,55.9
15:08:36.575,15:08:36.575,167656.235,0x82,0x00,True,2.11,-4.26,4.14,0,56.06
15:09:06.591,15:09:06.591,167686.251,0x82,0x00,True,2.13,-4.29,4.1,0,55.94
15:09:36.631,15:09:36.631,167716.291,0x82,0x00,True,2.12,-4.29,4.09,0,55.97
15:10:06.661,15:10:06.661,167746.321,0x82,0x00,True,2.13,-4.28,4.06,0,55.94
15:10:36.681,15:10:36.681,167776.341,0x82,0x00,True,2.11,-4.39,4.11,0,56.14
15:11:06.734,15:11:06.734,167806.394,0x82,0x00,True,2.13,-4.32,4.13,0,56.19
15:11:36.762,15:11:36.762,167836.422,0x82,0x00,True,2.12,-4.31,4.17,0,56.23
15:12:06.791,15:12:06.791,167866.451,0x82,0x00,True,2.13,-4.3,4.15,0,56.09
15:12:36.821,15:12:36.821,167896.481,0x82,0x00,True,2.12,-4.28,4.14,0,55.97
15:13:06.861,15:13:06.861,167926.521,0x82,0x00,True,2.13,-4.29,4.05,0,55.85
15:13:36.900,15:13:36.900,167956.56,0x82,0x00,True,2.13,-4.3,4.03,0,55.74
15:14:06.925,15:14:06.925,167986.585,0x82,0x00,True,2.12,-4.28,3.94,0,55.65
15:14:36.956,15:14:36.956,168016.616,0x82,0x00,True,2.13,-4.32,3.95,0,55.61
15:15:06.991,15:15:06.991,168046.651,0x82,0x00,True,2.14,-4.3,3.94,0,55.54
15:15:37.016,15:15:37.016,168076.676,0x82,0x00,True,2.13,-4.27,3.94,0,55.46
15:16:07.061,15:16:07.061,168106.721,0x82,0x00,True,2.13,-4.25,3.94,0,55.41
15:16:37.086,15:16:37.086,168136.746,0x82,0x00,True,2.12,-4.3,3.91,0,55.38
15:17:07.135,15:17:07.135,168166.795,0x82,0x00,True,2.14,-4.31,3.89,0,55.35
15:17:37.146,15:17:37.146,168196.806,0x82,0x00,True,2.13,-4.32,3.86,0,55.33
15:18:07.192,15:18:07.192,168226.852,0x82,0x00,True,2.12,-4.3,3.87,0,55.23
15:18:37.221,15:18:37.221,168256.881,0x82,0x00,True,2.12,-4.29,3.86,0,55.17
15:19:07.241,15:19:07.241,168286.901,0x82,0x00,True,2.12,-4.32,3.84,0,55.11
15:19:37.295,15:19:37.295,168316.955,0x82,0x00,True,2.14,-4.3,3.82,0,55.01
15:20:07.307,15:20:07.307,168346.967,0x82,0x00,True,2.13,-4.25,3.76,0,54.92
15:20:37.346,15:20:37.346,168377.006,0x82,0x00,True,2.15,-4.32,3.72,0,54.88
15:21:07.381,15:21:07.381,168407.041,0x82,0x00,True,2.13,-4.32,3.73,0,54.92
15:21:37.406,15:21:37.406,168437.066,0x82,0x00,True,2.13,-4.33,3.74,0,54.75
15:22:07.455,15:22:07.455,168467.115,0x82,0x00,True,2.14,-4.31,3.74,0,54.86
15:22:37.462,15:22:37.462,168497.122,0x82,0x00,True,2.14,-4.36,3.74,0,54.76
15:23:07.481,15:23:07.481,168527.141,0x82,0x00,True,2.13,-4.3,3.73,0,54.76
15:23:37.535,15:23:37.535,168557.195,0x82,0x00,True,2.14,-4.31,3.73,0,54.8
15:24:07.546,15:24:07.546,168587.206,0x82,0x00,True,2.14,-4.32,3.72,0,54.99
15:24:37.581,15:24:37.581,168617.241,0x82,0x00,True,2.15,-4.34,3.73,0,54.94
15:25:07.615,15:25:07.615,168647.275,0x82,0x00,True,2.14,-4.34,3.71,0,54.8
15:25:37.626,15:25:37.626,168677.286,0x82,0x00,True,2.15,-4.39,3.71,0,54.93
15:26:07.666,15:26:07.666,168707.326,0x82,0x00,True,2.12,-4.34,3.78,0,55.08
15:26:37.701,15:26:37.701,168737.361,0x82,0x00,True,2.15,-4.31,3.83,0,55.15
15:27:07.711,15:27:07.711,168767.371,0x82,0x00,True,2.14,-4.28,3.83,0,55.21
15:27:37.751,15:27:37.751,168797.411,0x82,0x00,True,2.14,-4.35,3.89,0,55.35
15:28:07.781,15:28:07.781,168827.441,0x82,0x00,True,2.14,-4.31,3.89,0,55.31
15:28:37.802,15:28:37.802,168857.462,0x82,0x00,True,2.14,-4.34,3.91,0,55.3
15:29:07.856,15:29:07.856,168887.516,0x82,0x00,True,2.15,-4.4,3.89,0,55.59
15:29:37.871,15:29:37.871,168917.531,0x82,0x00,True,2.16,-4.36,3.87,0,55.53
15:30:07.901,15:30:07.901,168947.561,0x82,0x00,True,2.14,-4.35,3.9,0,55.57
15:30:37.935,15:30:37.935,168977.595,0x82,0x00,True,2.15,-4.31,3.92,0,55.59
15:31:07.961,15:31:07.961,169007.621,0x82,0x00,True,2.15,-4.4,3.99,0,55.77
15:31:37.991,15:31:37.991,169037.651,0x82,0x00,True,2.15,-4.38,4.03,0,55.99
15:32:08.021,15:32:08.021,169067.681,0x82,0x00,True,2.15,-4.35,4.05,0,55.93
15:32:38.056,15:32:38.056,169097.716,0x82,0x00,True,2.15,-4.3,4.05,0,55.91
15:33:08.095,15:33:08.095,169127.755,0x82,0x00,True,2.15,-4.33,4.03,0,55.75
15:33:38.106,15:33:38.106,169157.766,0x82,0x00,True,2.15,-4.31,3.98,0,55.69
15:34:08.150,15:34:08.150,169187.81,0x82,0x00,True,2.13,-4.3,3.92,0,55.6
15:34:38.182,15:34:38.182,169217.842,0x82,0x00,True,2.15,-4.35,3.9,0,55.61
15:35:08.196,15:35:08.196,169247.856,0x82,0x00,True,2.16,-4.32,3.88,0,55.53
15:35:38.235,15:35:38.235,169277.895,0x82,0x00,True,2.16,-4.31,3.87,0,55.28
15:36:08.266,15:36:08.266,169307.926,0x82,0x00,True,2.17,-4.33,3.84,0,55.35
15:36:38.286,15:36:38.286,169337.946,0x82,0x00,True,2.15,-4.35,3.83,0,55.09
15:37:08.335,15:37:08.335,169367.995,0x82,0x00,True,2.17,-4.32,3.76,0,54.98
15:37:38.352,15:37:38.352,169398.012,0x82,0x00,True,2.18,-4.37,3.76,0,54.96
15:38:08.371,15:38:08.371,169428.031,0x82,0x00,True,2.2,-4.31,3.72,0,54.78
15:38:38.415,15:38:38.415,169458.075,0x82,0x00,True,2.2,-4.32,3.72,0,54.58
15:39:08.427,15:39:08.427,169488.087,0x82,0x00,True,2.22,-4.38,3.73,0,54.64
15:39:38.462,15:39:38.462,169518.122,0x82,0x00,True,2.22,-4.25,3.72,0,54.55
15:40:08.495,15:40:08.495,169548.155,0x82,0x00,True,2.22,-4.27,3.74,0,54.19
15:40:38.511,15:40:38.511,169578.171,0x82,0x00,True,2.23,-4.31,3.65,0,53.89
15:41:08.528,15:41:08.528,169608.188,0x82,0x00,True,2.23,-4.3,3.62,0,53.73
15:41:38.575,15:41:38.575,169638.235,0x82,0x00,True,2.24,-4.38,3.58,0,53.52
15:42:08.586,15:42:08.586,169668.246,0x82,0x00,True,2.23,-4.31,3.54,0,53.41
15:42:38.596,15:42:38.596,169698.256,0x82,0x00,True,2.23,-4.3,3.39,0,53.04
15:43:08.636,15:43:08.636,169728.296,0x82,0x00,True,2.23,-4.27,3.33,0,52.69
15:43:38.655,15:43:38.655,169758.315,0x82,0x00,True,2.22,-4.21,3.19,0,52.12
15:44:08.666,15:44:08.666,169788.326,0x82,0x00,True,2.21,-4.26,3.17,0,52.04
15:44:38.681,15:44:38.681,169818.341,0x82,0x00,True,2.23,-4.29,3.1,0,51.73
15:45:08.711,15:45:08.711,169848.371,0x82,0x00,True,2.24,-4.26,3.02,0,51.5
15:45:38.735,15:45:38.735,169878.395,0x82,0x00,True,2.22,-4.25,2.92,0,51.13
15:46:08.751,15:46:08.751,169908.411,0x82,0x00,True,2.22,-4.33,2.81,0,50.83
15:46:38.756,15:46:38.756,169938.416,0x82,0x00,True,2.21,-4.32,2.69,0,50.57
15:47:08.785,15:47:08.785,169968.445,0x82,0x00,True,2.21,-4.37,2.59,0,50.36
15:47:38.796,15:47:38.796,169998.456,0x82,0x00,True,2.21,-4.21,2.53,0,50.09
15:48:08.815,15:48:08.815,170028.475,0x82,0x00,True,2.21,-4.33,2.41,0,49.87
15:48:38.826,15:48:38.826,170058.486,0x82,0x00,True,2.2,-4.36,2.32,0,49.62
15:49:08.826,15:49:08.826,170088.486,0x82,0x00,True,2.22,-4.34,2.33,0,49.39
15:49:38.841,15:49:38.841,170118.501,0x82,0x00,True,2.2,-4.34,2.25,0,49.07
15:50:08.861,15:50:08.861,170148.521,0x82,0x00,True,2.21,-4.3,2.14,0,48.69
15:50:38.871,15:50:38.871,170178.531,0x82,0x00,True,2.21,-4.37,2.1,0,48.58
15:51:08.896,15:51:08.896,170208.556,0x82,0x00,True,2.2,-4.37,2.06,0,48.35
15:51:38.895,15:51:38.895,170238.555,0x82,0x00,True,2.19,-4.32,1.97,0,48.06
15:52:08.905,15:52:08.905,170268.565,0x82,0x00,True,2.19,-4.32,1.94,0,47.75
15:52:38.906,15:52:38.906,170298.566,0x82,0x00,True,2.2,-4.29,1.85,0,47.54
15:53:08.929,15:53:08.929,170328.589,0x82,0x00,True,2.2,-4.31,1.79,0,47.38
15:53:38.921,15:53:38.921,170358.581,0x82,0x00,True,2.19,-4.36,1.76,0,47.2
15:54:08.936,15:54:08.936,170388.596,0x82,0x00,True,2.2,-4.33,1.77,0,47.1
15:54:38.940,15:54:38.940,170418.6,0x82,0x00,True,2.19,-4.39,1.74,0,47.01
15:55:08.945,15:55:08.945,170448.605,0x82,0x00,True,2.19,-4.38,1.75,0,46.89
15:55:38.940,15:55:38.940,170478.6,0x82,0x00,True,2.2,-4.37,1.68,0,46.72
15:56:08.956,15:56:08.956,170508.616,0x82,0x00,True,2.22,-4.33,1.65,0,46.43
15:56:38.976,15:56:38.976,170538.636,0x82,0x00,True,2.19,-4.41,1.56,0,46.36
15:57:08.975,15:57:08.975,170568.635,0x82,0x00,True,2.2,-4.37,1.54,0,46.19
15:57:38.975,15:57:38.975,170598.635,0x82,0x00,True,2.2,-4.36,1.48,0,45.9
15:58:08.975,15:58:08.975,170628.635,0x82,0x00,True,2.19,-4.39,1.39,0,45.74
15:58:38.976,15:58:38.976,170658.636,0x82,0x00,True,2.18,-4.39,1.4,0,45.51
15:59:08.975,15:59:08.975,170688.635,0x82,0x00,True,2.18,-4.4,1.32,0,45.35
15:59:38.976,15:59:38.976,170718.636,0x82,0x00,True,2.18,-4.41,1.28,0,45.23
16:00:08.983,16:00:08.983,170748.643,0x82,0x00,True,2.2,-4.42,1.32,0,45.22
16:00:38.975,16:00:38.975,170778.635,0x82,0x00,True,2.17,-4.35,1.26,0,44.96
16:01:08.988,16:01:08.988,170808.648,0x82,0x00,True,2.17,-4.42,1.22,0,44.78
16:01:38.980,16:01:38.980,170838.64,0x82,0x00,True,2.19,-4.39,1.15,0,44.7
16:02:08.975,16:02:08.975,170868.635,0x82,0x00,True,2.18,-4.41,1.13,0,44.54
16:02:38.975,16:02:38.975,170898.635,0x82,0x00,True,2.18,-4.41,1.07,0,44.37
16:03:08.975,16:03:08.975,170928.635,0x82,0x00,True,2.18,-4.41,1.07,0,44.33
16:03:38.975,16:03:38.975,170958.635,0x82,0x00,True,2.18,-4.41,1.09,0,44.31
16:04:08.975,16:04:08.975,170988.635,0x82,0x00,True,2.17,-4.42,1.08,0,44.21
16:04:38.951,16:04:38.951,171018.611,0x82,0x00,True,2.18,-4.43,1.07,0,44.3
16:05:08.976,16:05:08.976,171048.636,0x82,0x00,True,2.18,-4.42,1.04,0,44.25
16:05:38.976,16:05:38.976,171078.636,0x82,0x00,True,2.18,-4.41,1.04,0,44.23
16:06:08.975,16:06:08.975,171108.635,0x82,0x00,True,2.18,-4.39,1.03,0,44.15
16:06:38.956,16:06:38.956,171138.616,0x82,0x00,True,2.19,-4.42,1.03,0,44.18
16:07:08.956,16:07:08.956,171168.616,0x82,0x00,True,2.17,-4.41,1.02,0,44.14
16:07:38.956,16:07:38.956,171198.616,0x82,0x00,True,2.17,-4.43,1.03,0,44.11
16:08:08.951,16:08:08.951,171228.611,0x82,0x00,True,2.19,-4.41,1.02,0,44.02
16:08:38.956,16:08:38.956,171258.616,0x82,0x00,True,2.18,-4.42,1.03,0,44.1
16:09:08.946,16:09:08.946,171288.606,0x82,0x00,True,2.18,-4.42,1.04,0,44.06
16:09:38.936,16:09:38.936,171318.596,0x82,0x00,True,2.17,-4.42,1.06,0,44.07
16:10:08.940,16:10:08.940,171348.6,0x82,0x00,True,2.18,-4.43,1.09,0,44.08
16:10:38.940,16:10:38.940,171378.6,0x82,0x00,True,2.18,-4.43,1.12,0,43.94
16:11:08.937,16:11:08.937,171408.597,0x82,0x00,True,2.17,-4.43,1.15,0,44.0
16:11:38.921,16:11:38.921,171438.581,0x82,0x00,True,2.17,-4.43,1.15,0,43.96
16:12:08.931,16:12:08.931,171468.591,0x82,0x00,True,2.17,-4.41,1.13,0,44.07
16:12:38.916,16:12:38.916,171498.576,0x82,0x00,True,2.17,-4.43,1.14,0,43.99
16:13:08.931,16:13:08.931,171528.591,0x82,0x00,True,2.18,-4.43,1.15,0,44.11
16:13:38.916,16:13:38.916,171558.576,0x82,0x00,True,2.17,-4.44,1.2,0,44.02
16:14:08.911,16:14:08.911,171588.571,0x82,0x00,True,2.18,-4.45,1.18,0,44.08
16:14:38.911,16:14:38.911,171618.571,0x82,0x00,True,2.18,-4.42,1.19,0,44.05
16:15:08.921,16:15:08.921,171648.581,0x82,0x00,True,2.18,-4.41,1.21,0,44.11
16:15:38.911,16:15:38.911,171678.571,0x82,0x00,True,2.19,-4.44,1.21,0,44.04
16:16:08.916,16:16:08.916,171708.576,0x82,0x00,True,2.18,-4.44,1.24,0,44.08
16:16:38.906,16:16:38.906,171738.566,0x82,0x00,True,2.19,-4.41,1.22,0,44.01
16:17:08.902,16:17:08.902,171768.562,0x82,0x00,True,2.18,-4.45,1.22,0,44.05
16:17:38.909,16:17:38.909,171798.569,0x82,0x00,True,2.18,-4.45,1.25,0,44.07
16:18:08.908,16:18:08.908,171828.568,0x82,0x00,True,2.18,-4.45,1.23,0,44.12
16:18:38.909,16:18:38.909,171858.569,0x82,0x00,True,2.18,-4.43,1.25,0,43.97
16:19:08.906,16:19:08.906,171888.566,0x82,0x00,True,2.18,-4.44,1.23,0,44.08
16:19:38.900,16:19:38.900,171918.56,0x82,0x00,True,2.17,-4.43,1.23,0,43.91
16:20:08.906,16:20:08.906,171948.566,0x82,0x00,True,2.18,-4.47,1.22,0,43.93
16:20:38.914,16:20:38.914,171978.574,0x82,0x00,True,2.17,-4.44,1.2,0,43.81
16:21:08.900,16:21:08.900,172008.56,0x82,0x00,True,2.18,-4.44,1.18,0,43.65
16:21:38.901,16:21:38.901,172038.561,0x82,0x00,True,2.17,-4.46,1.18,0,43.72
16:22:08.895,16:22:08.895,172068.555,0x82,0x00,True,2.19,-4.45,1.19,0,43.73
16:22:38.901,16:22:38.901,172098.561,0x82,0x00,True,2.18,-4.44,1.21,0,43.68
16:23:08.901,16:23:08.901,172128.561,0x82,0x00,True,2.19,-4.43,1.19,0,43.62
16:23:38.901,16:23:38.901,172158.561,0x82,0x00,True,2.19,-4.48,1.19,0,43.63
16:24:08.896,16:24:08.896,172188.556,0x82,0x00,True,2.19,-4.43,1.18,0,43.55
16:24:38.895,16:24:38.895,172218.555,0x82,0x00,True,2.18,-4.42,1.17,0,43.42
16:25:08.906,16:25:08.906,172248.566,0x82,0x00,True,2.17,-4.46,1.15,0,43.31
16:25:38.895,16:25:38.895,172278.555,0x82,0x00,True,2.17,-4.42,1.15,0,43.28
16:26:08.896,16:26:08.896,172308.556,0x82,0x00,True,2.17,-4.43,1.11,0,43.17
16:26:38.876,16:26:38.876,172338.536,0x82,0x00,True,2.18,-4.4,1.12,0,43.16
16:27:08.861,16:27:08.861,172368.521,0x82,0x00,True,2.19,-4.43,1.1,0,43.02
16:27:38.876,16:27:38.876,172398.536,0x82,0x00,True,2.18,-4.44,1.05,0,43.07
16:28:08.866,16:28:08.866,172428.526,0x82,0x00,True,2.16,-4.43,1.07,0,42.98
16:28:38.861,16:28:38.861,172458.521,0x82,0x00,True,2.17,-4.44,1.08,0,43.0
16:29:08.852,16:29:08.852,172488.512,0x82,0x00,True,2.18,-4.45,1.09,0,42.98
16:29:38.841,16:29:38.841,172518.501,0x82,0x00,True,2.17,-4.45,1.04,0,42.96
16:30:08.836,16:30:08.836,172548.496,0x82,0x00,True,2.17,-4.46,1.06,0,42.88
16:30:38.826,16:30:38.826,172578.486,0x82,0x00,True,2.16,-4.46,1.09,0,42.95
16:31:08.826,16:31:08.826,172608.486,0x82,0x00,True,2.16,-4.46,1.11,0,42.89
16:31:38.831,16:31:38.831,172638.491,0x82,0x00,True,2.17,-4.43,1.08,0,42.9
16:32:08.829,16:32:08.829,172668.489,0x82,0x00,True,2.17,-4.44,1.12,0,42.73
16:32:38.821,16:32:38.821,172698.481,0x82,0x00,True,2.16,-4.43,1.14,0,42.91
16:33:08.826,16:33:08.826,172728.486,0x82,0x00,True,2.16,-4.46,1.12,0,42.8
16:33:38.820,16:33:38.820,172758.48,0x82,0x00,True,2.17,-4.45,1.12,0,42.8
16:34:08.829,16:34:08.829,172788.489,0x82,0x00,True,2.18,-4.44,1.12,0,42.74
16:34:38.814,16:34:38.814,172818.474,0x82,0x00,True,2.17,-4.45,1.12,0,42.7
16:35:08.814,16:35:08.814,172848.474,0x82,0x00,True,2.16,-4.44,1.16,0,42.73
16:35:38.796,16:35:38.796,172878.456,0x82,0x00,True,2.17,-4.46,1.18,0,42.76
16:36:08.796,16:36:08.796,172908.456,0x82,0x00,True,2.16,-4.44,1.16,0,42.77
16:36:38.814,16:36:38.814,172938.474,0x82,0x00,True,2.17,-4.45,1.17,0,42.82
16:37:08.791,16:37:08.791,172968.451,0x82,0x00,True,2.17,-4.46,1.18,0,42.8
16:37:38.815,16:37:38.815,172998.475,0x82,0x00,True,2.18,-4.45,1.21,0,42.77
16:38:08.815,16:38:08.815,173028.475,0x82,0x00,True,2.17,-4.47,1.2,0,42.86
16:38:38.816,16:38:38.816,173058.476,0x82,0x00,True,2.17,-4.45,1.18,0,42.81
16:39:08.777,16:39:08.777,173088.437,0x82,0x00,True,2.16,-4.46,1.16,0,42.85
16:39:38.773,16:39:38.773,173118.433,0x82,0x00,True,2.17,-4.47,1.17,0,42.79
16:40:08.767,16:40:08.767,173148.427,0x82,0x00,True,2.16,-4.46,1.17,0,42.75
16:40:38.751,16:40:38.751,173178.411,0x82,0x00,True,2.17,-4.44,1.2,0,42.76
16:41:08.746,16:41:08.746,173208.406,0x82,0x00,True,2.17,-4.44,1.18,0,42.7
16:41:38.741,16:41:38.741,173238.401,0x82,0x00,True,2.17,-4.45,1.2,0,42.73
16:42:08.741,16:42:08.741,173268.401,0x82,0x00,True,2.18,-4.45,1.22,0,42.7
16:42:38.740,16:42:38.740,173298.4,0x82,0x00,True,2.17,-4.43,1.18,0,42.62
16:43:08.734,16:43:08.734,173328.394,0x82,0x00,True,2.17,-4.44,1.19,0,42.73
16:43:38.735,16:43:38.735,173358.395,0x82,0x00,True,2.18,-4.46,1.17,0,42.63
16:44:08.734,16:44:08.734,173388.394,0x82,0x00,True,2.16,-4.44,1.17,0,42.57
16:44:38.719,16:44:38.719,173418.379,0x82,0x00,True,2.18,-4.44,1.17,0,42.67
16:45:08.716,16:45:08.716,173448.376,0x82,0x00,True,2.16,-4.46,1.18,0,42.67
16:45:38.711,16:45:38.711,173478.371,0x82,0x00,True,2.17,-4.46,1.17,0,42.61
16:46:08.706,16:46:08.706,173508.366,0x82,0x00,True,2.15,-4.46,1.2,0,42.75
16:46:38.711,16:46:38.711,173538.371,0x82,0x00,True,2.17,-4.45,1.17,0,42.65
16:47:08.690,16:47:08.690,173568.35,0x82,0x00,True,2.17,-4.46,1.16,0,42.69
16:47:38.701,16:47:38.701,173598.361,0x82,0x00,True,2.17,-4.48,1.17,0,42.69
16:48:08.701,16:48:08.701,173628.361,0x82,0x00,True,2.18,-4.45,1.19,0,42.76
16:48:38.696,16:48:38.696,173658.356,0x82,0x00,True,2.17,-4.44,1.17,0,42.76
16:49:08.696,16:49:08.696,173688.356,0x82,0x00,True,2.17,-4.45,1.18,0,42.78
16:49:38.687,16:49:38.687,173718.347,0x82,0x00,True,2.16,-4.46,1.2,0,42.79
16:50:08.697,16:50:08.697,173748.357,0x82,0x00,True,2.17,-4.46,1.21,0,42.73
16:50:38.690,16:50:38.690,173778.35,0x82,0x00,True,2.17,-4.45,1.25,0,42.73
16:51:08.681,16:51:08.681,173808.341,0x82,0x00,True,2.17,-4.46,1.24,0,42.67
16:51:38.691,16:51:38.691,173838.351,0x82,0x00,True,2.16,-4.47,1.22,0,42.64
16:52:08.676,16:52:08.676,173868.336,0x82,0x00,True,2.17,-4.44,1.21,0,42.61
16:52:38.676,16:52:38.676,173898.336,0x82,0x00,True,2.16,-4.45,1.22,0,42.54
16:53:08.666,16:53:08.666,173928.326,0x82,0x00,True,2.16,-4.45,1.16,0,42.45
16:53:38.681,16:53:38.681,173958.341,0x82,0x00,True,2.17,-4.45,1.12,0,42.58
16:54:08.666,16:54:08.666,173988.326,0x82,0x00,True,2.16,-4.47,1.13,0,42.47
16:54:38.678,16:54:38.678,174018.338,0x82,0x00,True,2.17,-4.44,1.13,0,42.5
16:55:08.654,16:55:08.654,174048.314,0x82,0x00,True,2.17,-4.44,1.17,0,42.48
16:55:38.661,16:55:38.661,174078.321,0x82,0x00,True,2.16,-4.44,1.19,0,42.51
16:56:08.669,16:56:08.669,174108.329,0x82,0x00,True,2.16,-4.44,1.17,0,42.48
16:56:38.654,16:56:38.654,174138.314,0x82,0x00,True,2.16,-4.46,1.19,0,42.53
16:57:08.654,16:57:08.654,174168.314,0x82,0x00,True,2.15,-4.47,1.24,0,42.61
16:57:38.655,16:57:38.655,174198.315,0x82,0x00,True,2.17,-4.45,1.27,0,42.63
16:58:08.636,16:58:08.636,174228.296,0x82,0x00,True,2.15,-4.45,1.26,0,42.64
16:58:38.631,16:58:38.631,174258.291,0x82,0x00,True,2.16,-4.45,1.24,0,42.76
16:59:08.645,16:59:08.645,174288.305,0x82,0x00,True,2.17,-4.43,1.22,0,42.74
16:59:38.621,16:59:38.621,174318.281,0x82,0x00,True,2.17,-4.45,1.24,0,42.85
17:00:08.616,17:00:08.616,174348.276,0x82,0x00,True,2.15,-4.43,1.28,0,42.9
17:00:38.601,17:00:38.601,174378.261,0x82,0x00,True,2.16,-4.45,1.29,0,42.95
17:01:08.611,17:01:08.611,174408.271,0x82,0x00,True,2.17,-4.44,1.29,0,42.98
17:01:38.596,17:01:38.596,174438.256,0x82,0x00,True,2.16,-4.44,1.31,0,43.01
17:02:08.606,17:02:08.606,174468.266,0x82,0x00,True,2.15,-4.43,1.32,0,43.04
17:02:38.591,17:02:38.591,174498.251,0x82,0x00,True,2.15,-4.44,1.33,0,43.11
17:03:08.602,17:03:08.602,174528.262,0x82,0x00,True,2.15,-4.44,1.41,0,43.16
17:03:38.586,17:03:38.586,174558.246,0x82,0x00,True,2.16,-4.46,1.4,0,43.25
17:04:08.586,17:04:08.586,174588.246,0x82,0x00,True,2.16,-4.46,1.44,0,43.31
17:04:38.586,17:04:38.586,174618.246,0x82,0x00,True,2.17,-4.44,1.46,0,43.38
17:05:08.604,17:05:08.604,174648.264,0x82,0x00,True,2.18,-4.44,1.49,0,43.58
17:05:38.581,17:05:38.581,174678.241,0x82,0x00,True,2.18,-4.45,1.53,0,43.49
17:06:08.594,17:06:08.594,174708.254,0x82,0x00,True,2.17,-4.43,1.5,0,43.62
17:06:38.589,17:06:38.589,174738.249,0x82,0x00,True,2.17,-4.44,1.57,0,43.75
17:07:08.581,17:07:08.581,174768.241,0x82,0x00,True,2.16,-4.44,1.53,0,43.84
17:07:38.581,17:07:38.581,174798.241,0x82,0x00,True,2.16,-4.43,1.62,0,43.87
17:08:08.581,17:08:08.581,174828.241,0x82,0x00,True,2.16,-4.44,1.62,0,44.06
17:08:38.581,17:08:38.581,174858.241,0x82,0x00,True,2.15,-4.46,1.63,0,44.07
17:09:08.581,17:09:08.581,174888.241,0x82,0x00,True,2.16,-4.45,1.7,0,44.27
17:09:38.589,17:09:38.589,174918.249,0x82,0x00,True,2.16,-4.45,1.77,0,44.36
17:10:08.581,17:10:08.581,174948.241,0x82,0x00,True,2.17,-4.45,1.76,0,44.42
17:10:38.586,17:10:38.586,174978.246,0x82,0x00,True,2.17,-4.43,1.79,0,44.52
17:11:08.581,17:11:08.581,175008.241,0x82,0x00,True,2.16,-4.45,1.85,0,44.67
17:11:38.586,17:11:38.586,175038.246,0x82,0x00,True,2.17,-4.44,1.88,0,44.78
17:12:08.575,17:12:08.575,175068.235,0x82,0x00,True,2.17,-4.45,1.93,0,44.85
17:12:38.575,17:12:38.575,175098.235,0x82,0x00,True,2.18,-4.45,1.96,0,44.85
17:13:08.574,17:13:08.574,175128.234,0x82,0x00,True,2.17,-4.43,2.0,0,44.99
17:13:38.575,17:13:38.575,175158.235,0x82,0x00,True,2.17,-4.43,1.98,0,44.95
17:14:08.583,17:14:08.583,175188.243,0x82,0x00,True,2.17,-4.43,1.99,0,45.21
17:14:38.586,17:14:38.586,175218.246,0x82,0x00,True,2.17,-4.46,2.05,0,45.23
17:15:08.581,17:15:08.581,175248.241,0x82,0x00,True,2.18,-4.45,2.05,0,45.28
17:15:38.575,17:15:38.575,175278.235,0x82,0x00,True,2.16,-4.42,2.06,0,45.35
17:16:08.581,17:16:08.581,175308.241,0x82,0x00,True,2.17,-4.43,2.1,0,45.44
17:16:38.581,17:16:38.581,175338.241,0x82,0x00,True,2.16,-4.45,2.13,0,45.53
17:17:08.581,17:17:08.581,175368.241,0x82,0x00,True,2.17,-4.44,2.14,0,45.57
17:17:38.581,17:17:38.581,175398.241,0x82,0x00,True,2.17,-4.45,2.17,0,45.83
17:18:08.581,17:18:08.581,175428.241,0x82,0x00,True,2.15,-4.44,2.19,0,45.83
17:18:38.580,17:18:38.580,175458.24,0x82,0x00,True,2.17,-4.43,2.26,0,45.87
17:19:08.575,17:19:08.575,175488.235,0x82,0x00,True,2.17,-4.44,2.26,0,45.93
17:19:38.581,17:19:38.581,175518.241,0x82,0x00,True,2.18,-4.44,2.25,0,46.03
17:20:08.586,17:20:08.586,175548.246,0x82,0x00,True,2.16,-4.45,2.32,0,46.12
17:20:38.586,17:20:38.586,175578.246,0x82,0x00,True,2.16,-4.43,2.34,0,46.28
17:21:08.601,17:21:08.601,175608.261,0x82,0x00,True,2.17,-4.44,2.34,0,46.38
17:21:38.591,17:21:38.591,175638.251,0x82,0x00,True,2.16,-4.46,2.39,0,46.42
17:22:08.616,17:22:08.616,175668.276,0x82,0x00,True,2.15,-4.42,2.44,0,46.58
17:22:38.616,17:22:38.616,175698.276,0x82,0x00,True,2.16,-4.45,2.44,0,46.73
17:23:08.620,17:23:08.620,175728.28,0x82,0x00,True,2.15,-4.45,2.46,0,46.74
17:23:38.621,17:23:38.621,175758.281,0x82,0x00,True,2.16,-4.43,2.51,0,46.94
17:24:08.636,17:24:08.636,175788.296,0x82,0x00,True,2.16,-4.45,2.54,0,47.05
17:24:38.654,17:24:38.654,175818.314,0x82,0x00,True,2.17,-4.45,2.57,0,47.22
17:25:08.655,17:25:08.655,175848.315,0x82,0x00,True,2.16,-4.44,2.63,0,47.41
17:25:38.661,17:25:38.661,175878.321,0x82,0x00,True,2.15,-4.46,2.63,0,47.46
17:26:08.666,17:26:08.666,175908.326,0x82,0x00,True,2.16,-4.44,2.72,0,47.63
17:26:38.681,17:26:38.681,175938.341,0x82,0x00,True,2.17,-4.44,2.75,0,47.81
17:27:08.671,17:27:08.671,175968.331,0x82,0x00,True,2.16,-4.46,2.81,0,47.98
17:27:38.701,17:27:38.701,175998.361,0x82,0x00,True,2.17,-4.47,2.85,0,48.06
17:28:08.711,17:28:08.711,176028.371,0x82,0x00,True,2.17,-4.45,2.88,0,48.27
17:28:38.734,17:28:38.734,176058.394,0x82,0x00,True,2.16,-4.46,2.86,0,48.49
17:29:08.735,17:29:08.735,176088.395,0x82,0x00,True,2.17,-4.44,2.93,0,48.61
17:29:38.754,17:29:38.754,176118.414,0x82,0x00,True,2.18,-4.46,3.01,0,48.79
17:30:08.751,17:30:08.751,176148.411,0x82,0x00,True,2.19,-4.45,3.07,0,48.94
17:30:38.756,17:30:38.756,176178.416,0x82,0x00,True,2.17,-4.46,3.11,0,49.14
17:31:08.779,17:31:08.779,176208.439,0x82,0x00,True,2.18,-4.43,3.14,0,49.35
17:31:38.791,17:31:38.791,176238.451,0x82,0x00,True,2.18,-4.45,3.19,0,49.53
17:32:08.815,17:32:08.815,176268.475,0x82,0x00,True,2.16,-4.46,3.18,0,49.71
17:32:38.815,17:32:38.815,176298.475,0x82,0x00,True,2.18,-4.46,3.21,0,49.9
17:33:08.826,17:33:08.826,176328.486,0x82,0x00,True,2.18,-4.45,3.27,0,50.06
17:33:38.826,17:33:38.826,176358.486,0x82,0x00,True,2.18,-4.45,3.35,0,50.24
17:34:08.841,17:34:08.841,176388.501,0x82,0x00,True,2.18,-4.45,3.41,0,50.28
17:34:38.866,17:34:38.866,176418.526,0x82,0x00,True,2.19,-4.45,3.45,0,50.49
17:35:08.895,17:35:08.895,176448.555,0x82,0x00,True,2.2,-4.44,3.5,0,50.66
17:35:38.909,17:35:38.909,176478.569,0x82,0x00,True,2.19,-4.45,3.58,0,50.85
17:36:08.911,17:36:08.911,176508.571,0x82,0x00,True,2.2,-4.44,3.61,0,50.98
17:36:38.911,17:36:38.911,176538.571,0x82,0x00,True,2.18,-4.45,3.67,0,51.16
17:37:08.941,17:37:08.941,176568.601,0x82,0x00,True,2.19,-4.46,3.7,0,51.3
17:37:38.976,17:37:38.976,176598.636,0x82,0x00,True,2.2,-4.47,3.78,0,51.49
17:38:08.981,17:38:08.981,176628.641,0x82,0x00,True,2.18,-4.44,3.79,0,51.66
17:38:38.985,17:38:38.985,176658.645,0x82,0x00,True,2.21,-4.45,3.82,0,51.74
17:39:09.017,17:39:09.017,176688.677,0x82,0x00,True,2.2,-4.45,3.85,0,51.91
17:39:39.036,17:39:39.036,176718.696,0x82,0x00,True,2.2,-4.43,3.85,0,52.04
17:40:09.062,17:40:09.062,176748.722,0x82,0x00,True,2.21,-4.44,3.9,0,52.12
17:40:39.065,17:40:39.065,176778.725,0x82,0x00,True,2.21,-4.44,3.89,0,52.28
17:41:09.097,17:41:09.097,176808.757,0x82,0x00,True,2.21,-4.47,3.89,0,52.35
17:41:39.135,17:41:39.135,176838.795,0x82,0x00,True,2.21,-4.43,3.93,0,52.42
17:42:09.146,17:42:09.146,176868.806,0x82,0x00,True,2.22,-4.43,3.92,0,52.52
17:42:39.166,17:42:39.166,176898.826,0x82,0x00,True,2.21,-4.45,3.94,0,52.69
17:43:09.181,17:43:09.181,176928.841,0x82,0x00,True,2.22,-4.45,3.96,0,52.77
17:43:39.215,17:43:39.215,176958.875,0x82,0x00,True,2.21,-4.43,3.97,0,52.76
17:44:09.229,17:44:09.229,176988.889,0x82,0x00,True,2.22,-4.45,3.98,0,52.91
17:44:39.265,17:44:39.265,177018.925,0x82,0x00,True,2.22,-4.44,3.99,0,53.01
17:45:09.275,17:45:09.275,177048.935,0x82,0x00,True,2.22,-4.45,4.07,0,53.04
17:45:39.306,17:45:39.306,177078.966,0x82,0x00,True,2.22,-4.43,4.02,0,53.17
17:46:09.315,17:46:09.315,177108.975,0x82,0x00,True,2.22,-4.44,4.03,0,53.22
17:46:39.351,17:46:39.351,177139.011,0x82,0x00,True,2.22,-4.44,4.09,0,53.28
17:47:09.396,17:47:09.396,177169.056,0x82,0x00,True,2.23,-4.44,4.1,0,53.44
17:47:39.386,17:47:39.386,177199.046,0x82,0x00,True,2.22,-4.45,4.11,0,53.47
17:48:09.421,17:48:09.421,177229.081,0x82,0x00,True,2.22,-4.44,4.15,0,53.49
17:48:39.437,17:48:39.437,177259.097,0x82,0x00,True,2.22,-4.43,4.14,0,53.6
17:49:09.461,17:49:09.461,177289.121,0x82,0x00,True,2.22,-4.45,4.15,0,53.66
17:49:39.496,17:49:39.496,177319.156,0x82,0x00,True,2.24,-4.44,4.17,0,53.68
17:50:09.534,17:50:09.534,177349.194,0x82,0x00,True,2.23,-4.45,4.2,0,53.75
17:50:39.541,17:50:39.541,177379.201,0x82,0x00,True,2.22,-4.45,4.19,0,53.71
17:51:09.576,17:51:09.576,177409.236,0x82,0x00,True,2.24,-4.45,4.19,0,53.72
17:51:39.614,17:51:39.614,177439.274,0x82,0x00,True,2.23,-4.45,4.18,0,53.83
17:52:09.621,17:52:09.621,177469.281,0x82,0x00,True,2.23,-4.45,4.14,0,53.86
17:52:39.650,17:52:39.650,177499.31,0x82,0x00,True,2.23,-4.44,4.17,0,53.87
17:53:09.676,17:53:09.676,177529.336,0x82,0x00,True,2.23,-4.47,4.12,0,53.91
17:53:39.700,17:53:39.700,177559.36,0x82,0x00,True,2.23,-4.44,4.14,0,53.93
17:54:09.731,17:54:09.731,177589.391,0x82,0x00,True,2.23,-4.43,4.11,0,53.93
17:54:39.751,17:54:39.751,177619.411,0x82,0x00,True,2.23,-4.45,4.1,0,53.95
17:55:09.781,17:55:09.781,177649.441,0x82,0x00,True,2.24,-4.44,4.11,0,53.91
17:55:39.791,17:55:39.791,177679.451,0x82,0x00,True,2.23,-4.45,4.11,0,53.93
17:56:09.826,17:56:09.826,177709.486,0x82,0x00,True,2.25,-4.45,4.09,0,53.9
17:56:39.854,17:56:39.854,177739.514,0x82,0x00,True,2.24,-4.43,4.08,0,53.94
17:57:09.881,17:57:09.881,177769.541,0x82,0x00,True,2.23,-4.44,4.09,0,53.97
17:57:39.901,17:57:39.901,177799.561,0x82,0x00,True,2.24,-4.44,4.06,0,53.94
