时间戳,绝对时间,相对时间(s),功能码,参数,校验通过,Roll,Pitch,Yaw,MagDisturb,Temp
17:06:53.781,17:06:53.781,0.0,0x82,0x00,True,0.83,-3.27,-38.91,0,37.81
17:07:03.754,17:07:03.754,9.973,0x82,0x00,True,0.82,-3.28,-38.91,0,38.75
17:07:13.746,17:07:13.746,19.965,0x82,0x00,True,0.83,-3.29,-38.91,0,39.52
17:07:23.740,17:07:23.740,29.959,0x82,0x00,True,0.83,-3.23,-38.91,0,40.12
17:07:33.780,17:07:33.780,39.999,0x82,0x00,True,0.84,-3.23,-38.91,0,40.66
17:07:43.781,17:07:43.781,50.0,0x82,0x00,True,0.84,-3.25,-38.91,0,41.29
17:08:19.322,17:08:19.322,85.541,0x82,0x00,True,0.65,-2.29,-38.73,0,42.69
17:08:29.303,17:08:29.303,95.522,0x82,0x00,True,0.84,-3.19,-39.02,0,43.07
17:08:39.302,17:08:39.302,105.521,0x82,0x00,True,0.84,-3.17,-39.02,0,43.59
17:08:49.303,17:08:49.303,115.522,0x82,0x00,True,0.9,-3.23,-39.02,0,43.9
17:08:59.303,17:08:59.303,125.522,0x82,0x00,True,0.87,-3.14,-39.02,0,44.23
17:09:09.303,17:09:09.303,135.522,0x82,0x00,True,0.89,-3.16,-39.02,0,44.52
17:09:19.303,17:09:19.303,145.522,0x82,0x00,True,0.87,-3.1,-39.02,0,44.78
17:09:29.302,17:09:29.302,155.521,0x82,0x00,True,0.87,-3.15,-39.02,0,45.08
17:09:39.303,17:09:39.303,165.522,0x82,0x00,True,0.86,-3.16,-39.02,0,45.27
17:09:49.327,17:09:49.327,175.546,0x82,0x00,True,0.88,-3.14,-39.02,0,45.5
17:09:59.302,17:09:59.302,185.521,0x82,0x00,True,0.89,-3.12,-39.02,0,45.66
17:10:09.302,17:10:09.302,195.521,0x82,0x00,True,0.89,-3.09,-39.02,0,45.84
17:10:19.302,17:10:19.302,205.521,0x82,0x00,True,0.91,-3.15,-39.02,0,46.0
17:10:29.312,17:10:29.312,215.531,0x82,0x00,True,0.88,-3.14,-39.02,0,46.25
17:10:39.296,17:10:39.296,225.515,0x82,0x00,True,0.87,-3.11,-39.02,0,46.42
17:10:49.312,17:10:49.312,235.531,0x82,0x00,True,0.88,-3.08,-39.02,0,46.48
17:10:59.313,17:10:59.313,245.532,0x82,0x00,True,0.87,-3.1,-39.02,0,46.61
17:11:09.313,17:11:09.313,255.532,0x82,0x00,True,0.87,-3.14,-39.02,0,46.89
17:11:19.313,17:11:19.313,265.532,0x82,0x00,True,0.86,-3.12,-39.02,0,46.92
17:11:29.313,17:11:29.313,275.532,0x82,0x00,True,0.91,-3.15,-39.02,0,47.01
17:11:39.313,17:11:39.313,285.532,0x82,0x00,True,0.86,-3.13,-39.02,0,47.19
17:11:49.313,17:11:49.313,295.532,0x82,0x00,True,0.89,-3.09,-39.02,0,47.29
17:11:59.313,17:11:59.313,305.532,0x82,0x00,True,0.89,-3.1,-39.02,0,47.37
17:12:09.322,17:12:09.322,315.541,0x82,0x00,True,0.88,-3.12,-39.02,0,47.47
17:12:19.322,17:12:19.322,325.541,0x82,0x00,True,0.91,-3.06,-39.02,0,47.64
17:12:29.322,17:12:29.322,335.541,0x82,0x00,True,0.91,-3.12,-39.02,0,47.72
17:12:39.322,17:12:39.322,345.541,0x82,0x00,True,0.91,-3.12,-39.02,0,47.69
17:12:49.342,17:12:49.342,355.561,0x82,0x00,True,0.89,-3.06,-39.02,0,47.75
17:12:59.332,17:12:59.332,365.551,0x82,0x00,True,0.9,-3.07,-39.02,0,47.96
17:13:09.332,17:13:09.332,375.551,0x82,0x00,True,0.93,-3.13,-39.02,0,47.95
17:13:19.342,17:13:19.342,385.561,0x82,0x00,True,0.88,-3.07,-39.02,0,47.97
17:13:29.342,17:13:29.342,395.561,0x82,0x00,True,0.86,-3.1,-39.02,0,48.02
17:13:39.342,17:13:39.342,405.561,0x82,0x00,True,0.89,-3.05,-39.02,0,48.11
17:13:49.352,17:13:49.352,415.571,0x82,0x00,True,0.89,-3.06,-39.02,0,48.06
17:13:59.353,17:13:59.353,425.572,0x82,0x00,True,0.9,-3.06,-39.02,0,48.12
17:14:09.353,17:14:09.353,435.572,0x82,0x00,True,0.91,-3.08,-39.02,0,48.16
17:14:19.363,17:14:19.363,445.582,0x82,0x00,True,0.89,-3.12,-39.02,0,48.24
17:14:29.363,17:14:29.363,455.582,0x82,0x00,True,0.88,-3.08,-39.02,0,48.27
17:14:39.378,17:14:39.378,465.597,0x82,0x00,True,0.86,-3.11,-39.02,0,48.3
17:14:49.377,17:14:49.377,475.596,0x82,0x00,True,0.89,-3.06,-39.02,0,48.35
17:14:59.403,17:14:59.403,485.622,0x82,0x00,True,0.9,-3.08,-39.02,0,48.39
17:15:09.382,17:15:09.382,495.601,0x82,0x00,True,0.88,-3.11,-39.02,0,48.36
17:15:19.393,17:15:19.393,505.612,0x82,0x00,True,0.91,-3.09,-39.02,0,48.36
17:15:29.393,17:15:29.393,515.612,0x82,0x00,True,0.88,-3.06,-39.02,0,48.42
17:15:39.392,17:15:39.392,525.611,0x82,0x00,True,0.93,-3.02,-39.02,0,48.49
17:15:49.422,17:15:49.422,535.641,0x82,0x00,True,0.95,-3.05,-39.02,0,48.42
17:15:59.403,17:15:59.403,545.622,0x82,0x00,True,0.9,-3.05,-39.02,0,48.46
17:16:09.403,17:16:09.403,555.622,0x82,0x00,True,0.91,-3.05,-39.02,0,48.5
17:16:19.412,17:16:19.412,565.631,0x82,0x00,True,0.92,-3.08,-39.02,0,48.51
17:16:29.412,17:16:29.412,575.631,0x82,0x00,True,0.87,-3.09,-39.02,0,48.46
17:16:39.412,17:16:39.412,585.631,0x82,0x00,True,0.91,-3.1,-39.02,0,48.56
17:16:49.443,17:16:49.443,595.662,0x82,0x00,True,0.92,-3.09,-39.02,0,48.5
17:16:59.457,17:16:59.457,605.676,0x82,0x00,True,0.88,-3.08,-39.02,0,48.52
17:17:09.457,17:17:09.457,615.676,0x82,0x00,True,0.89,-3.07,-39.02,0,48.5
17:17:19.433,17:17:19.433,625.652,0x82,0x00,True,0.92,-3.1,-39.02,0,48.49
17:17:29.432,17:17:29.432,635.651,0x82,0x00,True,0.91,-3.09,-39.02,0,48.53
17:17:39.443,17:17:39.443,645.662,0x82,0x00,True,0.89,-3.09,-39.02,0,48.46
17:17:49.443,17:17:49.443,655.662,0x82,0x00,True,0.89,-3.02,-39.02,0,48.49
17:17:59.443,17:17:59.443,665.662,0x82,0x00,True,0.95,-3.08,-39.02,0,48.51
17:18:09.467,17:18:09.467,675.686,0x82,0x00,True,0.85,-3.02,-39.02,0,48.55
17:18:19.457,17:18:19.457,685.676,0x82,0x00,True,0.9,-3.04,-39.02,0,48.56
17:18:29.458,17:18:29.458,695.677,0x82,0x00,True,0.9,-3.04,-39.02,0,48.54
17:18:39.473,17:18:39.473,705.692,0x82,0x00,True,0.93,-3.07,-39.02,0,48.59
17:18:49.473,17:18:49.473,715.692,0x82,0x00,True,0.89,-3.1,-39.02,0,48.54
17:18:59.472,17:18:59.472,725.691,0x82,0x00,True,0.91,-3.04,-39.02,0,48.55
17:19:09.473,17:19:09.473,735.692,0x82,0x00,True,0.88,-3.06,-39.02,0,48.5
17:19:19.473,17:19:19.473,745.692,0x82,0x00,True,0.9,-3.09,-39.02,0,48.56
17:19:29.483,17:19:29.483,755.702,0x82,0x00,True,0.87,-3.08,-39.01,0,48.46
17:19:39.483,17:19:39.483,765.702,0x82,0x00,True,0.88,-3.08,-39.01,0,48.51
17:19:49.483,17:19:49.483,775.702,0x82,0x00,True,0.88,-3.03,-39.01,0,48.5
17:19:59.483,17:19:59.483,785.702,0x82,0x00,True,0.9,-3.07,-39.01,0,48.47
17:20:09.492,17:20:09.492,795.711,0x82,0x00,True,0.88,-3.04,-39.01,0,48.47
17:20:19.492,17:20:19.492,805.711,0x82,0x00,True,0.88,-3.03,-39.01,0,48.48
17:20:29.503,17:20:29.503,815.722,0x82,0x00,True,0.92,-3.03,-39.01,0,48.45
17:20:39.502,17:20:39.502,825.721,0x82,0x00,True,0.87,-3.04,-39.01,0,48.38
17:20:49.502,17:20:49.502,835.721,0x82,0x00,True,0.9,-3.08,-39.01,0,48.3
17:20:59.512,17:20:59.512,845.731,0x82,0x00,True,0.9,-3.02,-39.01,0,48.34
17:21:09.513,17:21:09.513,855.732,0x82,0x00,True,0.88,-3.05,-39.01,0,48.33
17:21:19.523,17:21:19.523,865.742,0x82,0x00,True,0.88,-3.06,-39.01,0,48.29
17:21:29.522,17:21:29.522,875.741,0x82,0x00,True,0.89,-3.03,-39.01,0,48.34
17:21:39.522,17:21:39.522,885.741,0x82,0x00,True,0.9,-3.08,-39.01,0,48.27
17:21:49.537,17:21:49.537,895.756,0x82,0x00,True,0.92,-3.02,-39.01,0,48.25
17:21:59.537,17:21:59.537,905.756,0x82,0x00,True,0.87,-3.08,-39.01,0,48.33
17:22:09.537,17:22:09.537,915.756,0x82,0x00,True,0.92,-3.07,-39.01,0,48.21
17:22:19.542,17:22:19.542,925.761,0x82,0x00,True,0.88,-3.04,-39.01,0,48.18
17:22:29.563,17:22:29.563,935.782,0x82,0x00,True,0.91,-3.05,-39.01,0,48.24
17:22:39.553,17:22:39.553,945.772,0x82,0x00,True,0.88,-3.05,-39.01,0,48.16
17:22:49.553,17:22:49.553,955.772,0x82,0x00,True,0.91,-3.09,-39.01,0,48.16
17:22:59.552,17:22:59.552,965.771,0x82,0x00,True,0.86,-3.06,-39.01,0,48.09
17:23:09.552,17:23:09.552,975.771,0x82,0x00,True,0.89,-3.04,-39.01,0,48.02
17:23:19.563,17:23:19.563,985.782,0x82,0x00,True,0.88,-3.05,-39.01,0,48.06
17:23:29.587,17:23:29.587,995.806,0x82,0x00,True,0.91,-3.06,-39.01,0,48.06
17:23:39.562,17:23:39.562,1005.781,0x82,0x00,True,0.89,-3.07,-39.01,0,48.0
17:23:49.572,17:23:49.572,1015.791,0x82,0x00,True,0.89,-3.03,-39.01,0,47.98
17:23:59.572,17:23:59.572,1025.791,0x82,0x00,True,0.88,-3.09,-39.01,0,48.06
17:24:09.572,17:24:09.572,1035.791,0x82,0x00,True,0.91,-3.06,-39.01,0,47.95
17:24:19.572,17:24:19.572,1045.791,0x82,0x00,True,0.9,-3.07,-39.01,0,47.86
17:24:29.582,17:24:29.582,1055.801,0x82,0x00,True,0.89,-3.07,-39.01,0,47.91
17:24:39.582,17:24:39.582,1065.801,0x82,0x00,True,0.88,-3.04,-39.01,0,47.8
17:24:49.582,17:24:49.582,1075.801,0x82,0x00,True,0.9,-3.06,-39.01,0,47.74
17:24:59.582,17:24:59.582,1085.801,0x82,0x00,True,0.92,-3.08,-39.01,0,47.69
17:25:09.592,17:25:09.592,1095.811,0x82,0x00,True,0.89,-3.01,-39.01,0,47.67
17:25:19.592,17:25:19.592,1105.811,0x82,0x00,True,0.91,-3.08,-39.01,0,47.69
17:25:29.593,17:25:29.593,1115.812,0x82,0x00,True,0.89,-3.03,-39.01,0,47.64
17:25:39.592,17:25:39.592,1125.811,0x82,0x00,True,0.89,-3.08,-39.01,0,47.59
17:25:49.603,17:25:49.603,1135.822,0x82,0x00,True,0.9,-3.04,-39.01,0,47.5
17:25:59.603,17:25:59.603,1145.822,0x82,0x00,True,0.86,-3.1,-39.01,0,47.44
17:26:09.603,17:26:09.603,1155.822,0x82,0x00,True,0.85,-2.97,-39.01,0,47.49
17:26:19.617,17:26:19.617,1165.836,0x82,0x00,True,0.88,-3.02,-39.01,0,47.33
17:26:29.617,17:26:29.617,1175.836,0x82,0x00,True,0.85,-3.05,-39.01,0,47.42
17:26:39.617,17:26:39.617,1185.836,0x82,0x00,True,0.88,-3.04,-39.01,0,47.38
17:26:49.617,17:26:49.617,1195.836,0x82,0x00,True,0.86,-3.06,-39.01,0,47.27
17:26:59.617,17:26:59.617,1205.836,0x82,0x00,True,0.89,-3.03,-39.01,0,47.21
17:27:09.617,17:27:09.617,1215.836,0x82,0x00,True,0.88,-2.99,-39.01,0,47.22
17:27:19.622,17:27:19.622,1225.841,0x82,0x00,True,0.92,-2.99,-39.01,0,47.17
17:27:29.622,17:27:29.622,1235.841,0x82,0x00,True,0.88,-3.02,-39.01,0,47.13
17:27:39.632,17:27:39.632,1245.851,0x82,0x00,True,0.85,-3.05,-39.01,0,47.04
17:27:49.632,17:27:49.632,1255.851,0x82,0x00,True,0.86,-3.05,-39.01,0,46.98
17:27:59.643,17:27:59.643,1265.862,0x82,0x00,True,0.89,-3.05,-39.01,0,46.97
17:28:09.632,17:28:09.632,1275.851,0x82,0x00,True,0.85,-3.02,-39.01,0,46.92
17:28:19.632,17:28:19.632,1285.851,0x82,0x00,True,0.88,-3.06,-39.01,0,46.89
17:28:29.633,17:28:29.633,1295.852,0x82,0x00,True,0.87,-3.02,-39.01,0,46.95
17:28:39.633,17:28:39.633,1305.852,0x82,0x00,True,0.85,-3.02,-39.01,0,46.82
17:28:49.632,17:28:49.632,1315.851,0x82,0x00,True,0.9,-3.08,-39.01,0,46.87
17:28:59.642,17:28:59.642,1325.861,0x82,0x00,True,0.86,-3.06,-39.01,0,46.86
17:29:09.642,17:29:09.642,1335.861,0x82,0x00,True,0.92,-3.08,-39.01,0,46.79
17:29:19.643,17:29:19.643,1345.862,0x82,0x00,True,0.87,-3.08,-39.01,0,46.74
17:29:29.653,17:29:29.653,1355.872,0x82,0x00,True,0.87,-3.05,-39.01,0,46.64
17:29:39.642,17:29:39.642,1365.861,0x82,0x00,True,0.89,-3.04,-39.01,0,46.56
17:29:49.642,17:29:49.642,1375.861,0x82,0x00,True,0.9,-3.04,-39.01,0,46.61
17:29:59.653,17:29:59.653,1385.872,0x82,0x00,True,0.85,-3.02,-39.01,0,46.52
17:30:09.653,17:30:09.653,1395.872,0x82,0x00,True,0.86,-3.04,-39.01,0,46.61
17:30:19.643,17:30:19.643,1405.862,0x82,0x00,True,0.84,-3.0,-39.02,0,46.48
17:30:29.652,17:30:29.652,1415.871,0x82,0x00,True,0.88,-3.07,-39.02,0,46.44
17:30:39.668,17:30:39.668,1425.887,0x82,0x00,True,0.91,-3.08,-39.02,0,46.43
17:30:49.653,17:30:49.653,1435.872,0x82,0x00,True,0.88,-3.06,-39.02,0,46.41
17:30:59.662,17:30:59.662,1445.881,0x82,0x00,True,0.89,-3.01,-39.02,0,46.34
17:31:09.652,17:31:09.652,1455.871,0x82,0x00,True,0.86,-3.02,-39.02,0,46.34
17:31:19.662,17:31:19.662,1465.881,0x82,0x00,True,0.86,-3.03,-39.02,0,46.24
17:31:29.702,17:31:29.702,1475.921,0x82,0x00,True,0.88,-3.06,-39.02,0,46.24
17:31:39.662,17:31:39.662,1485.881,0x82,0x00,True,0.86,-3.04,-39.02,0,46.23
17:31:49.662,17:31:49.662,1495.881,0x82,0x00,True,0.88,-3.06,-39.02,0,46.27
17:31:59.662,17:31:59.662,1505.881,0x82,0x00,True,0.88,-3.03,-39.02,0,46.19
17:32:09.717,17:32:09.717,1515.936,0x82,0x00,True,0.87,-3.08,-39.02,0,46.11
17:32:19.683,17:32:19.683,1525.902,0x82,0x00,True,0.88,-3.07,-39.02,0,46.13
17:32:29.672,17:32:29.672,1535.891,0x82,0x00,True,0.86,-3.08,-39.02,0,46.09
17:32:39.662,17:32:39.662,1545.881,0x82,0x00,True,0.89,-3.11,-39.02,0,46.15
17:32:49.662,17:32:49.662,1555.881,0x82,0x00,True,0.84,-3.09,-39.02,0,46.0
17:32:59.681,17:32:59.681,1565.9,0x82,0x00,True,0.84,-3.09,-39.02,0,46.07
17:33:09.662,17:33:09.662,1575.881,0x82,0x00,True,0.87,-3.07,-39.02,0,46.03
17:33:19.662,17:33:19.662,1585.881,0x82,0x00,True,0.87,-3.03,-39.02,0,45.91
17:33:29.671,17:33:29.671,1595.89,0x82,0x00,True,0.84,-3.05,-39.02,0,45.96
17:33:39.662,17:33:39.662,1605.881,0x82,0x00,True,0.88,-3.07,-39.02,0,45.95
17:33:49.692,17:33:49.692,1615.911,0x82,0x00,True,0.87,-3.08,-39.02,0,45.93
17:33:59.662,17:33:59.662,1625.881,0x82,0x00,True,0.89,-3.06,-39.02,0,46.03
17:34:09.662,17:34:09.662,1635.881,0x82,0x00,True,0.88,-3.08,-39.02,0,45.95
17:34:19.672,17:34:19.672,1645.891,0x82,0x00,True,0.87,-3.04,-39.02,0,45.95
17:34:29.672,17:34:29.672,1655.891,0x82,0x00,True,0.91,-3.08,-39.02,0,45.9
17:34:39.672,17:34:39.672,1665.891,0x82,0x00,True,0.87,-3.05,-39.02,0,45.91
17:34:49.672,17:34:49.672,1675.891,0x82,0x00,True,0.91,-3.06,-39.02,0,45.92
17:34:59.697,17:34:59.697,1685.916,0x82,0x00,True,0.88,-3.03,-39.02,0,45.87
17:35:09.672,17:35:09.672,1695.891,0x82,0x00,True,0.87,-3.03,-39.02,0,45.93
17:35:19.672,17:35:19.672,1705.891,0x82,0x00,True,0.89,-3.04,-39.02,0,45.93
17:35:29.683,17:35:29.683,1715.902,0x82,0x00,True,0.86,-3.05,-39.02,0,45.89
17:35:39.672,17:35:39.672,1725.891,0x82,0x00,True,0.87,-3.01,-39.02,0,45.87
17:35:49.683,17:35:49.683,1735.902,0x82,0x00,True,0.85,-3.03,-39.02,0,45.89
17:35:59.682,17:35:59.682,1745.901,0x82,0x00,True,0.87,-3.09,-39.02,0,45.84
17:36:09.682,17:36:09.682,1755.901,0x82,0x00,True,0.86,-3.08,-39.02,0,45.84
17:36:19.682,17:36:19.682,1765.901,0x82,0x00,True,0.83,-3.07,-39.02,0,45.88
17:36:29.683,17:36:29.683,1775.902,0x82,0x00,True,0.84,-3.07,-39.02,0,45.89
17:36:39.682,17:36:39.682,1785.901,0x82,0x00,True,0.84,-3.06,-39.02,0,45.86
17:36:49.683,17:36:49.683,1795.902,0x82,0x00,True,0.89,-3.08,-39.02,0,45.9
17:36:59.697,17:36:59.697,1805.916,0x82,0x00,True,0.83,-3.07,-39.02,0,45.91
17:37:09.697,17:37:09.697,1815.916,0x82,0x00,True,0.86,-3.09,-39.02,0,45.87
17:37:19.697,17:37:19.697,1825.916,0x82,0x00,True,0.89,-3.1,-39.02,0,45.76
17:37:29.697,17:37:29.697,1835.916,0x82,0x00,True,0.87,-3.06,-39.02,0,45.89
17:37:39.696,17:37:39.696,1845.915,0x82,0x00,True,0.88,-3.09,-39.02,0,45.9
17:37:49.697,17:37:49.697,1855.916,0x82,0x00,True,0.91,-3.09,-39.02,0,45.87
17:37:59.697,17:37:59.697,1865.916,0x82,0x00,True,0.85,-3.06,-39.02,0,45.9
17:38:09.697,17:38:09.697,1875.916,0x82,0x00,True,0.88,-3.07,-39.02,0,45.96
17:38:19.697,17:38:19.697,1885.916,0x82,0x00,True,0.86,-3.13,-39.02,0,46.0
17:38:29.702,17:38:29.702,1895.921,0x82,0x00,True,0.9,-3.09,-39.02,0,45.95
17:38:39.702,17:38:39.702,1905.921,0x82,0x00,True,0.88,-3.11,-39.02,0,45.95
17:38:49.702,17:38:49.702,1915.921,0x82,0x00,True,0.89,-3.05,-39.02,0,46.0
17:38:59.712,17:38:59.712,1925.931,0x82,0x00,True,0.89,-3.06,-39.02,0,45.99
17:39:09.712,17:39:09.712,1935.931,0x82,0x00,True,0.9,-3.1,-39.02,0,46.01
17:39:19.722,17:39:19.722,1945.941,0x82,0x00,True,0.87,-3.08,-39.02,0,46.05
17:39:29.712,17:39:29.712,1955.931,0x82,0x00,True,0.89,-3.03,-39.02,0,46.09
17:39:39.712,17:39:39.712,1965.931,0x82,0x00,True,0.88,-3.08,-39.02,0,46.15
17:39:49.728,17:39:49.728,1975.947,0x82,0x00,True,0.87,-3.05,-39.02,0,46.05
17:39:59.712,17:39:59.712,1985.931,0x82,0x00,True,0.84,-3.12,-39.02,0,46.16
17:40:09.727,17:40:09.727,1995.946,0x82,0x00,True,0.87,-3.07,-39.02,0,46.19
17:40:19.713,17:40:19.713,2005.932,0x82,0x00,True,0.86,-3.08,-39.02,0,46.18
17:40:29.733,17:40:29.733,2015.952,0x82,0x00,True,0.91,-3.07,-39.02,0,46.23
17:40:39.717,17:40:39.717,2025.936,0x82,0x00,True,0.89,-3.04,-39.02,0,46.2
17:40:49.712,17:40:49.712,2035.931,0x82,0x00,True,0.86,-3.06,-39.02,0,46.21
17:40:59.712,17:40:59.712,2045.931,0x82,0x00,True,0.88,-3.08,-39.02,0,46.24
17:41:09.712,17:41:09.712,2055.931,0x82,0x00,True,0.88,-3.09,-39.02,0,46.22
17:41:19.702,17:41:19.702,2065.921,0x82,0x00,True,0.89,-3.12,-39.02,0,46.3
17:41:29.733,17:41:29.733,2075.952,0x82,0x00,True,0.9,-3.12,-39.02,0,46.29
17:41:39.722,17:41:39.722,2085.941,0x82,0x00,True,0.85,-3.1,-39.02,0,46.25
17:41:49.722,17:41:49.722,2095.941,0x82,0x00,True,0.87,-3.08,-39.02,0,46.33
17:41:59.722,17:41:59.722,2105.941,0x82,0x00,True,0.89,-3.06,-39.02,0,46.33
17:42:09.723,17:42:09.723,2115.942,0x82,0x00,True,0.85,-3.08,-39.02,0,46.36
17:42:19.722,17:42:19.722,2125.941,0x82,0x00,True,0.87,-3.1,-39.02,0,46.39
17:42:29.732,17:42:29.732,2135.951,0x82,0x00,True,0.89,-3.09,-39.02,0,46.43
17:42:39.733,17:42:39.733,2145.952,0x82,0x00,True,0.87,-3.08,-39.02,0,46.39
17:42:49.732,17:42:49.732,2155.951,0x82,0x00,True,0.85,-3.08,-39.02,0,46.46
17:42:59.732,17:42:59.732,2165.951,0x82,0x00,True,0.87,-3.08,-39.02,0,46.5
17:43:09.732,17:43:09.732,2175.951,0x82,0x00,True,0.87,-3.12,-39.02,0,46.5
17:43:19.732,17:43:19.732,2185.951,0x82,0x00,True,0.9,-3.06,-39.02,0,46.63
17:43:29.733,17:43:29.733,2195.952,0x82,0x00,True,0.84,-3.11,-39.02,0,46.62
17:43:39.733,17:43:39.733,2205.952,0x82,0x00,True,0.89,-3.08,-39.02,0,46.64
17:43:49.752,17:43:49.752,2215.971,0x82,0x00,True,0.87,-3.11,-39.02,0,46.62
17:43:59.732,17:43:59.732,2225.951,0x82,0x00,True,0.86,-3.09,-39.02,0,46.64
17:44:09.742,17:44:09.742,2235.961,0x82,0x00,True,0.87,-3.09,-39.02,0,46.8
17:44:19.742,17:44:19.742,2245.961,0x82,0x00,True,0.84,-3.12,-39.02,0,46.72
17:44:29.742,17:44:29.742,2255.961,0x82,0x00,True,0.85,-3.05,-39.02,0,46.76
17:44:39.742,17:44:39.742,2265.961,0x82,0x00,True,0.88,-3.11,-39.02,0,46.85
17:44:49.742,17:44:49.742,2275.961,0x82,0x00,True,0.86,-3.06,-39.02,0,46.81
17:44:59.742,17:44:59.742,2285.961,0x82,0x00,True,0.9,-3.09,-39.02,0,46.8
17:45:09.742,17:45:09.742,2295.961,0x82,0x00,True,0.89,-3.08,-39.02,0,46.91
17:45:19.752,17:45:19.752,2305.971,0x82,0x00,True,0.9,-3.08,-39.02,0,46.86
17:45:29.752,17:45:29.752,2315.971,0x82,0x00,True,0.88,-3.11,-39.02,0,46.99
17:45:39.752,17:45:39.752,2325.971,0x82,0x00,True,0.83,-3.07,-39.02,0,46.93
17:45:49.752,17:45:49.752,2335.971,0x82,0x00,True,0.85,-3.1,-39.02,0,46.98
17:45:59.752,17:45:59.752,2345.971,0x82,0x00,True,0.9,-3.02,-39.02,0,47.07
17:46:09.752,17:46:09.752,2355.971,0x82,0x00,True,0.87,-3.08,-39.02,0,47.03
17:46:19.752,17:46:19.752,2365.971,0x82,0x00,True,0.89,-3.09,-39.02,0,47.03
17:46:29.762,17:46:29.762,2375.981,0x82,0x00,True,0.92,-3.08,-39.02,0,47.05
17:46:39.762,17:46:39.762,2385.981,0x82,0x00,True,0.89,-3.07,-39.02,0,47.09
17:46:49.762,17:46:49.762,2395.981,0x82,0x00,True,0.88,-3.1,-39.02,0,47.14
17:46:59.762,17:46:59.762,2405.981,0x82,0x00,True,0.85,-3.07,-39.02,0,47.19
17:47:09.763,17:47:09.763,2415.982,0x82,0x00,True,0.86,-3.06,-39.02,0,47.16
17:47:19.762,17:47:19.762,2425.981,0x82,0x00,True,0.89,-3.08,-39.02,0,47.25
17:47:29.778,17:47:29.778,2435.997,0x82,0x00,True,0.84,-3.11,-39.02,0,47.31
17:47:39.778,17:47:39.778,2445.997,0x82,0x00,True,0.89,-3.1,-39.02,0,47.24
17:47:49.778,17:47:49.778,2455.997,0x82,0x00,True,0.87,-3.09,-39.02,0,47.32
17:47:59.778,17:47:59.778,2465.997,0x82,0x00,True,0.88,-3.06,-39.02,0,47.36
17:48:09.776,17:48:09.776,2475.995,0x82,0x00,True,0.87,-3.07,-39.02,0,47.39
17:48:19.778,17:48:19.778,2485.997,0x82,0x00,True,0.89,-3.06,-39.02,0,47.42
17:48:29.777,17:48:29.777,2495.996,0x82,0x00,True,0.89,-3.09,-39.02,0,47.41
17:48:39.782,17:48:39.782,2506.001,0x82,0x00,True,0.88,-3.12,-39.02,0,47.54
17:48:49.782,17:48:49.782,2516.001,0x82,0x00,True,0.87,-3.1,-39.02,0,47.51
17:48:59.782,17:48:59.782,2526.001,0x82,0x00,True,0.9,-3.08,-39.02,0,47.5
17:49:09.792,17:49:09.792,2536.011,0x82,0x00,True,0.9,-3.08,-39.02,0,47.56
17:49:19.792,17:49:19.792,2546.011,0x82,0x00,True,0.9,-3.04,-39.02,0,47.52
17:49:29.792,17:49:29.792,2556.011,0x82,0x00,True,0.89,-3.05,-39.02,0,47.64
17:49:39.796,17:49:39.796,2566.015,0x82,0x00,True,0.88,-3.05,-39.02,0,47.55
17:49:49.792,17:49:49.792,2576.011,0x82,0x00,True,0.91,-3.08,-39.02,0,47.62
17:49:59.792,17:49:59.792,2586.011,0x82,0x00,True,0.88,-3.09,-39.02,0,47.62
17:50:09.827,17:50:09.827,2596.046,0x82,0x00,True,0.87,-3.08,-39.02,0,47.7
17:50:19.792,17:50:19.792,2606.011,0x82,0x00,True,0.86,-3.07,-39.02,0,47.69
17:50:29.802,17:50:29.802,2616.021,0x82,0x00,True,0.88,-3.03,-39.02,0,47.64
17:50:39.802,17:50:39.802,2626.021,0x82,0x00,True,0.88,-3.09,-39.02,0,47.8
17:50:49.802,17:50:49.802,2636.021,0x82,0x00,True,0.88,-3.11,-39.02,0,47.65
17:50:59.802,17:50:59.802,2646.021,0x82,0x00,True,0.85,-3.06,-39.02,0,47.69
17:51:09.802,17:51:09.802,2656.021,0x82,0x00,True,0.86,-3.12,-39.02,0,47.73
17:51:19.812,17:51:19.812,2666.031,0x82,0x00,True,0.87,-3.14,-39.02,0,47.66
17:51:29.822,17:51:29.822,2676.041,0x82,0x00,True,0.87,-3.12,-39.02,0,47.75
17:51:39.813,17:51:39.813,2686.032,0x82,0x00,True,0.92,-3.12,-39.02,0,47.74
17:51:49.812,17:51:49.812,2696.031,0x82,0x00,True,0.91,-3.11,-39.02,0,47.75
17:51:59.822,17:51:59.822,2706.041,0x82,0x00,True,0.88,-3.08,-39.02,0,47.79
17:52:09.822,17:52:09.822,2716.041,0x82,0x00,True,0.89,-3.06,-39.03,0,47.7
17:52:19.822,17:52:19.822,2726.041,0x82,0x00,True,0.9,-3.11,-39.03,0,47.79
17:52:29.823,17:52:29.823,2736.042,0x82,0x00,True,0.93,-3.06,-39.03,0,47.72
17:52:39.832,17:52:39.832,2746.051,0x82,0x00,True,0.88,-3.02,-39.03,0,47.75
17:52:49.832,17:52:49.832,2756.051,0x82,0x00,True,0.88,-3.1,-39.03,0,47.8
17:52:59.832,17:52:59.832,2766.051,0x82,0x00,True,0.88,-3.1,-39.03,0,47.69
17:53:09.832,17:53:09.832,2776.051,0x82,0x00,True,0.87,-3.06,-39.03,0,47.77
17:53:19.832,17:53:19.832,2786.051,0x82,0x00,True,0.91,-3.11,-39.03,0,47.68
17:53:29.832,17:53:29.832,2796.051,0x82,0x00,True,0.89,-3.12,-39.03,0,47.59
17:53:39.842,17:53:39.842,2806.061,0x82,0x00,True,0.91,-3.08,-39.03,0,47.58
17:53:49.842,17:53:49.842,2816.061,0x82,0x00,True,0.9,-3.09,-39.03,0,47.61
17:53:59.842,17:53:59.842,2826.061,0x82,0x00,True,0.91,-3.08,-39.03,0,47.61
17:54:09.842,17:54:09.842,2836.061,0x82,0x00,True,0.85,-3.1,-39.03,0,47.62
17:54:19.843,17:54:19.843,2846.062,0x82,0x00,True,0.89,-3.05,-39.03,0,47.58
17:54:29.858,17:54:29.858,2856.077,0x82,0x00,True,0.85,-3.12,-39.03,0,47.56
17:54:39.858,17:54:39.858,2866.077,0x82,0x00,True,0.92,-3.05,-39.03,0,47.55
17:54:49.858,17:54:49.858,2876.077,0x82,0x00,True,0.87,-3.07,-39.03,0,47.5
17:54:59.858,17:54:59.858,2886.077,0x82,0x00,True,0.88,-3.12,-39.03,0,47.5
17:55:09.863,17:55:09.863,2896.082,0x82,0x00,True,0.91,-3.05,-39.03,0,47.51
17:55:19.863,17:55:19.863,2906.082,0x82,0x00,True,0.9,-3.07,-39.03,0,47.47
17:55:29.873,17:55:29.873,2916.092,0x82,0x00,True,0.89,-3.09,-39.03,0,47.47
17:55:39.872,17:55:39.872,2926.091,0x82,0x00,True,0.89,-3.05,-39.03,0,47.44
17:55:49.872,17:55:49.872,2936.091,0x82,0x00,True,0.87,-3.08,-39.03,0,47.47
17:55:59.872,17:55:59.872,2946.091,0x82,0x00,True,0.9,-3.11,-39.03,0,47.54
17:56:09.872,17:56:09.872,2956.091,0x82,0x00,True,0.87,-3.11,-39.03,0,47.49
17:56:19.873,17:56:19.873,2966.092,0x82,0x00,True,0.89,-3.04,-39.03,0,47.41
17:56:29.872,17:56:29.872,2976.091,0x82,0x00,True,0.89,-3.03,-39.03,0,47.44
17:56:39.882,17:56:39.882,2986.101,0x82,0x00,True,0.91,-3.08,-39.03,0,47.39
17:56:49.882,17:56:49.882,2996.101,0x82,0x00,True,0.92,-3.1,-39.03,0,47.44
17:56:59.882,17:56:59.882,3006.101,0x82,0x00,True,0.89,-3.03,-39.03,0,47.35
17:57:09.882,17:57:09.882,3016.101,0x82,0x00,True,0.88,-3.09,-39.03,0,47.44
17:57:19.892,17:57:19.892,3026.111,0x82,0x00,True,0.89,-3.06,-39.03,0,47.4
17:57:29.893,17:57:29.893,3036.112,0x82,0x00,True,0.86,-3.11,-39.03,0,47.44
17:57:39.892,17:57:39.892,3046.111,0x82,0x00,True,0.9,-3.05,-39.03,0,47.38
17:57:49.892,17:57:49.892,3056.111,0x82,0x00,True,0.89,-3.08,-39.03,0,47.34
17:57:59.892,17:57:59.892,3066.111,0x82,0x00,True,0.89,-3.09,-39.03,0,47.32
17:58:09.903,17:58:09.903,3076.122,0x82,0x00,True,0.89,-3.11,-39.03,0,47.35
17:58:19.903,17:58:19.903,3086.122,0x82,0x00,True,0.89,-3.12,-39.03,0,47.29
17:58:29.902,17:58:29.902,3096.121,0x82,0x00,True,0.85,-3.09,-39.03,0,47.32
17:58:39.903,17:58:39.903,3106.122,0x82,0x00,True,0.87,-3.12,-39.03,0,47.32
17:58:49.903,17:58:49.903,3116.122,0x82,0x00,True,0.89,-3.03,-39.03,0,47.23
17:58:59.912,17:58:59.912,3126.131,0x82,0x00,True,0.89,-3.08,-39.03,0,47.17
17:59:09.912,17:59:09.912,3136.131,0x82,0x00,True,0.88,-3.08,-39.03,0,47.32
17:59:19.912,17:59:19.912,3146.131,0x82,0x00,True,0.9,-3.09,-39.03,0,47.27
17:59:29.912,17:59:29.912,3156.131,0x82,0x00,True,0.91,-3.04,-39.03,0,47.18
17:59:39.912,17:59:39.912,3166.131,0x82,0x00,True,0.91,-3.13,-39.03,0,47.28
17:59:49.922,17:59:49.922,3176.141,0x82,0x00,True,0.88,-3.07,-39.03,0,47.29
17:59:59.922,17:59:59.922,3186.141,0x82,0x00,True,0.87,-3.07,-39.03,0,47.18
18:00:09.922,18:00:09.922,3196.141,0x82,0x00,True,0.86,-3.1,-39.03,0,47.16
18:00:19.922,18:00:19.922,3206.141,0x82,0x00,True,0.86,-3.06,-39.03,0,47.11
18:00:29.922,18:00:29.922,3216.141,0x82,0x00,True,0.92,-3.06,-39.03,0,47.16
18:00:39.938,18:00:39.938,3226.157,0x82,0x00,True,0.93,-3.06,-39.03,0,47.16
18:00:49.938,18:00:49.938,3236.157,0x82,0x00,True,0.91,-3.07,-39.03,0,47.15
18:00:59.938,18:00:59.938,3246.157,0x82,0x00,True,0.9,-3.04,-39.03,0,47.07
18:01:09.938,18:01:09.938,3256.157,0x82,0x00,True,0.85,-3.08,-39.03,0,47.08
18:01:19.938,18:01:19.938,3266.157,0x82,0x00,True,0.91,-3.11,-39.03,0,47.04
18:01:29.937,18:01:29.937,3276.156,0x82,0x00,True,0.92,-3.09,-39.03,0,47.1
18:01:39.938,18:01:39.938,3286.157,0x82,0x00,True,0.88,-3.09,-39.03,0,47.07
18:01:49.957,18:01:49.957,3296.176,0x82,0x00,True,0.9,-3.08,-39.03,0,47.03
18:01:59.943,18:01:59.943,3306.162,0x82,0x00,True,0.89,-3.1,-39.03,0,47.04
18:02:09.943,18:02:09.943,3316.162,0x82,0x00,True,0.88,-3.08,-39.03,0,47.04
18:02:19.952,18:02:19.952,3326.171,0x82,0x00,True,0.89,-3.06,-39.03,0,47.0
18:02:29.952,18:02:29.952,3336.171,0x82,0x00,True,0.88,-3.03,-39.03,0,46.99
18:02:39.952,18:02:39.952,3346.171,0x82,0x00,True,0.85,-3.1,-39.03,0,47.07
18:02:49.952,18:02:49.952,3356.171,0x82,0x00,True,0.9,-3.11,-39.03,0,47.03
18:02:59.952,18:02:59.952,3366.171,0x82,0x00,True,0.89,-3.07,-39.03,0,46.98
18:03:09.952,18:03:09.952,3376.171,0x82,0x00,True,0.86,-3.13,-39.01,0,46.99
18:03:19.952,18:03:19.952,3386.171,0x82,0x00,True,0.91,-3.09,-39.01,0,46.99
18:03:29.952,18:03:29.952,3396.171,0x82,0x00,True,0.89,-3.08,-39.01,0,46.95
18:03:39.952,18:03:39.952,3406.171,0x82,0x00,True,0.88,-3.09,-39.01,0,46.98
18:03:49.942,18:03:49.942,3416.161,0x82,0x00,True,0.88,-3.08,-39.01,0,46.98
18:03:59.962,18:03:59.962,3426.181,0x82,0x00,True,0.86,-3.09,-39.01,0,46.96
18:04:09.962,18:04:09.962,3436.181,0x82,0x00,True,0.87,-3.11,-39.01,0,46.99
18:04:19.962,18:04:19.962,3446.181,0x82,0x00,True,0.87,-3.03,-39.01,0,46.92
18:04:29.962,18:04:29.962,3456.181,0x82,0x00,True,0.87,-3.07,-39.01,0,46.92
18:04:39.963,18:04:39.963,3466.182,0x82,0x00,True,0.88,-3.07,-39.01,0,46.99
18:04:49.973,18:04:49.973,3476.192,0x82,0x00,True,0.87,-3.09,-39.01,0,46.92
18:04:59.973,18:04:59.973,3486.192,0x82,0x00,True,0.89,-3.05,-39.01,0,46.94
18:05:09.973,18:05:09.973,3496.192,0x82,0x00,True,0.9,-3.08,-39.01,0,46.88
18:05:19.973,18:05:19.973,3506.192,0x82,0x00,True,0.87,-3.08,-39.01,0,46.88
18:05:29.973,18:05:29.973,3516.192,0x82,0x00,True,0.88,-3.04,-39.01,0,46.89
18:05:39.983,18:05:39.983,3526.202,0x82,0x00,True,0.9,-3.1,-39.01,0,46.9
18:05:49.983,18:05:49.983,3536.202,0x82,0x00,True,0.87,-3.13,-39.01,0,46.89
18:05:59.983,18:05:59.983,3546.202,0x82,0x00,True,0.87,-3.08,-39.01,0,46.89
18:06:09.983,18:06:09.983,3556.202,0x82,0x00,True,0.87,-3.09,-39.01,0,46.82
18:06:19.983,18:06:19.983,3566.202,0x82,0x00,True,0.87,-3.1,-39.01,0,46.87
18:06:29.982,18:06:29.982,3576.201,0x82,0x00,True,0.88,-3.07,-39.01,0,46.85
18:06:39.982,18:06:39.982,3586.201,0x82,0x00,True,0.89,-3.06,-39.01,0,46.84
18:06:49.992,18:06:49.992,3596.211,0x82,0x00,True,0.85,-3.1,-39.01,0,46.73
18:06:59.992,18:06:59.992,3606.211,0x82,0x00,True,0.85,-3.14,-39.01,0,46.79
18:07:09.992,18:07:09.992,3616.211,0x82,0x00,True,0.9,-3.15,-39.01,0,46.79
18:07:19.992,18:07:19.992,3626.211,0x82,0x00,True,0.93,-3.12,-39.01,0,46.74
18:07:30.002,18:07:30.002,3636.221,0x82,0x00,True,0.92,-3.08,-39.01,0,46.71
18:07:40.002,18:07:40.002,3646.221,0x82,0x00,True,0.88,-3.05,-39.01,0,46.64
18:07:50.002,18:07:50.002,3656.221,0x82,0x00,True,0.88,-3.07,-39.01,0,46.45
18:08:00.002,18:08:00.002,3666.221,0x82,0x00,True,0.9,-3.12,-39.01,0,46.56
18:08:10.002,18:08:10.002,3676.221,0x82,0x00,True,0.87,-3.13,-39.01,0,46.44
18:08:19.992,18:08:19.992,3686.211,0x82,0x00,True,0.86,-3.14,-39.01,0,46.5
18:08:30.017,18:08:30.017,3696.236,0x82,0x00,True,0.85,-3.17,-39.01,0,46.52
18:08:40.018,18:08:40.018,3706.237,0x82,0x00,True,0.91,-3.05,-39.01,0,46.38
18:08:50.018,18:08:50.018,3716.237,0x82,0x00,True,0.87,-3.11,-39.01,0,46.42
18:09:00.018,18:09:00.018,3726.237,0x82,0x00,True,0.94,-3.08,-39.01,0,46.42
18:09:10.017,18:09:10.017,3736.236,0x82,0x00,True,0.9,-3.1,-39.01,0,46.36
18:09:20.018,18:09:20.018,3746.237,0x82,0x00,True,0.84,-3.12,-39.01,0,46.39
18:09:30.022,18:09:30.022,3756.241,0x82,0x00,True,0.88,-3.13,-39.01,0,46.33
18:09:40.023,18:09:40.023,3766.242,0x82,0x00,True,0.87,-3.09,-39.01,0,46.41
18:09:50.032,18:09:50.032,3776.251,0x82,0x00,True,0.87,-3.09,-39.01,0,46.38
18:10:00.032,18:10:00.032,3786.251,0x82,0x00,True,0.86,-3.1,-39.01,0,46.36
18:10:10.043,18:10:10.043,3796.262,0x82,0x00,True,0.85,-3.06,-39.01,0,46.3
18:10:20.032,18:10:20.032,3806.251,0x82,0x00,True,0.9,-3.08,-39.01,0,46.33
18:10:30.032,18:10:30.032,3816.251,0x82,0x00,True,0.84,-3.11,-39.01,0,46.27
18:10:40.032,18:10:40.032,3826.251,0x82,0x00,True,0.83,-3.09,-39.01,0,46.27
18:10:50.032,18:10:50.032,3836.251,0x82,0x00,True,0.87,-3.06,-39.01,0,46.27
18:11:00.032,18:11:00.032,3846.251,0x82,0x00,True,0.89,-3.08,-39.01,0,46.24
18:11:10.032,18:11:10.032,3856.251,0x82,0x00,True,0.83,-3.05,-39.01,0,46.3
18:11:20.032,18:11:20.032,3866.251,0x82,0x00,True,0.88,-3.04,-39.01,0,46.32
18:11:30.032,18:11:30.032,3876.251,0x82,0x00,True,0.89,-3.07,-39.01,0,46.3
18:11:40.032,18:11:40.032,3886.251,0x82,0x00,True,0.87,-3.11,-39.01,0,46.31
18:11:50.032,18:11:50.032,3896.251,0x82,0x00,True,0.87,-3.08,-39.01,0,46.18
18:12:00.193,18:12:00.193,3906.412,0x82,0x00,True,0.85,-3.1,-39.01,0,46.26
18:12:10.053,18:12:10.053,3916.272,0x82,0x00,True,0.86,-3.09,-39.01,0,46.21
18:12:20.032,18:12:20.032,3926.251,0x82,0x00,True,0.9,-3.1,-39.01,0,46.22
18:12:30.032,18:12:30.032,3936.251,0x82,0x00,True,0.83,-3.08,-39.01,0,46.18
18:12:40.032,18:12:40.032,3946.251,0x82,0x00,True,0.87,-3.08,-39.01,0,46.24
18:12:50.032,18:12:50.032,3956.251,0x82,0x00,True,0.9,-3.06,-39.01,0,46.12
18:13:00.048,18:13:00.048,3966.267,0x82,0x00,True,0.89,-3.14,-39.01,0,46.12
18:13:10.042,18:13:10.042,3976.261,0x82,0x00,True,0.85,-3.1,-39.01,0,46.18
18:13:20.042,18:13:20.042,3986.261,0x82,0x00,True,0.87,-3.09,-39.01,0,46.08
18:13:30.042,18:13:30.042,3996.261,0x82,0x00,True,0.87,-3.05,-39.01,0,46.06
18:13:40.042,18:13:40.042,4006.261,0x82,0x00,True,0.84,-3.07,-39.01,0,46.16
18:13:50.042,18:13:50.042,4016.261,0x82,0x00,True,0.85,-3.07,-39.01,0,46.09
18:14:00.047,18:14:00.047,4026.266,0x82,0x00,True,0.84,-3.09,-39.02,0,46.05
18:14:10.042,18:14:10.042,4036.261,0x82,0x00,True,0.85,-3.05,-39.02,0,46.16
18:14:20.042,18:14:20.042,4046.261,0x82,0x00,True,0.88,-3.09,-39.02,0,46.08
18:14:30.042,18:14:30.042,4056.261,0x82,0x00,True,0.91,-3.02,-39.02,0,46.17
18:14:40.032,18:14:40.032,4066.251,0x82,0x00,True,0.89,-3.07,-39.02,0,46.1
18:14:50.052,18:14:50.052,4076.271,0x82,0x00,True,0.84,-3.07,-39.02,0,46.15
18:15:00.052,18:15:00.052,4086.271,0x82,0x00,True,0.84,-3.08,-39.02,0,46.09
18:15:10.052,18:15:10.052,4096.271,0x82,0x00,True,0.85,-3.05,-39.02,0,46.07
18:15:20.052,18:15:20.052,4106.271,0x82,0x00,True,0.85,-3.09,-39.02,0,46.08
18:15:30.052,18:15:30.052,4116.271,0x82,0x00,True,0.85,-3.09,-39.02,0,46.12
18:15:40.053,18:15:40.053,4126.272,0x82,0x00,True,0.89,-3.06,-39.02,0,46.06
18:15:50.052,18:15:50.052,4136.271,0x82,0x00,True,0.9,-3.05,-39.02,0,45.98
18:16:00.053,18:16:00.053,4146.272,0x82,0x00,True,0.85,-3.07,-39.02,0,46.01
18:16:10.053,18:16:10.053,4156.272,0x82,0x00,True,0.85,-3.07,-39.02,0,46.01
18:16:20.052,18:16:20.052,4166.271,0x82,0x00,True,0.89,-3.08,-39.02,0,46.03
18:16:30.062,18:16:30.062,4176.281,0x82,0x00,True,0.86,-3.07,-39.02,0,45.97
18:16:40.063,18:16:40.063,4186.282,0x82,0x00,True,0.87,-3.11,-39.02,0,46.07
18:16:50.063,18:16:50.063,4196.282,0x82,0x00,True,0.84,-3.07,-39.02,0,45.99
18:17:00.063,18:17:00.063,4206.282,0x82,0x00,True,0.86,-3.07,-39.02,0,45.89
18:17:10.063,18:17:10.063,4216.282,0x82,0x00,True,0.9,-3.08,-39.02,0,45.93
18:17:20.063,18:17:20.063,4226.282,0x82,0x00,True,0.86,-3.04,-39.02,0,45.96
18:17:30.063,18:17:30.063,4236.282,0x82,0x00,True,0.85,-3.06,-39.02,0,45.94
18:17:40.063,18:17:40.063,4246.282,0x82,0x00,True,0.86,-3.07,-39.02,0,45.89
18:17:50.063,18:17:50.063,4256.282,0x82,0x00,True,0.85,-3.11,-39.02,0,45.89
18:18:00.063,18:18:00.063,4266.282,0x82,0x00,True,0.86,-3.08,-39.02,0,45.87
18:18:10.063,18:18:10.063,4276.282,0x82,0x00,True,0.81,-3.07,-39.02,0,45.93
18:18:20.063,18:18:20.063,4286.282,0x82,0x00,True,0.84,-3.09,-39.02,0,45.96
18:18:30.072,18:18:30.072,4296.291,0x82,0x00,True,0.88,-3.02,-39.02,0,45.91
18:18:40.063,18:18:40.063,4306.282,0x82,0x00,True,0.87,-3.07,-39.02,0,45.92
18:18:50.063,18:18:50.063,4316.282,0x82,0x00,True,0.82,-3.08,-39.02,0,45.87
18:19:00.063,18:19:00.063,4326.282,0x82,0x00,True,0.85,-3.07,-39.02,0,45.85
18:19:10.072,18:19:10.072,4336.291,0x82,0x00,True,0.81,-3.13,-39.02,0,45.87
18:19:20.072,18:19:20.072,4346.291,0x82,0x00,True,0.86,-3.05,-39.02,0,45.84
18:19:30.072,18:19:30.072,4356.291,0x82,0x00,True,0.88,-3.11,-39.02,0,45.87
18:19:40.072,18:19:40.072,4366.291,0x82,0x00,True,0.87,-3.11,-39.02,0,45.84
18:19:50.072,18:19:50.072,4376.291,0x82,0x00,True,0.88,-3.09,-39.02,0,45.84
18:20:00.072,18:20:00.072,4386.291,0x82,0x00,True,0.84,-3.1,-39.02,0,45.86
18:20:10.072,18:20:10.072,4396.291,0x82,0x00,True,0.87,-3.07,-39.02,0,45.81
18:20:20.072,18:20:20.072,4406.291,0x82,0x00,True,0.89,-3.02,-39.02,0,45.83
18:20:30.072,18:20:30.072,4416.291,0x82,0x00,True,0.84,-3.07,-39.02,0,45.77
18:20:40.072,18:20:40.072,4426.291,0x82,0x00,True,0.86,-3.08,-39.02,0,45.85
18:20:50.072,18:20:50.072,4436.291,0x82,0x00,True,0.84,-3.15,-39.02,0,45.84
18:21:00.072,18:21:00.072,4446.291,0x82,0x00,True,0.86,-3.07,-39.02,0,45.83
18:21:10.072,18:21:10.072,4456.291,0x82,0x00,True,0.88,-3.05,-39.02,0,45.71
18:21:20.072,18:21:20.072,4466.291,0x82,0x00,True,0.87,-3.07,-39.02,0,45.8
18:21:30.072,18:21:30.072,4476.291,0x82,0x00,True,0.86,-3.05,-39.02,0,45.82
18:21:40.072,18:21:40.072,4486.291,0x82,0x00,True,0.86,-3.1,-39.02,0,45.78
18:21:50.072,18:21:50.072,4496.291,0x82,0x00,True,0.85,-3.07,-39.02,0,45.71
18:22:00.072,18:22:00.072,4506.291,0x82,0x00,True,0.85,-3.08,-39.02,0,45.75
18:22:10.072,18:22:10.072,4516.291,0x82,0x00,True,0.84,-3.11,-39.02,0,45.75
18:22:20.072,18:22:20.072,4526.291,0x82,0x00,True,0.81,-3.1,-39.02,0,45.65
18:22:30.072,18:22:30.072,4536.291,0x82,0x00,True,0.86,-3.09,-39.02,0,45.71
18:22:40.072,18:22:40.072,4546.291,0x82,0x00,True,0.88,-3.06,-39.02,0,45.79
18:22:50.072,18:22:50.072,4556.291,0x82,0x00,True,0.87,-3.09,-39.02,0,45.72
18:23:00.082,18:23:00.082,4566.301,0x82,0x00,True,0.85,-3.02,-39.02,0,45.67
18:23:10.082,18:23:10.082,4576.301,0x82,0x00,True,0.9,-3.08,-39.02,0,45.65
18:23:20.082,18:23:20.082,4586.301,0x82,0x00,True,0.83,-3.06,-39.02,0,45.68
18:23:30.082,18:23:30.082,4596.301,0x82,0x00,True,0.88,-3.07,-39.02,0,45.53
18:23:40.083,18:23:40.083,4606.302,0x82,0x00,True,0.85,-3.05,-39.02,0,45.63
18:23:50.082,18:23:50.082,4616.301,0x82,0x00,True,0.86,-3.07,-39.02,0,45.61
18:24:00.082,18:24:00.082,4626.301,0x82,0x00,True,0.82,-3.07,-39.02,0,45.48
18:24:10.082,18:24:10.082,4636.301,0x82,0x00,True,0.87,-3.04,-39.02,0,45.53
18:24:20.082,18:24:20.082,4646.301,0x82,0x00,True,0.85,-3.08,-39.02,0,45.56
18:24:30.082,18:24:30.082,4656.301,0x82,0x00,True,0.86,-3.12,-39.02,0,45.56
18:24:40.082,18:24:40.082,4666.301,0x82,0x00,True,0.86,-3.07,-39.02,0,45.42
18:24:50.082,18:24:50.082,4676.301,0x82,0x00,True,0.89,-3.05,-39.02,0,45.44
18:25:00.098,18:25:00.098,4686.317,0x82,0x00,True,0.82,-3.04,-39.02,0,45.42
18:25:10.097,18:25:10.097,4696.316,0x82,0x00,True,0.86,-3.09,-39.02,0,45.42
18:25:20.097,18:25:20.097,4706.316,0x82,0x00,True,0.88,-3.09,-39.02,0,45.4
18:25:30.098,18:25:30.098,4716.317,0x82,0x00,True,0.9,-3.09,-39.02,0,45.32
18:25:40.097,18:25:40.097,4726.316,0x82,0x00,True,0.83,-3.04,-39.02,0,45.4
18:25:50.097,18:25:50.097,4736.316,0x82,0x00,True,0.86,-3.13,-39.02,0,45.3
18:26:00.098,18:26:00.098,4746.317,0x82,0x00,True,0.85,-3.07,-39.02,0,45.33
18:26:10.098,18:26:10.098,4756.317,0x82,0x00,True,0.83,-3.12,-39.02,0,45.37
18:26:20.097,18:26:20.097,4766.316,0x82,0x00,True,0.87,-3.08,-39.02,0,45.34
18:26:30.098,18:26:30.098,4776.317,0x82,0x00,True,0.82,-3.06,-39.02,0,45.31
18:26:40.098,18:26:40.098,4786.317,0x82,0x00,True,0.88,-3.08,-39.02,0,45.31
18:26:50.098,18:26:50.098,4796.317,0x82,0x00,True,0.86,-3.04,-39.02,0,45.3
18:27:00.097,18:27:00.097,4806.316,0x82,0x00,True,0.89,-3.07,-39.02,0,45.24
18:27:10.107,18:27:10.107,4816.326,0x82,0x00,True,0.83,-3.1,-39.02,0,45.27
18:27:20.097,18:27:20.097,4826.316,0x82,0x00,True,0.83,-3.09,-39.02,0,45.24
18:27:30.097,18:27:30.097,4836.316,0x82,0x00,True,0.86,-3.09,-39.02,0,45.23
18:27:40.097,18:27:40.097,4846.316,0x82,0x00,True,0.82,-3.13,-39.02,0,45.26
18:27:50.098,18:27:50.098,4856.317,0x82,0x00,True,0.85,-3.08,-39.02,0,45.19
18:28:00.098,18:28:00.098,4866.317,0x82,0x00,True,0.9,-3.08,-39.02,0,45.25
18:28:10.098,18:28:10.098,4876.317,0x82,0x00,True,0.84,-3.04,-39.02,0,45.22
18:28:20.097,18:28:20.097,4886.316,0x82,0x00,True,0.92,-3.07,-39.02,0,45.16
18:28:30.098,18:28:30.098,4896.317,0x82,0x00,True,0.87,-3.04,-39.02,0,45.21
18:28:40.097,18:28:40.097,4906.316,0x82,0x00,True,0.86,-3.04,-39.02,0,45.13
18:28:50.098,18:28:50.098,4916.317,0x82,0x00,True,0.86,-3.05,-39.02,0,45.25
18:29:00.098,18:29:00.098,4926.317,0x82,0x00,True,0.89,-3.11,-39.02,0,45.15
18:29:10.097,18:29:10.097,4936.316,0x82,0x00,True,0.83,-3.07,-39.02,0,45.18
18:29:20.097,18:29:20.097,4946.316,0x82,0x00,True,0.9,-3.06,-39.02,0,45.09
18:29:30.097,18:29:30.097,4956.316,0x82,0x00,True,0.85,-3.1,-39.02,0,45.17
18:29:40.097,18:29:40.097,4966.316,0x82,0x00,True,0.87,-3.08,-39.02,0,45.09
18:29:50.097,18:29:50.097,4976.316,0x82,0x00,True,0.84,-3.12,-39.02,0,45.1
18:30:00.097,18:30:00.097,4986.316,0x82,0x00,True,0.82,-3.14,-39.02,0,45.13
18:30:10.097,18:30:10.097,4996.316,0x82,0x00,True,0.87,-3.1,-39.02,0,45.01
18:30:20.097,18:30:20.097,5006.316,0x82,0x00,True,0.91,-3.09,-39.02,0,45.16
18:30:30.097,18:30:30.097,5016.316,0x82,0x00,True,0.89,-3.11,-39.02,0,45.04
18:30:40.097,18:30:40.097,5026.316,0x82,0x00,True,0.9,-3.1,-39.02,0,45.04
18:30:50.097,18:30:50.097,5036.316,0x82,0x00,True,0.89,-3.08,-39.02,0,44.95
18:31:00.097,18:31:00.097,5046.316,0x82,0x00,True,0.89,-3.12,-39.02,0,44.95
18:31:10.097,18:31:10.097,5056.316,0x82,0x00,True,0.86,-3.04,-39.02,0,44.95
18:31:20.098,18:31:20.098,5066.317,0x82,0x00,True,0.82,-3.06,-39.02,0,44.98
18:31:30.097,18:31:30.097,5076.316,0x82,0x00,True,0.83,-3.07,-39.02,0,44.89
18:31:40.098,18:31:40.098,5086.317,0x82,0x00,True,0.84,-3.09,-39.02,0,44.89
18:31:50.097,18:31:50.097,5096.316,0x82,0x00,True,0.87,-3.05,-39.02,0,44.92
18:32:00.098,18:32:00.098,5106.317,0x82,0x00,True,0.87,-3.05,-39.02,0,44.84
18:32:10.097,18:32:10.097,5116.316,0x82,0x00,True,0.84,-3.09,-39.02,0,44.82
18:32:20.097,18:32:20.097,5126.316,0x82,0x00,True,0.85,-3.06,-39.02,0,44.84
18:32:30.097,18:32:30.097,5136.316,0x82,0x00,True,0.84,-3.11,-39.02,0,44.74
18:32:40.098,18:32:40.098,5146.317,0x82,0x00,True,0.86,-3.09,-39.02,0,44.75
18:32:50.103,18:32:50.103,5156.322,0x82,0x00,True,0.86,-3.12,-39.02,0,44.73
18:33:00.103,18:33:00.103,5166.322,0x82,0x00,True,0.87,-3.07,-39.02,0,44.63
18:33:10.103,18:33:10.103,5176.322,0x82,0x00,True,0.87,-3.11,-39.02,0,44.64
18:33:20.102,18:33:20.102,5186.321,0x82,0x00,True,0.87,-3.06,-39.02,0,44.59
18:33:30.102,18:33:30.102,5196.321,0x82,0x00,True,0.85,-3.14,-39.02,0,44.59
18:33:40.102,18:33:40.102,5206.321,0x82,0x00,True,0.88,-3.11,-39.02,0,44.54
18:33:50.102,18:33:50.102,5216.321,0x82,0x00,True,0.86,-3.08,-39.02,0,44.46
18:34:00.102,18:34:00.102,5226.321,0x82,0x00,True,0.88,-3.11,-39.02,0,44.4
18:34:10.102,18:34:10.102,5236.321,0x82,0x00,True,0.87,-3.11,-39.02,0,44.4
18:34:20.102,18:34:20.102,5246.321,0x82,0x00,True,0.86,-3.02,-39.02,0,44.38
18:34:30.103,18:34:30.103,5256.322,0x82,0x00,True,0.83,-3.08,-39.02,0,44.3
18:34:40.103,18:34:40.103,5266.322,0x82,0x00,True,0.85,-3.06,-39.02,0,44.33
18:34:50.103,18:34:50.103,5276.322,0x82,0x00,True,0.87,-3.09,-39.02,0,44.25
18:35:00.103,18:35:00.103,5286.322,0x82,0x00,True,0.83,-3.1,-39.02,0,44.22
18:35:10.097,18:35:10.097,5296.316,0x82,0x00,True,0.86,-3.11,-39.02,0,44.15
18:35:20.097,18:35:20.097,5306.316,0x82,0x00,True,0.87,-3.03,-39.02,0,44.15
18:35:30.097,18:35:30.097,5316.316,0x82,0x00,True,0.85,-3.06,-39.02,0,44.04
18:35:40.097,18:35:40.097,5326.316,0x82,0x00,True,0.88,-3.05,-39.02,0,43.95
18:35:50.097,18:35:50.097,5336.316,0x82,0x00,True,0.83,-3.06,-39.01,0,43.87
18:36:00.098,18:36:00.098,5346.317,0x82,0x00,True,0.85,-3.11,-39.01,0,43.96
18:36:10.097,18:36:10.097,5356.316,0x82,0x00,True,0.88,-3.05,-39.01,0,43.96
18:36:20.097,18:36:20.097,5366.316,0x82,0x00,True,0.85,-3.12,-39.01,0,43.77
18:36:30.097,18:36:30.097,5376.316,0x82,0x00,True,0.85,-3.12,-39.01,0,43.8
18:36:40.097,18:36:40.097,5386.316,0x82,0x00,True,0.87,-3.09,-39.01,0,43.81
18:36:50.082,18:36:50.082,5396.301,0x82,0x00,True,0.86,-3.14,-39.01,0,43.65
18:37:00.082,18:37:00.082,5406.301,0x82,0x00,True,0.86,-3.13,-39.01,0,43.73
18:37:10.082,18:37:10.082,5416.301,0x82,0x00,True,0.84,-3.12,-39.01,0,43.64
18:37:20.071,18:37:20.071,5426.29,0x82,0x00,True,0.88,-3.09,-39.01,0,43.62
18:37:30.082,18:37:30.082,5436.301,0x82,0x00,True,0.82,-3.11,-39.01,0,43.59
18:37:40.082,18:37:40.082,5446.301,0x82,0x00,True,0.82,-3.08,-39.01,0,43.53
18:37:50.082,18:37:50.082,5456.301,0x82,0x00,True,0.81,-3.1,-39.01,0,43.51
18:38:00.082,18:38:00.082,5466.301,0x82,0x00,True,0.81,-3.12,-39.01,0,43.53
18:38:10.082,18:38:10.082,5476.301,0x82,0x00,True,0.84,-3.08,-39.01,0,43.44
18:38:20.072,18:38:20.072,5486.291,0x82,0x00,True,0.86,-3.1,-39.01,0,43.25
18:38:30.072,18:38:30.072,5496.291,0x82,0x00,True,0.82,-3.1,-39.01,0,43.33
18:38:40.072,18:38:40.072,5506.291,0x82,0x00,True,0.85,-3.12,-39.01,0,43.31
18:38:50.072,18:38:50.072,5516.291,0x82,0x00,True,0.83,-3.16,-39.01,0,43.26
18:39:00.072,18:39:00.072,5526.291,0x82,0x00,True,0.84,-3.07,-39.01,0,43.23
18:39:10.072,18:39:10.072,5536.291,0x82,0x00,True,0.84,-3.07,-39.01,0,43.14
18:39:20.072,18:39:20.072,5546.291,0x82,0x00,True,0.85,-3.09,-39.01,0,43.08
18:39:30.072,18:39:30.072,5556.291,0x82,0x00,True,0.85,-3.09,-39.01,0,43.08
18:39:40.072,18:39:40.072,5566.291,0x82,0x00,True,0.83,-3.08,-39.01,0,43.0
18:39:50.062,18:39:50.062,5576.281,0x82,0x00,True,0.85,-3.09,-39.01,0,43.07
18:40:00.062,18:40:00.062,5586.281,0x82,0x00,True,0.84,-3.07,-39.01,0,43.01
18:40:10.062,18:40:10.062,5596.281,0x82,0x00,True,0.81,-3.13,-39.01,0,42.89
18:40:20.063,18:40:20.063,5606.282,0x82,0x00,True,0.85,-3.09,-39.01,0,42.88
18:40:30.062,18:40:30.062,5616.281,0x82,0x00,True,0.85,-3.04,-39.01,0,42.76
18:40:40.063,18:40:40.063,5626.282,0x82,0x00,True,0.83,-3.12,-39.01,0,42.73
18:40:50.063,18:40:50.063,5636.282,0x82,0x00,True,0.85,-3.05,-39.01,0,42.66
18:41:00.063,18:41:00.063,5646.282,0x82,0x00,True,0.82,-3.03,-39.01,0,42.64
18:41:10.062,18:41:10.062,5656.281,0x82,0x00,True,0.86,-3.09,-39.01,0,42.72
18:41:20.053,18:41:20.053,5666.272,0x82,0x00,True,0.86,-3.1,-39.01,0,42.67
18:41:30.052,18:41:30.052,5676.271,0x82,0x00,True,0.83,-3.09,-39.01,0,42.6
18:41:40.052,18:41:40.052,5686.271,0x82,0x00,True,0.88,-3.04,-39.01,0,42.58
18:41:50.052,18:41:50.052,5696.271,0x82,0x00,True,0.81,-3.08,-39.01,0,42.54
18:42:00.053,18:42:00.053,5706.272,0x82,0x00,True,0.8,-3.01,-39.01,0,42.48
18:42:10.052,18:42:10.052,5716.271,0x82,0x00,True,0.84,-3.07,-39.01,0,42.58
18:42:20.052,18:42:20.052,5726.271,0x82,0x00,True,0.83,-3.0,-39.01,0,42.5
18:42:30.052,18:42:30.052,5736.271,0x82,0x00,True,0.86,-3.04,-39.01,0,42.52
18:42:40.032,18:42:40.032,5746.251,0x82,0x00,True,0.83,-3.07,-39.01,0,42.45
18:42:50.063,18:42:50.063,5756.282,0x82,0x00,True,0.82,-2.99,-39.01,0,42.42
18:43:00.042,18:43:00.042,5766.261,0x82,0x00,True,0.8,-3.04,-39.01,0,42.39
18:43:10.042,18:43:10.042,5776.261,0x82,0x00,True,0.84,-3.05,-39.01,0,42.27
18:43:20.032,18:43:20.032,5786.251,0x82,0x00,True,0.84,-3.06,-39.01,0,42.28
18:43:30.032,18:43:30.032,5796.251,0x82,0x00,True,0.82,-3.04,-39.01,0,42.21
18:43:40.032,18:43:40.032,5806.251,0x82,0x00,True,0.85,-3.02,-39.01,0,42.19
18:43:50.032,18:43:50.032,5816.251,0x82,0x00,True,0.8,-3.05,-39.01,0,42.23
18:44:00.031,18:44:00.031,5826.25,0x82,0x00,True,0.84,-3.07,-39.01,0,42.16
18:44:10.031,18:44:10.031,5836.25,0x82,0x00,True,0.81,-3.04,-39.01,0,42.12
18:44:20.032,18:44:20.032,5846.251,0x82,0x00,True,0.87,-3.07,-39.01,0,42.06
18:44:30.032,18:44:30.032,5856.251,0x82,0x00,True,0.79,-3.02,-39.01,0,42.1
18:44:40.023,18:44:40.023,5866.242,0x82,0x00,True,0.81,-3.09,-39.01,0,42.03
18:44:50.018,18:44:50.018,5876.237,0x82,0x00,True,0.85,-3.06,-39.01,0,42.05
18:45:00.017,18:45:00.017,5886.236,0x82,0x00,True,0.84,-3.08,-39.01,0,42.04
18:45:10.022,18:45:10.022,5896.241,0x82,0x00,True,0.86,-3.02,-39.01,0,41.94
18:45:20.024,18:45:20.024,5906.243,0x82,0x00,True,0.81,-3.05,-39.01,0,42.0
18:45:30.002,18:45:30.002,5916.221,0x82,0x00,True,0.77,-3.08,-39.01,0,42.0
18:45:40.002,18:45:40.002,5926.221,0x82,0x00,True,0.8,-3.04,-39.01,0,41.99
18:45:50.022,18:45:50.022,5936.241,0x82,0x00,True,0.87,-3.01,-39.01,0,41.92
18:46:00.002,18:46:00.002,5946.221,0x82,0x00,True,0.81,-3.0,-39.01,0,41.88
18:46:10.002,18:46:10.002,5956.221,0x82,0x00,True,0.83,-3.05,-39.01,0,41.87
18:46:19.992,18:46:19.992,5966.211,0x82,0x00,True,0.85,-3.09,-39.01,0,41.85
18:46:29.991,18:46:29.991,5976.21,0x82,0x00,True,0.88,-3.05,-39.01,0,41.86
18:46:40.022,18:46:40.022,5986.241,0x82,0x00,True,0.85,-2.98,-39.01,0,41.81
18:46:49.992,18:46:49.992,5996.211,0x82,0x00,True,0.85,-3.11,-39.02,0,41.81
18:46:59.983,18:46:59.983,6006.202,0x82,0x00,True,0.82,-3.05,-39.02,0,41.76
18:47:09.982,18:47:09.982,6016.201,0x82,0x00,True,0.82,-3.08,-39.02,0,41.84
18:47:19.983,18:47:19.983,6026.202,0x82,0x00,True,0.82,-3.03,-39.02,0,41.75
18:47:29.983,18:47:29.983,6036.202,0x82,0x00,True,0.82,-3.02,-39.02,0,41.77
18:47:39.971,18:47:39.971,6046.19,0x82,0x00,True,0.81,-3.03,-39.02,0,41.77
18:47:49.973,18:47:49.973,6056.192,0x82,0x00,True,0.81,-3.02,-39.02,0,41.71
18:47:59.973,18:47:59.973,6066.192,0x82,0x00,True,0.85,-3.04,-39.02,0,41.81
18:48:09.973,18:48:09.973,6076.192,0x82,0x00,True,0.86,-3.06,-39.02,0,41.72
18:48:19.983,18:48:19.983,6086.202,0x82,0x00,True,0.81,-3.1,-39.02,0,41.73
18:48:29.962,18:48:29.962,6096.181,0x82,0x00,True,0.8,-3.02,-39.02,0,41.68
18:48:39.962,18:48:39.962,6106.181,0x82,0x00,True,0.78,-3.03,-39.02,0,41.61
18:48:49.962,18:48:49.962,6116.181,0x82,0x00,True,0.85,-2.98,-39.02,0,41.63
18:48:59.962,18:48:59.962,6126.181,0x82,0x00,True,0.86,-3.04,-39.02,0,41.53
18:49:09.962,18:49:09.962,6136.181,0x82,0x00,True,0.86,-3.06,-39.02,0,41.53
18:49:19.962,18:49:19.962,6146.181,0x82,0x00,True,0.87,-3.06,-39.02,0,41.48
18:49:29.952,18:49:29.952,6156.171,0x82,0x00,True,0.82,-3.02,-39.02,0,41.49
18:49:39.952,18:49:39.952,6166.171,0x82,0x00,True,0.8,-3.09,-39.02,0,41.47
18:49:49.952,18:49:49.952,6176.171,0x82,0x00,True,0.85,-3.03,-39.02,0,41.36
18:49:59.952,18:49:59.952,6186.171,0x82,0x00,True,0.83,-3.0,-39.02,0,41.34
18:50:09.962,18:50:09.962,6196.181,0x82,0x00,True,0.84,-3.06,-39.02,0,41.39
18:50:19.952,18:50:19.952,6206.171,0x82,0x00,True,0.84,-3.03,-39.02,0,41.31
18:50:29.952,18:50:29.952,6216.171,0x82,0x00,True,0.81,-3.02,-39.02,0,41.32
18:50:39.942,18:50:39.942,6226.161,0x82,0x00,True,0.81,-3.07,-39.02,0,41.28
18:50:49.943,18:50:49.943,6236.162,0x82,0x00,True,0.81,-3.02,-39.02,0,41.3
18:50:59.938,18:50:59.938,6246.157,0x82,0x00,True,0.85,-3.02,-39.02,0,41.23
18:51:09.938,18:51:09.938,6256.157,0x82,0x00,True,0.81,-2.98,-39.02,0,41.21
18:51:19.938,18:51:19.938,6266.157,0x82,0x00,True,0.84,-3.02,-39.02,0,41.23
18:51:29.938,18:51:29.938,6276.157,0x82,0x00,True,0.8,-3.09,-39.02,0,41.22
18:51:39.938,18:51:39.938,6286.157,0x82,0x00,True,0.78,-3.05,-39.02,0,41.25
18:51:49.938,18:51:49.938,6296.157,0x82,0x00,True,0.88,-3.03,-39.02,0,41.22
18:51:59.952,18:51:59.952,6306.171,0x82,0x00,True,0.78,-3.02,-39.02,0,41.22
18:52:09.922,18:52:09.922,6316.141,0x82,0x00,True,0.8,-3.02,-39.02,0,41.14
18:52:19.923,18:52:19.923,6326.142,0x82,0x00,True,0.87,-3.0,-39.02,0,41.17
18:52:29.922,18:52:29.922,6336.141,0x82,0x00,True,0.77,-2.98,-39.02,0,41.13
18:52:39.912,18:52:39.912,6346.131,0x82,0x00,True,0.83,-3.12,-39.02,0,41.13
18:52:49.912,18:52:49.912,6356.131,0x82,0x00,True,0.86,-3.03,-39.02,0,41.1
18:52:59.912,18:52:59.912,6366.131,0x82,0x00,True,0.72,-3.06,-39.02,0,41.11
18:53:09.912,18:53:09.912,6376.131,0x82,0x00,True,0.8,-3.04,-39.02,0,41.04
18:53:19.902,18:53:19.902,6386.121,0x82,0x00,True,0.77,-2.99,-39.02,0,41.03
18:53:29.903,18:53:29.903,6396.122,0x82,0x00,True,0.84,-3.01,-39.02,0,40.99
18:53:39.903,18:53:39.903,6406.122,0x82,0x00,True,0.85,-3.07,-39.02,0,40.91
18:53:49.903,18:53:49.903,6416.122,0x82,0x00,True,0.82,-3.02,-39.02,0,40.94
18:53:59.892,18:53:59.892,6426.111,0x82,0x00,True,0.86,-3.06,-39.02,0,40.91
18:54:09.903,18:54:09.903,6436.122,0x82,0x00,True,0.8,-3.03,-39.02,0,40.94
18:54:19.893,18:54:19.893,6446.112,0x82,0x00,True,0.8,-3.01,-39.02,0,40.9
18:54:29.882,18:54:29.882,6456.101,0x82,0x00,True,0.84,-3.01,-39.02,0,40.94
18:54:39.882,18:54:39.882,6466.101,0x82,0x00,True,0.82,-3.06,-39.02,0,40.88
18:54:49.883,18:54:49.883,6476.102,0x82,0x00,True,0.82,-3.03,-39.02,0,40.92
18:54:59.883,18:54:59.883,6486.102,0x82,0x00,True,0.82,-3.04,-39.02,0,40.84
18:55:09.872,18:55:09.872,6496.091,0x82,0x00,True,0.79,-3.05,-39.02,0,40.9
18:55:19.872,18:55:19.872,6506.091,0x82,0x00,True,0.79,-3.01,-39.02,0,40.85
18:55:29.872,18:55:29.872,6516.091,0x82,0x00,True,0.8,-3.06,-39.02,0,40.89
18:55:39.872,18:55:39.872,6526.091,0x82,0x00,True,0.85,-3.06,-39.02,0,40.85
18:55:49.872,18:55:49.872,6536.091,0x82,0x00,True,0.78,-3.02,-39.02,0,40.85
18:55:59.863,18:55:59.863,6546.082,0x82,0x00,True,0.83,-3.0,-39.02,0,40.85
18:56:09.858,18:56:09.858,6556.077,0x82,0x00,True,0.84,-2.96,-39.02,0,40.76
18:56:19.858,18:56:19.858,6566.077,0x82,0x00,True,0.77,-3.07,-39.02,0,40.79
18:56:29.858,18:56:29.858,6576.077,0x82,0x00,True,0.85,-3.07,-39.02,0,40.82
18:56:39.857,18:56:39.857,6586.076,0x82,0x00,True,0.85,-3.08,-39.02,0,40.81
18:56:49.843,18:56:49.843,6596.062,0x82,0x00,True,0.82,-3.03,-39.02,0,40.82
18:56:59.842,18:56:59.842,6606.061,0x82,0x00,True,0.75,-3.04,-39.02,0,40.75
18:57:09.872,18:57:09.872,6616.091,0x82,0x00,True,0.79,-3.04,-39.02,0,40.82
18:57:19.842,18:57:19.842,6626.061,0x82,0x00,True,0.84,-3.0,-39.02,0,40.76
18:57:29.832,18:57:29.832,6636.051,0x82,0x00,True,0.82,-2.96,-39.02,0,40.66
18:57:39.842,18:57:39.842,6646.061,0x82,0x00,True,0.8,-3.08,-39.01,0,40.63
18:57:49.813,18:57:49.813,6656.032,0x82,0x00,True,0.83,-3.03,-39.01,0,40.64
18:57:59.867,18:57:59.867,6666.086,0x82,0x00,True,0.81,-3.07,-39.01,0,40.7
18:58:09.832,18:58:09.832,6676.051,0x82,0x00,True,0.79,-3.04,-39.01,0,40.59
18:58:19.822,18:58:19.822,6686.041,0x82,0x00,True,0.79,-3.07,-39.01,0,40.64
18:58:29.822,18:58:29.822,6696.041,0x82,0x00,True,0.83,-3.01,-39.01,0,40.62
18:58:39.822,18:58:39.822,6706.041,0x82,0x00,True,0.84,-3.02,-39.01,0,40.59
18:58:49.812,18:58:49.812,6716.031,0x82,0x00,True,0.76,-3.09,-39.01,0,40.6
18:58:59.813,18:58:59.813,6726.032,0x82,0x00,True,0.83,-3.04,-39.01,0,40.6
18:59:09.813,18:59:09.813,6736.032,0x82,0x00,True,0.82,-3.06,-39.01,0,40.56
18:59:19.802,18:59:19.802,6746.021,0x82,0x00,True,0.83,-3.01,-39.01,0,40.56
18:59:29.802,18:59:29.802,6756.021,0x82,0x00,True,0.81,-3.07,-39.01,0,40.52
18:59:39.803,18:59:39.803,6766.022,0x82,0x00,True,0.86,-3.01,-39.01,0,40.57
18:59:49.782,18:59:49.782,6776.001,0x82,0x00,True,0.83,-3.06,-39.01,0,40.53
18:59:59.782,18:59:59.782,6786.001,0x82,0x00,True,0.79,-3.02,-39.01,0,40.56
19:00:09.792,19:00:09.792,6796.011,0x82,0x00,True,0.83,-3.0,-39.01,0,40.52
19:00:19.792,19:00:19.792,6806.011,0x82,0x00,True,0.84,-3.01,-39.01,0,40.5
19:00:29.792,19:00:29.792,6816.011,0x82,0x00,True,0.82,-3.03,-39.01,0,40.45
19:00:39.792,19:00:39.792,6826.011,0x82,0x00,True,0.85,-3.05,-39.01,0,40.48
19:00:49.792,19:00:49.792,6836.011,0x82,0x00,True,0.77,-3.07,-39.01,0,40.47
19:00:59.792,19:00:59.792,6846.011,0x82,0x00,True,0.8,-3.06,-39.01,0,40.48
19:01:09.782,19:01:09.782,6856.001,0x82,0x00,True,0.82,-3.04,-39.01,0,40.41
19:01:19.792,19:01:19.792,6866.011,0x82,0x00,True,0.82,-3.1,-39.01,0,40.39
19:01:29.778,19:01:29.778,6875.997,0x82,0x00,True,0.83,-2.98,-39.01,0,40.46
19:01:39.778,19:01:39.778,6885.997,0x82,0x00,True,0.82,-3.03,-39.01,0,40.39
19:01:49.778,19:01:49.778,6895.997,0x82,0x00,True,0.77,-3.06,-39.01,0,40.42
19:01:59.778,19:01:59.778,6905.997,0x82,0x00,True,0.8,-3.0,-39.01,0,40.39
19:02:09.762,19:02:09.762,6915.981,0x82,0x00,True,0.84,-3.04,-39.01,0,40.42
19:02:19.763,19:02:19.763,6925.982,0x82,0x00,True,0.8,-2.99,-39.01,0,40.42
19:02:29.763,19:02:29.763,6935.982,0x82,0x00,True,0.77,-3.0,-39.01,0,40.36
19:02:39.763,19:02:39.763,6945.982,0x82,0x00,True,0.78,-3.01,-39.01,0,40.37
19:02:49.752,19:02:49.752,6955.971,0x82,0x00,True,0.83,-3.03,-39.01,0,40.33
19:02:59.752,19:02:59.752,6965.971,0x82,0x00,True,0.85,-3.05,-39.01,0,40.27
19:03:09.752,19:03:09.752,6975.971,0x82,0x00,True,0.8,-3.04,-39.01,0,40.33
19:03:19.858,19:03:19.858,6986.077,0x82,0x00,True,0.84,-3.02,-39.01,0,40.36
19:03:29.742,19:03:29.742,6995.961,0x82,0x00,True,0.8,-3.02,-39.01,0,40.32
19:03:39.742,19:03:39.742,7005.961,0x82,0x00,True,0.88,-2.96,-39.01,0,40.16
19:03:49.742,19:03:49.742,7015.961,0x82,0x00,True,0.84,-3.02,-39.01,0,40.22
19:03:59.742,19:03:59.742,7025.961,0x82,0x00,True,0.79,-3.0,-39.01,0,40.24
19:04:09.733,19:04:09.733,7035.952,0x82,0x00,True,0.73,-3.12,-39.01,0,40.2
19:04:19.733,19:04:19.733,7045.952,0x82,0x00,True,0.84,-3.08,-39.01,0,40.2
19:04:29.733,19:04:29.733,7055.952,0x82,0x00,True,0.81,-3.03,-39.01,0,40.27
19:04:39.733,19:04:39.733,7065.952,0x82,0x00,True,0.82,-3.02,-39.01,0,40.27
19:04:49.723,19:04:49.723,7075.942,0x82,0x00,True,0.82,-3.01,-39.01,0,40.26
19:04:59.723,19:04:59.723,7085.942,0x82,0x00,True,0.81,-3.01,-39.01,0,40.18
19:05:09.722,19:05:09.722,7095.941,0x82,0x00,True,0.85,-3.02,-39.01,0,40.2
19:05:19.712,19:05:19.712,7105.931,0x82,0x00,True,0.8,-3.01,-39.01,0,40.22
19:05:29.712,19:05:29.712,7115.931,0x82,0x00,True,0.86,-2.96,-39.01,0,40.27
19:05:39.712,19:05:39.712,7125.931,0x82,0x00,True,0.8,-3.06,-39.01,0,40.2
19:05:49.712,19:05:49.712,7135.931,0x82,0x00,True,0.85,-3.03,-39.01,0,40.23
19:05:59.712,19:05:59.712,7145.931,0x82,0x00,True,0.81,-3.04,-39.01,0,40.21
19:06:09.702,19:06:09.702,7155.921,0x82,0x00,True,0.87,-2.98,-39.01,0,40.15
19:06:19.702,19:06:19.702,7165.921,0x82,0x00,True,0.79,-3.08,-39.01,0,40.14
19:06:29.697,19:06:29.697,7175.916,0x82,0x00,True,0.78,-3.01,-39.01,0,40.12
19:06:39.697,19:06:39.697,7185.916,0x82,0x00,True,0.79,-3.09,-39.01,0,40.09
19:06:49.697,19:06:49.697,7195.916,0x82,0x00,True,0.86,-3.04,-39.01,0,40.11
19:06:59.682,19:06:59.682,7205.901,0x82,0x00,True,0.86,-3.04,-39.01,0,40.05
19:07:09.683,19:07:09.683,7215.902,0x82,0x00,True,0.79,-3.01,-39.01,0,40.14
19:07:19.683,19:07:19.683,7225.902,0x82,0x00,True,0.79,-3.06,-39.01,0,40.11
19:07:29.673,19:07:29.673,7235.892,0x82,0x00,True,0.82,-3.05,-39.01,0,40.0
19:07:39.672,19:07:39.672,7245.891,0x82,0x00,True,0.85,-3.01,-39.01,0,40.04
19:07:49.672,19:07:49.672,7255.891,0x82,0x00,True,0.84,-3.01,-39.01,0,40.02
19:07:59.662,19:07:59.662,7265.881,0x82,0x00,True,0.84,-3.01,-39.01,0,40.01
19:08:09.662,19:08:09.662,7275.881,0x82,0x00,True,0.78,-3.11,-39.01,0,40.11
19:08:19.662,19:08:19.662,7285.881,0x82,0x00,True,0.77,-3.03,-39.01,0,40.05
19:08:29.662,19:08:29.662,7295.881,0x82,0x00,True,0.84,-3.04,-39.01,0,40.11
19:08:39.653,19:08:39.653,7305.872,0x82,0x00,True,0.79,-3.0,-39.0,0,39.98
19:08:49.643,19:08:49.643,7315.862,0x82,0x00,True,0.84,-3.08,-39.0,0,40.02
19:08:59.643,19:08:59.643,7325.862,0x82,0x00,True,0.76,-3.03,-39.0,0,39.97
19:09:09.643,19:09:09.643,7335.862,0x82,0x00,True,0.87,-3.08,-39.0,0,39.95
19:09:19.632,19:09:19.632,7345.851,0x82,0x00,True,0.85,-3.0,-39.0,0,40.08
19:09:29.632,19:09:29.632,7355.851,0x82,0x00,True,0.8,-3.08,-39.0,0,39.99
19:09:39.633,19:09:39.633,7365.852,0x82,0x00,True,0.76,-3.04,-39.0,0,40.06
19:09:49.633,19:09:49.633,7375.852,0x82,0x00,True,0.87,-3.03,-39.0,0,39.99
19:09:59.643,19:09:59.643,7385.862,0x82,0x00,True,0.79,-3.06,-39.0,0,39.97
19:10:09.617,19:10:09.617,7395.836,0x82,0x00,True,0.83,-3.06,-39.0,0,39.99
19:10:19.617,19:10:19.617,7405.836,0x82,0x00,True,0.79,-3.02,-39.0,0,39.99
19:10:29.617,19:10:29.617,7415.836,0x82,0x00,True,0.81,-3.0,-39.0,0,39.96
19:10:39.617,19:10:39.617,7425.836,0x82,0x00,True,0.82,-3.06,-39.0,0,39.88
19:10:49.602,19:10:49.602,7435.821,0x82,0x00,True,0.78,-3.01,-39.0,0,39.96
19:10:59.603,19:10:59.603,7445.822,0x82,0x00,True,0.84,-3.0,-39.0,0,39.87
19:11:09.603,19:11:09.603,7455.822,0x82,0x00,True,0.81,-3.01,-39.0,0,39.93
19:11:19.592,19:11:19.592,7465.811,0x82,0x00,True,0.78,-3.07,-39.0,0,39.9
19:11:29.592,19:11:29.592,7475.811,0x82,0x00,True,0.78,-3.05,-39.0,0,39.93
19:11:39.592,19:11:39.592,7485.811,0x82,0x00,True,0.83,-3.02,-39.0,0,39.84
19:11:49.582,19:11:49.582,7495.801,0x82,0x00,True,0.85,-3.06,-39.0,0,39.87
19:11:59.582,19:11:59.582,7505.801,0x82,0x00,True,0.79,-3.03,-39.0,0,39.88
19:12:09.572,19:12:09.572,7515.791,0x82,0x00,True,0.8,-3.05,-39.0,0,39.85
19:12:19.572,19:12:19.572,7525.791,0x82,0x00,True,0.83,-3.02,-39.0,0,39.9
19:12:29.572,19:12:29.572,7535.791,0x82,0x00,True,0.78,-3.03,-39.0,0,39.9
19:12:39.563,19:12:39.563,7545.782,0x82,0x00,True,0.82,-3.04,-39.0,0,39.87
19:12:49.563,19:12:49.563,7555.782,0x82,0x00,True,0.78,-3.05,-39.0,0,39.87
19:12:59.562,19:12:59.562,7565.781,0x82,0x00,True,0.85,-3.02,-39.0,0,39.89
19:13:09.553,19:13:09.553,7575.772,0x82,0x00,True,0.85,-2.98,-39.0,0,39.83
19:13:19.552,19:13:19.552,7585.771,0x82,0x00,True,0.74,-3.02,-39.0,0,39.82
19:13:29.552,19:13:29.552,7595.771,0x82,0x00,True,0.79,-3.03,-39.0,0,39.9
19:13:39.552,19:13:39.552,7605.771,0x82,0x00,True,0.83,-3.0,-39.0,0,39.77
19:13:49.552,19:13:49.552,7615.771,0x82,0x00,True,0.91,-2.99,-39.0,0,39.87
19:13:59.542,19:13:59.542,7625.761,0x82,0x00,True,0.8,-3.03,-39.0,0,39.87
19:14:09.537,19:14:09.537,7635.756,0x82,0x00,True,0.85,-3.04,-39.0,0,39.8
19:14:19.537,19:14:19.537,7645.756,0x82,0x00,True,0.8,-3.07,-39.0,0,39.89
19:14:29.537,19:14:29.537,7655.756,0x82,0x00,True,0.85,-3.05,-39.0,0,39.83
19:14:39.572,19:14:39.572,7665.791,0x82,0x00,True,0.82,-2.99,-39.0,0,39.79
19:14:49.523,19:14:49.523,7675.742,0x82,0x00,True,0.84,-3.06,-39.0,0,39.82
19:14:59.523,19:14:59.523,7685.742,0x82,0x00,True,0.78,-3.08,-39.0,0,39.82
19:15:09.513,19:15:09.513,7695.732,0x82,0x00,True,0.85,-3.0,-39.0,0,39.81
19:15:19.513,19:15:19.513,7705.732,0x82,0x00,True,0.82,-3.04,-39.0,0,39.85
19:15:29.512,19:15:29.512,7715.731,0x82,0x00,True,0.86,-3.01,-39.0,0,39.77
19:15:39.502,19:15:39.502,7725.721,0x82,0x00,True,0.83,-3.05,-39.0,0,39.81
19:15:49.512,19:15:49.512,7735.731,0x82,0x00,True,0.81,-3.04,-39.0,0,39.83
19:15:59.503,19:15:59.503,7745.722,0x82,0x00,True,0.86,-3.06,-39.0,0,39.81
19:16:09.492,19:16:09.492,7755.711,0x82,0x00,True,0.9,-3.02,-39.0,0,39.83
19:16:19.492,19:16:19.492,7765.711,0x82,0x00,True,0.8,-3.12,-39.0,0,39.71
19:16:29.492,19:16:29.492,7775.711,0x82,0x00,True,0.88,-2.93,-39.0,0,39.85
19:16:39.483,19:16:39.483,7785.702,0x82,0x00,True,0.85,-3.04,-39.0,0,39.78
19:16:49.483,19:16:49.483,7795.702,0x82,0x00,True,0.85,-3.1,-39.0,0,39.77
19:16:59.472,19:16:59.472,7805.691,0x82,0x00,True,0.75,-3.12,-39.0,0,39.71
19:17:09.472,19:17:09.472,7815.691,0x82,0x00,True,0.85,-2.95,-39.0,0,39.8
19:17:19.472,19:17:19.472,7825.691,0x82,0x00,True,0.8,-3.01,-39.0,0,39.77
19:17:29.473,19:17:29.473,7835.692,0x82,0x00,True,0.78,-3.02,-39.0,0,39.77
19:17:39.457,19:17:39.457,7845.676,0x82,0x00,True,0.86,-3.03,-39.0,0,39.72
19:17:49.457,19:17:49.457,7855.676,0x82,0x00,True,0.78,-3.02,-39.0,0,39.81
19:17:59.457,19:17:59.457,7865.676,0x82,0x00,True,0.83,-3.05,-39.0,0,39.78
19:18:09.443,19:18:09.443,7875.662,0x82,0x00,True,0.79,-2.99,-39.0,0,39.74
19:18:19.443,19:18:19.443,7885.662,0x82,0x00,True,0.85,-3.03,-39.0,0,39.72
19:18:29.442,19:18:29.442,7895.661,0x82,0x00,True,0.77,-3.06,-39.0,0,39.71
19:18:39.433,19:18:39.433,7905.652,0x82,0x00,True,0.8,-3.04,-39.0,0,39.73
19:18:49.433,19:18:49.433,7915.652,0x82,0x00,True,0.84,-3.03,-39.0,0,39.66
19:18:59.431,19:18:59.431,7925.65,0x82,0x00,True,0.79,-3.04,-39.0,0,39.72
19:19:09.422,19:19:09.422,7935.641,0x82,0x00,True,0.81,-3.04,-39.0,0,39.59
19:19:19.422,19:19:19.422,7945.641,0x82,0x00,True,0.8,-2.98,-39.0,0,39.67
19:19:29.443,19:19:29.443,7955.662,0x82,0x00,True,0.75,-3.07,-38.99,0,39.71
19:19:39.412,19:19:39.412,7965.631,0x82,0x00,True,0.85,-3.03,-38.99,0,39.66
19:19:49.412,19:19:49.412,7975.631,0x82,0x00,True,0.79,-3.05,-38.99,0,39.64
19:19:59.403,19:19:59.403,7985.622,0x82,0x00,True,0.83,-3.04,-38.99,0,39.64
19:20:09.403,19:20:09.403,7995.622,0x82,0x00,True,0.82,-3.07,-38.99,0,39.73
19:20:19.403,19:20:19.403,8005.622,0x82,0x00,True,0.79,-3.01,-38.99,0,39.6
19:20:29.403,19:20:29.403,8015.622,0x82,0x00,True,0.8,-3.03,-38.99,0,39.68
19:20:39.393,19:20:39.393,8025.612,0x82,0x00,True,0.71,-3.03,-38.99,0,39.65
19:20:49.393,19:20:49.393,8035.612,0x82,0x00,True,0.8,-3.13,-38.99,0,39.65
19:20:59.393,19:20:59.393,8045.612,0x82,0x00,True,0.8,-3.06,-38.99,0,39.66
19:21:09.392,19:21:09.392,8055.611,0x82,0x00,True,0.78,-3.03,-38.99,0,39.62
19:21:19.382,19:21:19.382,8065.601,0x82,0x00,True,0.79,-3.08,-38.99,0,39.68
19:21:29.377,19:21:29.377,8075.596,0x82,0x00,True,0.79,-3.08,-38.99,0,39.71
19:21:39.377,19:21:39.377,8085.596,0x82,0x00,True,0.85,-3.01,-38.99,0,39.61
19:21:49.363,19:21:49.363,8095.582,0x82,0x00,True,0.79,-3.01,-38.99,0,39.58
19:21:59.363,19:21:59.363,8105.582,0x82,0x00,True,0.79,-3.04,-38.99,0,39.59
19:22:09.363,19:22:09.363,8115.582,0x82,0x00,True,0.82,-3.05,-38.99,0,39.55
19:22:19.353,19:22:19.353,8125.572,0x82,0x00,True,0.85,-2.98,-38.99,0,39.54
19:22:29.353,19:22:29.353,8135.572,0x82,0x00,True,0.82,-3.08,-38.99,0,39.49
19:22:39.352,19:22:39.352,8145.571,0x82,0x00,True,0.76,-3.06,-38.99,0,39.49
19:22:49.342,19:22:49.342,8155.561,0x82,0x00,True,0.82,-3.07,-38.99,0,39.44
19:22:59.342,19:22:59.342,8165.561,0x82,0x00,True,0.78,-3.02,-38.99,0,39.49
19:23:09.332,19:23:09.332,8175.551,0x82,0x00,True,0.84,-3.0,-38.99,0,39.46
19:23:19.332,19:23:19.332,8185.551,0x82,0x00,True,0.77,-3.04,-38.99,0,39.5
19:23:29.332,19:23:29.332,8195.551,0x82,0x00,True,0.82,-3.04,-38.99,0,39.47
19:23:39.322,19:23:39.322,8205.541,0x82,0x00,True,0.84,-3.02,-38.99,0,39.44
19:23:49.322,19:23:49.322,8215.541,0x82,0x00,True,0.75,-3.06,-38.99,0,39.51
19:23:59.313,19:23:59.313,8225.532,0x82,0x00,True,0.81,-3.04,-38.99,0,39.44
19:24:09.312,19:24:09.312,8235.531,0x82,0x00,True,0.81,-3.03,-38.99,0,39.51
19:24:19.313,19:24:19.313,8245.532,0x82,0x00,True,0.74,-2.97,-38.99,0,39.54
19:24:29.313,19:24:29.313,8255.532,0x82,0x00,True,0.83,-3.1,-38.99,0,39.46
19:24:39.313,19:24:39.313,8265.532,0x82,0x00,True,0.83,-3.05,-38.99,0,39.5
19:24:49.332,19:24:49.332,8275.551,0x82,0x00,True,0.77,-3.02,-38.99,0,39.47
19:24:59.297,19:24:59.297,8285.516,0x82,0x00,True,0.79,-3.01,-38.99,0,39.47
19:25:09.297,19:25:09.297,8295.516,0x82,0x00,True,0.73,-3.08,-38.99,0,39.51
19:25:19.297,19:25:19.297,8305.516,0x82,0x00,True,0.81,-3.02,-38.99,0,39.49
19:25:29.282,19:25:29.282,8315.501,0x82,0x00,True,0.81,-3.03,-38.99,0,39.43
19:25:39.282,19:25:39.282,8325.501,0x82,0x00,True,0.83,-3.02,-38.99,0,39.5
19:25:49.272,19:25:49.272,8335.491,0x82,0x00,True,0.84,-3.06,-38.99,0,39.37
19:25:59.273,19:25:59.273,8345.492,0x82,0x00,True,0.78,-3.03,-38.99,0,39.42
19:26:09.273,19:26:09.273,8355.492,0x82,0x00,True,0.81,-3.03,-38.99,0,39.42
19:26:19.263,19:26:19.263,8365.482,0x82,0x00,True,0.81,-3.11,-38.99,0,39.4
19:26:29.263,19:26:29.263,8375.482,0x82,0x00,True,0.8,-3.03,-38.99,0,39.4
19:26:39.262,19:26:39.262,8385.481,0x82,0x00,True,0.82,-3.02,-38.99,0,39.34
19:26:49.252,19:26:49.252,8395.471,0x82,0x00,True,0.85,-3.03,-38.99,0,39.37
19:26:59.252,19:26:59.252,8405.471,0x82,0x00,True,0.79,-3.03,-38.99,0,39.28
19:27:09.242,19:27:09.242,8415.461,0x82,0x00,True,0.78,-3.02,-38.99,0,39.35
19:27:19.242,19:27:19.242,8425.461,0x82,0x00,True,0.83,-3.05,-38.99,0,39.36
19:27:29.242,19:27:29.242,8435.461,0x82,0x00,True,0.81,-3.04,-38.99,0,39.29
19:27:39.233,19:27:39.233,8445.452,0x82,0x00,True,0.8,-3.07,-38.99,0,39.26
19:27:49.233,19:27:49.233,8455.452,0x82,0x00,True,0.84,-3.02,-38.99,0,39.19
19:27:59.233,19:27:59.233,8465.452,0x82,0x00,True,0.79,-3.07,-38.99,0,39.33
19:28:09.233,19:28:09.233,8475.452,0x82,0x00,True,0.79,-2.96,-38.99,0,39.17
19:28:19.222,19:28:19.222,8485.441,0x82,0x00,True,0.84,-3.04,-38.99,0,39.22
19:28:29.217,19:28:29.217,8495.436,0x82,0x00,True,0.84,-3.01,-38.99,0,39.21
19:28:39.228,19:28:39.228,8505.447,0x82,0x00,True,0.79,-3.11,-38.99,0,39.25
19:28:49.203,19:28:49.203,8515.422,0x82,0x00,True,0.81,-3.09,-38.99,0,39.19
19:28:59.202,19:28:59.202,8525.421,0x82,0x00,True,0.79,-3.03,-38.99,0,39.13
19:29:09.193,19:29:09.193,8535.412,0x82,0x00,True,0.84,-3.02,-38.99,0,39.16
19:29:19.193,19:29:19.193,8545.412,0x82,0x00,True,0.8,-3.04,-38.99,0,39.1
19:29:29.182,19:29:29.182,8555.401,0x82,0x00,True,0.83,-3.01,-38.99,0,39.19
19:29:39.182,19:29:39.182,8565.401,0x82,0x00,True,0.79,-3.06,-38.99,0,39.2
19:29:49.172,19:29:49.172,8575.391,0x82,0x00,True,0.82,-3.05,-38.99,0,39.13
19:29:59.172,19:29:59.172,8585.391,0x82,0x00,True,0.81,-2.99,-38.99,0,39.08
19:30:09.162,19:30:09.162,8595.381,0x82,0x00,True,0.82,-3.02,-38.99,0,39.06
19:30:19.162,19:30:19.162,8605.381,0x82,0x00,True,0.79,-3.05,-38.99,0,38.99
19:30:29.153,19:30:29.153,8615.372,0x82,0x00,True,0.82,-2.99,-38.99,0,39.07
19:30:39.153,19:30:39.153,8625.372,0x82,0x00,True,0.78,-3.07,-38.99,0,39.0
19:30:49.153,19:30:49.153,8635.372,0x82,0x00,True,0.82,-3.03,-38.99,0,38.97
19:30:59.143,19:30:59.143,8645.362,0x82,0x00,True,0.83,-3.05,-38.99,0,38.93
19:31:09.137,19:31:09.137,8655.356,0x82,0x00,True,0.82,-3.01,-38.99,0,38.94
19:31:19.137,19:31:19.137,8665.356,0x82,0x00,True,0.8,-3.06,-38.99,0,38.94
19:31:29.122,19:31:29.122,8675.341,0x82,0x00,True,0.76,-2.99,-38.99,0,38.99
19:31:39.122,19:31:39.122,8685.341,0x82,0x00,True,0.85,-2.95,-38.99,0,38.95
19:31:49.112,19:31:49.112,8695.331,0x82,0x00,True,0.8,-3.06,-38.99,0,38.93
19:31:59.113,19:31:59.113,8705.332,0x82,0x00,True,0.78,-3.06,-38.99,0,38.9
19:32:09.102,19:32:09.102,8715.321,0x82,0x00,True,0.84,-3.05,-38.99,0,38.82
19:32:19.102,19:32:19.102,8725.321,0x82,0x00,True,0.77,-3.01,-38.99,0,38.79
19:32:29.092,19:32:29.092,8735.311,0x82,0x00,True,0.82,-3.11,-38.99,0,38.83
19:32:39.092,19:32:39.092,8745.311,0x82,0x00,True,0.75,-3.03,-38.99,0,38.75
19:32:49.082,19:32:49.082,8755.301,0x82,0x00,True,0.76,-3.11,-38.99,0,38.82
19:32:59.093,19:32:59.093,8765.312,0x82,0x00,True,0.78,-3.02,-38.99,0,38.81
19:33:09.072,19:33:09.072,8775.291,0x82,0x00,True,0.78,-3.02,-38.99,0,38.76
19:33:19.072,19:33:19.072,8785.291,0x82,0x00,True,0.83,-3.01,-38.99,0,38.82
19:33:29.063,19:33:29.063,8795.282,0x82,0x00,True,0.74,-3.11,-38.99,0,38.88
19:33:39.068,19:33:39.068,8805.287,0x82,0x00,True,0.82,-3.1,-38.99,0,38.9
19:33:49.057,19:33:49.057,8815.276,0x82,0x00,True,0.77,-3.03,-38.99,0,38.85
19:33:59.042,19:33:59.042,8825.261,0x82,0x00,True,0.86,-3.01,-38.99,0,38.86
19:34:09.042,19:34:09.042,8835.261,0x82,0x00,True,0.77,-3.06,-38.99,0,38.76
19:34:19.057,19:34:19.057,8845.276,0x82,0x00,True,0.76,-3.05,-38.99,0,38.88
19:34:29.032,19:34:29.032,8855.251,0x82,0x00,True,0.79,-2.96,-38.99,0,38.85
19:34:39.022,19:34:39.022,8865.241,0x82,0x00,True,0.8,-3.04,-38.99,0,38.84
19:34:49.012,19:34:49.012,8875.231,0x82,0x00,True,0.81,-3.06,-38.99,0,38.82
19:34:59.012,19:34:59.012,8885.231,0x82,0x00,True,0.79,-3.16,-38.99,0,38.85
19:35:09.002,19:35:09.002,8895.221,0x82,0x00,True,0.86,-3.12,-38.99,0,38.79
19:35:19.002,19:35:19.002,8905.221,0x82,0x00,True,0.79,-3.09,-38.99,0,38.79
19:35:28.993,19:35:28.993,8915.212,0x82,0x00,True,0.73,-3.3,-38.99,0,38.76
19:35:38.992,19:35:38.992,8925.211,0x82,0x00,True,0.8,-3.1,-38.99,0,38.82
19:35:48.992,19:35:48.992,8935.211,0x82,0x00,True,0.8,-3.1,-38.99,0,38.74
19:35:59.012,19:35:59.012,8945.231,0x82,0x00,True,0.83,-3.12,-38.99,0,38.73
19:36:08.978,19:36:08.978,8955.197,0x82,0x00,True,0.78,-3.25,-38.99,0,38.74
19:36:18.978,19:36:18.978,8965.197,0x82,0x00,True,0.76,-3.2,-38.99,0,38.76
19:36:28.962,19:36:28.962,8975.181,0x82,0x00,True,0.83,-3.14,-38.99,0,38.73
19:36:38.962,19:36:38.962,8985.181,0x82,0x00,True,0.85,-3.14,-38.99,0,38.63
19:36:48.952,19:36:48.952,8995.171,0x82,0x00,True,0.81,-3.2,-38.99,0,38.63
19:36:58.943,19:36:58.943,9005.162,0x82,0x00,True,0.74,-3.26,-38.99,0,38.65
19:37:08.943,19:37:08.943,9015.162,0x82,0x00,True,0.81,-3.2,-38.99,0,38.62
19:37:18.932,19:37:18.932,9025.151,0x82,0x00,True,0.78,-3.21,-38.99,0,38.47
19:37:28.933,19:37:28.933,9035.152,0x82,0x00,True,0.79,-3.12,-38.99,0,38.46
19:37:38.922,19:37:38.922,9045.141,0x82,0x00,True,0.83,-3.16,-38.99,0,38.43
19:37:48.922,19:37:48.922,9055.141,0x82,0x00,True,0.79,-3.16,-38.99,0,38.39
19:37:58.912,19:37:58.912,9065.131,0x82,0x00,True,0.76,-3.19,-38.99,0,38.53
19:38:08.912,19:38:08.912,9075.131,0x82,0x00,True,0.81,-3.16,-38.99,0,38.41
19:38:18.903,19:38:18.903,9085.122,0x82,0x00,True,0.83,-3.19,-38.99,0,38.4
19:38:28.903,19:38:28.903,9095.122,0x82,0x00,True,0.8,-3.18,-38.99,0,38.47
19:38:38.898,19:38:38.898,9105.117,0x82,0x00,True,0.84,-3.19,-38.99,0,38.36
19:38:48.883,19:38:48.883,9115.102,0x82,0x00,True,0.82,-3.14,-38.99,0,38.44
19:38:58.873,19:38:58.873,9125.092,0x82,0x00,True,0.8,-3.16,-38.99,0,38.32
19:39:08.872,19:39:08.872,9135.091,0x82,0x00,True,0.77,-3.2,-38.99,0,38.39
19:39:18.863,19:39:18.863,9145.082,0x82,0x00,True,0.79,-3.15,-38.99,0,38.28
19:39:28.863,19:39:28.863,9155.082,0x82,0x00,True,0.77,-3.19,-38.99,0,38.24
19:39:38.853,19:39:38.853,9165.072,0x82,0x00,True,0.75,-3.18,-38.99,0,38.33
19:39:48.843,19:39:48.843,9175.062,0x82,0x00,True,0.84,-3.15,-38.99,0,38.34
19:39:58.843,19:39:58.843,9185.062,0x82,0x00,True,0.81,-3.18,-38.99,0,38.26
19:40:08.832,19:40:08.832,9195.051,0x82,0x00,True,0.79,-3.2,-38.99,0,38.26
19:40:18.832,19:40:18.832,9205.051,0x82,0x00,True,0.81,-3.17,-38.99,0,38.26
19:40:28.833,19:40:28.833,9215.052,0x82,0x00,True,0.78,-3.19,-38.99,0,38.26
19:40:38.822,19:40:38.822,9225.041,0x82,0x00,True,0.77,-3.15,-38.99,0,38.26
19:40:48.818,19:40:48.818,9235.037,0x82,0x00,True,0.8,-3.18,-38.99,0,38.28
19:40:58.818,19:40:58.818,9245.037,0x82,0x00,True,0.77,-3.15,-38.99,0,38.26
19:41:08.803,19:41:08.803,9255.022,0x82,0x00,True,0.83,-3.16,-38.99,0,38.23
19:41:18.803,19:41:18.803,9265.022,0x82,0x00,True,0.8,-3.14,-39.0,0,38.27
19:41:28.793,19:41:28.793,9275.012,0x82,0x00,True,0.8,-3.18,-38.99,0,38.22
19:41:38.782,19:41:38.782,9285.001,0x82,0x00,True,0.79,-3.16,-38.99,0,38.26
19:41:48.782,19:41:48.782,9295.001,0x82,0x00,True,0.8,-3.17,-38.99,0,38.29
19:41:58.782,19:41:58.782,9305.001,0x82,0x00,True,0.78,-3.19,-38.99,0,38.33
19:42:08.773,19:42:08.773,9314.992,0x82,0x00,True,0.79,-3.18,-38.99,0,38.31
19:42:18.763,19:42:18.763,9324.982,0x82,0x00,True,0.8,-3.15,-38.99,0,38.25
19:42:28.763,19:42:28.763,9334.982,0x82,0x00,True,0.79,-3.2,-38.99,0,38.19
19:42:38.752,19:42:38.752,9344.971,0x82,0x00,True,0.77,-3.2,-38.99,0,38.29
19:42:48.753,19:42:48.753,9354.972,0x82,0x00,True,0.82,-3.18,-38.99,0,38.2
19:42:58.753,19:42:58.753,9364.972,0x82,0x00,True,0.81,-3.2,-38.99,0,38.23
19:43:08.742,19:43:08.742,9374.961,0x82,0x00,True,0.75,-3.12,-38.99,0,38.25
19:43:18.738,19:43:18.738,9384.957,0x82,0x00,True,0.78,-3.18,-38.99,0,38.21
19:43:28.737,19:43:28.737,9394.956,0x82,0x00,True,0.79,-3.24,-38.99,0,38.26
19:43:38.723,19:43:38.723,9404.942,0x82,0x00,True,0.77,-3.18,-38.99,0,38.23
19:43:48.723,19:43:48.723,9414.942,0x82,0x00,True,0.8,-3.2,-38.99,0,38.37
19:43:58.713,19:43:58.713,9424.932,0x82,0x00,True,0.79,-3.2,-38.99,0,38.32
19:44:08.713,19:44:08.713,9434.932,0x82,0x00,True,0.8,-3.18,-38.99,0,38.35
19:44:18.702,19:44:18.702,9444.921,0x82,0x00,True,0.8,-3.17,-38.99,0,38.33
19:44:28.702,19:44:28.702,9454.921,0x82,0x00,True,0.85,-3.17,-38.99,0,38.4
19:44:38.693,19:44:38.693,9464.912,0x82,0x00,True,0.81,-3.2,-38.99,0,38.43
19:44:48.693,19:44:48.693,9474.912,0x82,0x00,True,0.82,-3.2,-38.99,0,38.42
19:44:58.683,19:44:58.683,9484.902,0x82,0x00,True,0.8,-3.19,-38.99,0,38.47
19:45:08.673,19:45:08.673,9494.892,0x82,0x00,True,0.8,-3.2,-38.99,0,38.47
19:45:18.673,19:45:18.673,9504.892,0x82,0x00,True,0.79,-3.17,-38.99,0,38.54
19:45:28.672,19:45:28.672,9514.891,0x82,0x00,True,0.8,-3.2,-38.99,0,38.43
19:45:38.673,19:45:38.673,9524.892,0x82,0x00,True,0.79,-3.15,-38.99,0,38.47
19:45:48.658,19:45:48.658,9534.877,0x82,0x00,True,0.8,-3.19,-38.99,0,38.45
19:45:58.657,19:45:58.657,9544.876,0x82,0x00,True,0.77,-3.2,-38.99,0,38.54
19:46:08.658,19:46:08.658,9554.877,0x82,0x00,True,0.79,-3.22,-38.99,0,38.58
19:46:18.643,19:46:18.643,9564.862,0x82,0x00,True,0.8,-3.18,-38.99,0,38.55
19:46:28.643,19:46:28.643,9574.862,0x82,0x00,True,0.78,-3.17,-38.99,0,38.51
19:46:38.633,19:46:38.633,9584.852,0x82,0x00,True,0.78,-3.22,-38.99,0,38.52
19:46:48.633,19:46:48.633,9594.852,0x82,0x00,True,0.81,-3.21,-38.99,0,38.55
19:46:58.623,19:46:58.623,9604.842,0x82,0x00,True,0.79,-3.24,-38.99,0,38.51
19:47:08.623,19:47:08.623,9614.842,0x82,0x00,True,0.77,-3.18,-38.99,0,38.57
19:47:18.613,19:47:18.613,9624.832,0x82,0x00,True,0.82,-3.2,-38.99,0,38.62
19:47:28.613,19:47:28.613,9634.832,0x82,0x00,True,0.77,-3.16,-38.99,0,38.5
19:47:38.604,19:47:38.604,9644.823,0x82,0x00,True,0.79,-3.18,-38.99,0,38.41
19:47:48.603,19:47:48.603,9654.822,0x82,0x00,True,0.79,-3.16,-38.99,0,38.55
19:47:58.603,19:47:58.603,9664.822,0x82,0x00,True,0.79,-3.2,-38.99,0,38.6
19:48:08.593,19:48:08.593,9674.812,0x82,0x00,True,0.79,-3.2,-38.99,0,38.45
19:48:18.593,19:48:18.593,9684.812,0x82,0x00,True,0.81,-3.21,-38.99,0,38.51
19:48:28.593,19:48:28.593,9694.812,0x82,0x00,True,0.81,-3.17,-38.99,0,38.51
19:48:38.583,19:48:38.583,9704.802,0x82,0x00,True,0.82,-3.18,-38.99,0,38.46
19:48:48.577,19:48:48.577,9714.796,0x82,0x00,True,0.81,-3.16,-38.99,0,38.38
19:48:58.578,19:48:58.578,9724.797,0x82,0x00,True,0.78,-3.14,-38.99,0,38.35
19:49:08.564,19:49:08.564,9734.783,0x82,0x00,True,0.79,-3.16,-38.99,0,38.36
19:49:18.563,19:49:18.563,9744.782,0x82,0x00,True,0.82,-3.19,-38.99,0,38.42
19:49:28.553,19:49:28.553,9754.772,0x82,0x00,True,0.78,-3.19,-38.99,0,38.32
19:49:38.553,19:49:38.553,9764.772,0x82,0x00,True,0.8,-3.16,-38.99,0,38.27
19:49:48.543,19:49:48.543,9774.762,0x82,0x00,True,0.81,-3.17,-38.99,0,38.29
19:49:58.543,19:49:58.543,9784.762,0x82,0x00,True,0.77,-3.17,-38.99,0,38.28
19:50:08.532,19:50:08.532,9794.751,0x82,0x00,True,0.79,-3.12,-38.99,0,38.17
19:50:18.532,19:50:18.532,9804.751,0x82,0x00,True,0.76,-3.13,-38.99,0,38.13
19:50:28.533,19:50:28.533,9814.752,0x82,0x00,True,0.77,-3.22,-38.99,0,38.21
19:50:38.523,19:50:38.523,9824.742,0x82,0x00,True,0.78,-3.17,-38.99,0,38.21
19:50:48.513,19:50:48.513,9834.732,0x82,0x00,True,0.83,-3.2,-38.99,0,38.19
19:50:58.513,19:50:58.513,9844.732,0x82,0x00,True,0.75,-3.19,-38.99,0,38.2
19:51:08.513,19:51:08.513,9854.732,0x82,0x00,True,0.79,-3.18,-38.99,0,38.19
19:51:18.513,19:51:18.513,9864.732,0x82,0x00,True,0.79,-3.17,-38.99,0,38.2
19:51:28.503,19:51:28.503,9874.722,0x82,0x00,True,0.79,-3.16,-38.99,0,38.18
19:51:38.498,19:51:38.498,9884.717,0x82,0x00,True,0.79,-3.15,-38.99,0,38.2
19:51:48.498,19:51:48.498,9894.717,0x82,0x00,True,0.8,-3.19,-38.99,0,38.2
19:51:58.483,19:51:58.483,9904.702,0x82,0x00,True,0.81,-3.17,-38.99,0,38.22
19:52:08.483,19:52:08.483,9914.702,0x82,0x00,True,0.79,-3.17,-38.99,0,38.26
19:52:18.473,19:52:18.473,9924.692,0x82,0x00,True,0.81,-3.14,-38.98,0,38.38
19:52:28.473,19:52:28.473,9934.692,0x82,0x00,True,0.79,-3.17,-38.98,0,38.39
19:52:38.473,19:52:38.473,9944.692,0x82,0x00,True,0.78,-3.19,-38.98,0,38.42
19:52:48.463,19:52:48.463,9954.682,0x82,0x00,True,0.8,-3.18,-38.98,0,38.36
19:52:58.463,19:52:58.463,9964.682,0x82,0x00,True,0.8,-3.19,-38.98,0,38.44
19:53:08.452,19:53:08.452,9974.671,0x82,0x00,True,0.77,-3.16,-38.98,0,38.48
19:53:18.453,19:53:18.453,9984.672,0x82,0x00,True,0.76,-3.17,-38.98,0,38.33
19:53:28.443,19:53:28.443,9994.662,0x82,0x00,True,0.78,-3.15,-38.98,0,38.45
19:53:38.443,19:53:38.443,10004.662,0x82,0x00,True,0.8,-3.18,-38.98,0,38.34
19:53:48.433,19:53:48.433,10014.652,0x82,0x00,True,0.81,-3.22,-38.98,0,38.39
19:53:58.433,19:53:58.433,10024.652,0x82,0x00,True,0.74,-3.2,-38.98,0,38.41
19:54:08.433,19:54:08.433,10034.652,0x82,0x00,True,0.81,-3.17,-38.98,0,38.42
19:54:18.433,19:54:18.433,10044.652,0x82,0x00,True,0.81,-3.18,-38.98,0,38.37
19:54:28.423,19:54:28.423,10054.642,0x82,0x00,True,0.8,-3.21,-38.98,0,38.29
19:54:38.418,19:54:38.418,10064.637,0x82,0x00,True,0.81,-3.15,-38.98,0,38.46
19:54:48.417,19:54:48.417,10074.636,0x82,0x00,True,0.84,-3.14,-38.98,0,38.33
19:54:58.404,19:54:58.404,10084.623,0x82,0x00,True,0.8,-3.15,-38.98,0,38.38
19:55:08.403,19:55:08.403,10094.622,0x82,0x00,True,0.8,-3.18,-38.98,0,38.36
19:55:18.393,19:55:18.393,10104.612,0x82,0x00,True,0.79,-3.15,-38.98,0,38.33
19:55:28.393,19:55:28.393,10114.612,0x82,0x00,True,0.82,-3.18,-38.98,0,38.31
19:55:38.393,19:55:38.393,10124.612,0x82,0x00,True,0.81,-3.17,-38.98,0,38.32
19:55:48.383,19:55:48.383,10134.602,0x82,0x00,True,0.79,-3.19,-38.98,0,38.3
19:55:58.383,19:55:58.383,10144.602,0x82,0x00,True,0.79,-3.18,-38.98,0,38.28
19:56:08.372,19:56:08.372,10154.591,0x82,0x00,True,0.79,-3.15,-38.98,0,38.19
19:56:18.373,19:56:18.373,10164.592,0x82,0x00,True,0.79,-3.21,-38.98,0,38.3
19:56:28.372,19:56:28.372,10174.591,0x82,0x00,True,0.82,-3.2,-38.98,0,38.3
19:56:38.363,19:56:38.363,10184.582,0x82,0x00,True,0.77,-3.16,-38.98,0,38.33
19:56:48.363,19:56:48.363,10194.582,0x82,0x00,True,0.77,-3.13,-38.98,0,38.26
19:56:58.353,19:56:58.353,10204.572,0x82,0x00,True,0.78,-3.17,-38.98,0,38.34
19:57:08.352,19:57:08.352,10214.571,0x82,0x00,True,0.82,-3.16,-38.98,0,38.22
19:57:18.353,19:57:18.353,10224.572,0x82,0x00,True,0.81,-3.13,-38.98,0,38.23
19:57:28.353,19:57:28.353,10234.572,0x82,0x00,True,0.8,-3.19,-38.98,0,38.27
19:57:38.343,19:57:38.343,10244.562,0x82,0x00,True,0.79,-3.16,-38.98,0,38.36
19:57:48.337,19:57:48.337,10254.556,0x82,0x00,True,0.8,-3.16,-38.98,0,38.35
19:57:58.358,19:57:58.358,10264.577,0x82,0x00,True,0.8,-3.16,-38.98,0,38.26
19:58:08.322,19:58:08.322,10274.541,0x82,0x00,True,0.79,-3.18,-38.98,0,38.3
19:58:18.322,19:58:18.322,10284.541,0x82,0x00,True,0.77,-3.1,-38.98,0,38.28
19:58:28.312,19:58:28.312,10294.531,0x82,0x00,True,0.82,-3.14,-38.98,0,38.26
19:58:38.313,19:58:38.313,10304.532,0x82,0x00,True,0.82,-3.17,-38.98,0,38.25
19:58:48.302,19:58:48.302,10314.521,0x82,0x00,True,0.79,-3.14,-38.98,0,38.25
19:58:58.312,19:58:58.312,10324.531,0x82,0x00,True,0.8,-3.16,-38.98,0,38.24
19:59:08.292,19:59:08.292,10334.511,0x82,0x00,True,0.79,-3.15,-38.98,0,38.23
19:59:18.292,19:59:18.292,10344.511,0x82,0x00,True,0.78,-3.16,-38.98,0,38.22
19:59:28.282,19:59:28.282,10354.501,0x82,0x00,True,0.78,-3.18,-38.98,0,38.27
19:59:38.292,19:59:38.292,10364.511,0x82,0x00,True,0.79,-3.14,-38.98,0,38.19
19:59:48.273,19:59:48.273,10374.492,0x82,0x00,True,0.79,-3.13,-38.98,0,38.2
19:59:58.273,19:59:58.273,10384.492,0x82,0x00,True,0.8,-3.18,-38.98,0,38.17
20:00:08.273,20:00:08.273,10394.492,0x82,0x00,True,0.82,-3.17,-38.98,0,38.3
20:00:18.273,20:00:18.273,10404.492,0x82,0x00,True,0.86,-3.16,-38.98,0,38.23
20:00:28.257,20:00:28.257,10414.476,0x82,0x00,True,0.79,-3.21,-38.98,0,38.14
20:00:38.257,20:00:38.257,10424.476,0x82,0x00,True,0.81,-3.23,-38.98,0,38.17
20:00:48.257,20:00:48.257,10434.476,0x82,0x00,True,0.79,-3.19,-38.98,0,38.17
20:00:58.242,20:00:58.242,10444.461,0x82,0x00,True,0.78,-3.18,-38.98,0,38.12
20:01:08.241,20:01:08.241,10454.46,0x82,0x00,True,0.78,-3.17,-38.98,0,38.16
20:01:18.233,20:01:18.233,10464.452,0x82,0x00,True,0.79,-3.2,-38.98,0,38.14
20:01:28.233,20:01:28.233,10474.452,0x82,0x00,True,0.83,-3.2,-38.98,0,38.09
20:01:38.232,20:01:38.232,10484.451,0x82,0x00,True,0.77,-3.21,-38.98,0,38.09
20:01:48.222,20:01:48.222,10494.441,0x82,0x00,True,0.79,-3.2,-38.98,0,38.09
20:01:58.222,20:01:58.222,10504.441,0x82,0x00,True,0.75,-3.15,-38.98,0,38.12
20:02:08.212,20:02:08.212,10514.431,0x82,0x00,True,0.78,-3.21,-38.98,0,38.17
20:02:18.212,20:02:18.212,10524.431,0x82,0x00,True,0.82,-3.14,-38.98,0,38.08
20:02:28.202,20:02:28.202,10534.421,0x82,0x00,True,0.81,-3.14,-38.98,0,38.13
20:02:38.220,20:02:38.220,10544.439,0x82,0x00,True,0.79,-3.16,-38.98,0,38.16
20:02:48.192,20:02:48.192,10554.411,0x82,0x00,True,0.83,-3.22,-38.98,0,38.1
20:02:58.193,20:02:58.193,10564.412,0x82,0x00,True,0.8,-3.15,-38.98,0,38.13
20:03:08.193,20:03:08.193,10574.412,0x82,0x00,True,0.79,-3.19,-38.98,0,38.2
20:03:18.193,20:03:18.193,10584.412,0x82,0x00,True,0.72,-3.21,-38.98,0,38.12
20:03:28.183,20:03:28.183,10594.402,0x82,0x00,True,0.79,-3.2,-38.98,0,38.14
20:03:38.177,20:03:38.177,10604.396,0x82,0x00,True,0.84,-3.18,-38.98,0,38.14
20:03:48.177,20:03:48.177,10614.396,0x82,0x00,True,0.76,-3.19,-38.98,0,38.13
20:03:58.162,20:03:58.162,10624.381,0x82,0x00,True,0.79,-3.19,-38.98,0,38.08
20:04:08.162,20:04:08.162,10634.381,0x82,0x00,True,0.74,-3.14,-38.98,0,38.04
20:04:18.162,20:04:18.162,10644.381,0x82,0x00,True,0.82,-3.16,-38.98,0,38.09
20:04:28.162,20:04:28.162,10654.381,0x82,0x00,True,0.8,-3.08,-38.98,0,38.11
20:04:38.162,20:04:38.162,10664.381,0x82,0x00,True,0.71,-3.14,-38.98,0,38.08
20:04:48.143,20:04:48.143,10674.362,0x82,0x00,True,0.8,-3.15,-38.98,0,38.15
20:04:58.143,20:04:58.143,10684.362,0x82,0x00,True,0.79,-3.18,-38.98,0,38.14
20:05:08.142,20:05:08.142,10694.361,0x82,0x00,True,0.75,-3.17,-38.98,0,38.11
20:05:18.132,20:05:18.132,10704.351,0x82,0x00,True,0.83,-3.21,-38.98,0,38.09
20:05:28.132,20:05:28.132,10714.351,0x82,0x00,True,0.78,-3.13,-38.98,0,38.12
20:05:38.122,20:05:38.122,10724.341,0x82,0x00,True,0.74,-3.18,-38.98,0,38.1
20:05:48.122,20:05:48.122,10734.341,0x82,0x00,True,0.82,-3.17,-38.98,0,38.11
20:05:58.122,20:05:58.122,10744.341,0x82,0x00,True,0.78,-3.16,-38.98,0,38.14
20:06:08.112,20:06:08.112,10754.331,0x82,0x00,True,0.84,-3.15,-38.98,0,38.12
20:06:18.113,20:06:18.113,10764.332,0x82,0x00,True,0.78,-3.12,-38.98,0,38.11
20:06:28.132,20:06:28.132,10774.351,0x82,0x00,True,0.8,-3.18,-38.98,0,38.19
20:06:38.122,20:06:38.122,10784.341,0x82,0x00,True,0.75,-3.22,-38.98,0,38.17
20:06:48.097,20:06:48.097,10794.316,0x82,0x00,True,0.81,-3.14,-38.98,0,38.17
20:06:58.098,20:06:58.098,10804.317,0x82,0x00,True,0.76,-3.22,-38.98,0,38.23
20:07:08.097,20:07:08.097,10814.316,0x82,0x00,True,0.78,-3.22,-38.98,0,38.2
20:07:18.082,20:07:18.082,10824.301,0x82,0x00,True,0.82,-3.18,-38.98,0,38.23
20:07:28.082,20:07:28.082,10834.301,0x82,0x00,True,0.85,-3.15,-38.98,0,38.3
20:07:38.072,20:07:38.072,10844.291,0x82,0x00,True,0.78,-3.12,-38.98,0,38.2
20:07:48.072,20:07:48.072,10854.291,0x82,0x00,True,0.77,-3.14,-38.98,0,38.22
20:07:58.062,20:07:58.062,10864.281,0x82,0x00,True,0.84,-3.16,-38.98,0,38.2
20:08:08.063,20:08:08.063,10874.282,0x82,0x00,True,0.82,-3.17,-38.98,0,38.2
20:08:18.053,20:08:18.053,10884.272,0x82,0x00,True,0.85,-3.18,-38.98,0,38.17
20:08:28.052,20:08:28.052,10894.271,0x82,0x00,True,0.79,-3.15,-38.98,0,38.21
20:08:38.052,20:08:38.052,10904.271,0x82,0x00,True,0.82,-3.18,-38.98,0,38.21
20:08:48.042,20:08:48.042,10914.261,0x82,0x00,True,0.79,-3.13,-38.98,0,38.12
20:08:58.042,20:08:58.042,10924.261,0x82,0x00,True,0.78,-3.2,-38.98,0,38.11
20:09:08.032,20:09:08.032,10934.251,0x82,0x00,True,0.76,-3.12,-38.98,0,38.17
20:09:18.032,20:09:18.032,10944.251,0x82,0x00,True,0.8,-3.08,-38.98,0,38.2
20:09:28.032,20:09:28.032,10954.251,0x82,0x00,True,0.81,-3.14,-38.98,0,38.17
20:09:38.032,20:09:38.032,10964.251,0x82,0x00,True,0.83,-3.16,-38.98,0,38.23
20:09:48.032,20:09:48.032,10974.251,0x82,0x00,True,0.76,-3.17,-38.98,0,38.19
20:09:58.032,20:09:58.032,10984.251,0x82,0x00,True,0.87,-3.14,-38.98,0,38.14
20:10:08.017,20:10:08.017,10994.236,0x82,0x00,True,0.81,-3.17,-38.98,0,38.15
20:10:18.017,20:10:18.017,11004.236,0x82,0x00,True,0.76,-3.17,-38.98,0,38.2
20:10:28.002,20:10:28.002,11014.221,0x82,0x00,True,0.8,-3.2,-38.98,0,38.14
20:10:38.022,20:10:38.022,11024.241,0x82,0x00,True,0.79,-3.18,-38.98,0,38.15
20:10:48.002,20:10:48.002,11034.221,0x82,0x00,True,0.8,-3.19,-38.98,0,38.17
20:10:57.992,20:10:57.992,11044.211,0x82,0x00,True,0.78,-3.21,-38.98,0,38.15
20:11:07.992,20:11:07.992,11054.211,0x82,0x00,True,0.84,-3.19,-38.98,0,38.14
20:11:17.982,20:11:17.982,11064.201,0x82,0x00,True,0.7,-3.1,-38.98,0,38.13
20:11:27.982,20:11:27.982,11074.201,0x82,0x00,True,0.82,-3.21,-38.98,0,38.11
20:11:37.972,20:11:37.972,11084.191,0x82,0x00,True,0.76,-3.16,-38.98,0,38.05
20:11:47.983,20:11:47.983,11094.202,0x82,0x00,True,0.76,-3.12,-38.98,0,38.05
20:11:57.973,20:11:57.973,11104.192,0x82,0x00,True,0.81,-3.19,-38.98,0,38.0
20:12:07.962,20:12:07.962,11114.181,0x82,0x00,True,0.75,-3.22,-38.98,0,37.96
20:12:17.962,20:12:17.962,11124.181,0x82,0x00,True,0.77,-3.21,-38.98,0,38.08
20:12:27.951,20:12:27.951,11134.17,0x82,0x00,True,0.78,-3.16,-38.98,0,37.96
20:12:37.952,20:12:37.952,11144.171,0x82,0x00,True,0.74,-3.16,-38.98,0,38.01
20:12:47.951,20:12:47.951,11154.17,0x82,0x00,True,0.8,-3.14,-38.98,0,37.96
20:12:57.952,20:12:57.952,11164.171,0x82,0x00,True,0.85,-3.2,-38.98,0,37.99
20:13:07.952,20:13:07.952,11174.171,0x82,0x00,True,0.82,-3.2,-38.98,0,37.99
20:13:17.942,20:13:17.942,11184.161,0x82,0x00,True,0.76,-3.14,-38.98,0,38.01
20:13:27.937,20:13:27.937,11194.156,0x82,0x00,True,0.76,-3.17,-38.98,0,38.01
20:13:37.937,20:13:37.937,11204.156,0x82,0x00,True,0.75,-3.21,-38.98,0,37.87
20:13:47.922,20:13:47.922,11214.141,0x82,0x00,True,0.83,-3.11,-38.98,0,38.02
20:13:57.957,20:13:57.957,11224.176,0x82,0x00,True,0.81,-3.16,-38.98,0,37.93
20:14:07.911,20:14:07.911,11234.13,0x82,0x00,True,0.87,-3.12,-38.99,0,37.93
20:14:17.912,20:14:17.912,11244.131,0x82,0x00,True,0.84,-3.19,-38.99,0,37.87
20:14:27.902,20:14:27.902,11254.121,0x82,0x00,True,0.76,-3.17,-38.99,0,37.92
20:14:37.912,20:14:37.912,11264.131,0x82,0x00,True,0.84,-3.13,-38.99,0,37.88
20:14:47.903,20:14:47.903,11274.122,0x82,0x00,True,0.76,-3.2,-38.99,0,37.91
20:14:57.892,20:14:57.892,11284.111,0x82,0x00,True,0.85,-3.12,-38.99,0,37.92
20:15:07.882,20:15:07.882,11294.101,0x82,0x00,True,0.76,-3.24,-38.99,0,37.89
20:15:17.882,20:15:17.882,11304.101,0x82,0x00,True,0.8,-3.27,-38.99,0,38.03
20:15:27.871,20:15:27.871,11314.09,0x82,0x00,True,0.82,-3.22,-38.99,0,37.99
20:15:37.872,20:15:37.872,11324.091,0x82,0x00,True,0.84,-3.16,-38.99,0,37.96
20:15:47.872,20:15:47.872,11334.091,0x82,0x00,True,0.8,-3.2,-38.99,0,37.94
20:15:57.871,20:15:57.871,11344.09,0x82,0x00,True,0.8,-3.21,-38.99,0,37.99
20:16:07.858,20:16:07.858,11354.077,0x82,0x00,True,0.77,-3.27,-38.99,0,37.93
20:16:17.857,20:16:17.857,11364.076,0x82,0x00,True,0.81,-3.19,-38.99,0,37.9
20:16:27.842,20:16:27.842,11374.061,0x82,0x00,True,0.8,-3.28,-38.99,0,37.96
20:16:37.842,20:16:37.842,11384.061,0x82,0x00,True,0.72,-3.18,-38.99,0,37.95
20:16:47.832,20:16:47.832,11394.051,0x82,0x00,True,0.86,-3.24,-38.99,0,37.94
20:16:57.832,20:16:57.832,11404.051,0x82,0x00,True,0.84,-3.17,-38.99,0,38.01
20:17:07.821,20:17:07.821,11414.04,0x82,0x00,True,0.77,-3.22,-38.99,0,37.99
20:17:17.822,20:17:17.822,11424.041,0x82,0x00,True,0.85,-3.19,-38.99,0,37.99
20:17:27.822,20:17:27.822,11434.041,0x82,0x00,True,0.8,-3.16,-38.99,0,37.97
20:17:37.813,20:17:37.813,11444.032,0x82,0x00,True,0.85,-3.17,-38.99,0,38.02
20:17:47.813,20:17:47.813,11454.032,0x82,0x00,True,0.83,-3.24,-38.99,0,37.94
20:17:57.802,20:17:57.802,11464.021,0x82,0x00,True,0.75,-3.12,-38.99,0,38.03
20:18:07.802,20:18:07.802,11474.021,0x82,0x00,True,0.77,-3.2,-38.99,0,37.93
20:18:17.792,20:18:17.792,11484.011,0x82,0x00,True,0.81,-3.21,-38.99,0,37.87
20:18:27.782,20:18:27.782,11494.001,0x82,0x00,True,0.78,-3.13,-38.99,0,37.99
20:18:37.792,20:18:37.792,11504.011,0x82,0x00,True,0.77,-3.19,-38.99,0,38.01
20:18:47.792,20:18:47.792,11514.011,0x82,0x00,True,0.83,-3.2,-38.99,0,37.97
20:18:57.787,20:18:57.787,11524.006,0x82,0x00,True,0.76,-3.32,-38.99,0,37.98
20:19:07.778,20:19:07.778,11533.997,0x82,0x00,True,0.74,-3.19,-38.99,0,37.95
20:19:17.763,20:19:17.763,11543.982,0x82,0x00,True,0.72,-3.16,-38.99,0,38.02
20:19:27.762,20:19:27.762,11553.981,0x82,0x00,True,0.77,-3.2,-38.99,0,38.11
20:19:37.752,20:19:37.752,11563.971,0x82,0x00,True,0.84,-3.2,-38.99,0,37.98
20:19:47.752,20:19:47.752,11573.971,0x82,0x00,True,0.84,-3.14,-38.99,0,37.92
20:19:57.742,20:19:57.742,11583.961,0x82,0x00,True,0.79,-3.22,-38.99,0,38.02
20:20:07.742,20:20:07.742,11593.961,0x82,0x00,True,0.77,-3.17,-38.99,0,37.96
20:20:17.733,20:20:17.733,11603.952,0x82,0x00,True,0.8,-3.15,-38.99,0,37.95
20:20:27.732,20:20:27.732,11613.951,0x82,0x00,True,0.77,-3.13,-38.99,0,37.96
20:20:37.722,20:20:37.722,11623.941,0x82,0x00,True,0.78,-3.18,-38.99,0,37.93
20:20:47.722,20:20:47.722,11633.941,0x82,0x00,True,0.88,-3.19,-38.99,0,37.94
20:20:57.712,20:20:57.712,11643.931,0x82,0x00,True,0.75,-3.15,-38.99,0,37.83
20:21:07.712,20:21:07.712,11653.931,0x82,0x00,True,0.87,-3.14,-38.99,0,37.86
20:21:17.712,20:21:17.712,11663.931,0x82,0x00,True,0.77,-3.13,-38.99,0,37.86
20:21:27.712,20:21:27.712,11673.931,0x82,0x00,True,0.73,-3.12,-38.99,0,37.89
20:21:37.702,20:21:37.702,11683.921,0x82,0x00,True,0.78,-3.07,-38.99,0,37.94
20:21:47.707,20:21:47.707,11693.926,0x82,0x00,True,0.77,-3.19,-38.99,0,37.88
20:21:57.697,20:21:57.697,11703.916,0x82,0x00,True,0.73,-3.15,-38.99,0,37.86
20:22:07.682,20:22:07.682,11713.901,0x82,0x00,True,0.81,-3.15,-38.99,0,37.88
20:22:17.672,20:22:17.672,11723.891,0x82,0x00,True,0.83,-3.19,-38.99,0,37.9
20:22:27.672,20:22:27.672,11733.891,0x82,0x00,True,0.86,-3.23,-38.99,0,37.97
20:22:37.662,20:22:37.662,11743.881,0x82,0x00,True,0.87,-3.19,-38.99,0,37.96
20:22:47.662,20:22:47.662,11753.881,0x82,0x00,True,0.86,-3.1,-38.99,0,37.95
20:22:57.653,20:22:57.653,11763.872,0x82,0x00,True,0.77,-3.17,-38.99,0,37.9
20:23:07.653,20:23:07.653,11773.872,0x82,0x00,True,0.81,-3.18,-38.99,0,37.86
20:23:17.653,20:23:17.653,11783.872,0x82,0x00,True,0.8,-3.15,-38.99,0,37.8
20:23:27.650,20:23:27.650,11793.869,0x82,0x00,True,0.85,-3.2,-38.99,0,37.93
20:23:37.643,20:23:37.643,11803.862,0x82,0x00,True,0.84,-3.17,-38.99,0,37.79
20:23:47.632,20:23:47.632,11813.851,0x82,0x00,True,0.72,-3.14,-38.99,0,37.8
20:23:57.633,20:23:57.633,11823.852,0x82,0x00,True,0.81,-3.23,-38.99,0,37.83
20:24:07.632,20:24:07.632,11833.851,0x82,0x00,True,0.81,-3.13,-38.99,0,37.77
20:24:17.633,20:24:17.633,11843.852,0x82,0x00,True,0.89,-3.17,-38.99,0,37.79
20:24:27.617,20:24:27.617,11853.836,0x82,0x00,True,0.8,-3.2,-38.99,0,37.83
20:24:37.617,20:24:37.617,11863.836,0x82,0x00,True,1.04,-3.31,-38.99,0,37.77
20:24:47.602,20:24:47.602,11873.821,0x82,0x00,True,0.81,-3.25,-38.99,0,37.78
20:24:57.603,20:24:57.603,11883.822,0x82,0x00,True,0.85,-3.23,-38.99,0,37.8
20:25:07.592,20:25:07.592,11893.811,0x82,0x00,True,0.69,-3.09,-39.01,0,37.82
20:25:17.592,20:25:17.592,11903.811,0x82,0x00,True,0.83,-3.18,-39.01,0,37.77
20:25:27.592,20:25:27.592,11913.811,0x82,0x00,True,0.78,-3.22,-39.01,0,37.8
20:25:37.592,20:25:37.592,11923.811,0x82,0x00,True,0.72,-3.17,-39.01,0,37.8
20:25:47.582,20:25:47.582,11933.801,0x82,0x00,True,0.73,-3.15,-39.01,0,37.83
20:25:57.572,20:25:57.572,11943.791,0x82,0x00,True,0.87,-3.17,-39.01,0,37.7
20:26:07.572,20:26:07.572,11953.791,0x82,0x00,True,0.84,-3.27,-39.01,0,37.74
20:26:17.563,20:26:17.563,11963.782,0x82,0x00,True,0.84,-3.19,-39.01,0,37.69
20:26:27.563,20:26:27.563,11973.782,0x82,0x00,True,0.77,-3.14,-39.01,0,37.76
20:26:37.553,20:26:37.553,11983.772,0x82,0x00,True,0.75,-3.15,-39.01,0,37.77
20:26:47.552,20:26:47.552,11993.771,0x82,0x00,True,0.58,-3.18,-39.01,0,37.73
20:26:57.553,20:26:57.553,12003.772,0x82,0x00,True,0.71,-3.21,-39.01,0,37.71
20:27:07.542,20:27:07.542,12013.761,0x82,0x00,True,0.71,-3.21,-39.01,0,37.71
20:27:17.562,20:27:17.562,12023.781,0x82,0x00,True,0.79,-3.22,-39.01,0,37.78
20:27:27.537,20:27:27.537,12033.756,0x82,0x00,True,0.66,-3.19,-39.01,0,37.75
20:27:37.523,20:27:37.523,12043.742,0x82,0x00,True,0.68,-3.26,-39.01,0,37.77
20:27:47.523,20:27:47.523,12053.742,0x82,0x00,True,0.79,-3.06,-39.01,0,37.69
20:27:57.518,20:27:57.518,12063.737,0x82,0x00,True,0.8,-3.14,-39.01,0,37.68
20:28:07.513,20:28:07.513,12073.732,0x82,0x00,True,0.77,-3.13,-39.01,0,37.8
20:28:17.513,20:28:17.513,12083.732,0x82,0x00,True,0.76,-3.21,-39.01,0,37.69
20:28:27.523,20:28:27.523,12093.742,0x82,0x00,True,0.84,-3.19,-39.01,0,37.74
20:28:37.502,20:28:37.502,12103.721,0x82,0x00,True,0.78,-3.31,-39.01,0,37.76
20:28:47.493,20:28:47.493,12113.712,0x82,0x00,True,0.89,-3.19,-39.01,0,37.76
20:28:57.492,20:28:57.492,12123.711,0x82,0x00,True,0.84,-3.02,-39.01,0,37.77
20:29:07.492,20:29:07.492,12133.711,0x82,0x00,True,0.81,-3.19,-39.01,0,37.74
20:29:17.482,20:29:17.482,12143.701,0x82,0x00,True,0.75,-3.33,-39.01,0,37.77
20:29:27.482,20:29:27.482,12153.701,0x82,0x00,True,0.84,-3.23,-39.01,0,37.77
20:29:37.473,20:29:37.473,12163.692,0x82,0x00,True,0.89,-3.01,-39.01,0,37.74
20:29:47.473,20:29:47.473,12173.692,0x82,0x00,True,0.82,-3.24,-39.01,0,37.8
20:29:57.473,20:29:57.473,12183.692,0x82,0x00,True,0.82,-3.35,-39.01,0,37.76
20:30:07.462,20:30:07.462,12193.681,0x82,0x00,True,0.76,-3.15,-39.01,0,37.71
20:30:17.457,20:30:17.457,12203.676,0x82,0x00,True,0.73,-3.1,-39.01,0,37.74
20:30:27.457,20:30:27.457,12213.676,0x82,0x00,True,0.85,-3.14,-39.01,0,37.69
20:30:37.443,20:30:37.443,12223.662,0x82,0x00,True,0.75,-3.18,-39.01,0,37.64
20:30:47.443,20:30:47.443,12233.662,0x82,0x00,True,0.9,-3.16,-39.01,0,37.65
20:30:57.433,20:30:57.433,12243.652,0x82,0x00,True,0.82,-3.41,-39.01,0,37.7
20:31:07.433,20:31:07.433,12253.652,0x82,0x00,True,0.79,-3.08,-39.01,0,37.77
20:31:17.433,20:31:17.433,12263.652,0x82,0x00,True,0.88,-2.99,-39.01,0,37.71
20:31:27.423,20:31:27.423,12273.642,0x82,0x00,True,0.75,-3.13,-39.01,0,37.67
20:31:37.422,20:31:37.422,12283.641,0x82,0x00,True,0.78,-3.16,-39.01,0,37.71
20:31:47.412,20:31:47.412,12293.631,0x82,0x00,True,0.82,-2.91,-39.01,0,37.68
20:31:57.403,20:31:57.403,12303.622,0x82,0x00,True,0.92,-3.2,-39.01,0,37.67
20:32:07.403,20:32:07.403,12313.622,0x82,0x00,True,0.81,-3.04,-39.01,0,37.65
20:32:17.403,20:32:17.403,12323.622,0x82,0x00,True,0.79,-3.22,-39.01,0,37.59
20:32:27.393,20:32:27.393,12333.612,0x82,0x00,True,0.88,-3.11,-39.01,0,37.65
20:32:37.393,20:32:37.393,12343.612,0x82,0x00,True,0.76,-3.13,-39.01,0,37.64
20:32:47.383,20:32:47.383,12353.602,0x82,0x00,True,0.87,-3.21,-39.01,0,37.65
20:32:57.378,20:32:57.378,12363.597,0x82,0x00,True,0.73,-3.17,-39.01,0,37.71
20:33:07.383,20:33:07.383,12373.602,0x82,0x00,True,0.71,-3.18,-39.01,0,37.62
20:33:17.362,20:33:17.362,12383.581,0x82,0x00,True,0.87,-3.16,-39.01,0,37.59
20:33:27.362,20:33:27.362,12393.581,0x82,0x00,True,0.78,-3.22,-39.01,0,37.65
20:33:37.353,20:33:37.353,12403.572,0x82,0x00,True,1.0,-3.18,-39.01,0,37.69
20:33:47.353,20:33:47.353,12413.572,0x82,0x00,True,0.74,-3.2,-39.01,0,37.7
20:33:57.343,20:33:57.343,12423.562,0x82,0x00,True,0.84,-3.23,-39.01,0,37.62
20:34:07.342,20:34:07.342,12433.561,0x82,0x00,True,0.82,-3.1,-39.01,0,37.75
20:34:17.333,20:34:17.333,12443.552,0x82,0x00,True,0.72,-3.15,-39.01,0,37.68
20:34:27.332,20:34:27.332,12453.551,0x82,0x00,True,0.86,-3.25,-39.01,0,37.7
20:34:37.322,20:34:37.322,12463.541,0x82,0x00,True,0.89,-3.02,-39.01,0,37.71
20:34:47.332,20:34:47.332,12473.551,0x82,0x00,True,0.73,-3.26,-39.01,0,37.76
20:34:57.322,20:34:57.322,12483.541,0x82,0x00,True,0.86,-3.12,-39.01,0,37.68
20:35:07.313,20:35:07.313,12493.532,0x82,0x00,True,0.85,-3.12,-39.01,0,37.7
20:35:17.313,20:35:17.313,12503.532,0x82,0x00,True,0.77,-3.27,-39.01,0,37.77
20:35:27.315,20:35:27.315,12513.534,0x82,0x00,True,0.71,-3.19,-39.01,0,37.73
20:35:37.297,20:35:37.297,12523.516,0x82,0x00,True,0.71,-3.2,-39.01,0,37.78
20:35:47.298,20:35:47.298,12533.517,0x82,0x00,True,0.87,-3.21,-39.01,0,37.83
20:35:57.282,20:35:57.282,12543.501,0x82,0x00,True,0.78,-3.33,-39.01,0,37.8
20:36:07.282,20:36:07.282,12553.501,0x82,0x00,True,0.88,-3.2,-39.01,0,37.69
20:36:17.338,20:36:17.338,12563.557,0x82,0x00,True,0.93,-3.15,-39.01,0,37.77
20:36:27.273,20:36:27.273,12573.492,0x82,0x00,True,0.72,-3.28,-39.01,0,37.8
20:36:37.263,20:36:37.263,12583.482,0x82,0x00,True,0.78,-2.95,-39.01,0,37.77
20:36:47.263,20:36:47.263,12593.482,0x82,0x00,True,0.72,-3.08,-39.01,0,37.71
20:36:57.253,20:36:57.253,12603.472,0x82,0x00,True,0.77,-3.2,-39.01,0,37.74
20:37:07.253,20:37:07.253,12613.472,0x82,0x00,True,0.75,-3.19,-39.01,0,37.72
20:37:17.243,20:37:17.243,12623.462,0x82,0x00,True,0.81,-3.08,-39.01,0,37.77
20:37:27.243,20:37:27.243,12633.462,0x82,0x00,True,0.79,-3.2,-39.01,0,37.73
20:37:37.233,20:37:37.233,12643.452,0x82,0x00,True,0.68,-3.06,-39.01,0,37.78
20:37:47.233,20:37:47.233,12653.452,0x82,0x00,True,0.82,-3.19,-39.01,0,37.77
20:37:57.233,20:37:57.233,12663.452,0x82,0x00,True,0.76,-3.11,-39.01,0,37.77
20:38:07.223,20:38:07.223,12673.442,0x82,0x00,True,0.73,-3.14,-39.01,0,37.71
20:38:17.218,20:38:17.218,12683.437,0x82,0x00,True,0.73,-3.19,-39.01,0,37.7
20:38:27.218,20:38:27.218,12693.437,0x82,0x00,True,0.83,-3.25,-39.01,0,37.74
20:38:37.202,20:38:37.202,12703.421,0x82,0x00,True,0.69,-3.04,-39.01,0,37.74
20:38:47.202,20:38:47.202,12713.421,0x82,0x00,True,0.87,-3.16,-39.01,0,37.72
20:38:57.193,20:38:57.193,12723.412,0x82,0x00,True,0.69,-3.14,-39.01,0,37.74
20:39:07.193,20:39:07.193,12733.412,0x82,0x00,True,0.71,-3.02,-39.01,0,37.66
20:39:17.193,20:39:17.193,12743.412,0x82,0x00,True,0.89,-3.11,-39.01,0,37.76
20:39:27.183,20:39:27.183,12753.402,0x82,0x00,True,0.68,-3.23,-39.01,0,37.76
20:39:37.173,20:39:37.173,12763.392,0x82,0x00,True,0.55,-3.19,-39.01,0,37.73
20:39:47.173,20:39:47.173,12773.392,0x82,0x00,True,0.77,-3.11,-39.01,0,37.72
20:39:57.163,20:39:57.163,12783.382,0x82,0x00,True,0.5,-3.15,-39.01,0,37.71
20:40:07.162,20:40:07.162,12793.381,0x82,0x00,True,0.61,-3.34,-39.01,0,37.76
20:40:17.153,20:40:17.153,12803.372,0x82,0x00,True,0.86,-3.17,-39.01,0,37.68
20:40:27.153,20:40:27.153,12813.372,0x82,0x00,True,0.75,-3.07,-39.01,0,37.74
20:40:37.143,20:40:37.143,12823.362,0x82,0x00,True,0.81,-3.13,-39.01,0,37.79
20:40:47.138,20:40:47.138,12833.357,0x82,0x00,True,0.9,-3.08,-39.01,0,37.71
20:40:57.123,20:40:57.123,12843.342,0x82,0x00,True,0.7,-3.22,-39.01,0,37.77
20:41:07.123,20:41:07.123,12853.342,0x82,0x00,True,0.96,-3.15,-39.01,0,37.71
20:41:17.122,20:41:17.122,12863.341,0x82,0x00,True,0.76,-3.23,-39.01,0,37.75
20:41:27.113,20:41:27.113,12873.332,0x82,0x00,True,0.78,-3.13,-39.01,0,37.74
20:41:37.112,20:41:37.112,12883.331,0x82,0x00,True,0.83,-3.15,-39.01,0,37.68
20:41:47.103,20:41:47.103,12893.322,0x82,0x00,True,0.72,-3.27,-39.01,0,37.73
20:41:57.103,20:41:57.103,12903.322,0x82,0x00,True,0.7,-3.14,-39.01,0,37.68
20:42:07.093,20:42:07.093,12913.312,0x82,0x00,True,0.77,-3.03,-39.01,0,37.74
20:42:17.082,20:42:17.082,12923.301,0x82,0x00,True,0.64,-3.1,-39.01,0,37.73
20:42:27.082,20:42:27.082,12933.301,0x82,0x00,True,0.68,-3.17,-39.01,0,37.75
20:42:37.072,20:42:37.072,12943.291,0x82,0x00,True,0.93,-3.14,-39.01,0,37.71
20:42:47.072,20:42:47.072,12953.291,0x82,0x00,True,0.75,-3.23,-39.01,0,37.62
20:42:57.072,20:42:57.072,12963.291,0x82,0x00,True,0.78,-3.16,-39.01,0,37.59
20:43:07.063,20:43:07.063,12973.282,0x82,0x00,True,0.64,-3.22,-39.01,0,37.67
20:43:17.068,20:43:17.068,12983.287,0x82,0x00,True,0.86,-3.11,-39.01,0,37.63
20:43:27.058,20:43:27.058,12993.277,0x82,0x00,True,0.85,-3.38,-39.01,0,37.68
20:43:37.042,20:43:37.042,13003.261,0x82,0x00,True,0.73,-3.19,-39.01,0,37.59
20:43:47.042,20:43:47.042,13013.261,0x82,0x00,True,0.74,-3.14,-39.01,0,37.67
20:43:57.032,20:43:57.032,13023.251,0x82,0x00,True,0.93,-3.31,-39.01,0,37.61
20:44:07.032,20:44:07.032,13033.251,0x82,0x00,True,0.68,-3.11,-39.01,0,37.59
20:44:17.023,20:44:17.023,13043.242,0x82,0x00,True,0.75,-3.21,-39.01,0,37.65
20:44:27.022,20:44:27.022,13053.241,0x82,0x00,True,0.72,-3.23,-39.01,0,37.64
20:44:37.012,20:44:37.012,13063.231,0x82,0x00,True,0.87,-3.14,-39.01,0,37.61
20:44:47.012,20:44:47.012,13073.231,0x82,0x00,True,0.88,-3.04,-39.01,0,37.62
20:44:57.003,20:44:57.003,13083.222,0x82,0x00,True,0.76,-3.11,-39.01,0,37.65
20:45:07.002,20:45:07.002,13093.221,0x82,0x00,True,0.73,-3.22,-39.01,0,37.66
20:45:16.992,20:45:16.992,13103.211,0x82,0x00,True,0.96,-3.24,-39.01,0,37.61
20:45:26.992,20:45:26.992,13113.211,0x82,0x00,True,0.82,-3.13,-39.01,0,37.57
20:45:36.992,20:45:36.992,13123.211,0x82,0x00,True,0.72,-3.2,-39.01,0,37.63
20:45:46.983,20:45:46.983,13133.202,0x82,0x00,True,0.65,-3.09,-39.01,0,37.55
20:45:56.977,20:45:56.977,13143.196,0x82,0x00,True,0.79,-3.17,-39.01,0,37.62
20:46:06.977,20:46:06.977,13153.196,0x82,0x00,True,0.77,-3.22,-39.01,0,37.6
20:46:16.978,20:46:16.978,13163.197,0x82,0x00,True,0.77,-3.22,-39.01,0,37.62
20:46:26.962,20:46:26.962,13173.181,0x82,0x00,True,0.77,-3.22,-39.01,0,37.64
20:46:36.962,20:46:36.962,13183.181,0x82,0x00,True,0.69,-3.25,-39.01,0,37.62
20:46:46.952,20:46:46.952,13193.171,0x82,0x00,True,0.74,-3.21,-39.01,0,37.56
20:46:56.952,20:46:56.952,13203.171,0x82,0x00,True,0.76,-3.26,-38.98,0,37.57
20:47:06.942,20:47:06.942,13213.161,0x82,0x00,True,0.83,-3.03,-38.98,0,37.52
20:47:16.943,20:47:16.943,13223.162,0x82,0x00,True,0.72,-3.11,-38.98,0,37.5
20:47:26.932,20:47:26.932,13233.151,0x82,0x00,True,0.74,-3.22,-38.98,0,37.55
20:47:36.932,20:47:36.932,13243.151,0x82,0x00,True,0.71,-3.19,-38.98,0,37.58
20:47:46.922,20:47:46.922,13253.141,0x82,0x00,True,0.75,-3.17,-38.98,0,37.5
20:47:56.922,20:47:56.922,13263.141,0x82,0x00,True,0.79,-3.08,-38.98,0,37.56
20:48:06.912,20:48:06.912,13273.131,0x82,0x00,True,0.8,-3.16,-38.98,0,37.58
20:48:16.911,20:48:16.911,13283.13,0x82,0x00,True,0.72,-3.18,-38.98,0,37.56
20:48:26.911,20:48:26.911,13293.13,0x82,0x00,True,0.84,-3.21,-38.98,0,37.59
20:48:36.902,20:48:36.902,13303.121,0x82,0x00,True,0.87,-3.2,-38.98,0,37.56
20:48:46.897,20:48:46.897,13313.116,0x82,0x00,True,0.79,-3.12,-38.98,0,37.56
20:48:56.898,20:48:56.898,13323.117,0x82,0x00,True,0.71,-3.1,-38.98,0,37.6
20:49:06.882,20:49:06.882,13333.101,0x82,0x00,True,0.79,-3.18,-38.98,0,37.58
20:49:16.882,20:49:16.882,13343.101,0x82,0x00,True,0.72,-3.14,-38.98,0,37.47
20:49:26.872,20:49:26.872,13353.091,0x82,0x00,True,0.77,-3.2,-38.98,0,37.62
20:49:36.872,20:49:36.872,13363.091,0x82,0x00,True,0.77,-3.24,-38.98,0,37.59
20:49:46.863,20:49:46.863,13373.082,0x82,0x00,True,0.86,-3.18,-38.98,0,37.59
20:49:56.862,20:49:56.862,13383.081,0x82,0x00,True,0.83,-3.11,-38.98,0,37.62
20:50:06.852,20:50:06.852,13393.071,0x82,0x00,True,0.76,-3.19,-38.98,0,37.65
20:50:16.852,20:50:16.852,13403.071,0x82,0x00,True,0.75,-3.19,-38.98,0,37.59
20:50:26.842,20:50:26.842,13413.061,0x82,0x00,True,0.76,-3.21,-38.98,0,37.66
20:50:36.842,20:50:36.842,13423.061,0x82,0x00,True,0.81,-3.11,-38.98,0,37.59
20:50:46.831,20:50:46.831,13433.05,0x82,0x00,True,0.8,-3.2,-38.98,0,37.59
20:50:56.832,20:50:56.832,13443.051,0x82,0x00,True,0.78,-3.25,-38.98,0,37.52
20:51:06.832,20:51:06.832,13453.051,0x82,0x00,True,0.78,-3.27,-38.98,0,37.57
20:51:16.817,20:51:16.817,13463.036,0x82,0x00,True,0.84,-3.09,-38.98,0,37.65
20:51:26.817,20:51:26.817,13473.036,0x82,0x00,True,0.77,-3.13,-38.98,0,37.62
20:51:36.803,20:51:36.803,13483.022,0x82,0x00,True,0.79,-3.11,-38.98,0,37.52
20:51:46.803,20:51:46.803,13493.022,0x82,0x00,True,0.72,-3.13,-38.98,0,37.65
20:51:56.792,20:51:56.792,13503.011,0x82,0x00,True,0.89,-3.25,-38.98,0,37.53
20:52:06.781,20:52:06.781,13513.0,0x82,0x00,True,0.83,-3.33,-38.98,0,37.58
20:52:16.782,20:52:16.782,13523.001,0x82,0x00,True,0.89,-3.18,-38.98,0,37.68
20:52:26.773,20:52:26.773,13532.992,0x82,0x00,True,0.78,-3.24,-38.98,0,37.62
20:52:36.772,20:52:36.772,13542.991,0x82,0x00,True,0.76,-3.14,-38.98,0,37.68
20:52:46.763,20:52:46.763,13552.982,0x82,0x00,True,0.75,-3.19,-38.98,0,37.59
20:52:56.762,20:52:56.762,13562.981,0x82,0x00,True,0.8,-3.15,-38.98,0,37.59
20:53:06.751,20:53:06.751,13572.97,0x82,0x00,True,0.75,-3.18,-38.98,0,37.56
20:53:16.752,20:53:16.752,13582.971,0x82,0x00,True,0.76,-3.24,-38.98,0,37.65
20:53:26.752,20:53:26.752,13592.971,0x82,0x00,True,0.69,-3.12,-38.98,0,37.63
20:53:36.742,20:53:36.742,13602.961,0x82,0x00,True,0.9,-3.11,-38.98,0,37.59
20:53:46.737,20:53:46.737,13612.956,0x82,0x00,True,0.75,-3.23,-38.98,0,37.68
20:53:56.737,20:53:56.737,13622.956,0x82,0x00,True,0.79,-3.09,-38.98,0,37.59
20:54:06.722,20:54:06.722,13632.941,0x82,0x00,True,0.76,-3.13,-38.98,0,37.6
20:54:16.712,20:54:16.712,13642.931,0x82,0x00,True,0.79,-3.16,-38.98,0,37.57
20:54:26.712,20:54:26.712,13652.931,0x82,0x00,True,0.83,-3.23,-38.98,0,37.62
20:54:36.711,20:54:36.711,13662.93,0x82,0x00,True,0.83,-3.16,-38.98,0,37.68
20:54:46.702,20:54:46.702,13672.921,0x82,0x00,True,0.77,-3.17,-38.98,0,37.7
20:54:56.692,20:54:56.692,13682.911,0x82,0x00,True,0.81,-3.1,-38.98,0,37.68
20:55:06.692,20:55:06.692,13692.911,0x82,0x00,True,0.8,-3.2,-38.98,0,37.74
20:55:16.682,20:55:16.682,13702.901,0x82,0x00,True,0.77,-3.18,-38.98,0,37.75
20:55:26.682,20:55:26.682,13712.901,0x82,0x00,True,0.78,-3.09,-38.98,0,37.72
20:55:36.698,20:55:36.698,13722.917,0x82,0x00,True,0.73,-3.25,-38.98,0,37.71
20:55:46.671,20:55:46.671,13732.89,0x82,0x00,True,0.88,-3.21,-38.98,0,37.71
20:55:56.672,20:55:56.672,13742.891,0x82,0x00,True,0.81,-3.16,-38.98,0,37.74
20:56:06.662,20:56:06.662,13752.881,0x82,0x00,True,0.78,-3.06,-38.98,0,37.79
20:56:16.657,20:56:16.657,13762.876,0x82,0x00,True,0.72,-3.04,-38.98,0,37.65
20:56:26.656,20:56:26.656,13772.875,0x82,0x00,True,0.88,-3.25,-38.98,0,37.77
20:56:36.642,20:56:36.642,13782.861,0x82,0x00,True,0.78,-3.17,-38.98,0,37.75
20:56:46.642,20:56:46.642,13792.861,0x82,0x00,True,0.86,-3.23,-38.98,0,37.78
20:56:56.632,20:56:56.632,13802.851,0x82,0x00,True,0.79,-3.11,-38.98,0,37.74
20:57:06.632,20:57:06.632,13812.851,0x82,0x00,True,0.8,-3.19,-38.98,0,37.77
20:57:16.621,20:57:16.621,13822.84,0x82,0x00,True,0.77,-3.14,-38.98,0,37.79
20:57:26.622,20:57:26.622,13832.841,0x82,0x00,True,0.82,-3.18,-38.98,0,37.74
20:57:36.622,20:57:36.622,13842.841,0x82,0x00,True,0.85,-3.19,-38.98,0,37.71
20:57:46.612,20:57:46.612,13852.831,0x82,0x00,True,0.78,-3.23,-38.97,0,37.74
20:57:56.613,20:57:56.613,13862.832,0x82,0x00,True,0.76,-3.16,-38.97,0,37.71
20:58:06.603,20:58:06.603,13872.822,0x82,0x00,True,0.8,-3.08,-38.97,0,37.74
20:58:16.602,20:58:16.602,13882.821,0x82,0x00,True,0.81,-3.17,-38.97,0,37.75
20:58:26.592,20:58:26.592,13892.811,0x82,0x00,True,0.77,-3.08,-38.97,0,37.74
20:58:36.592,20:58:36.592,13902.811,0x82,0x00,True,0.78,-3.14,-38.97,0,37.63
20:58:46.592,20:58:46.592,13912.811,0x82,0x00,True,0.81,-3.19,-38.97,0,37.65
20:58:56.592,20:58:56.592,13922.811,0x82,0x00,True,0.79,-3.18,-38.97,0,37.68
20:59:06.582,20:59:06.582,13932.801,0x82,0x00,True,0.76,-3.18,-38.97,0,37.68
20:59:16.577,20:59:16.577,13942.796,0x82,0x00,True,0.82,-3.22,-38.97,0,37.68
20:59:26.613,20:59:26.613,13952.832,0x82,0x00,True,0.79,-3.18,-38.97,0,37.71
20:59:36.562,20:59:36.562,13962.781,0x82,0x00,True,0.82,-3.23,-38.97,0,37.74
20:59:46.563,20:59:46.563,13972.782,0x82,0x00,True,0.79,-3.18,-38.97,0,37.55
20:59:56.552,20:59:56.552,13982.771,0x82,0x00,True,0.82,-3.08,-38.97,0,37.59
21:00:06.552,21:00:06.552,13992.771,0x82,0x00,True,0.78,-3.15,-38.97,0,37.6
21:00:16.542,21:00:16.542,14002.761,0x82,0x00,True,0.77,-3.15,-38.97,0,37.59
21:00:26.542,21:00:26.542,14012.761,0x82,0x00,True,0.77,-3.13,-38.97,0,37.57
21:00:36.532,21:00:36.532,14022.751,0x82,0x00,True,0.81,-3.19,-38.97,0,37.6
21:00:46.532,21:00:46.532,14032.751,0x82,0x00,True,0.7,-3.12,-38.97,0,37.51
21:00:56.522,21:00:56.522,14042.741,0x82,0x00,True,0.82,-3.14,-38.97,0,37.56
21:01:06.522,21:01:06.522,14052.741,0x82,0x00,True,0.81,-3.18,-38.97,0,37.53
21:01:16.512,21:01:16.512,14062.731,0x82,0x00,True,0.73,-3.16,-38.97,0,37.61
21:01:26.512,21:01:26.512,14072.731,0x82,0x00,True,0.78,-3.24,-38.97,0,37.62
21:01:36.513,21:01:36.513,14082.732,0x82,0x00,True,0.77,-3.16,-38.97,0,37.68
21:01:46.502,21:01:46.502,14092.721,0x82,0x00,True,0.78,-3.18,-38.97,0,37.73
21:01:56.497,21:01:56.497,14102.716,0x82,0x00,True,0.8,-3.17,-38.97,0,37.74
21:02:06.497,21:02:06.497,14112.716,0x82,0x00,True,0.76,-3.18,-38.97,0,37.68
21:02:16.483,21:02:16.483,14122.702,0x82,0x00,True,0.76,-3.14,-38.97,0,37.62
21:02:26.483,21:02:26.483,14132.702,0x82,0x00,True,0.77,-3.17,-38.97,0,37.69
21:02:36.472,21:02:36.472,14142.691,0x82,0x00,True,0.74,-3.19,-38.97,0,37.71
21:02:46.472,21:02:46.472,14152.691,0x82,0x00,True,0.78,-3.18,-38.97,0,37.69
21:02:56.462,21:02:56.462,14162.681,0x82,0x00,True,0.84,-3.17,-38.97,0,37.63
21:03:06.462,21:03:06.462,14172.681,0x82,0x00,True,0.76,-3.16,-38.97,0,37.76
21:03:16.453,21:03:16.453,14182.672,0x82,0x00,True,0.81,-3.14,-38.97,0,37.65
21:03:26.452,21:03:26.452,14192.671,0x82,0x00,True,0.88,-3.18,-38.97,0,37.73
21:03:36.443,21:03:36.443,14202.662,0x82,0x00,True,0.78,-3.19,-38.97,0,37.67
21:03:46.443,21:03:46.443,14212.662,0x82,0x00,True,0.78,-3.18,-38.97,0,37.64
21:03:56.462,21:03:56.462,14222.681,0x82,0x00,True,0.76,-3.05,-38.97,0,37.62
21:04:06.451,21:04:06.451,14232.67,0x82,0x00,True,0.81,-3.12,-38.97,0,37.72
21:04:16.443,21:04:16.443,14242.662,0x82,0x00,True,0.79,-3.2,-38.97,0,37.64
21:04:26.432,21:04:26.432,14252.651,0x82,0x00,True,0.77,-3.17,-38.97,0,37.75
21:04:36.457,21:04:36.457,14262.676,0x82,0x00,True,0.77,-3.14,-38.97,0,37.74
21:04:46.433,21:04:46.433,14272.652,0x82,0x00,True,0.75,-3.11,-38.97,0,37.66
21:04:56.432,21:04:56.432,14282.651,0x82,0x00,True,0.81,-3.18,-38.97,0,37.69
21:05:06.417,21:05:06.417,14292.636,0x82,0x00,True,0.75,-3.16,-38.97,0,37.75
21:05:16.418,21:05:16.418,14302.637,0x82,0x00,True,0.8,-3.13,-38.97,0,37.76
21:05:26.402,21:05:26.402,14312.621,0x82,0x00,True,0.79,-3.15,-38.97,0,37.73
21:05:36.403,21:05:36.403,14322.622,0x82,0x00,True,0.75,-3.19,-38.97,0,37.83
21:05:46.393,21:05:46.393,14332.612,0x82,0x00,True,0.77,-3.15,-38.97,0,37.91
21:05:56.393,21:05:56.393,14342.612,0x82,0x00,True,0.77,-3.11,-38.97,0,37.83
21:06:06.382,21:06:06.382,14352.601,0x82,0x00,True,0.79,-3.15,-38.97,0,37.85
21:06:16.383,21:06:16.383,14362.602,0x82,0x00,True,0.79,-3.15,-38.97,0,37.95
21:06:26.372,21:06:26.372,14372.591,0x82,0x00,True,0.74,-3.09,-38.97,0,37.91
21:06:36.382,21:06:36.382,14382.601,0x82,0x00,True,0.76,-3.18,-38.97,0,38.0
21:06:46.363,21:06:46.363,14392.582,0x82,0x00,True,0.79,-3.2,-38.97,0,37.91
21:06:56.363,21:06:56.363,14402.582,0x82,0x00,True,0.8,-3.17,-38.97,0,37.94
21:07:06.372,21:07:06.372,14412.591,0x82,0x00,True,0.79,-3.2,-38.97,0,37.93
21:07:16.382,21:07:16.382,14422.601,0x82,0x00,True,0.75,-3.13,-38.97,0,37.94
21:07:26.353,21:07:26.353,14432.572,0x82,0x00,True,0.76,-3.15,-38.97,0,37.86
21:07:36.352,21:07:36.352,14442.571,0x82,0x00,True,0.8,-3.2,-38.97,0,37.93
21:07:46.338,21:07:46.338,14452.557,0x82,0x00,True,0.8,-3.17,-38.97,0,37.93
21:07:56.338,21:07:56.338,14462.557,0x82,0x00,True,0.82,-3.17,-38.97,0,37.93
21:08:06.322,21:08:06.322,14472.541,0x82,0x00,True,0.8,-3.18,-38.97,0,37.96
21:08:16.322,21:08:16.322,14482.541,0x82,0x00,True,0.78,-3.16,-38.97,0,37.93
21:08:26.313,21:08:26.313,14492.532,0x82,0x00,True,0.76,-3.15,-38.97,0,37.92
21:08:36.313,21:08:36.313,14502.532,0x82,0x00,True,0.77,-3.14,-38.97,0,37.93
21:08:46.303,21:08:46.303,14512.522,0x82,0x00,True,0.82,-3.2,-38.95,0,37.97
21:08:56.302,21:08:56.302,14522.521,0x82,0x00,True,0.83,-3.17,-38.95,0,37.98
21:09:06.292,21:09:06.292,14532.511,0x82,0x00,True,0.78,-3.17,-38.95,0,37.92
21:09:16.292,21:09:16.292,14542.511,0x82,0x00,True,0.75,-3.15,-38.95,0,37.93
21:09:26.292,21:09:26.292,14552.511,0x82,0x00,True,0.72,-3.21,-38.95,0,38.0
21:09:36.282,21:09:36.282,14562.501,0x82,0x00,True,0.78,-3.09,-38.95,0,37.93
21:09:46.273,21:09:46.273,14572.492,0x82,0x00,True,0.74,-3.13,-38.95,0,37.91
21:09:56.273,21:09:56.273,14582.492,0x82,0x00,True,0.78,-3.24,-38.95,0,37.96
21:10:06.271,21:10:06.271,14592.49,0x82,0x00,True,0.77,-3.18,-38.95,0,37.99
21:10:16.263,21:10:16.263,14602.482,0x82,0x00,True,0.75,-3.21,-38.95,0,37.91
21:10:26.257,21:10:26.257,14612.476,0x82,0x00,True,0.79,-3.2,-38.95,0,37.95
21:10:36.257,21:10:36.257,14622.476,0x82,0x00,True,0.77,-3.15,-38.95,0,37.99
21:10:46.258,21:10:46.258,14632.477,0x82,0x00,True,0.8,-3.18,-38.95,0,37.9
21:10:56.242,21:10:56.242,14642.461,0x82,0x00,True,0.8,-3.19,-38.95,0,37.96
21:11:06.242,21:11:06.242,14652.461,0x82,0x00,True,0.78,-3.14,-38.95,0,38.01
21:11:16.233,21:11:16.233,14662.452,0x82,0x00,True,0.75,-3.2,-38.95,0,37.97
21:11:26.233,21:11:26.233,14672.452,0x82,0x00,True,0.78,-3.16,-38.95,0,37.94
21:11:36.222,21:11:36.222,14682.441,0x82,0x00,True,0.77,-3.18,-38.95,0,38.0
21:11:46.222,21:11:46.222,14692.441,0x82,0x00,True,0.78,-3.12,-38.95,0,38.02
21:11:56.213,21:11:56.213,14702.432,0x82,0x00,True,0.83,-3.18,-38.95,0,37.96
21:12:06.223,21:12:06.223,14712.442,0x82,0x00,True,0.78,-3.2,-38.95,0,37.9
21:12:16.212,21:12:16.212,14722.431,0x82,0x00,True,0.78,-3.12,-38.95,0,37.92
21:12:26.202,21:12:26.202,14732.421,0x82,0x00,True,0.81,-3.14,-38.95,0,37.93
21:12:36.203,21:12:36.203,14742.422,0x82,0x00,True,0.85,-3.15,-38.95,0,37.88
21:12:46.192,21:12:46.192,14752.411,0x82,0x00,True,0.75,-3.16,-38.95,0,37.92
21:12:56.202,21:12:56.202,14762.421,0x82,0x00,True,0.82,-3.21,-38.95,0,37.93
21:13:06.202,21:13:06.202,14772.421,0x82,0x00,True,0.83,-3.2,-38.95,0,37.99
21:13:16.182,21:13:16.182,14782.401,0x82,0x00,True,0.81,-3.19,-38.95,0,37.92
21:13:26.178,21:13:26.178,14792.397,0x82,0x00,True,0.84,-3.14,-38.95,0,37.93
21:13:36.162,21:13:36.162,14802.381,0x82,0x00,True,0.77,-3.15,-38.95,0,37.9
21:13:46.162,21:13:46.162,14812.381,0x82,0x00,True,0.78,-3.18,-38.95,0,37.91
21:13:56.153,21:13:56.153,14822.372,0x82,0x00,True,0.82,-3.11,-38.95,0,37.9
21:14:06.153,21:14:06.153,14832.372,0x82,0x00,True,0.75,-3.14,-38.95,0,37.92
21:14:16.153,21:14:16.153,14842.372,0x82,0x00,True,0.8,-3.15,-38.95,0,37.87
21:14:26.143,21:14:26.143,14852.362,0x82,0x00,True,0.75,-3.11,-38.95,0,37.8
21:14:36.132,21:14:36.132,14862.351,0x82,0x00,True,0.77,-3.14,-38.95,0,37.9
21:14:46.133,21:14:46.133,14872.352,0x82,0x00,True,0.81,-3.1,-38.95,0,37.86
21:14:56.122,21:14:56.122,14882.341,0x82,0x00,True,0.81,-3.14,-38.95,0,37.9
21:15:06.122,21:15:06.122,14892.341,0x82,0x00,True,0.78,-3.17,-38.95,0,37.86
21:15:16.113,21:15:16.113,14902.332,0x82,0x00,True,0.81,-3.14,-38.95,0,37.93
21:15:26.113,21:15:26.113,14912.332,0x82,0x00,True,0.8,-3.16,-38.95,0,37.9
21:15:36.113,21:15:36.113,14922.332,0x82,0x00,True,0.8,-3.1,-38.95,0,37.84
21:15:46.103,21:15:46.103,14932.322,0x82,0x00,True,0.76,-3.18,-38.95,0,37.83
21:15:56.097,21:15:56.097,14942.316,0x82,0x00,True,0.74,-3.12,-38.95,0,37.79
21:16:06.096,21:16:06.096,14952.315,0x82,0x00,True,0.78,-3.14,-38.95,0,37.76
21:16:16.082,21:16:16.082,14962.301,0x82,0x00,True,0.8,-3.18,-38.95,0,37.8
21:16:26.082,21:16:26.082,14972.301,0x82,0x00,True,0.8,-3.14,-38.95,0,37.76
21:16:36.073,21:16:36.073,14982.292,0x82,0x00,True,0.75,-3.12,-38.95,0,37.9
21:16:46.072,21:16:46.072,14992.291,0x82,0x00,True,0.76,-3.16,-38.95,0,37.83
21:16:56.063,21:16:56.063,15002.282,0x82,0x00,True,0.77,-3.09,-38.95,0,37.77
21:17:06.063,21:17:06.063,15012.282,0x82,0x00,True,0.74,-3.21,-38.95,0,37.81
21:17:16.063,21:17:16.063,15022.282,0x82,0x00,True,0.8,-3.14,-38.95,0,37.81
21:17:26.053,21:17:26.053,15032.272,0x82,0x00,True,0.8,-3.15,-38.95,0,37.86
21:17:36.052,21:17:36.052,15042.271,0x82,0x00,True,0.8,-3.13,-38.95,0,37.91
21:17:46.042,21:17:46.042,15052.261,0x82,0x00,True,0.8,-3.16,-38.95,0,37.88
21:17:56.042,21:17:56.042,15062.261,0x82,0x00,True,0.81,-3.11,-38.95,0,37.86
21:18:06.042,21:18:06.042,15072.261,0x82,0x00,True,0.82,-3.16,-38.95,0,37.83
21:18:16.032,21:18:16.032,15082.251,0x82,0x00,True,0.77,-3.1,-38.95,0,37.83
21:18:26.032,21:18:26.032,15092.251,0x82,0x00,True,0.79,-3.19,-38.95,0,37.8
21:18:36.032,21:18:36.032,15102.251,0x82,0x00,True,0.78,-3.17,-38.95,0,37.85
21:18:46.023,21:18:46.023,15112.242,0x82,0x00,True,0.77,-3.15,-38.95,0,37.84
21:18:56.018,21:18:56.018,15122.237,0x82,0x00,True,0.78,-3.16,-38.95,0,37.9
21:19:06.017,21:19:06.017,15132.236,0x82,0x00,True,0.78,-3.2,-38.95,0,37.89
21:19:16.003,21:19:16.003,15142.222,0x82,0x00,True,0.81,-3.15,-38.95,0,37.9
21:19:26.002,21:19:26.002,15152.221,0x82,0x00,True,0.78,-3.15,-38.95,0,37.97
21:19:35.992,21:19:35.992,15162.211,0x82,0x00,True,0.82,-3.15,-38.95,0,37.85
21:19:45.992,21:19:45.992,15172.211,0x82,0x00,True,0.76,-3.16,-38.95,0,37.97
21:19:55.992,21:19:55.992,15182.211,0x82,0x00,True,0.77,-3.13,-38.95,0,37.86
21:20:05.983,21:20:05.983,15192.202,0x82,0x00,True,0.8,-3.18,-38.95,0,37.92
21:20:15.984,21:20:15.984,15202.203,0x82,0x00,True,0.8,-3.11,-38.95,0,37.76
21:20:25.972,21:20:25.972,15212.191,0x82,0x00,True,0.83,-3.17,-38.95,0,37.92
21:20:35.973,21:20:35.973,15222.192,0x82,0x00,True,0.81,-3.12,-38.95,0,37.86
21:20:45.963,21:20:45.963,15232.182,0x82,0x00,True,0.81,-3.16,-38.95,0,37.89
21:20:55.963,21:20:55.963,15242.182,0x82,0x00,True,0.78,-3.15,-38.95,0,37.91
21:21:05.962,21:21:05.962,15252.181,0x82,0x00,True,0.78,-3.19,-38.95,0,37.82
21:21:15.952,21:21:15.952,15262.171,0x82,0x00,True,0.78,-3.15,-38.95,0,37.84
21:21:25.952,21:21:25.952,15272.171,0x82,0x00,True,0.73,-3.18,-38.95,0,37.83
21:21:35.952,21:21:35.952,15282.171,0x82,0x00,True,0.77,-3.16,-38.95,0,37.9
21:21:45.943,21:21:45.943,15292.162,0x82,0x00,True,0.82,-3.12,-38.95,0,37.92
21:21:55.938,21:21:55.938,15302.157,0x82,0x00,True,0.75,-3.15,-38.95,0,37.9
21:22:05.938,21:22:05.938,15312.157,0x82,0x00,True,0.79,-3.15,-38.95,0,37.99
21:22:15.922,21:22:15.922,15322.141,0x82,0x00,True,0.77,-3.18,-38.95,0,37.94
21:22:25.922,21:22:25.922,15332.141,0x82,0x00,True,0.77,-3.18,-38.95,0,38.05
21:22:35.938,21:22:35.938,15342.157,0x82,0x00,True,0.79,-3.11,-38.95,0,38.02
21:22:45.913,21:22:45.913,15352.132,0x82,0x00,True,0.78,-3.13,-38.95,0,37.95
21:22:55.903,21:22:55.903,15362.122,0x82,0x00,True,0.78,-3.19,-38.95,0,38.08
21:23:05.912,21:23:05.912,15372.131,0x82,0x00,True,0.79,-3.15,-38.95,0,38.06
21:23:15.893,21:23:15.893,15382.112,0x82,0x00,True,0.78,-3.12,-38.95,0,38.07
21:23:25.893,21:23:25.893,15392.112,0x82,0x00,True,0.8,-3.16,-38.95,0,38.02
21:23:35.883,21:23:35.883,15402.102,0x82,0x00,True,0.82,-3.13,-38.95,0,38.05
21:23:45.882,21:23:45.882,15412.101,0x82,0x00,True,0.77,-3.15,-38.95,0,38.11
21:23:55.872,21:23:55.872,15422.091,0x82,0x00,True,0.81,-3.15,-38.95,0,38.03
21:24:05.872,21:24:05.872,15432.091,0x82,0x00,True,0.74,-3.16,-38.95,0,38.05
21:24:15.872,21:24:15.872,15442.091,0x82,0x00,True,0.81,-3.16,-38.95,0,38.08
21:24:25.872,21:24:25.872,15452.091,0x82,0x00,True,0.79,-3.21,-38.95,0,38.08
21:24:35.862,21:24:35.862,15462.081,0x82,0x00,True,0.81,-3.18,-38.95,0,38.15
21:24:45.858,21:24:45.858,15472.077,0x82,0x00,True,0.79,-3.17,-38.95,0,38.17
21:24:55.858,21:24:55.858,15482.077,0x82,0x00,True,0.78,-3.19,-38.95,0,38.17
21:25:05.842,21:25:05.842,15492.061,0x82,0x00,True,0.78,-3.18,-38.95,0,38.19
21:25:15.842,21:25:15.842,15502.061,0x82,0x00,True,0.8,-3.15,-38.95,0,38.25
21:25:25.832,21:25:25.832,15512.051,0x82,0x00,True,0.79,-3.16,-38.95,0,38.2
21:25:35.843,21:25:35.843,15522.062,0x82,0x00,True,0.79,-3.15,-38.95,0,38.21
21:25:45.832,21:25:45.832,15532.051,0x82,0x00,True,0.77,-3.17,-38.95,0,38.19
21:25:55.832,21:25:55.832,15542.051,0x82,0x00,True,0.8,-3.15,-38.95,0,38.2
21:26:05.822,21:26:05.822,15552.041,0x82,0x00,True,0.8,-3.13,-38.95,0,38.19
21:26:15.813,21:26:15.813,15562.032,0x82,0x00,True,0.79,-3.21,-38.95,0,38.14
21:26:25.813,21:26:25.813,15572.032,0x82,0x00,True,0.8,-3.19,-38.95,0,38.14
21:26:35.802,21:26:35.802,15582.021,0x82,0x00,True,0.77,-3.16,-38.95,0,38.15
21:26:45.803,21:26:45.803,15592.022,0x82,0x00,True,0.8,-3.16,-38.95,0,38.2
21:26:55.803,21:26:55.803,15602.022,0x82,0x00,True,0.76,-3.17,-38.95,0,38.17
21:27:05.802,21:27:05.802,15612.021,0x82,0x00,True,0.77,-3.18,-38.95,0,38.22
21:27:15.802,21:27:15.802,15622.021,0x82,0x00,True,0.78,-3.18,-38.95,0,38.2
21:27:25.792,21:27:25.792,15632.011,0x82,0x00,True,0.8,-3.14,-38.95,0,38.22
21:27:35.792,21:27:35.792,15642.011,0x82,0x00,True,0.8,-3.16,-38.95,0,38.2
21:27:45.792,21:27:45.792,15652.011,0x82,0x00,True,0.8,-3.13,-38.95,0,38.24
21:27:55.782,21:27:55.782,15662.001,0x82,0x00,True,0.77,-3.18,-38.95,0,38.24
21:28:05.777,21:28:05.777,15671.996,0x82,0x00,True,0.81,-3.21,-38.95,0,38.21
21:28:15.778,21:28:15.778,15681.997,0x82,0x00,True,0.78,-3.15,-38.95,0,38.18
21:28:25.778,21:28:25.778,15691.997,0x82,0x00,True,0.77,-3.14,-38.95,0,38.17
21:28:35.763,21:28:35.763,15701.982,0x82,0x00,True,0.79,-3.18,-38.95,0,38.19
21:28:45.762,21:28:45.762,15711.981,0x82,0x00,True,0.8,-3.13,-38.95,0,38.22
21:28:55.752,21:28:55.752,15721.971,0x82,0x00,True,0.82,-3.18,-38.95,0,38.18
21:29:05.752,21:29:05.752,15731.971,0x82,0x00,True,0.78,-3.18,-38.95,0,38.23
21:29:15.742,21:29:15.742,15741.961,0x82,0x00,True,0.79,-3.19,-38.95,0,38.23
21:29:25.742,21:29:25.742,15751.961,0x82,0x00,True,0.8,-3.13,-38.95,0,38.23
21:29:35.733,21:29:35.733,15761.952,0x82,0x00,True,0.8,-3.16,-38.95,0,38.21
21:29:45.742,21:29:45.742,15771.961,0x82,0x00,True,0.79,-3.17,-38.95,0,38.22
21:29:55.732,21:29:55.732,15781.951,0x82,0x00,True,0.78,-3.16,-38.95,0,38.15
21:30:05.722,21:30:05.722,15791.941,0x82,0x00,True,0.82,-3.18,-38.95,0,38.16
21:30:15.723,21:30:15.723,15801.942,0x82,0x00,True,0.81,-3.12,-38.95,0,38.17
21:30:25.712,21:30:25.712,15811.931,0x82,0x00,True,0.77,-3.17,-38.95,0,38.14
21:30:35.712,21:30:35.712,15821.931,0x82,0x00,True,0.82,-3.14,-38.94,0,38.22
21:30:45.712,21:30:45.712,15831.931,0x82,0x00,True,0.81,-3.12,-38.94,0,38.26
21:30:55.713,21:30:55.713,15841.932,0x82,0x00,True,0.79,-3.15,-38.94,0,38.23
21:31:05.712,21:31:05.712,15851.931,0x82,0x00,True,0.79,-3.15,-38.94,0,38.15
21:31:15.697,21:31:15.697,15861.916,0x82,0x00,True,0.79,-3.2,-38.94,0,38.12
21:31:25.697,21:31:25.697,15871.916,0x82,0x00,True,0.8,-3.17,-38.94,0,38.18
21:31:35.683,21:31:35.683,15881.902,0x82,0x00,True,0.78,-3.14,-38.94,0,38.18
21:31:45.683,21:31:45.683,15891.902,0x82,0x00,True,0.8,-3.18,-38.94,0,38.15
21:31:55.683,21:31:55.683,15901.902,0x82,0x00,True,0.82,-3.09,-38.94,0,38.14
21:32:05.683,21:32:05.683,15911.902,0x82,0x00,True,0.76,-3.15,-38.94,0,38.19
21:32:15.672,21:32:15.672,15921.891,0x82,0x00,True,0.76,-3.16,-38.94,0,38.2
21:32:25.662,21:32:25.662,15931.881,0x82,0x00,True,0.79,-3.22,-38.94,0,38.14
21:32:35.673,21:32:35.673,15941.892,0x82,0x00,True,0.8,-3.16,-38.94,0,38.14
21:32:45.672,21:32:45.672,15951.891,0x82,0x00,True,0.78,-3.14,-38.94,0,38.07
21:32:55.653,21:32:55.653,15961.872,0x82,0x00,True,0.79,-3.15,-38.94,0,38.15
21:33:05.682,21:33:05.682,15971.901,0x82,0x00,True,0.8,-3.2,-38.94,0,38.08
21:33:15.643,21:33:15.643,15981.862,0x82,0x00,True,0.78,-3.17,-38.94,0,38.18
21:33:25.643,21:33:25.643,15991.862,0x82,0x00,True,0.78,-3.22,-38.94,0,38.16
21:33:35.632,21:33:35.632,16001.851,0x82,0x00,True,0.8,-3.18,-38.94,0,38.15
21:33:45.632,21:33:45.632,16011.851,0x82,0x00,True,0.77,-3.12,-38.94,0,38.17
21:33:55.632,21:33:55.632,16021.851,0x82,0x00,True,0.79,-3.19,-38.94,0,38.13
21:34:05.603,21:34:05.603,16031.822,0x82,0x00,True,0.79,-3.21,-38.94,0,38.15
21:34:15.617,21:34:15.617,16041.836,0x82,0x00,True,0.78,-3.12,-38.94,0,38.15
21:34:25.617,21:34:25.617,16051.836,0x82,0x00,True,0.77,-3.17,-38.94,0,38.14
21:34:35.603,21:34:35.603,16061.822,0x82,0x00,True,0.77,-3.12,-38.94,0,38.14
21:34:45.602,21:34:45.602,16071.821,0x82,0x00,True,0.78,-3.12,-38.94,0,38.07
21:34:55.602,21:34:55.602,16081.821,0x82,0x00,True,0.82,-3.16,-38.94,0,38.14
21:35:05.593,21:35:05.593,16091.812,0x82,0x00,True,0.8,-3.15,-38.94,0,38.16
21:35:15.592,21:35:15.592,16101.811,0x82,0x00,True,0.78,-3.13,-38.94,0,38.17
21:35:25.582,21:35:25.582,16111.801,0x82,0x00,True,0.8,-3.16,-38.94,0,38.14
21:35:35.583,21:35:35.583,16121.802,0x82,0x00,True,0.82,-3.13,-38.94,0,38.26
21:35:45.572,21:35:45.572,16131.791,0x82,0x00,True,0.77,-3.14,-38.94,0,38.14
21:35:55.572,21:35:55.572,16141.791,0x82,0x00,True,0.77,-3.18,-38.94,0,38.11
21:36:05.563,21:36:05.563,16151.782,0x82,0x00,True,0.81,-3.13,-38.94,0,38.14
21:36:15.582,21:36:15.582,16161.801,0x82,0x00,True,0.73,-3.23,-38.94,0,38.23
21:36:25.553,21:36:25.553,16171.772,0x82,0x00,True,0.78,-3.2,-38.94,0,38.16
21:36:35.553,21:36:35.553,16181.772,0x82,0x00,True,0.82,-3.18,-38.94,0,38.25
21:36:45.552,21:36:45.552,16191.771,0x82,0x00,True,0.76,-3.13,-38.94,0,38.25
21:36:55.542,21:36:55.542,16201.761,0x82,0x00,True,0.83,-3.18,-38.94,0,38.23
21:37:05.537,21:37:05.537,16211.756,0x82,0x00,True,0.75,-3.15,-38.94,0,38.2
21:37:15.568,21:37:15.568,16221.787,0x82,0x00,True,0.79,-3.15,-38.94,0,38.2
21:37:25.523,21:37:25.523,16231.742,0x82,0x00,True,0.79,-3.15,-38.94,0,38.17
21:37:35.523,21:37:35.523,16241.742,0x82,0x00,True,0.77,-3.14,-38.94,0,38.2
21:37:45.512,21:37:45.512,16251.731,0x82,0x00,True,0.77,-3.14,-38.94,0,38.23
21:37:55.512,21:37:55.512,16261.731,0x82,0x00,True,0.76,-3.1,-38.94,0,38.14
21:38:05.492,21:38:05.492,16271.711,0x82,0x00,True,0.8,-3.12,-38.94,0,38.25
21:38:15.513,21:38:15.513,16281.732,0x82,0x00,True,0.76,-3.14,-38.94,0,38.27
21:38:25.502,21:38:25.502,16291.721,0x82,0x00,True,0.79,-3.13,-38.94,0,38.19
21:38:35.492,21:38:35.492,16301.711,0x82,0x00,True,0.78,-3.17,-38.94,0,38.23
21:38:45.492,21:38:45.492,16311.711,0x82,0x00,True,0.79,-3.15,-38.94,0,38.22
21:38:55.483,21:38:55.483,16321.702,0x82,0x00,True,0.82,-3.14,-38.94,0,38.19
21:39:05.483,21:39:05.483,16331.702,0x82,0x00,True,0.83,-3.15,-38.94,0,38.21
21:39:15.483,21:39:15.483,16341.702,0x82,0x00,True,0.71,-3.14,-38.94,0,38.14
21:39:25.472,21:39:25.472,16351.691,0x82,0x00,True,0.8,-3.15,-38.94,0,38.18
21:39:35.473,21:39:35.473,16361.692,0x82,0x00,True,0.8,-3.13,-38.94,0,38.14
21:39:45.492,21:39:45.492,16371.711,0x82,0x00,True,0.81,-3.15,-38.94,0,38.17
21:39:55.463,21:39:55.463,16381.682,0x82,0x00,True,0.82,-3.14,-38.94,0,38.2
21:40:05.457,21:40:05.457,16391.676,0x82,0x00,True,0.78,-3.16,-38.94,0,38.14
21:40:15.457,21:40:15.457,16401.676,0x82,0x00,True,0.76,-3.11,-38.94,0,38.08
21:40:25.457,21:40:25.457,16411.676,0x82,0x00,True,0.82,-3.13,-38.94,0,38.05
21:40:35.443,21:40:35.443,16421.662,0x82,0x00,True,0.79,-3.17,-38.94,0,38.06
21:40:45.468,21:40:45.468,16431.687,0x82,0x00,True,0.79,-3.13,-38.94,0,38.08
21:40:55.433,21:40:55.433,16441.652,0x82,0x00,True,0.74,-3.17,-38.94,0,38.09
21:41:05.433,21:41:05.433,16451.652,0x82,0x00,True,0.77,-3.14,-38.94,0,38.08
21:41:15.422,21:41:15.422,16461.641,0x82,0x00,True,0.74,-3.1,-38.94,0,38.06
21:41:25.422,21:41:25.422,16471.641,0x82,0x00,True,0.75,-3.22,-38.92,0,38.16
21:41:35.423,21:41:35.423,16481.642,0x82,0x00,True,0.78,-3.17,-38.92,0,38.17
21:41:45.412,21:41:45.412,16491.631,0x82,0x00,True,0.8,-3.14,-38.92,0,38.2
21:41:55.412,21:41:55.412,16501.631,0x82,0x00,True,0.75,-3.17,-38.92,0,38.15
21:42:05.403,21:42:05.403,16511.622,0x82,0x00,True,0.76,-3.18,-38.92,0,38.19
21:42:15.403,21:42:15.403,16521.622,0x82,0x00,True,0.79,-3.13,-38.92,0,38.06
21:42:25.393,21:42:25.393,16531.612,0x82,0x00,True,0.78,-3.14,-38.92,0,38.19
21:42:35.393,21:42:35.393,16541.612,0x82,0x00,True,0.75,-3.1,-38.92,0,38.17
21:42:45.393,21:42:45.393,16551.612,0x82,0x00,True,0.75,-3.2,-38.92,0,38.27
21:42:55.393,21:42:55.393,16561.612,0x82,0x00,True,0.79,-3.15,-38.92,0,38.17
21:43:05.382,21:43:05.382,16571.601,0x82,0x00,True,0.83,-3.13,-38.92,0,38.19
21:43:15.378,21:43:15.378,16581.597,0x82,0x00,True,0.76,-3.09,-38.92,0,38.08
21:43:25.377,21:43:25.377,16591.596,0x82,0x00,True,0.79,-3.18,-38.92,0,38.09
21:43:35.363,21:43:35.363,16601.582,0x82,0x00,True,0.84,-3.12,-38.92,0,38.12
21:43:45.363,21:43:45.363,16611.582,0x82,0x00,True,0.8,-3.14,-38.92,0,38.11
21:43:55.353,21:43:55.353,16621.572,0x82,0x00,True,0.74,-3.15,-38.92,0,38.13
21:44:05.353,21:44:05.353,16631.572,0x82,0x00,True,0.77,-3.19,-38.92,0,38.14
21:44:15.353,21:44:15.353,16641.572,0x82,0x00,True,0.76,-3.15,-38.92,0,38.08
21:44:25.342,21:44:25.342,16651.561,0x82,0x00,True,0.79,-3.11,-38.92,0,38.06
21:44:35.388,21:44:35.388,16661.607,0x82,0x00,True,0.79,-3.14,-38.92,0,38.1
21:44:45.331,21:44:45.331,16671.55,0x82,0x00,True,0.79,-3.14,-38.92,0,37.99
21:44:55.332,21:44:55.332,16681.551,0x82,0x00,True,0.82,-3.19,-38.92,0,38.14
21:45:05.322,21:45:05.322,16691.541,0x82,0x00,True,0.74,-3.13,-38.92,0,38.11
21:45:15.313,21:45:15.313,16701.532,0x82,0x00,True,0.76,-3.15,-38.92,0,38.14
21:45:25.313,21:45:25.313,16711.532,0x82,0x00,True,0.79,-3.17,-38.92,0,38.13
21:45:35.303,21:45:35.303,16721.522,0x82,0x00,True,0.81,-3.12,-38.92,0,38.08
21:45:45.313,21:45:45.313,16731.532,0x82,0x00,True,0.79,-3.19,-38.92,0,38.1
21:45:55.313,21:45:55.313,16741.532,0x82,0x00,True,0.82,-3.14,-38.92,0,38.11
21:46:05.298,21:46:05.298,16751.517,0x82,0x00,True,0.74,-3.15,-38.92,0,38.05
21:46:15.298,21:46:15.298,16761.517,0x82,0x00,True,0.73,-3.14,-38.92,0,38.13
21:46:25.282,21:46:25.282,16771.501,0x82,0x00,True,0.75,-3.19,-38.92,0,38.14
21:46:35.282,21:46:35.282,16781.501,0x82,0x00,True,0.79,-3.16,-38.92,0,38.14
21:46:45.282,21:46:45.282,16791.501,0x82,0x00,True,0.76,-3.19,-38.92,0,38.14
21:46:55.273,21:46:55.273,16801.492,0x82,0x00,True,0.8,-3.16,-38.92,0,38.09
21:47:05.272,21:47:05.272,16811.491,0x82,0x00,True,0.77,-3.16,-38.92,0,38.19
21:47:15.273,21:47:15.273,16821.492,0x82,0x00,True,0.79,-3.14,-38.92,0,38.24
21:47:25.263,21:47:25.263,16831.482,0x82,0x00,True,0.74,-3.17,-38.92,0,38.17
21:47:35.252,21:47:35.252,16841.471,0x82,0x00,True,0.75,-3.14,-38.92,0,38.13
21:47:45.253,21:47:45.253,16851.472,0x82,0x00,True,0.77,-3.18,-38.92,0,38.14
21:47:55.242,21:47:55.242,16861.461,0x82,0x00,True,0.78,-3.17,-38.92,0,38.08
21:48:05.242,21:48:05.242,16871.461,0x82,0x00,True,0.74,-3.16,-38.92,0,38.08
21:48:15.233,21:48:15.233,16881.452,0x82,0x00,True,0.79,-3.18,-38.92,0,38.1
21:48:25.233,21:48:25.233,16891.452,0x82,0x00,True,0.83,-3.11,-38.92,0,38.14
21:48:35.233,21:48:35.233,16901.452,0x82,0x00,True,0.79,-3.18,-38.92,0,38.08
21:48:45.233,21:48:45.233,16911.452,0x82,0x00,True,0.82,-3.16,-38.92,0,38.08
21:48:55.233,21:48:55.233,16921.452,0x82,0x00,True,0.77,-3.13,-38.92,0,38.1
21:49:05.218,21:49:05.218,16931.437,0x82,0x00,True,0.73,-3.15,-38.92,0,38.09
21:49:15.202,21:49:15.202,16941.421,0x82,0x00,True,0.78,-3.16,-38.92,0,38.1
21:49:25.202,21:49:25.202,16951.421,0x82,0x00,True,0.75,-3.14,-38.92,0,38.11
21:49:35.202,21:49:35.202,16961.421,0x82,0x00,True,0.78,-3.14,-38.92,0,38.08
21:49:45.202,21:49:45.202,16971.421,0x82,0x00,True,0.82,-3.12,-38.92,0,38.05
21:49:55.223,21:49:55.223,16981.442,0x82,0x00,True,0.76,-3.12,-38.92,0,38.04
21:50:05.183,21:50:05.183,16991.402,0x82,0x00,True,0.78,-3.17,-38.92,0,38.05
21:50:15.182,21:50:15.182,17001.401,0x82,0x00,True,0.8,-3.17,-38.92,0,38.0
21:50:25.172,21:50:25.172,17011.391,0x82,0x00,True,0.81,-3.2,-38.92,0,38.07
21:50:35.172,21:50:35.172,17021.391,0x82,0x00,True,0.81,-3.17,-38.92,0,38.05
21:50:45.163,21:50:45.163,17031.382,0x82,0x00,True,0.75,-3.22,-38.92,0,38.05
21:50:55.162,21:50:55.162,17041.381,0x82,0x00,True,0.76,-3.14,-38.92,0,38.03
21:51:05.177,21:51:05.177,17051.396,0x82,0x00,True,0.79,-3.16,-38.92,0,38.17
21:51:15.172,21:51:15.172,17061.391,0x82,0x00,True,0.78,-3.15,-38.92,0,38.1
21:51:25.153,21:51:25.153,17071.372,0x82,0x00,True,0.86,-3.14,-38.92,0,38.14
21:51:35.178,21:51:35.178,17081.397,0x82,0x00,True,0.77,-3.13,-38.92,0,38.11
21:51:45.148,21:51:45.148,17091.367,0x82,0x00,True,0.79,-3.13,-38.92,0,38.14
21:51:55.148,21:51:55.148,17101.367,0x82,0x00,True,0.72,-3.11,-38.92,0,38.06
21:52:05.122,21:52:05.122,17111.341,0x82,0x00,True,0.76,-3.09,-38.92,0,38.06
21:52:15.122,21:52:15.122,17121.341,0x82,0x00,True,0.76,-3.17,-38.92,0,38.11
21:52:25.143,21:52:25.143,17131.362,0x82,0x00,True,0.68,-3.11,-38.93,0,38.1
21:52:35.112,21:52:35.112,17141.331,0x82,0x00,True,0.75,-3.18,-38.93,0,38.08
21:52:45.113,21:52:45.113,17151.332,0x82,0x00,True,0.76,-3.17,-38.93,0,38.14
21:52:55.113,21:52:55.113,17161.332,0x82,0x00,True,0.81,-3.14,-38.93,0,38.04
21:53:05.103,21:53:05.103,17171.322,0x82,0x00,True,0.71,-3.15,-38.93,0,38.08
21:53:15.101,21:53:15.101,17181.32,0x82,0x00,True,0.74,-3.17,-38.93,0,38.13
21:53:25.103,21:53:25.103,17191.322,0x82,0x00,True,0.82,-3.13,-38.93,0,38.1
21:53:35.092,21:53:35.092,17201.311,0x82,0x00,True,0.79,-3.15,-38.93,0,38.03
21:53:45.082,21:53:45.082,17211.301,0x82,0x00,True,0.74,-3.18,-38.93,0,38.06
21:53:55.099,21:53:55.099,17221.318,0x82,0x00,True,0.76,-3.15,-38.93,0,38.16
21:54:05.072,21:54:05.072,17231.291,0x82,0x00,True,0.78,-3.13,-38.93,0,38.15
21:54:15.103,21:54:15.103,17241.322,0x82,0x00,True,0.79,-3.19,-38.93,0,38.15
21:54:25.073,21:54:25.073,17251.292,0x82,0x00,True,0.81,-3.19,-38.93,0,38.14
21:54:35.072,21:54:35.072,17261.291,0x82,0x00,True,0.8,-3.11,-38.93,0,38.1
21:54:45.063,21:54:45.063,17271.282,0x82,0x00,True,0.82,-3.11,-38.93,0,38.11
21:54:55.068,21:54:55.068,17281.287,0x82,0x00,True,0.77,-3.19,-38.93,0,38.1
21:55:05.058,21:55:05.058,17291.277,0x82,0x00,True,0.75,-3.1,-38.93,0,38.11
21:55:15.042,21:55:15.042,17301.261,0x82,0x00,True,0.79,-3.11,-38.93,0,38.1
21:55:25.042,21:55:25.042,17311.261,0x82,0x00,True,0.83,-3.1,-38.93,0,38.1
21:55:35.042,21:55:35.042,17321.261,0x82,0x00,True,0.76,-3.18,-38.93,0,38.15
21:55:45.032,21:55:45.032,17331.251,0x82,0x00,True,0.75,-3.12,-38.93,0,38.14
21:55:55.042,21:55:55.042,17341.261,0x82,0x00,True,0.8,-3.15,-38.93,0,38.19
21:56:05.023,21:56:05.023,17351.242,0x82,0x00,True,0.84,-3.26,-38.93,0,38.14
21:56:15.023,21:56:15.023,17361.242,0x82,0x00,True,0.83,-3.06,-38.93,0,38.17
21:56:25.023,21:56:25.023,17371.242,0x82,0x00,True,0.79,-3.14,-38.93,0,38.11
21:56:35.013,21:56:35.013,17381.232,0x82,0x00,True,0.81,-3.24,-38.93,0,38.23
21:56:45.002,21:56:45.002,17391.221,0x82,0x00,True,0.84,-3.15,-38.93,0,38.11
21:56:55.002,21:56:55.002,17401.221,0x82,0x00,True,0.76,-3.15,-38.93,0,38.19
21:57:05.002,21:57:05.002,17411.221,0x82,0x00,True,0.8,-3.16,-38.93,0,38.19
21:57:14.992,21:57:14.992,17421.211,0x82,0x00,True,0.77,-3.21,-38.93,0,38.12
21:57:24.992,21:57:24.992,17431.211,0x82,0x00,True,0.75,-3.15,-38.93,0,38.1
21:57:34.992,21:57:34.992,17441.211,0x82,0x00,True,0.82,-3.22,-38.93,0,38.2
21:57:44.992,21:57:44.992,17451.211,0x82,0x00,True,0.73,-3.22,-38.93,0,38.2
21:57:54.983,21:57:54.983,17461.202,0x82,0x00,True,0.73,-3.19,-38.93,0,38.17
21:58:04.978,21:58:04.978,17471.197,0x82,0x00,True,0.75,-3.17,-38.93,0,38.12
21:58:14.978,21:58:14.978,17481.197,0x82,0x00,True,0.7,-3.11,-38.93,0,38.17
21:58:24.962,21:58:24.962,17491.181,0x82,0x00,True,0.75,-3.12,-38.93,0,38.26
21:58:34.963,21:58:34.963,17501.182,0x82,0x00,True,0.72,-3.12,-38.93,0,38.23
21:58:44.962,21:58:44.962,17511.181,0x82,0x00,True,0.77,-3.13,-38.93,0,38.25
21:58:54.952,21:58:54.952,17521.171,0x82,0x00,True,0.77,-3.13,-38.93,0,38.23
21:59:04.952,21:59:04.952,17531.171,0x82,0x00,True,0.73,-3.08,-38.93,0,38.22
21:59:14.943,21:59:14.943,17541.162,0x82,0x00,True,0.84,-3.21,-38.93,0,38.12
21:59:24.943,21:59:24.943,17551.162,0x82,0x00,True,0.84,-3.15,-38.93,0,38.17
21:59:34.952,21:59:34.952,17561.171,0x82,0x00,True,0.79,-3.07,-38.93,0,38.17
21:59:44.932,21:59:44.932,17571.151,0x82,0x00,True,0.82,-2.99,-38.93,0,38.15
21:59:54.922,21:59:54.922,17581.141,0x82,0x00,True,0.87,-3.18,-38.93,0,38.2
22:00:04.923,22:00:04.923,17591.142,0x82,0x00,True,0.77,-3.18,-38.93,0,38.22
22:00:14.922,22:00:14.922,17601.141,0x82,0x00,True,0.85,-3.18,-38.93,0,38.14
22:00:24.912,22:00:24.912,17611.131,0x82,0x00,True,0.78,-3.16,-38.93,0,38.23
22:00:34.912,22:00:34.912,17621.131,0x82,0x00,True,0.76,-3.18,-38.93,0,38.19
22:00:44.978,22:00:44.978,17631.197,0x82,0x00,True,0.76,-3.15,-38.93,0,38.18
22:00:54.912,22:00:54.912,17641.131,0x82,0x00,True,0.75,-3.08,-38.93,0,38.23
22:01:04.913,22:01:04.913,17651.132,0x82,0x00,True,0.78,-3.07,-38.93,0,38.2
22:01:14.898,22:01:14.898,17661.117,0x82,0x00,True,0.83,-3.17,-38.93,0,38.18
22:01:24.898,22:01:24.898,17671.117,0x82,0x00,True,0.78,-3.14,-38.93,0,38.2
22:01:34.883,22:01:34.883,17681.102,0x82,0x00,True,0.77,-3.14,-38.93,0,38.17
22:01:44.883,22:01:44.883,17691.102,0x82,0x00,True,0.77,-3.09,-38.93,0,38.14
22:01:54.872,22:01:54.872,17701.091,0x82,0x00,True,0.78,-3.19,-38.93,0,38.17
22:02:04.872,22:02:04.872,17711.091,0x82,0x00,True,0.81,-3.16,-38.93,0,38.12
22:02:14.872,22:02:14.872,17721.091,0x82,0x00,True,0.76,-3.18,-38.93,0,38.16
22:02:24.863,22:02:24.863,17731.082,0x82,0x00,True,0.78,-3.08,-38.93,0,38.17
22:02:34.862,22:02:34.862,17741.081,0x82,0x00,True,0.8,-3.08,-38.93,0,38.22
22:02:44.853,22:02:44.853,17751.072,0x82,0x00,True,0.78,-3.19,-38.93,0,38.24
22:02:54.853,22:02:54.853,17761.072,0x82,0x00,True,0.75,-3.24,-38.93,0,38.16
22:03:04.862,22:03:04.862,17771.081,0x82,0x00,True,0.74,-3.12,-38.93,0,38.17
22:03:14.842,22:03:14.842,17781.061,0x82,0x00,True,0.77,-3.15,-38.93,0,38.14
22:03:24.843,22:03:24.843,17791.062,0x82,0x00,True,0.78,-3.11,-38.92,0,38.23
22:03:34.832,22:03:34.832,17801.051,0x82,0x00,True,0.66,-3.09,-38.92,0,38.22
22:03:44.832,22:03:44.832,17811.051,0x82,0x00,True,0.87,-3.15,-38.92,0,38.22
22:03:54.832,22:03:54.832,17821.051,0x82,0x00,True,0.9,-3.07,-38.92,0,38.21
22:04:04.832,22:04:04.832,17831.051,0x82,0x00,True,0.88,-3.13,-38.92,0,38.19
22:04:14.832,22:04:14.832,17841.051,0x82,0x00,True,0.73,-3.12,-38.92,0,38.26
22:04:24.818,22:04:24.818,17851.037,0x82,0x00,True,0.79,-3.13,-38.92,0,38.19
22:04:34.818,22:04:34.818,17861.037,0x82,0x00,True,0.71,-3.08,-38.92,0,38.17
22:04:44.817,22:04:44.817,17871.036,0x82,0x00,True,0.81,-3.18,-38.92,0,38.19
22:04:54.802,22:04:54.802,17881.021,0x82,0x00,True,0.85,-3.05,-38.92,0,38.3
22:05:04.822,22:05:04.822,17891.041,0x82,0x00,True,0.79,-3.13,-38.92,0,38.27
22:05:14.792,22:05:14.792,17901.011,0x82,0x00,True,0.82,-3.18,-38.92,0,38.24
22:05:24.792,22:05:24.792,17911.011,0x82,0x00,True,0.74,-3.15,-38.92,0,38.21
22:05:34.792,22:05:34.792,17921.011,0x82,0x00,True,0.91,-3.09,-38.92,0,38.25
22:05:44.782,22:05:44.782,17931.001,0x82,0x00,True,0.76,-3.15,-38.92,0,38.22
22:05:54.782,22:05:54.782,17941.001,0x82,0x00,True,0.72,-3.16,-38.92,0,38.14
22:06:04.773,22:06:04.773,17950.992,0x82,0x00,True,0.68,-3.1,-38.92,0,38.1
22:06:14.782,22:06:14.782,17961.001,0x82,0x00,True,0.77,-3.18,-38.92,0,38.22
22:06:24.772,22:06:24.772,17970.991,0x82,0x00,True,0.78,-3.12,-38.92,0,38.17
22:06:34.763,22:06:34.763,17980.982,0x82,0x00,True,0.84,-3.14,-38.92,0,38.21
22:06:44.763,22:06:44.763,17990.982,0x82,0x00,True,0.69,-3.13,-38.92,0,38.21
22:06:54.773,22:06:54.773,18000.992,0x82,0x00,True,0.81,-3.17,-38.92,0,38.23
22:07:04.752,22:07:04.752,18010.971,0x82,0x00,True,0.8,-3.17,-38.92,0,38.23
22:07:14.752,22:07:14.752,18020.971,0x82,0x00,True,0.8,-3.05,-38.92,0,38.31
22:07:24.752,22:07:24.752,18030.971,0x82,0x00,True,0.73,-3.11,-38.92,0,38.3
22:07:34.752,22:07:34.752,18040.971,0x82,0x00,True,0.77,-3.14,-38.92,0,38.36
22:07:44.742,22:07:44.742,18050.961,0x82,0x00,True,0.86,-3.17,-38.92,0,38.26
22:07:54.737,22:07:54.737,18060.956,0x82,0x00,True,0.68,-3.21,-38.92,0,38.26
22:08:04.722,22:08:04.722,18070.941,0x82,0x00,True,0.83,-3.15,-38.92,0,38.26
22:08:14.737,22:08:14.737,18080.956,0x82,0x00,True,0.82,-3.08,-38.92,0,38.33
22:08:24.737,22:08:24.737,18090.956,0x82,0x00,True,0.71,-3.14,-38.92,0,38.27
22:08:34.722,22:08:34.722,18100.941,0x82,0x00,True,0.88,-3.11,-38.92,0,38.29
22:08:44.723,22:08:44.723,18110.942,0x82,0x00,True,0.87,-3.23,-38.92,0,38.17
22:08:54.722,22:08:54.722,18120.941,0x82,0x00,True,0.85,-3.22,-38.92,0,38.26
22:09:04.723,22:09:04.723,18130.942,0x82,0x00,True,0.73,-3.21,-38.92,0,38.23
22:09:14.712,22:09:14.712,18140.931,0x82,0x00,True,0.79,-3.08,-38.92,0,38.22
22:09:24.712,22:09:24.712,18150.931,0x82,0x00,True,0.8,-3.17,-38.92,0,38.23
22:09:34.712,22:09:34.712,18160.931,0x82,0x00,True,0.68,-3.13,-38.92,0,38.33
22:09:44.702,22:09:44.702,18170.921,0x82,0x00,True,0.82,-3.22,-38.92,0,38.24
22:09:54.693,22:09:54.693,18180.912,0x82,0x00,True,0.78,-3.19,-38.92,0,38.25
22:10:04.693,22:10:04.693,18190.912,0x82,0x00,True,0.75,-3.2,-38.92,0,38.33
22:10:14.693,22:10:14.693,18200.912,0x82,0x00,True,0.71,-3.12,-38.92,0,38.26
22:10:24.682,22:10:24.682,18210.901,0x82,0x00,True,0.75,-3.07,-38.92,0,38.29
22:10:34.682,22:10:34.682,18220.901,0x82,0x00,True,0.83,-3.26,-38.92,0,38.31
22:10:44.682,22:10:44.682,18230.901,0x82,0x00,True,0.64,-3.15,-38.92,0,38.36
22:10:54.672,22:10:54.672,18240.891,0x82,0x00,True,0.81,-3.23,-38.92,0,38.33
22:11:04.682,22:11:04.682,18250.901,0x82,0x00,True,0.86,-3.21,-38.92,0,38.33
22:11:14.684,22:11:14.684,18260.903,0x82,0x00,True,0.88,-3.17,-38.92,0,38.39
22:11:24.672,22:11:24.672,18270.891,0x82,0x00,True,0.74,-3.23,-38.92,0,38.44
22:11:34.662,22:11:34.662,18280.881,0x82,0x00,True,0.75,-3.09,-38.92,0,38.42
22:11:44.667,22:11:44.667,18290.886,0x82,0x00,True,0.8,-3.18,-38.92,0,38.39
22:11:54.657,22:11:54.657,18300.876,0x82,0x00,True,0.82,-3.18,-38.92,0,38.46
22:12:04.657,22:12:04.657,18310.876,0x82,0x00,True,0.75,-3.31,-38.92,0,38.47
22:12:14.642,22:12:14.642,18320.861,0x82,0x00,True,0.81,-3.2,-38.92,0,38.42
22:12:24.642,22:12:24.642,18330.861,0x82,0x00,True,0.87,-3.15,-38.92,0,38.47
22:12:34.632,22:12:34.632,18340.851,0x82,0x00,True,0.75,-3.09,-38.92,0,38.46
22:12:44.632,22:12:44.632,18350.851,0x82,0x00,True,0.76,-3.04,-38.92,0,38.45
22:12:54.622,22:12:54.622,18360.841,0x82,0x00,True,0.86,-3.19,-38.92,0,38.34
22:13:04.622,22:13:04.622,18370.841,0x82,0x00,True,0.73,-3.2,-38.92,0,38.41
22:13:14.622,22:13:14.622,18380.841,0x82,0x00,True,0.73,-3.14,-38.92,0,38.44
22:13:24.612,22:13:24.612,18390.831,0x82,0x00,True,0.82,-3.22,-38.92,0,38.44
22:13:34.612,22:13:34.612,18400.831,0x82,0x00,True,0.63,-3.19,-38.92,0,38.39
22:13:44.625,22:13:44.625,18410.844,0x82,0x00,True,0.83,-3.17,-38.92,0,38.45
22:13:54.602,22:13:54.602,18420.821,0x82,0x00,True,0.82,-3.13,-38.92,0,38.43
22:14:04.602,22:14:04.602,18430.821,0x82,0x00,True,0.8,-3.22,-38.92,0,38.42
22:14:14.592,22:14:14.592,18440.811,0x82,0x00,True,0.71,-3.04,-38.92,0,38.53
22:14:24.592,22:14:24.592,18450.811,0x82,0x00,True,0.72,-3.19,-38.92,0,38.45
22:14:34.593,22:14:34.593,18460.812,0x82,0x00,True,0.82,-3.1,-38.92,0,38.57
22:14:44.582,22:14:44.582,18470.801,0x82,0x00,True,0.88,-3.04,-38.92,0,38.48
22:14:54.577,22:14:54.577,18480.796,0x82,0x00,True,0.83,-3.23,-38.92,0,38.48
22:15:04.577,22:15:04.577,18490.796,0x82,0x00,True,0.75,-3.17,-38.92,0,38.54
22:15:14.577,22:15:14.577,18500.796,0x82,0x00,True,0.57,-3.23,-38.92,0,38.51
22:15:24.563,22:15:24.563,18510.782,0x82,0x00,True,0.78,-3.2,-38.92,0,38.48
22:15:34.563,22:15:34.563,18520.782,0x82,0x00,True,0.82,-3.24,-38.92,0,38.44
22:15:44.552,22:15:44.552,18530.771,0x82,0x00,True,0.72,-3.24,-38.92,0,38.36
22:15:54.563,22:15:54.563,18540.782,0x82,0x00,True,0.79,-3.15,-38.92,0,38.36
22:16:04.552,22:16:04.552,18550.771,0x82,0x00,True,0.7,-3.15,-38.92,0,38.34
22:16:14.552,22:16:14.552,18560.771,0x82,0x00,True,0.76,-3.28,-38.92,0,38.32
22:16:24.532,22:16:24.532,18570.751,0x82,0x00,True,0.74,-3.11,-38.92,0,38.4
22:16:34.532,22:16:34.532,18580.751,0x82,0x00,True,0.77,-3.26,-38.92,0,38.48
22:16:44.532,22:16:44.532,18590.751,0x82,0x00,True,0.87,-3.02,-38.92,0,38.51
22:16:54.523,22:16:54.523,18600.742,0x82,0x00,True,0.64,-3.23,-38.92,0,38.52
22:17:04.522,22:17:04.522,18610.741,0x82,0x00,True,0.87,-3.18,-38.92,0,38.43
22:17:14.513,22:17:14.513,18620.732,0x82,0x00,True,0.79,-3.24,-38.92,0,38.51
22:17:24.512,22:17:24.512,18630.731,0x82,0x00,True,0.65,-3.02,-38.92,0,38.33
22:17:34.512,22:17:34.512,18640.731,0x82,0x00,True,0.75,-3.16,-38.92,0,38.44
22:17:44.512,22:17:44.512,18650.731,0x82,0x00,True,0.77,-3.11,-38.92,0,38.33
22:17:54.513,22:17:54.513,18660.732,0x82,0x00,True,0.84,-3.08,-38.92,0,38.37
22:18:04.497,22:18:04.497,18670.716,0x82,0x00,True,0.78,-3.11,-38.92,0,38.35
22:18:14.497,22:18:14.497,18680.716,0x82,0x00,True,0.79,-3.13,-38.92,0,38.32
22:18:24.497,22:18:24.497,18690.716,0x82,0x00,True,0.8,-3.2,-38.92,0,38.39
22:18:34.482,22:18:34.482,18700.701,0x82,0x00,True,0.74,-3.21,-38.92,0,38.42
22:18:44.483,22:18:44.483,18710.702,0x82,0x00,True,0.81,-3.1,-38.92,0,38.35
22:18:54.472,22:18:54.472,18720.691,0x82,0x00,True,0.81,-3.26,-38.92,0,38.33
22:19:04.472,22:19:04.472,18730.691,0x82,0x00,True,0.85,-3.2,-38.92,0,38.33
22:19:14.473,22:19:14.473,18740.692,0x82,0x00,True,0.78,-3.29,-38.92,0,38.49
22:19:24.462,22:19:24.462,18750.681,0x82,0x00,True,0.77,-3.11,-38.92,0,38.31
22:19:34.462,22:19:34.462,18760.681,0x82,0x00,True,0.76,-3.12,-38.92,0,38.46
22:19:44.452,22:19:44.452,18770.671,0x82,0x00,True,0.78,-3.34,-38.92,0,38.37
22:19:54.452,22:19:54.452,18780.671,0x82,0x00,True,0.71,-3.18,-38.92,0,38.54
22:20:04.452,22:20:04.452,18790.671,0x82,0x00,True,0.79,-3.21,-38.92,0,38.38
22:20:14.443,22:20:14.443,18800.662,0x82,0x00,True,0.81,-3.12,-38.92,0,38.33
22:20:24.443,22:20:24.443,18810.662,0x82,0x00,True,0.82,-3.14,-38.92,0,38.46
22:20:34.433,22:20:34.433,18820.652,0x82,0x00,True,0.91,-3.12,-38.92,0,38.39
22:20:44.432,22:20:44.432,18830.651,0x82,0x00,True,0.83,-3.0,-38.92,0,38.48
22:20:54.432,22:20:54.432,18840.651,0x82,0x00,True,0.75,-3.08,-38.92,0,38.5
22:21:04.432,22:21:04.432,18850.651,0x82,0x00,True,0.68,-3.2,-38.92,0,38.47
22:21:14.432,22:21:14.432,18860.651,0x82,0x00,True,0.62,-3.12,-38.92,0,38.51
22:21:24.422,22:21:24.422,18870.641,0x82,0x00,True,0.74,-3.12,-38.92,0,38.47
22:21:34.417,22:21:34.417,18880.636,0x82,0x00,True,0.72,-3.17,-38.92,0,38.48
22:21:44.416,22:21:44.416,18890.635,0x82,0x00,True,0.76,-3.23,-38.92,0,38.57
22:21:54.417,22:21:54.417,18900.636,0x82,0x00,True,0.85,-3.05,-38.92,0,38.38
22:22:04.403,22:22:04.403,18910.622,0x82,0x00,True,0.71,-3.14,-38.92,0,38.54
22:22:14.403,22:22:14.403,18920.622,0x82,0x00,True,0.9,-3.16,-38.92,0,38.54
22:22:24.403,22:22:24.403,18930.622,0x82,0x00,True,0.7,-3.2,-38.92,0,38.53
22:22:34.392,22:22:34.392,18940.611,0x82,0x00,True,0.82,-3.26,-38.92,0,38.5
22:22:44.393,22:22:44.393,18950.612,0x82,0x00,True,0.81,-3.2,-38.92,0,38.41
22:22:54.392,22:22:54.392,18960.611,0x82,0x00,True,0.85,-3.11,-38.92,0,38.46
22:23:04.382,22:23:04.382,18970.601,0x82,0x00,True,0.83,-3.17,-38.92,0,38.44
22:23:14.382,22:23:14.382,18980.601,0x82,0x00,True,0.66,-3.2,-38.92,0,38.51
22:23:24.382,22:23:24.382,18990.601,0x82,0x00,True,0.72,-3.17,-38.92,0,38.45
22:23:34.372,22:23:34.372,19000.591,0x82,0x00,True,0.73,-3.11,-38.92,0,38.5
22:23:44.372,22:23:44.372,19010.591,0x82,0x00,True,0.71,-3.25,-38.92,0,38.54
22:23:54.372,22:23:54.372,19020.591,0x82,0x00,True,0.66,-3.16,-38.92,0,38.42
22:24:04.363,22:24:04.363,19030.582,0x82,0x00,True,0.77,-3.14,-38.92,0,38.48
22:24:14.372,22:24:14.372,19040.591,0x82,0x00,True,0.75,-3.13,-38.92,0,38.57
22:24:24.362,22:24:24.362,19050.581,0x82,0x00,True,0.73,-3.04,-38.92,0,38.4
22:24:34.352,22:24:34.352,19060.571,0x82,0x00,True,0.81,-3.08,-38.92,0,38.63
22:24:44.353,22:24:44.353,19070.572,0x82,0x00,True,0.71,-3.23,-38.92,0,38.54
22:24:54.363,22:24:54.363,19080.582,0x82,0x00,True,0.81,-3.14,-38.92,0,38.57
22:25:04.352,22:25:04.352,19090.571,0x82,0x00,True,0.69,-3.09,-38.92,0,38.42
22:25:14.347,22:25:14.347,19100.566,0x82,0x00,True,0.77,-3.31,-38.9,0,38.54
22:25:24.337,22:25:24.337,19110.556,0x82,0x00,True,0.82,-3.07,-38.9,0,38.58
22:25:34.321,22:25:34.321,19120.54,0x82,0x00,True,0.78,-3.2,-38.9,0,38.61
22:25:44.322,22:25:44.322,19130.541,0x82,0x00,True,0.8,-3.16,-38.9,0,38.48
22:25:54.312,22:25:54.312,19140.531,0x82,0x00,True,0.84,-3.14,-38.9,0,38.57
22:26:04.312,22:26:04.312,19150.531,0x82,0x00,True,0.84,-3.08,-38.9,0,38.6
22:26:14.302,22:26:14.302,19160.521,0x82,0x00,True,0.74,-3.03,-38.9,0,38.52
22:26:24.302,22:26:24.302,19170.521,0x82,0x00,True,0.82,-3.06,-38.9,0,38.49
22:26:34.302,22:26:34.302,19180.521,0x82,0x00,True,0.77,-3.14,-38.9,0,38.45
22:26:44.292,22:26:44.292,19190.511,0x82,0x00,True,0.75,-3.3,-38.9,0,38.41
22:26:54.292,22:26:54.292,19200.511,0x82,0x00,True,0.76,-3.2,-38.9,0,38.48
22:27:04.282,22:27:04.282,19210.501,0x82,0x00,True,0.83,-3.24,-38.9,0,38.5
22:27:14.281,22:27:14.281,19220.5,0x82,0x00,True,0.78,-3.21,-38.9,0,38.43
22:27:24.273,22:27:24.273,19230.492,0x82,0x00,True,0.86,-3.06,-38.9,0,38.41
22:27:34.272,22:27:34.272,19240.491,0x82,0x00,True,0.82,-3.18,-38.9,0,38.46
22:27:44.273,22:27:44.273,19250.492,0x82,0x00,True,0.76,-3.17,-38.9,0,38.42
22:27:54.257,22:27:54.257,19260.476,0x82,0x00,True,0.92,-3.22,-38.9,0,38.39
22:28:04.257,22:28:04.257,19270.476,0x82,0x00,True,0.74,-3.15,-38.9,0,38.49
22:28:14.257,22:28:14.257,19280.476,0x82,0x00,True,0.73,-3.22,-38.9,0,38.5
22:28:24.267,22:28:24.267,19290.486,0x82,0x00,True,0.68,-3.13,-38.9,0,38.54
22:28:34.222,22:28:34.222,19300.441,0x82,0x00,True,0.89,-3.11,-38.9,0,38.49
22:28:44.242,22:28:44.242,19310.461,0x82,0x00,True,0.73,-3.26,-38.9,0,38.47
22:28:54.233,22:28:54.233,19320.452,0x82,0x00,True,0.76,-3.07,-38.9,0,38.57
22:29:04.223,22:29:04.223,19330.442,0x82,0x00,True,0.74,-3.19,-38.9,0,38.51
22:29:14.232,22:29:14.232,19340.451,0x82,0x00,True,0.78,-3.23,-38.9,0,38.45
22:29:24.212,22:29:24.212,19350.431,0x82,0x00,True,0.63,-3.19,-38.9,0,38.6
22:29:34.212,22:29:34.212,19360.431,0x82,0x00,True,0.78,-3.11,-38.9,0,38.54
22:29:44.202,22:29:44.202,19370.421,0x82,0x00,True,0.78,-3.04,-38.9,0,38.64
22:29:54.202,22:29:54.202,19380.421,0x82,0x00,True,0.83,-3.11,-38.9,0,38.59
22:30:04.192,22:30:04.192,19390.411,0x82,0x00,True,0.81,-3.1,-38.9,0,38.62
22:30:14.193,22:30:14.193,19400.412,0x82,0x00,True,0.83,-3.18,-38.9,0,38.48
22:30:24.193,22:30:24.193,19410.412,0x82,0x00,True,0.76,-3.12,-38.9,0,38.45
22:30:34.193,22:30:34.193,19420.412,0x82,0x00,True,0.98,-2.91,-38.9,0,38.55
22:30:44.182,22:30:44.182,19430.401,0x82,0x00,True,0.0,-3.2,-38.9,0,38.61
22:30:54.187,22:30:54.187,19440.406,0x82,0x00,True,0.78,-2.8,-38.9,0,38.64
22:31:04.178,22:31:04.178,19450.397,0x82,0x00,True,0.93,-3.15,-38.9,0,38.62
22:31:14.162,22:31:14.162,19460.381,0x82,0x00,True,0.72,-3.24,-38.9,0,38.58
22:31:24.182,22:31:24.182,19470.401,0x82,0x00,True,0.8,-3.17,-38.9,0,38.64
22:31:34.162,22:31:34.162,19480.381,0x82,0x00,True,0.77,-3.18,-38.9,0,38.57
22:31:44.153,22:31:44.153,19490.372,0x82,0x00,True,0.74,-3.17,-38.9,0,38.47
22:31:54.153,22:31:54.153,19500.372,0x82,0x00,True,0.84,-3.14,-38.9,0,38.43
22:32:04.152,22:32:04.152,19510.371,0x82,0x00,True,0.75,-3.14,-38.9,0,38.48
22:32:14.143,22:32:14.143,19520.362,0x82,0x00,True,0.75,-3.16,-38.9,0,38.42
22:32:24.142,22:32:24.142,19530.361,0x82,0x00,True,0.8,-3.15,-38.9,0,38.43
22:32:34.133,22:32:34.133,19540.352,0x82,0x00,True,0.78,-3.22,-38.9,0,38.54
22:32:44.132,22:32:44.132,19550.351,0x82,0x00,True,0.8,-3.18,-38.9,0,38.53
22:32:54.122,22:32:54.122,19560.341,0x82,0x00,True,0.79,-3.12,-38.9,0,38.57
22:33:04.122,22:33:04.122,19570.341,0x82,0x00,True,0.78,-3.14,-38.9,0,38.51
22:33:14.122,22:33:14.122,19580.341,0x82,0x00,True,0.77,-3.1,-38.9,0,38.48
22:33:24.113,22:33:24.113,19590.332,0x82,0x00,True,0.82,-3.13,-38.9,0,38.6
22:33:34.113,22:33:34.113,19600.332,0x82,0x00,True,0.74,-3.18,-38.9,0,38.61
22:33:44.112,22:33:44.112,19610.331,0x82,0x00,True,0.78,-3.2,-38.9,0,38.43
22:33:54.112,22:33:54.112,19620.331,0x82,0x00,True,0.84,-3.12,-38.9,0,38.52
22:34:04.102,22:34:04.102,19630.321,0x82,0x00,True,0.75,-3.19,-38.9,0,38.5
22:34:14.098,22:34:14.098,19640.317,0x82,0x00,True,0.77,-3.15,-38.9,0,38.48
22:34:24.098,22:34:24.098,19650.317,0x82,0x00,True,0.77,-3.15,-38.9,0,38.58
22:34:34.082,22:34:34.082,19660.301,0x82,0x00,True,0.81,-3.09,-38.9,0,38.61
22:34:44.103,22:34:44.103,19670.322,0x82,0x00,True,0.86,-3.16,-38.9,0,38.55
22:34:54.072,22:34:54.072,19680.291,0x82,0x00,True,0.81,-3.16,-38.9,0,38.5
22:35:04.072,22:35:04.072,19690.291,0x82,0x00,True,0.78,-3.15,-38.9,0,38.54
22:35:14.072,22:35:14.072,19700.291,0x82,0x00,True,0.76,-3.1,-38.9,0,38.5
22:35:24.063,22:35:24.063,19710.282,0x82,0x00,True,0.77,-3.13,-38.9,0,38.48
22:35:34.063,22:35:34.063,19720.282,0x82,0x00,True,0.75,-3.1,-38.9,0,38.55
22:35:44.063,22:35:44.063,19730.282,0x82,0x00,True,0.8,-3.08,-38.9,0,38.49
22:35:54.052,22:35:54.052,19740.271,0x82,0x00,True,0.79,-3.17,-38.9,0,38.5
22:36:04.063,22:36:04.063,19750.282,0x82,0x00,True,0.81,-3.16,-38.9,0,38.54
22:36:14.053,22:36:14.053,19760.272,0x82,0x00,True,0.77,-3.16,-38.9,0,38.54
22:36:24.042,22:36:24.042,19770.261,0x82,0x00,True,0.78,-3.1,-38.9,0,38.51
22:36:34.042,22:36:34.042,19780.261,0x82,0x00,True,0.78,-3.14,-38.9,0,38.54
22:36:44.042,22:36:44.042,19790.261,0x82,0x00,True,0.81,-3.2,-38.9,0,38.49
22:36:54.032,22:36:54.032,19800.251,0x82,0x00,True,0.85,-3.16,-38.9,0,38.57
22:37:04.034,22:37:04.034,19810.253,0x82,0x00,True,0.78,-3.13,-38.9,0,38.45
22:37:14.032,22:37:14.032,19820.251,0x82,0x00,True,0.8,-3.13,-38.9,0,38.42
22:37:24.032,22:37:24.032,19830.251,0x82,0x00,True,0.79,-3.11,-38.9,0,38.52
22:37:34.023,22:37:34.023,19840.242,0x82,0x00,True,0.81,-3.17,-38.9,0,38.33
22:37:44.017,22:37:44.017,19850.236,0x82,0x00,True,0.78,-3.15,-38.9,0,38.45
22:37:54.028,22:37:54.028,19860.247,0x82,0x00,True,0.77,-3.17,-38.9,0,38.46
22:38:04.037,22:38:04.037,19870.256,0x82,0x00,True,0.74,-3.15,-38.9,0,38.39
22:38:14.018,22:38:14.018,19880.237,0x82,0x00,True,0.78,-3.15,-38.9,0,38.42
22:38:24.002,22:38:24.002,19890.221,0x82,0x00,True,0.76,-3.16,-38.9,0,38.41
22:38:34.002,22:38:34.002,19900.221,0x82,0x00,True,0.8,-3.16,-38.9,0,38.44
22:38:44.028,22:38:44.028,19910.247,0x82,0x00,True,0.81,-3.17,-38.9,0,38.45
22:38:54.017,22:38:54.017,19920.236,0x82,0x00,True,0.81,-3.12,-38.9,0,38.44
22:39:03.992,22:39:03.992,19930.211,0x82,0x00,True,0.73,-3.11,-38.9,0,38.33
22:39:13.992,22:39:13.992,19940.211,0x82,0x00,True,0.81,-3.13,-38.9,0,38.43
22:39:23.983,22:39:23.983,19950.202,0x82,0x00,True,0.81,-3.13,-38.9,0,38.5
22:39:33.983,22:39:33.983,19960.202,0x82,0x00,True,0.77,-3.19,-38.9,0,38.45
22:39:43.972,22:39:43.972,19970.191,0x82,0x00,True,0.8,-3.14,-38.9,0,38.42
22:39:53.973,22:39:53.973,19980.192,0x82,0x00,True,0.79,-3.17,-38.9,0,38.43
22:40:03.973,22:40:03.973,19990.192,0x82,0x00,True,0.75,-3.17,-38.9,0,38.43
22:40:13.962,22:40:13.962,20000.181,0x82,0x00,True,0.78,-3.21,-38.9,0,38.46
22:40:23.961,22:40:23.961,20010.18,0x82,0x00,True,0.8,-3.13,-38.9,0,38.48
22:40:33.962,22:40:33.962,20020.181,0x82,0x00,True,0.79,-3.16,-38.9,0,38.48
22:40:43.952,22:40:43.952,20030.171,0x82,0x00,True,0.81,-3.19,-38.9,0,38.41
22:40:53.952,22:40:53.952,20040.171,0x82,0x00,True,0.77,-3.12,-38.9,0,38.45
22:41:03.973,22:41:03.973,20050.192,0x82,0x00,True,0.78,-3.16,-38.9,0,38.43
22:41:13.952,22:41:13.952,20060.171,0x82,0x00,True,0.79,-3.16,-38.9,0,38.46
22:41:23.952,22:41:23.952,20070.171,0x82,0x00,True,0.76,-3.13,-38.9,0,38.48
22:41:33.952,22:41:33.952,20080.171,0x82,0x00,True,0.76,-3.12,-38.9,0,38.55
22:41:43.938,22:41:43.938,20090.157,0x82,0x00,True,0.79,-3.13,-38.9,0,38.47
22:41:53.937,22:41:53.937,20100.156,0x82,0x00,True,0.8,-3.18,-38.9,0,38.51
22:42:03.938,22:42:03.938,20110.157,0x82,0x00,True,0.82,-3.16,-38.9,0,38.57
22:42:13.938,22:42:13.938,20120.157,0x82,0x00,True,0.78,-3.16,-38.9,0,38.48
22:42:23.943,22:42:23.943,20130.162,0x82,0x00,True,0.81,-3.12,-38.9,0,38.41
22:42:33.922,22:42:33.922,20140.141,0x82,0x00,True,0.77,-3.16,-38.9,0,38.54
22:42:43.923,22:42:43.923,20150.142,0x82,0x00,True,0.78,-3.17,-38.9,0,38.39
22:42:53.912,22:42:53.912,20160.131,0x82,0x00,True,0.81,-3.13,-38.9,0,38.46
22:43:03.898,22:43:03.898,20170.117,0x82,0x00,True,0.76,-3.16,-38.9,0,38.49
22:43:13.903,22:43:13.903,20180.122,0x82,0x00,True,0.79,-3.12,-38.9,0,38.54
22:43:23.903,22:43:23.903,20190.122,0x82,0x00,True,0.76,-3.13,-38.9,0,38.49
22:43:33.913,22:43:33.913,20200.132,0x82,0x00,True,0.78,-3.19,-38.9,0,38.61
22:43:43.912,22:43:43.912,20210.131,0x82,0x00,True,0.77,-3.12,-38.9,0,38.54
22:43:53.893,22:43:53.893,20220.112,0x82,0x00,True,0.76,-3.16,-38.9,0,38.63
22:44:03.893,22:44:03.893,20230.112,0x82,0x00,True,0.8,-3.15,-38.9,0,38.59
22:44:13.897,22:44:13.897,20240.116,0x82,0x00,True,0.8,-3.17,-38.9,0,38.66
22:44:23.882,22:44:23.882,20250.101,0x82,0x00,True,0.83,-3.14,-38.9,0,38.55
22:44:33.883,22:44:33.883,20260.102,0x82,0x00,True,0.76,-3.14,-38.9,0,38.58
22:44:43.893,22:44:43.893,20270.112,0x82,0x00,True,0.78,-3.12,-38.9,0,38.68
22:44:53.893,22:44:53.893,20280.112,0x82,0x00,True,0.79,-3.14,-38.9,0,38.67
22:45:03.872,22:45:03.872,20290.091,0x82,0x00,True,0.77,-3.17,-38.9,0,38.68
22:45:13.858,22:45:13.858,20300.077,0x82,0x00,True,0.8,-3.12,-38.9,0,38.73
22:45:23.872,22:45:23.872,20310.091,0x82,0x00,True,0.8,-3.1,-38.9,0,38.7
22:45:33.902,22:45:33.902,20320.121,0x82,0x00,True,0.83,-3.17,-38.9,0,38.62
22:45:43.863,22:45:43.863,20330.082,0x82,0x00,True,0.79,-3.14,-38.9,0,38.68
22:45:53.858,22:45:53.858,20340.077,0x82,0x00,True,0.79,-3.15,-38.9,0,38.65
22:46:03.867,22:46:03.867,20350.086,0x82,0x00,True,0.81,-3.13,-38.9,0,38.71
22:46:13.858,22:46:13.858,20360.077,0x82,0x00,True,0.83,-3.2,-38.9,0,38.7
22:46:23.867,22:46:23.867,20370.086,0x82,0x00,True,0.81,-3.14,-38.9,0,38.75
22:46:33.842,22:46:33.842,20380.061,0x82,0x00,True,0.85,-3.17,-38.9,0,38.72
22:46:43.843,22:46:43.843,20390.062,0x82,0x00,True,0.8,-3.11,-38.9,0,38.68
22:46:53.842,22:46:53.842,20400.061,0x82,0x00,True,0.81,-3.11,-38.9,0,38.73
22:47:03.843,22:47:03.843,20410.062,0x82,0x00,True,0.81,-3.13,-38.89,0,38.58
22:47:13.842,22:47:13.842,20420.061,0x82,0x00,True,0.74,-3.14,-38.89,0,38.68
22:47:23.832,22:47:23.832,20430.051,0x82,0x00,True,0.83,-3.1,-38.89,0,38.7
22:47:33.832,22:47:33.832,20440.051,0x82,0x00,True,0.82,-3.08,-38.89,0,38.76
22:47:43.832,22:47:43.832,20450.051,0x82,0x00,True,0.78,-3.13,-38.89,0,38.73
22:47:53.822,22:47:53.822,20460.041,0x82,0x00,True,0.76,-3.1,-38.89,0,38.72
22:48:03.832,22:48:03.832,20470.051,0x82,0x00,True,0.75,-3.19,-38.89,0,38.66
22:48:13.822,22:48:13.822,20480.041,0x82,0x00,True,0.83,-3.14,-38.89,0,38.69
22:48:23.813,22:48:23.813,20490.032,0x82,0x00,True,0.75,-3.17,-38.89,0,38.71
22:48:33.832,22:48:33.832,20500.051,0x82,0x00,True,0.8,-3.12,-38.89,0,38.71
22:48:43.813,22:48:43.813,20510.032,0x82,0x00,True,0.83,-3.18,-38.89,0,38.76
22:48:53.802,22:48:53.802,20520.021,0x82,0x00,True,0.73,-3.1,-38.89,0,38.71
22:49:03.812,22:49:03.812,20530.031,0x82,0x00,True,0.72,-3.18,-38.89,0,38.64
22:49:13.802,22:49:13.802,20540.021,0x82,0x00,True,0.82,-3.13,-38.89,0,38.76
22:49:23.792,22:49:23.792,20550.011,0x82,0x00,True,0.74,-3.19,-38.89,0,38.69
22:49:33.793,22:49:33.793,20560.012,0x82,0x00,True,0.76,-3.06,-38.89,0,38.73
22:49:43.792,22:49:43.792,20570.011,0x82,0x00,True,0.81,-3.18,-38.89,0,38.79
22:49:53.793,22:49:53.793,20580.012,0x82,0x00,True,0.79,-3.1,-38.89,0,38.84
22:50:03.792,22:50:03.792,20590.011,0x82,0x00,True,0.85,-3.2,-38.89,0,38.79
22:50:13.782,22:50:13.782,20600.001,0x82,0x00,True,0.84,-3.14,-38.89,0,38.78
22:50:23.782,22:50:23.782,20610.001,0x82,0x00,True,0.77,-3.02,-38.89,0,38.79
22:50:33.778,22:50:33.778,20619.997,0x82,0x00,True,0.75,-3.13,-38.89,0,38.84
22:50:43.778,22:50:43.778,20629.997,0x82,0x00,True,0.67,-3.17,-38.89,0,38.85
22:50:53.787,22:50:53.787,20640.006,0x82,0x00,True,0.82,-3.14,-38.89,0,38.84
22:51:03.763,22:51:03.763,20649.982,0x82,0x00,True,0.7,-3.12,-38.89,0,38.79
22:51:13.763,22:51:13.763,20659.982,0x82,0x00,True,0.92,-3.06,-38.89,0,38.76
22:51:23.763,22:51:23.763,20669.982,0x82,0x00,True,0.74,-3.22,-38.89,0,38.7
22:51:33.753,22:51:33.753,20679.972,0x82,0x00,True,0.67,-3.03,-38.89,0,38.75
22:51:43.753,22:51:43.753,20689.972,0x82,0x00,True,0.86,-3.18,-38.89,0,38.84
22:51:53.753,22:51:53.753,20699.972,0x82,0x00,True,0.81,-3.0,-38.89,0,38.82
22:52:03.743,22:52:03.743,20709.962,0x82,0x00,True,0.67,-2.95,-38.89,0,38.76
22:52:13.742,22:52:13.742,20719.961,0x82,0x00,True,0.74,-3.11,-38.89,0,38.66
22:52:23.743,22:52:23.743,20729.962,0x82,0x00,True,0.83,-3.02,-38.89,0,38.82
22:52:33.733,22:52:33.733,20739.952,0x82,0x00,True,0.86,-3.14,-38.89,0,38.77
22:52:43.733,22:52:43.733,20749.952,0x82,0x00,True,0.87,-3.04,-38.89,0,38.79
22:52:53.742,22:52:53.742,20759.961,0x82,0x00,True,0.81,-2.95,-38.89,0,38.75
22:53:03.733,22:53:03.733,20769.952,0x82,0x00,True,0.86,-3.11,-38.89,0,38.73
22:53:13.723,22:53:13.723,20779.942,0x82,0x00,True,0.73,-3.18,-38.89,0,38.69
22:53:23.723,22:53:23.723,20789.942,0x82,0x00,True,0.86,-3.09,-38.89,0,38.65
22:53:33.723,22:53:33.723,20799.942,0x82,0x00,True,0.84,-3.47,-38.89,0,38.66
22:53:43.712,22:53:43.712,20809.931,0x82,0x00,True,0.84,-3.15,-38.89,0,38.66
22:53:53.713,22:53:53.713,20819.932,0x82,0x00,True,0.71,-3.06,-38.89,0,38.72
22:54:03.713,22:54:03.713,20829.932,0x82,0x00,True,0.07,-2.69,-38.89,0,38.85
22:54:13.713,22:54:13.713,20839.932,0x82,0x00,True,0.34,-0.89,-38.89,0,38.71
22:54:23.713,22:54:23.713,20849.932,0x82,0x00,True,4.73,6.73,-38.89,0,38.74
22:54:33.713,22:54:33.713,20859.932,0x82,0x00,True,-30.5,53.67,-38.89,0,38.79
22:54:43.698,22:54:43.698,20869.917,0x82,0x00,True,52.82,-69.27,-38.89,0,38.76
22:54:53.697,22:54:53.697,20879.916,0x82,0x00,True,100.0,-3.35,-38.89,0,38.79
22:55:03.683,22:55:03.683,20889.902,0x82,0x00,True,-177.87,0.1,-38.89,0,38.74
22:55:13.683,22:55:13.683,20899.902,0x82,0x00,True,-177.73,6.13,-38.89,0,38.74
22:55:23.683,22:55:23.683,20909.902,0x82,0x00,True,177.54,2.34,-38.89,0,38.73
22:55:33.692,22:55:33.692,20919.911,0x82,0x00,True,178.13,1.38,-38.89,0,38.81
22:55:43.673,22:55:43.673,20929.892,0x82,0x00,True,178.73,5.57,-38.89,0,38.76
22:55:53.673,22:55:53.673,20939.892,0x82,0x00,True,-177.06,5.49,-38.89,0,38.76
22:56:03.662,22:56:03.662,20949.881,0x82,0x00,True,-176.59,1.35,-38.89,0,38.77
22:56:13.663,22:56:13.663,20959.882,0x82,0x00,True,-179.68,-0.23,-38.89,0,38.72
22:56:23.662,22:56:23.662,20969.881,0x82,0x00,True,-177.31,0.49,-38.89,0,38.79
22:56:33.653,22:56:33.653,20979.872,0x82,0x00,True,-176.02,2.52,-38.89,0,38.71
22:56:43.653,22:56:43.653,20989.872,0x82,0x00,True,-176.47,4.9,-38.89,0,38.73
22:56:53.653,22:56:53.653,20999.872,0x82,0x00,True,-178.45,6.3,-38.89,0,38.7
22:57:03.653,22:57:03.653,21009.872,0x82,0x00,True,179.17,5.95,-38.89,0,38.73
22:57:13.643,22:57:13.643,21019.862,0x82,0x00,True,177.68,4.06,-38.89,0,38.74
22:57:23.643,22:57:23.643,21029.862,0x82,0x00,True,177.91,1.66,-38.89,0,38.63
22:57:33.643,22:57:33.643,21039.862,0x82,0x00,True,179.72,0.08,-38.89,0,38.72
22:57:43.617,22:57:43.617,21049.836,0x82,0x00,True,179.31,0.26,-38.89,0,38.71
22:57:53.632,22:57:53.632,21059.851,0x82,0x00,True,178.6,0.75,-38.89,0,38.81
22:58:03.617,22:58:03.617,21069.836,0x82,0x00,True,178.04,1.42,-38.89,0,38.73
22:58:13.653,22:58:13.653,21079.872,0x82,0x00,True,177.68,2.21,-38.89,0,38.73
22:58:23.633,22:58:23.633,21089.852,0x82,0x00,True,177.55,3.07,-38.89,0,38.7
22:58:33.627,22:58:33.627,21099.846,0x82,0x00,True,177.64,3.94,-38.89,0,38.7
22:58:43.627,22:58:43.627,21109.846,0x82,0x00,True,177.97,4.74,-38.89,0,38.7
22:58:53.617,22:58:53.617,21119.836,0x82,0x00,True,178.5,5.44,-38.89,0,38.73
22:59:03.603,22:59:03.603,21129.822,0x82,0x00,True,179.19,5.97,-38.89,0,38.76
22:59:13.602,22:59:13.602,21139.821,0x82,0x00,True,180.0,6.29,-38.89,0,38.76
22:59:23.603,22:59:23.603,21149.822,0x82,0x00,True,-179.15,6.39,-38.89,0,38.78
22:59:33.592,22:59:33.592,21159.811,0x82,0x00,True,-178.28,6.25,-38.89,0,38.73
22:59:43.592,22:59:43.592,21169.811,0x82,0x00,True,-177.49,5.89,-38.89,0,38.76
22:59:53.582,22:59:53.582,21179.801,0x82,0x00,True,-176.82,5.34,-38.89,0,38.73
23:00:03.582,23:00:03.582,21189.801,0x82,0x00,True,-176.32,4.62,-38.89,0,38.72
23:00:13.582,23:00:13.582,21199.801,0x82,0x00,True,-176.03,3.8,-38.89,0,38.74
23:00:23.572,23:00:23.572,21209.791,0x82,0x00,True,-175.97,2.93,-38.89,0,38.76
23:00:33.572,23:00:33.572,21219.791,0x82,0x00,True,-176.15,2.08,-38.89,0,38.72
23:00:43.562,23:00:43.562,21229.781,0x82,0x00,True,-176.54,1.31,-38.89,0,38.75
23:00:53.562,23:00:53.562,21239.781,0x82,0x00,True,-177.12,0.66,-38.89,0,38.7
23:01:03.582,23:01:03.582,21249.801,0x82,0x00,True,-177.85,0.19,-38.89,0,38.68
23:01:13.553,23:01:13.553,21259.772,0x82,0x00,True,-178.68,-0.06,-38.89,0,38.79
23:01:23.553,23:01:23.553,21269.772,0x82,0x00,True,-179.54,-0.09,-38.89,0,38.71
23:01:33.572,23:01:33.572,21279.791,0x82,0x00,True,-179.69,-0.05,-38.89,0,38.66
23:01:43.553,23:01:43.553,21289.772,0x82,0x00,True,-178.98,-0.08,-38.89,0,38.73
23:01:53.543,23:01:53.543,21299.762,0x82,0x00,True,-178.28,0.04,-38.89,0,38.66
23:02:03.537,23:02:03.537,21309.756,0x82,0x00,True,-177.62,0.32,-38.89,0,38.66
23:02:13.537,23:02:13.537,21319.756,0x82,0x00,True,-177.04,0.74,-38.89,0,38.76
23:02:23.522,23:02:23.522,21329.741,0x82,0x00,True,-176.57,1.27,-38.89,0,38.74
23:02:33.542,23:02:33.542,21339.761,0x82,0x00,True,-176.22,1.89,-38.89,0,38.79
23:02:43.522,23:02:43.522,21349.741,0x82,0x00,True,-176.02,2.57,-38.89,0,38.79
23:02:53.513,23:02:53.513,21359.732,0x82,0x00,True,-175.97,3.29,-38.89,0,38.77
23:03:03.512,23:03:03.512,21369.731,0x82,0x00,True,-176.08,3.99,-38.89,0,38.7
23:03:13.503,23:03:13.503,21379.722,0x82,0x00,True,-176.34,4.65,-38.89,0,38.79
23:03:23.502,23:03:23.502,21389.721,0x82,0x00,True,-176.74,5.24,-38.89,0,38.77
23:03:33.502,23:03:33.502,21399.721,0x82,0x00,True,-177.26,5.74,-38.89,0,38.74
23:03:43.492,23:03:43.492,21409.711,0x82,0x00,True,-177.87,6.1,-38.89,0,38.76
23:03:53.492,23:03:53.492,21419.711,0x82,0x00,True,-178.55,6.32,-38.89,0,38.7
23:04:03.492,23:04:03.492,21429.711,0x82,0x00,True,-179.26,6.39,-38.89,0,38.71
23:04:13.483,23:04:13.483,21439.702,0x82,0x00,True,-179.97,6.3,-38.89,0,38.74
23:04:23.483,23:04:23.483,21449.702,0x82,0x00,True,179.37,6.06,-38.89,0,38.76
23:04:33.492,23:04:33.492,21459.711,0x82,0x00,True,178.77,5.68,-38.89,0,38.68
23:04:43.492,23:04:43.492,21469.711,0x82,0x00,True,178.26,5.18,-38.89,0,38.71
23:04:53.472,23:04:53.472,21479.691,0x82,0x00,True,177.88,4.58,-38.89,0,38.69
23:05:03.472,23:05:03.472,21489.691,0x82,0x00,True,177.64,3.91,-38.89,0,38.7
23:05:13.492,23:05:13.492,21499.711,0x82,0x00,True,177.55,3.2,-38.89,0,38.8
23:05:23.462,23:05:23.462,21509.681,0x82,0x00,True,177.62,2.49,-38.89,0,38.66
23:05:33.457,23:05:33.457,21519.676,0x82,0x00,True,177.84,1.82,-38.89,0,38.71
23:05:43.467,23:05:43.467,21529.686,0x82,0x00,True,178.2,1.21,-38.89,0,38.68
23:05:53.457,23:05:53.457,21539.676,0x82,0x00,True,178.69,0.69,-38.89,0,38.63
23:06:03.442,23:06:03.442,21549.661,0x82,0x00,True,179.27,0.29,-38.89,0,38.73
23:06:13.443,23:06:13.443,21559.662,0x82,0x00,True,179.94,0.02,-38.89,0,38.7
23:06:23.443,23:06:23.443,21569.662,0x82,0x00,True,179.45,0.18,-38.89,0,38.8
23:06:33.432,23:06:33.432,21579.651,0x82,0x00,True,178.88,0.51,-38.89,0,38.73
23:06:43.472,23:06:43.472,21589.691,0x82,0x00,True,178.4,0.95,-38.89,0,38.72
23:06:53.432,23:06:53.432,21599.651,0x82,0x00,True,178.01,1.48,-38.89,0,38.78
23:07:03.422,23:07:03.422,21609.641,0x82,0x00,True,177.73,2.07,-38.89,0,38.65
23:07:13.422,23:07:13.422,21619.641,0x82,0x00,True,177.58,2.71,-38.89,0,38.65
23:07:23.422,23:07:23.422,21629.641,0x82,0x00,True,177.56,3.36,-38.89,0,38.73
23:07:33.422,23:07:33.422,21639.641,0x82,0x00,True,177.67,4.01,-38.89,0,38.66
23:07:43.412,23:07:43.412,21649.631,0x82,0x00,True,177.91,4.62,-38.89,0,38.66
23:07:53.412,23:07:53.412,21659.631,0x82,0x00,True,178.27,5.17,-38.89,0,38.58
23:08:03.403,23:08:03.403,21669.622,0x82,0x00,True,178.73,5.63,-38.89,0,38.58
23:08:13.403,23:08:13.403,21679.622,0x82,0x00,True,179.27,6.0,-38.89,0,38.62
23:08:23.403,23:08:23.403,21689.622,0x82,0x00,True,179.89,6.24,-38.89,0,38.57
23:08:33.403,23:08:33.403,21699.622,0x82,0x00,True,-179.48,6.36,-38.89,0,38.47
23:08:43.392,23:08:43.392,21709.611,0x82,0x00,True,-178.83,6.35,-38.89,0,38.48
23:08:53.393,23:08:53.393,21719.612,0x82,0x00,True,-178.2,6.21,-38.87,0,38.53
23:09:03.392,23:09:03.392,21729.611,0x82,0x00,True,-177.6,5.94,-38.87,0,38.57
23:09:13.393,23:09:13.393,21739.612,0x82,0x00,True,-177.07,5.55,-38.87,0,38.54
23:09:23.382,23:09:23.382,21749.601,0x82,0x00,True,-176.63,5.07,-38.87,0,38.44
23:09:33.377,23:09:33.377,21759.596,0x82,0x00,True,-176.29,4.51,-38.87,0,38.5
23:09:43.377,23:09:43.377,21769.596,0x82,0x00,True,-176.08,3.89,-38.87,0,38.48
23:09:53.377,23:09:53.377,21779.596,0x82,0x00,True,-175.99,3.25,-38.87,0,38.51
23:10:03.363,23:10:03.363,21789.582,0x82,0x00,True,-176.04,2.6,-38.87,0,38.54
23:10:13.362,23:10:13.362,21799.581,0x82,0x00,True,-176.21,1.97,-38.87,0,38.51
23:10:23.362,23:10:23.362,21809.581,0x82,0x00,True,-176.52,1.39,-38.87,0,38.55
23:10:33.352,23:10:33.352,21819.571,0x82,0x00,True,-176.92,0.88,-38.87,0,38.47
23:10:43.353,23:10:43.353,21829.572,0x82,0x00,True,-177.43,0.47,-38.87,0,38.45
23:10:53.342,23:10:53.342,21839.561,0x82,0x00,True,-178.01,0.16,-38.87,0,38.51
23:11:03.343,23:11:03.343,21849.562,0x82,0x00,True,-178.63,-0.01,-38.87,0,38.56
23:11:13.342,23:11:13.342,21859.561,0x82,0x00,True,-179.28,-0.06,-38.87,0,38.54
23:11:23.333,23:11:23.333,21869.552,0x82,0x00,True,-179.93,0.01,-38.87,0,38.47
23:11:33.332,23:11:33.332,21879.551,0x82,0x00,True,-179.98,0.0,-38.87,0,38.56
23:11:43.332,23:11:43.332,21889.551,0x82,0x00,True,-179.94,-0.01,-38.87,0,38.57
23:11:53.322,23:11:53.322,21899.541,0x82,0x00,True,-179.91,-0.02,-38.87,0,38.49
23:12:03.342,23:12:03.342,21909.561,0x82,0x00,True,-179.87,-0.03,-38.87,0,38.56
23:12:13.322,23:12:13.322,21919.541,0x82,0x00,True,-179.84,-0.03,-38.87,0,38.57
23:12:23.322,23:12:23.322,21929.541,0x82,0x00,True,-179.8,-0.04,-38.87,0,38.58
23:12:33.312,23:12:33.312,21939.531,0x82,0x00,True,-179.76,-0.05,-38.87,0,38.54
23:12:43.313,23:12:43.313,21949.532,0x82,0x00,True,-179.73,-0.05,-38.87,0,38.48
23:12:53.313,23:12:53.313,21959.532,0x82,0x00,True,-179.69,-0.06,-38.87,0,38.65
23:13:03.313,23:13:03.313,21969.532,0x82,0x00,True,-179.66,-0.06,-38.87,0,38.6
23:13:13.302,23:13:13.302,21979.521,0x82,0x00,True,-179.62,-0.07,-38.87,0,38.66
23:13:23.308,23:13:23.308,21989.527,0x82,0x00,True,-179.59,-0.07,-38.87,0,38.66
23:13:33.297,23:13:33.297,21999.516,0x82,0x00,True,-179.55,-0.08,-38.87,0,38.7
23:13:43.308,23:13:43.308,22009.527,0x82,0x00,True,-179.51,-0.08,-38.87,0,38.69
23:13:53.287,23:13:53.287,22019.506,0x82,0x00,True,-179.48,-0.08,-38.87,0,38.73
23:14:03.303,23:14:03.303,22029.522,0x82,0x00,True,-179.44,-0.09,-38.87,0,38.67
23:14:13.282,23:14:13.282,22039.501,0x82,0x00,True,-179.41,-0.09,-38.87,0,38.68
23:14:23.282,23:14:23.282,22049.501,0x82,0x00,True,-179.37,-0.09,-38.87,0,38.7
23:14:33.273,23:14:33.273,22059.492,0x82,0x00,True,-179.33,-0.09,-38.87,0,38.59
23:14:43.273,23:14:43.273,22069.492,0x82,0x00,True,-179.3,-0.09,-38.87,0,38.69
23:14:53.263,23:14:53.263,22079.482,0x82,0x00,True,-179.26,-0.09,-38.87,0,38.64
23:15:03.262,23:15:03.262,22089.481,0x82,0x00,True,-179.22,-0.09,-38.87,0,38.66
23:15:13.262,23:15:13.262,22099.481,0x82,0x00,True,-179.19,-0.09,-38.87,0,38.68
23:15:23.252,23:15:23.252,22109.471,0x82,0x00,True,-179.15,-0.09,-38.87,0,38.71
23:15:33.253,23:15:33.253,22119.472,0x82,0x00,True,-179.12,-0.09,-38.87,0,38.71
23:15:43.273,23:15:43.273,22129.492,0x82,0x00,True,-179.08,-0.09,-38.87,0,38.68
23:15:53.242,23:15:53.242,22139.461,0x82,0x00,True,-179.04,-0.09,-38.87,0,38.78
23:16:03.252,23:16:03.252,22149.471,0x82,0x00,True,-179.01,-0.09,-38.87,0,38.82
23:16:13.242,23:16:13.242,22159.461,0x82,0x00,True,-178.97,-0.08,-38.87,0,38.79
23:16:23.232,23:16:23.232,22169.451,0x82,0x00,True,-178.94,-0.08,-38.87,0,38.72
23:16:33.232,23:16:33.232,22179.451,0x82,0x00,True,-178.9,-0.08,-38.87,0,38.79
23:16:43.233,23:16:43.233,22189.452,0x82,0x00,True,-178.86,-0.07,-38.87,0,38.75
23:16:53.233,23:16:53.233,22199.452,0x82,0x00,True,-178.83,-0.07,-38.87,0,38.74
23:17:03.233,23:17:03.233,22209.452,0x82,0x00,True,-178.79,-0.07,-38.87,0,38.66
23:17:13.223,23:17:13.223,22219.442,0x82,0x00,True,-178.76,-0.06,-38.87,0,38.74
23:17:23.228,23:17:23.228,22229.447,0x82,0x00,True,-178.72,-0.06,-38.87,0,38.68
23:17:33.218,23:17:33.218,22239.437,0x82,0x00,True,-178.68,-0.05,-38.87,0,38.7
23:17:43.202,23:17:43.202,22249.421,0x82,0x00,True,-178.65,-0.04,-38.87,0,38.64
23:17:53.202,23:17:53.202,22259.421,0x82,0x00,True,-178.61,-0.04,-38.87,0,38.73
23:18:03.202,23:18:03.202,22269.421,0x82,0x00,True,-178.58,-0.03,-38.87,0,38.74
23:18:13.193,23:18:13.193,22279.412,0x82,0x00,True,-178.54,-0.02,-38.87,0,38.66
23:18:23.193,23:18:23.193,22289.412,0x82,0x00,True,-178.51,-0.01,-38.87,0,38.66
23:18:33.193,23:18:33.193,22299.412,0x82,0x00,True,-178.47,-0.01,-38.87,0,38.62
23:18:43.183,23:18:43.183,22309.402,0x82,0x00,True,-178.44,0.0,-38.87,0,38.64
23:18:53.183,23:18:53.183,22319.402,0x82,0x00,True,-178.4,0.0,-38.87,0,38.62
23:19:03.182,23:19:03.182,22329.401,0x82,0x00,True,-178.37,0.01,-38.87,0,38.72
23:19:13.173,23:19:13.173,22339.392,0x82,0x00,True,-178.33,0.02,-38.87,0,38.6
23:19:23.172,23:19:23.172,22349.391,0x82,0x00,True,-178.3,0.03,-38.87,0,38.64
23:19:33.162,23:19:33.162,22359.381,0x82,0x00,True,-178.26,0.04,-38.87,0,38.69
23:19:43.162,23:19:43.162,22369.381,0x82,0x00,True,-178.23,0.05,-38.88,0,38.7
23:19:53.162,23:19:53.162,22379.381,0x82,0x00,True,-178.2,0.06,-38.88,0,38.73
23:20:03.162,23:20:03.162,22389.381,0x82,0x00,True,-178.16,0.07,-38.88,0,38.76
23:20:13.153,23:20:13.153,22399.372,0x82,0x00,True,-178.13,0.09,-38.88,0,38.74
23:20:23.152,23:20:23.152,22409.371,0x82,0x00,True,-178.09,0.1,-38.88,0,38.7
23:20:33.152,23:20:33.152,22419.371,0x82,0x00,True,-178.06,0.11,-38.88,0,38.76
23:20:43.153,23:20:43.153,22429.372,0x82,0x00,True,-178.03,0.12,-38.88,0,38.67
23:20:53.143,23:20:53.143,22439.362,0x82,0x00,True,-177.99,0.14,-38.88,0,38.79
23:21:03.153,23:21:03.153,22449.372,0x82,0x00,True,-177.96,0.15,-38.88,0,38.77
23:21:13.137,23:21:13.137,22459.356,0x82,0x00,True,-177.93,0.17,-38.88,0,38.8
23:21:23.138,23:21:23.138,22469.357,0x82,0x00,True,-177.89,0.18,-38.88,0,38.75
23:21:33.122,23:21:33.122,22479.341,0x82,0x00,True,-177.86,0.19,-38.88,0,38.79
23:21:43.122,23:21:43.122,22489.341,0x82,0x00,True,-177.83,0.21,-38.88,0,38.86
23:21:53.112,23:21:53.112,22499.331,0x82,0x00,True,-177.8,0.23,-38.88,0,38.76
23:22:03.112,23:22:03.112,22509.331,0x82,0x00,True,-177.76,0.24,-38.88,0,38.87
23:22:13.113,23:22:13.113,22519.332,0x82,0x00,True,-177.73,0.26,-38.88,0,38.76
23:22:23.103,23:22:23.103,22529.322,0x82,0x00,True,-177.7,0.27,-38.88,0,38.79
23:22:33.102,23:22:33.102,22539.321,0x82,0x00,True,-177.67,0.29,-38.88,0,38.78
23:22:43.103,23:22:43.103,22549.322,0x82,0x00,True,-177.64,0.31,-38.88,0,38.76
23:22:53.093,23:22:53.093,22559.312,0x82,0x00,True,-177.6,0.33,-38.88,0,38.62
23:23:03.092,23:23:03.092,22569.311,0x82,0x00,True,-177.57,0.35,-38.88,0,38.67
23:23:13.093,23:23:13.093,22579.312,0x82,0x00,True,-177.54,0.36,-38.88,0,38.71
23:23:23.083,23:23:23.083,22589.302,0x82,0x00,True,-177.51,0.38,-38.88,0,38.72
23:23:33.082,23:23:33.082,22599.301,0x82,0x00,True,-177.48,0.4,-38.88,0,38.7
23:23:43.072,23:23:43.072,22609.291,0x82,0x00,True,-177.45,0.42,-38.88,0,38.7
23:23:53.072,23:23:53.072,22619.291,0x82,0x00,True,-177.42,0.44,-38.88,0,38.69
23:24:03.072,23:24:03.072,22629.291,0x82,0x00,True,-177.39,0.46,-38.88,0,38.68
23:24:13.082,23:24:13.082,22639.301,0x82,0x00,True,-177.36,0.48,-38.88,0,38.69
23:24:23.063,23:24:23.063,22649.282,0x82,0x00,True,-177.33,0.5,-38.88,0,38.73
23:24:33.058,23:24:33.058,22659.277,0x82,0x00,True,-177.3,0.52,-38.88,0,38.76
23:24:43.068,23:24:43.068,22669.287,0x82,0x00,True,-177.27,0.54,-38.88,0,38.69
23:24:53.043,23:24:53.043,22679.262,0x82,0x00,True,-177.24,0.57,-38.88,0,38.67
23:25:03.042,23:25:03.042,22689.261,0x82,0x00,True,-177.22,0.59,-38.88,0,38.71
23:25:13.043,23:25:13.043,22699.262,0x82,0x00,True,-177.19,0.61,-38.88,0,38.82
23:25:23.032,23:25:23.032,22709.251,0x82,0x00,True,-177.16,0.63,-38.88,0,38.76
23:25:33.032,23:25:33.032,22719.251,0x82,0x00,True,-177.13,0.66,-38.88,0,38.79
23:25:43.024,23:25:43.024,22729.243,0x82,0x00,True,-177.1,0.68,-38.88,0,38.82
23:25:53.023,23:25:53.023,22739.242,0x82,0x00,True,-177.08,0.7,-38.88,0,38.76
23:26:03.024,23:26:03.024,22749.243,0x82,0x00,True,-177.05,0.73,-38.88,0,38.78
23:26:13.012,23:26:13.012,22759.231,0x82,0x00,True,-177.02,0.75,-38.88,0,38.83
23:26:23.013,23:26:23.013,22769.232,0x82,0x00,True,-177.0,0.78,-38.88,0,38.91
23:26:33.013,23:26:33.013,22779.232,0x82,0x00,True,-176.97,0.8,-38.88,0,38.82
23:26:43.002,23:26:43.002,22789.221,0x82,0x00,True,-176.95,0.83,-38.88,0,38.88
23:26:53.002,23:26:53.002,22799.221,0x82,0x00,True,-176.92,0.85,-38.88,0,38.87
23:27:02.992,23:27:02.992,22809.211,0x82,0x00,True,-176.89,0.88,-38.88,0,38.93
23:27:12.992,23:27:12.992,22819.211,0x82,0x00,True,-176.87,0.9,-38.88,0,38.85
23:27:22.994,23:27:22.994,22829.213,0x82,0x00,True,-176.84,0.93,-38.88,0,38.93
23:27:32.992,23:27:32.992,22839.211,0x82,0x00,True,-176.82,0.96,-38.88,0,38.85
23:27:42.992,23:27:42.992,22849.211,0x82,0x00,True,-176.8,0.98,-38.88,0,38.9
23:27:52.983,23:27:52.983,22859.202,0x82,0x00,True,-176.77,1.01,-38.88,0,38.85
23:28:02.978,23:28:02.978,22869.197,0x82,0x00,True,-176.75,1.04,-38.88,0,38.84
23:28:12.978,23:28:12.978,22879.197,0x82,0x00,True,-176.72,1.06,-38.88,0,38.84
23:28:22.978,23:28:22.978,22889.197,0x82,0x00,True,-176.7,1.09,-38.88,0,38.84
23:28:32.962,23:28:32.962,22899.181,0x82,0x00,True,-176.68,1.12,-38.88,0,38.75
23:28:42.962,23:28:42.962,22909.181,0x82,0x00,True,-176.66,1.15,-38.88,0,38.84
23:28:52.952,23:28:52.952,22919.171,0x82,0x00,True,-176.63,1.18,-38.88,0,38.81
23:29:02.952,23:29:02.952,22929.171,0x82,0x00,True,-176.61,1.21,-38.88,0,38.8
23:29:12.952,23:29:12.952,22939.171,0x82,0x00,True,-176.59,1.24,-38.88,0,38.82
23:29:22.943,23:29:22.943,22949.162,0x82,0x00,True,-176.57,1.26,-38.88,0,38.9
23:29:32.943,23:29:32.943,22959.162,0x82,0x00,True,-176.55,1.29,-38.88,0,38.81
23:29:42.943,23:29:42.943,22969.162,0x82,0x00,True,-176.53,1.32,-38.88,0,38.84
23:29:52.932,23:29:52.932,22979.151,0x82,0x00,True,-176.51,1.35,-38.88,0,38.84
23:30:02.922,23:30:02.922,22989.141,0x82,0x00,True,-176.49,1.38,-38.88,0,38.82
23:30:12.933,23:30:12.933,22999.152,0x82,0x00,True,-176.47,1.41,-38.88,0,38.89
23:30:22.922,23:30:22.922,23009.141,0x82,0x00,True,-176.45,1.45,-38.88,0,38.86
23:30:32.922,23:30:32.922,23019.141,0x82,0x00,True,-176.43,1.48,-38.88,0,38.88
23:30:42.922,23:30:42.922,23029.141,0x82,0x00,True,-176.41,1.51,-38.9,0,38.85
23:30:52.912,23:30:52.912,23039.131,0x82,0x00,True,-176.4,1.54,-38.9,0,38.9
23:31:02.912,23:31:02.912,23049.131,0x82,0x00,True,-176.38,1.57,-38.9,0,38.9
23:31:12.912,23:31:12.912,23059.131,0x82,0x00,True,-176.36,1.6,-38.9,0,38.87
23:31:22.912,23:31:22.912,23069.131,0x82,0x00,True,-176.34,1.63,-38.9,0,38.83
23:31:32.912,23:31:32.912,23079.131,0x82,0x00,True,-176.33,1.67,-38.9,0,38.91
23:31:42.913,23:31:42.913,23089.132,0x82,0x00,True,-176.31,1.7,-38.9,0,38.88
23:31:52.898,23:31:52.898,23099.117,0x82,0x00,True,-176.29,1.73,-38.9,0,38.88
23:32:02.907,23:32:02.907,23109.126,0x82,0x00,True,-176.28,1.76,-38.9,0,38.96
23:32:12.898,23:32:12.898,23119.117,0x82,0x00,True,-176.26,1.79,-38.9,0,38.85
23:32:22.917,23:32:22.917,23129.136,0x82,0x00,True,-176.25,1.83,-38.9,0,38.94
23:32:32.882,23:32:32.882,23139.101,0x82,0x00,True,-176.23,1.86,-38.9,0,38.85
23:32:42.882,23:32:42.882,23149.101,0x82,0x00,True,-176.22,1.89,-38.9,0,38.85
23:32:52.883,23:32:52.883,23159.102,0x82,0x00,True,-176.21,1.93,-38.9,0,38.85
23:33:02.872,23:33:02.872,23169.091,0x82,0x00,True,-176.19,1.96,-38.9,0,38.88
23:33:12.872,23:33:12.872,23179.091,0x82,0x00,True,-176.18,1.99,-38.9,0,38.86
23:33:22.872,23:33:22.872,23189.091,0x82,0x00,True,-176.17,2.03,-38.9,0,38.87
23:33:32.862,23:33:32.862,23199.081,0x82,0x00,True,-176.16,2.06,-38.9,0,38.88
23:33:42.862,23:33:42.862,23209.081,0x82,0x00,True,-176.14,2.1,-38.9,0,38.85
23:33:52.863,23:33:52.863,23219.082,0x82,0x00,True,-176.13,2.13,-38.9,0,38.88
23:34:02.853,23:34:02.853,23229.072,0x82,0x00,True,-176.12,2.16,-38.9,0,38.85
23:34:12.853,23:34:12.853,23239.072,0x82,0x00,True,-176.11,2.2,-38.9,0,38.86
23:34:22.852,23:34:22.852,23249.071,0x82,0x00,True,-176.1,2.23,-38.9,0,38.86
23:34:32.853,23:34:32.853,23259.072,0x82,0x00,True,-176.09,2.27,-38.9,0,38.89
23:34:42.842,23:34:42.842,23269.061,0x82,0x00,True,-176.08,2.3,-38.9,0,38.96
23:34:52.843,23:34:52.843,23279.062,0x82,0x00,True,-176.07,2.34,-38.9,0,38.87
23:35:02.843,23:35:02.843,23289.062,0x82,0x00,True,-176.06,2.37,-38.9,0,38.91
23:35:12.832,23:35:12.832,23299.051,0x82,0x00,True,-176.05,2.41,-38.9,0,38.89
23:35:22.832,23:35:22.832,23309.051,0x82,0x00,True,-176.05,2.44,-38.9,0,38.94
23:35:32.833,23:35:32.833,23319.052,0x82,0x00,True,-176.04,2.48,-38.9,0,38.92
23:35:42.832,23:35:42.832,23329.051,0x82,0x00,True,-176.03,2.51,-38.9,0,38.87
23:35:52.832,23:35:52.832,23339.051,0x82,0x00,True,-176.03,2.55,-38.9,0,38.85
23:36:02.843,23:36:02.843,23349.062,0x82,0x00,True,-176.02,2.58,-38.9,0,38.89
23:36:12.827,23:36:12.827,23359.046,0x82,0x00,True,-176.01,2.62,-38.9,0,38.94
23:36:22.818,23:36:22.818,23369.037,0x82,0x00,True,-176.01,2.66,-38.9,0,38.92
23:36:32.818,23:36:32.818,23379.037,0x82,0x00,True,-176.0,2.69,-38.9,0,38.92
23:36:42.803,23:36:42.803,23389.022,0x82,0x00,True,-176.0,2.73,-38.9,0,38.91
23:36:52.803,23:36:52.803,23399.022,0x82,0x00,True,-175.99,2.76,-38.9,0,38.94
23:37:02.803,23:37:02.803,23409.022,0x82,0x00,True,-175.99,2.8,-38.9,0,38.88
23:37:12.792,23:37:12.792,23419.011,0x82,0x00,True,-175.99,2.83,-38.9,0,38.94
23:37:22.792,23:37:22.792,23429.011,0x82,0x00,True,-175.98,2.87,-38.9,0,38.84
23:37:32.803,23:37:32.803,23439.022,0x82,0x00,True,-175.98,2.91,-38.9,0,38.94
23:37:42.787,23:37:42.787,23449.006,0x82,0x00,True,-175.98,2.94,-38.9,0,38.89
23:37:52.782,23:37:52.782,23459.001,0x82,0x00,True,-175.97,2.98,-38.9,0,38.93
23:38:02.782,23:38:02.782,23469.001,0x82,0x00,True,-175.97,3.01,-38.9,0,38.94
23:38:12.773,23:38:12.773,23478.992,0x82,0x00,True,-175.97,3.05,-38.9,0,38.93
23:38:22.773,23:38:22.773,23488.992,0x82,0x00,True,-175.97,3.09,-38.9,0,38.83
23:38:32.773,23:38:32.773,23498.992,0x82,0x00,True,-175.97,3.12,-38.9,0,38.85
23:38:42.763,23:38:42.763,23508.982,0x82,0x00,True,-175.97,3.16,-38.9,0,38.82
23:38:52.763,23:38:52.763,23518.982,0x82,0x00,True,-175.97,3.2,-38.9,0,38.79
23:39:02.763,23:39:02.763,23528.982,0x82,0x00,True,-175.97,3.23,-38.9,0,38.8
23:39:12.763,23:39:12.763,23538.982,0x82,0x00,True,-175.97,3.27,-38.9,0,38.8
23:39:22.773,23:39:22.773,23548.992,0x82,0x00,True,-175.98,3.3,-38.9,0,38.69
23:39:32.752,23:39:32.752,23558.971,0x82,0x00,True,-175.98,3.34,-38.9,0,38.73
23:39:42.782,23:39:42.782,23569.001,0x82,0x00,True,-175.98,3.38,-38.9,0,38.7
23:39:52.742,23:39:52.742,23578.961,0x82,0x00,True,-175.98,3.41,-38.9,0,38.73
23:40:02.742,23:40:02.742,23588.961,0x82,0x00,True,-175.99,3.45,-38.9,0,38.78
23:40:12.757,23:40:12.757,23598.976,0x82,0x00,True,-175.99,3.48,-38.9,0,38.7
23:40:22.738,23:40:22.738,23608.957,0x82,0x00,True,-175.99,3.52,-38.9,0,38.79
23:40:32.738,23:40:32.738,23618.957,0x82,0x00,True,-176.0,3.55,-38.9,0,38.79
23:40:42.722,23:40:42.722,23628.941,0x82,0x00,True,-176.0,3.59,-38.9,0,38.76
23:40:52.722,23:40:52.722,23638.941,0x82,0x00,True,-176.01,3.63,-38.9,0,38.85
23:41:02.722,23:41:02.722,23648.941,0x82,0x00,True,-176.01,3.66,-38.9,0,38.82
23:41:12.712,23:41:12.712,23658.931,0x82,0x00,True,-176.02,3.7,-38.9,0,38.9
23:41:22.712,23:41:22.712,23668.931,0x82,0x00,True,-176.02,3.73,-38.9,0,38.88
23:41:32.712,23:41:32.712,23678.931,0x82,0x00,True,-176.03,3.77,-38.89,0,38.88
23:41:42.712,23:41:42.712,23688.931,0x82,0x00,True,-176.04,3.8,-38.89,0,38.84
23:41:52.723,23:41:52.723,23698.942,0x82,0x00,True,-176.05,3.84,-38.89,0,38.79
23:42:02.702,23:42:02.702,23708.921,0x82,0x00,True,-176.05,3.87,-38.89,0,38.81
23:42:12.702,23:42:12.702,23718.921,0x82,0x00,True,-176.06,3.91,-38.89,0,38.87
23:42:22.693,23:42:22.693,23728.912,0x82,0x00,True,-176.07,3.94,-38.89,0,38.77
23:42:32.692,23:42:32.692,23738.911,0x82,0x00,True,-176.08,3.98,-38.89,0,38.88
23:42:42.693,23:42:42.693,23748.912,0x82,0x00,True,-176.09,4.01,-38.89,0,38.86
23:42:52.700,23:42:52.700,23758.919,0x82,0x00,True,-176.1,4.05,-38.89,0,38.87
23:43:02.683,23:43:02.683,23768.902,0x82,0x00,True,-176.11,4.08,-38.89,0,38.82
23:43:12.683,23:43:12.683,23778.902,0x82,0x00,True,-176.12,4.12,-38.89,0,38.82
23:43:22.673,23:43:22.673,23788.892,0x82,0x00,True,-176.13,4.15,-38.89,0,38.86
23:43:32.673,23:43:32.673,23798.892,0x82,0x00,True,-176.14,4.19,-38.89,0,38.79
23:43:42.673,23:43:42.673,23808.892,0x82,0x00,True,-176.16,4.22,-38.89,0,38.82
23:43:52.672,23:43:52.672,23818.891,0x82,0x00,True,-176.17,4.25,-38.89,0,38.88
23:44:02.673,23:44:02.673,23828.892,0x82,0x00,True,-176.18,4.29,-38.89,0,38.91
23:44:12.672,23:44:12.672,23838.891,0x82,0x00,True,-176.19,4.32,-38.89,0,38.85
23:44:22.662,23:44:22.662,23848.881,0x82,0x00,True,-176.21,4.35,-38.89,0,38.92
23:44:32.657,23:44:32.657,23858.876,0x82,0x00,True,-176.22,4.39,-38.89,0,38.88
23:44:42.657,23:44:42.657,23868.876,0x82,0x00,True,-176.23,4.42,-38.89,0,38.93
23:44:52.668,23:44:52.668,23878.887,0x82,0x00,True,-176.25,4.45,-38.89,0,38.93
23:45:02.643,23:45:02.643,23888.862,0x82,0x00,True,-176.26,4.49,-38.89,0,38.88
23:45:12.643,23:45:12.643,23898.862,0x82,0x00,True,-176.28,4.52,-38.89,0,38.84
23:45:22.643,23:45:22.643,23908.862,0x82,0x00,True,-176.29,4.55,-38.89,0,38.87
23:45:32.632,23:45:32.632,23918.851,0x82,0x00,True,-176.31,4.58,-38.89,0,38.87
23:45:42.632,23:45:42.632,23928.851,0x82,0x00,True,-176.33,4.62,-38.89,0,38.8
23:45:52.633,23:45:52.633,23938.852,0x82,0x00,True,-176.34,4.65,-38.89,0,38.92
23:46:02.633,23:46:02.633,23948.852,0x82,0x00,True,-176.36,4.68,-38.89,0,38.86
23:46:12.622,23:46:12.622,23958.841,0x82,0x00,True,-176.38,4.71,-38.89,0,38.9
23:46:22.622,23:46:22.622,23968.841,0x82,0x00,True,-176.39,4.74,-38.89,0,38.88
23:46:32.622,23:46:32.622,23978.841,0x82,0x00,True,-176.41,4.78,-38.89,0,38.87
23:46:42.612,23:46:42.612,23988.831,0x82,0x00,True,-176.43,4.81,-38.89,0,38.85
23:46:52.612,23:46:52.612,23998.831,0x82,0x00,True,-176.45,4.84,-38.89,0,38.77
23:47:02.613,23:47:02.613,24008.832,0x82,0x00,True,-176.47,4.87,-38.89,0,38.83
23:47:12.613,23:47:12.613,24018.832,0x82,0x00,True,-176.49,4.9,-38.89,0,38.88
23:47:22.612,23:47:22.612,24028.831,0x82,0x00,True,-176.51,4.93,-38.89,0,38.91
23:47:32.603,23:47:32.603,24038.822,0x82,0x00,True,-176.53,4.96,-38.89,0,38.89
23:47:42.603,23:47:42.603,24048.822,0x82,0x00,True,-176.55,4.99,-38.89,0,38.85
23:47:52.603,23:47:52.603,24058.822,0x82,0x00,True,-176.57,5.02,-38.89,0,38.92
23:48:02.614,23:48:02.614,24068.833,0x82,0x00,True,-176.59,5.05,-38.89,0,38.92
23:48:12.592,23:48:12.592,24078.811,0x82,0x00,True,-176.61,5.08,-38.89,0,38.85
23:48:22.593,23:48:22.593,24088.812,0x82,0x00,True,-176.63,5.1,-38.89,0,38.92
23:48:32.592,23:48:32.592,24098.811,0x82,0x00,True,-176.66,5.13,-38.89,0,38.94
23:48:42.593,23:48:42.593,24108.812,0x82,0x00,True,-176.68,5.16,-38.89,0,38.83
23:48:52.593,23:48:52.593,24118.812,0x82,0x00,True,-176.7,5.19,-38.89,0,38.92
23:49:02.593,23:49:02.593,24128.812,0x82,0x00,True,-176.72,5.22,-38.89,0,38.85
23:49:12.582,23:49:12.582,24138.801,0x82,0x00,True,-176.75,5.25,-38.89,0,38.89
23:49:22.593,23:49:22.593,24148.812,0x82,0x00,True,-176.77,5.27,-38.89,0,38.91
23:49:32.587,23:49:32.587,24158.806,0x82,0x00,True,-176.8,5.3,-38.89,0,38.91
23:49:42.577,23:49:42.577,24168.796,0x82,0x00,True,-176.82,5.33,-38.89,0,38.89
23:49:52.587,23:49:52.587,24178.806,0x82,0x00,True,-176.84,5.35,-38.89,0,38.9
23:50:02.563,23:50:02.563,24188.782,0x82,0x00,True,-176.87,5.38,-38.89,0,38.98
23:50:12.563,23:50:12.563,24198.782,0x82,0x00,True,-176.89,5.41,-38.89,0,38.94
23:50:22.563,23:50:22.563,24208.782,0x82,0x00,True,-176.92,5.43,-38.89,0,38.89
23:50:32.563,23:50:32.563,24218.782,0x82,0x00,True,-176.94,5.46,-38.89,0,38.97
23:50:42.553,23:50:42.553,24228.772,0x82,0x00,True,-176.97,5.48,-38.89,0,38.84
23:50:52.553,23:50:52.553,24238.772,0x82,0x00,True,-177.0,5.51,-38.89,0,38.91
23:51:02.553,23:51:02.553,24248.772,0x82,0x00,True,-177.02,5.53,-38.89,0,38.97
23:51:12.542,23:51:12.542,24258.761,0x82,0x00,True,-177.05,5.55,-38.89,0,38.98
23:51:22.542,23:51:22.542,24268.761,0x82,0x00,True,-177.08,5.58,-38.89,0,38.88
23:51:32.553,23:51:32.553,24278.772,0x82,0x00,True,-177.1,5.6,-38.89,0,38.93
23:51:42.532,23:51:42.532,24288.751,0x82,0x00,True,-177.13,5.63,-38.89,0,38.95
23:51:52.532,23:51:52.532,24298.751,0x82,0x00,True,-177.16,5.65,-38.89,0,38.84
23:52:02.523,23:52:02.523,24308.742,0x82,0x00,True,-177.19,5.67,-38.89,0,38.94
23:52:12.523,23:52:12.523,24318.742,0x82,0x00,True,-177.22,5.69,-38.89,0,38.93
23:52:22.523,23:52:22.523,24328.742,0x82,0x00,True,-177.25,5.72,-38.89,0,38.83
23:52:32.523,23:52:32.523,24338.742,0x82,0x00,True,-177.27,5.74,-38.89,0,38.97
23:52:42.513,23:52:42.513,24348.732,0x82,0x00,True,-177.3,5.76,-38.89,0,38.92
23:52:52.513,23:52:52.513,24358.732,0x82,0x00,True,-177.33,5.78,-38.89,0,38.89
23:53:02.513,23:53:02.513,24368.732,0x82,0x00,True,-177.36,5.8,-38.89,0,38.92
23:53:12.513,23:53:12.513,24378.732,0x82,0x00,True,-177.39,5.82,-38.89,0,38.94
23:53:22.513,23:53:22.513,24388.732,0x82,0x00,True,-177.42,5.84,-38.89,0,38.97
23:53:32.502,23:53:32.502,24398.721,0x82,0x00,True,-177.45,5.86,-38.89,0,38.91
23:53:42.513,23:53:42.513,24408.732,0x82,0x00,True,-177.48,5.88,-38.89,0,39.01
23:53:52.497,23:53:52.497,24418.716,0x82,0x00,True,-177.51,5.9,-38.89,0,38.91
23:54:02.497,23:54:02.497,24428.716,0x82,0x00,True,-177.54,5.92,-38.89,0,38.91
23:54:12.497,23:54:12.497,24438.716,0x82,0x00,True,-177.57,5.94,-38.89,0,38.85
23:54:22.483,23:54:22.483,24448.702,0x82,0x00,True,-177.61,5.95,-38.89,0,38.92
23:54:32.483,23:54:32.483,24458.702,0x82,0x00,True,-177.64,5.97,-38.89,0,38.95
23:54:42.484,23:54:42.484,24468.703,0x82,0x00,True,-177.67,5.99,-38.89,0,38.94
23:54:52.472,23:54:52.472,24478.691,0x82,0x00,True,-177.7,6.01,-38.89,0,38.89
23:55:02.473,23:55:02.473,24488.692,0x82,0x00,True,-177.73,6.02,-38.89,0,38.85
23:55:12.473,23:55:12.473,24498.692,0x82,0x00,True,-177.77,6.04,-38.89,0,38.87
23:55:22.473,23:55:22.473,24508.692,0x82,0x00,True,-177.8,6.06,-38.89,0,38.95
23:55:32.462,23:55:32.462,24518.681,0x82,0x00,True,-177.83,6.07,-38.89,0,38.93
23:55:42.482,23:55:42.482,24528.701,0x82,0x00,True,-177.86,6.09,-38.89,0,38.95
23:55:52.462,23:55:52.462,24538.681,0x82,0x00,True,-177.9,6.1,-38.89,0,38.94
23:56:02.462,23:56:02.462,24548.681,0x82,0x00,True,-177.93,6.12,-38.89,0,38.89
23:56:12.452,23:56:12.452,24558.671,0x82,0x00,True,-177.96,6.13,-38.89,0,38.92
23:56:22.452,23:56:22.452,24568.671,0x82,0x00,True,-178.0,6.14,-38.89,0,38.94
23:56:32.443,23:56:32.443,24578.662,0x82,0x00,True,-178.03,6.16,-38.89,0,38.91
23:56:42.443,23:56:42.443,24588.662,0x82,0x00,True,-178.06,6.17,-38.89,0,38.88
23:56:52.452,23:56:52.452,24598.671,0x82,0x00,True,-178.1,6.18,-38.89,0,38.92
23:57:02.443,23:57:02.443,24608.662,0x82,0x00,True,-178.13,6.2,-38.89,0,38.87
23:57:12.443,23:57:12.443,24618.662,0x82,0x00,True,-178.17,6.21,-38.89,0,38.84
23:57:22.433,23:57:22.433,24628.652,0x82,0x00,True,-178.2,6.22,-38.89,0,38.92
23:57:32.433,23:57:32.433,24638.652,0x82,0x00,True,-178.24,6.23,-38.89,0,38.86
23:57:42.433,23:57:42.433,24648.652,0x82,0x00,True,-178.27,6.24,-38.89,0,38.92
23:57:52.433,23:57:52.433,24658.652,0x82,0x00,True,-178.3,6.25,-38.89,0,38.99
23:58:02.433,23:58:02.433,24668.652,0x82,0x00,True,-178.34,6.26,-38.89,0,38.88
23:58:12.417,23:58:12.417,24678.636,0x82,0x00,True,-178.37,6.27,-38.89,0,38.95
23:58:22.417,23:58:22.417,24688.636,0x82,0x00,True,-178.41,6.28,-38.89,0,38.9
23:58:32.417,23:58:32.417,24698.636,0x82,0x00,True,-178.44,6.29,-38.89,0,38.91
23:58:42.403,23:58:42.403,24708.622,0x82,0x00,True,-178.48,6.3,-38.89,0,38.94
23:58:52.403,23:58:52.403,24718.622,0x82,0x00,True,-178.52,6.3,-38.89,0,38.88
23:59:02.423,23:59:02.423,24728.642,0x82,0x00,True,-178.55,6.31,-38.89,0,38.89
23:59:12.403,23:59:12.403,24738.622,0x82,0x00,True,-178.59,6.32,-38.89,0,38.91
23:59:22.403,23:59:22.403,24748.622,0x82,0x00,True,-178.62,6.33,-38.89,0,38.89
23:59:32.393,23:59:32.393,24758.612,0x82,0x00,True,-178.66,6.33,-38.89,0,38.93
23:59:42.405,23:59:42.405,24768.624,0x82,0x00,True,-178.69,6.34,-38.89,0,38.91
23:59:52.382,23:59:52.382,24778.601,0x82,0x00,True,-178.73,6.34,-38.89,0,38.97
00:00:02.392,00:00:02.392,24788.611,0x82,0x00,True,-178.77,6.35,-38.89,0,38.86
00:00:12.392,00:00:12.392,24798.611,0x82,0x00,True,-178.8,6.35,-38.89,0,38.85
00:00:22.372,00:00:22.372,24808.591,0x82,0x00,True,-178.84,6.36,-38.89,0,38.94
00:00:32.372,00:00:32.372,24818.591,0x82,0x00,True,-178.87,6.36,-38.89,0,38.86
00:00:42.372,00:00:42.372,24828.591,0x82,0x00,True,-178.91,6.37,-38.89,0,38.81
00:00:52.372,00:00:52.372,24838.591,0x82,0x00,True,-178.95,6.37,-38.89,0,38.85
00:01:02.363,00:01:02.363,24848.582,0x82,0x00,True,-178.98,6.37,-38.89,0,38.88
00:01:12.362,00:01:12.362,24858.581,0x82,0x00,True,-179.02,6.37,-38.89,0,38.79
00:01:22.363,00:01:22.363,24868.582,0x82,0x00,True,-179.05,6.38,-38.89,0,38.78
00:01:32.353,00:01:32.353,24878.572,0x82,0x00,True,-179.09,6.38,-38.89,0,38.73
00:01:42.353,00:01:42.353,24888.572,0x82,0x00,True,-179.13,6.38,-38.89,0,38.86
00:01:52.362,00:01:52.362,24898.581,0x82,0x00,True,-179.16,6.38,-38.89,0,38.78
00:02:02.353,00:02:02.353,24908.572,0x82,0x00,True,-179.2,6.38,-38.89,0,38.84
00:02:12.353,00:02:12.353,24918.572,0x82,0x00,True,-179.24,6.38,-38.89,0,38.83
00:02:22.352,00:02:22.352,24928.571,0x82,0x00,True,-179.27,6.38,-38.89,0,38.82
00:02:32.337,00:02:32.337,24938.556,0x82,0x00,True,-179.31,6.38,-38.89,0,38.83
00:02:42.337,00:02:42.337,24948.556,0x82,0x00,True,-179.34,6.38,-38.89,0,38.76
00:02:52.337,00:02:52.337,24958.556,0x82,0x00,True,-179.38,6.38,-38.89,0,38.76
00:03:02.322,00:03:02.322,24968.541,0x82,0x00,True,-179.42,6.37,-38.89,0,38.78
00:03:12.322,00:03:12.322,24978.541,0x82,0x00,True,-179.45,6.37,-38.89,0,38.84
00:03:22.322,00:03:22.322,24988.541,0x82,0x00,True,-179.49,6.37,-38.88,0,38.8
00:03:32.313,00:03:32.313,24998.532,0x82,0x00,True,-179.53,6.37,-38.88,0,38.79
00:03:42.313,00:03:42.313,25008.532,0x82,0x00,True,-179.56,6.36,-38.88,0,38.76
00:03:52.312,00:03:52.312,25018.531,0x82,0x00,True,-179.6,6.36,-38.88,0,38.79
00:04:02.303,00:04:02.303,25028.522,0x82,0x00,True,-179.63,6.35,-38.88,0,38.8
00:04:12.302,00:04:12.302,25038.521,0x82,0x00,True,-179.67,6.35,-38.88,0,38.74
00:04:22.303,00:04:22.303,25048.522,0x82,0x00,True,-179.71,6.34,-38.88,0,38.7
00:04:32.292,00:04:32.292,25058.511,0x82,0x00,True,-179.74,6.34,-38.88,0,38.79
00:04:42.292,00:04:42.292,25068.511,0x82,0x00,True,-179.78,6.33,-38.88,0,38.76
00:04:52.292,00:04:52.292,25078.511,0x82,0x00,True,-179.81,6.33,-38.88,0,38.75
00:05:02.282,00:05:02.282,25088.501,0x82,0x00,True,-179.85,6.32,-38.88,0,38.73
00:05:12.282,00:05:12.282,25098.501,0x82,0x00,True,-179.88,6.31,-38.88,0,38.79
00:05:22.273,00:05:22.273,25108.492,0x82,0x00,True,-179.92,6.3,-38.88,0,38.71
00:05:32.273,00:05:32.273,25118.492,0x82,0x00,True,-179.96,6.3,-38.88,0,38.71
00:05:42.273,00:05:42.273,25128.492,0x82,0x00,True,-179.99,6.29,-38.88,0,38.67
00:05:52.272,00:05:52.272,25138.491,0x82,0x00,True,179.99,6.28,-38.88,0,38.62
00:06:02.258,00:06:02.258,25148.477,0x82,0x00,True,179.96,6.27,-38.88,0,38.73
00:06:12.257,00:06:12.257,25158.476,0x82,0x00,True,179.92,6.26,-38.88,0,38.74
00:06:22.257,00:06:22.257,25168.476,0x82,0x00,True,179.89,6.25,-38.88,0,38.73
00:06:32.278,00:06:32.278,25178.497,0x82,0x00,True,179.85,6.24,-38.88,0,38.73
00:06:42.242,00:06:42.242,25188.461,0x82,0x00,True,179.82,6.23,-38.88,0,38.63
00:06:52.242,00:06:52.242,25198.461,0x82,0x00,True,179.78,6.22,-38.88,0,38.69
00:07:02.233,00:07:02.233,25208.452,0x82,0x00,True,179.75,6.21,-38.88,0,38.73
00:07:12.233,00:07:12.233,25218.452,0x82,0x00,True,179.71,6.19,-38.88,0,38.66
00:07:22.233,00:07:22.233,25228.452,0x82,0x00,True,179.68,6.18,-38.88,0,38.66
00:07:32.222,00:07:32.222,25238.441,0x82,0x00,True,179.65,6.17,-38.88,0,38.56
00:07:42.222,00:07:42.222,25248.441,0x82,0x00,True,179.61,6.16,-38.88,0,38.64
00:07:52.257,00:07:52.257,25258.476,0x82,0x00,True,179.58,6.14,-38.88,0,38.62
00:08:02.212,00:08:02.212,25268.431,0x82,0x00,True,179.54,6.13,-38.88,0,38.64
00:08:12.212,00:08:12.212,25278.431,0x82,0x00,True,179.51,6.11,-38.88,0,38.61
00:08:22.202,00:08:22.202,25288.421,0x82,0x00,True,179.48,6.1,-38.88,0,38.68
00:08:32.201,00:08:32.201,25298.42,0x82,0x00,True,179.44,6.09,-38.88,0,38.66
00:08:42.193,00:08:42.193,25308.412,0x82,0x00,True,179.41,6.07,-38.88,0,38.64
00:08:52.192,00:08:52.192,25318.411,0x82,0x00,True,179.38,6.05,-38.88,0,38.71
00:09:02.192,00:09:02.192,25328.411,0x82,0x00,True,179.35,6.04,-38.88,0,38.6
00:09:12.193,00:09:12.193,25338.412,0x82,0x00,True,179.31,6.02,-38.88,0,38.73
00:09:22.192,00:09:22.192,25348.411,0x82,0x00,True,179.28,6.01,-38.88,0,38.6
00:09:32.177,00:09:32.177,25358.396,0x82,0x00,True,179.25,5.99,-38.88,0,38.7
00:09:42.177,00:09:42.177,25368.396,0x82,0x00,True,179.22,5.97,-38.88,0,38.6
00:09:52.177,00:09:52.177,25378.396,0x82,0x00,True,179.19,5.95,-38.88,0,38.61
00:10:02.162,00:10:02.162,25388.381,0x82,0x00,True,179.15,5.94,-38.88,0,38.63
00:10:12.161,00:10:12.161,25398.38,0x82,0x00,True,179.12,5.92,-38.88,0,38.7
00:10:22.177,00:10:22.177,25408.396,0x82,0x00,True,179.09,5.9,-38.88,0,38.66
00:10:32.152,00:10:32.152,25418.371,0x82,0x00,True,179.06,5.88,-38.88,0,38.67
00:10:42.161,00:10:42.161,25428.38,0x82,0x00,True,179.03,5.86,-38.88,0,38.7
00:10:52.142,00:10:52.142,25438.361,0x82,0x00,True,179.0,5.84,-38.88,0,38.62
00:11:02.152,00:11:02.152,25448.371,0x82,0x00,True,178.97,5.82,-38.88,0,38.65
00:11:12.142,00:11:12.142,25458.361,0x82,0x00,True,178.94,5.8,-38.88,0,38.65
00:11:22.143,00:11:22.143,25468.362,0x82,0x00,True,178.91,5.78,-38.88,0,38.72
00:11:32.132,00:11:32.132,25478.351,0x82,0x00,True,178.88,5.76,-38.88,0,38.74
00:11:42.142,00:11:42.142,25488.361,0x82,0x00,True,178.85,5.74,-38.88,0,38.58
00:11:52.122,00:11:52.122,25498.341,0x82,0x00,True,178.82,5.71,-38.88,0,38.63
00:12:02.122,00:12:02.122,25508.341,0x82,0x00,True,178.8,5.69,-38.88,0,38.68
00:12:12.122,00:12:12.122,25518.341,0x82,0x00,True,178.77,5.67,-38.88,0,38.7
00:12:22.112,00:12:22.112,25528.331,0x82,0x00,True,178.74,5.65,-38.88,0,38.63
00:12:32.112,00:12:32.112,25538.331,0x82,0x00,True,178.71,5.62,-38.88,0,38.73
00:12:42.112,00:12:42.112,25548.331,0x82,0x00,True,178.68,5.6,-38.88,0,38.6
00:12:52.112,00:12:52.112,25558.331,0x82,0x00,True,178.66,5.58,-38.88,0,38.69
00:13:02.122,00:13:02.122,25568.341,0x82,0x00,True,178.63,5.55,-38.88,0,38.63
00:13:12.098,00:13:12.098,25578.317,0x82,0x00,True,178.6,5.53,-38.88,0,38.67
00:13:22.127,00:13:22.127,25588.346,0x82,0x00,True,178.57,5.5,-38.88,0,38.68
00:13:32.098,00:13:32.098,25598.317,0x82,0x00,True,178.55,5.48,-38.88,0,38.66
00:13:42.082,00:13:42.082,25608.301,0x82,0x00,True,178.52,5.46,-38.88,0,38.73
00:13:52.082,00:13:52.082,25618.301,0x82,0x00,True,178.5,5.43,-38.88,0,38.59
00:14:02.082,00:14:02.082,25628.301,0x82,0x00,True,178.47,5.4,-38.88,0,38.7
00:14:12.072,00:14:12.072,25638.291,0x82,0x00,True,178.45,5.38,-38.88,0,38.62
00:14:22.072,00:14:22.072,25648.291,0x82,0x00,True,178.42,5.35,-38.88,0,38.67
00:14:32.072,00:14:32.072,25658.291,0x82,0x00,True,178.4,5.33,-38.88,0,38.66
00:14:42.063,00:14:42.063,25668.282,0x82,0x00,True,178.37,5.3,-38.88,0,38.57
00:14:52.062,00:14:52.062,25678.281,0x82,0x00,True,178.35,5.27,-38.88,0,38.68
00:15:02.063,00:15:02.063,25688.282,0x82,0x00,True,178.32,5.24,-38.88,0,38.64
00:15:12.082,00:15:12.082,25698.301,0x82,0x00,True,178.3,5.22,-38.88,0,38.66
00:15:22.052,00:15:22.052,25708.271,0x82,0x00,True,178.28,5.19,-38.88,0,38.66
00:15:32.052,00:15:32.052,25718.271,0x82,0x00,True,178.26,5.16,-38.88,0,38.66
00:15:42.042,00:15:42.042,25728.261,0x82,0x00,True,178.23,5.13,-38.88,0,38.7
00:15:52.042,00:15:52.042,25738.261,0x82,0x00,True,178.21,5.1,-38.88,0,38.7
00:16:02.043,00:16:02.043,25748.262,0x82,0x00,True,178.19,5.08,-38.88,0,38.73
00:16:12.032,00:16:12.032,25758.251,0x82,0x00,True,178.17,5.05,-38.88,0,38.7
00:16:22.032,00:16:22.032,25768.251,0x82,0x00,True,178.15,5.02,-38.88,0,38.63
00:16:32.032,00:16:32.032,25778.251,0x82,0x00,True,178.13,4.99,-38.88,0,38.7
00:16:42.032,00:16:42.032,25788.251,0x82,0x00,True,178.11,4.96,-38.88,0,38.67
00:16:52.022,00:16:52.022,25798.241,0x82,0x00,True,178.09,4.93,-38.88,0,38.81
00:17:02.028,00:17:02.028,25808.247,0x82,0x00,True,178.07,4.9,-38.88,0,38.73
00:17:12.018,00:17:12.018,25818.237,0x82,0x00,True,178.05,4.87,-38.88,0,38.73
00:17:22.018,00:17:22.018,25828.237,0x82,0x00,True,178.03,4.84,-38.88,0,38.73
00:17:32.002,00:17:32.002,25838.221,0x82,0x00,True,178.01,4.81,-38.88,0,38.73
00:17:42.002,00:17:42.002,25848.221,0x82,0x00,True,177.99,4.77,-38.88,0,38.67
00:17:51.992,00:17:51.992,25858.211,0x82,0x00,True,177.97,4.74,-38.88,0,38.76
00:18:01.992,00:18:01.992,25868.211,0x82,0x00,True,177.96,4.71,-38.88,0,38.75
00:18:11.993,00:18:11.993,25878.212,0x82,0x00,True,177.94,4.68,-38.88,0,38.76
00:18:21.982,00:18:21.982,25888.201,0x82,0x00,True,177.92,4.65,-38.88,0,38.76
00:18:31.983,00:18:31.983,25898.202,0x82,0x00,True,177.9,4.62,-38.88,0,38.74
00:18:41.983,00:18:41.983,25908.202,0x82,0x00,True,177.89,4.58,-38.88,0,38.73
00:18:51.973,00:18:51.973,25918.192,0x82,0x00,True,177.87,4.55,-38.88,0,38.7
00:19:01.973,00:19:01.973,25928.192,0x82,0x00,True,177.86,4.52,-38.88,0,38.74
00:19:11.982,00:19:11.982,25938.201,0x82,0x00,True,177.84,4.49,-38.88,0,38.7
00:19:21.962,00:19:21.962,25948.181,0x82,0x00,True,177.83,4.45,-38.88,0,38.8
00:19:31.962,00:19:31.962,25958.181,0x82,0x00,True,177.81,4.42,-38.88,0,38.77
00:19:41.962,00:19:41.962,25968.181,0x82,0x00,True,177.8,4.39,-38.88,0,38.73
00:19:51.952,00:19:51.952,25978.171,0x82,0x00,True,177.78,4.35,-38.88,0,38.76
00:20:01.952,00:20:01.952,25988.171,0x82,0x00,True,177.77,4.32,-38.88,0,38.75
00:20:11.952,00:20:11.952,25998.171,0x82,0x00,True,177.76,4.29,-38.88,0,38.72
00:20:21.952,00:20:21.952,26008.171,0x82,0x00,True,177.75,4.25,-38.88,0,38.76
00:20:31.943,00:20:31.943,26018.162,0x82,0x00,True,177.73,4.22,-38.88,0,38.74
00:20:41.947,00:20:41.947,26028.166,0x82,0x00,True,177.72,4.18,-38.88,0,38.71
00:20:51.938,00:20:51.938,26038.157,0x82,0x00,True,177.71,4.15,-38.88,0,38.76
00:21:01.938,00:21:01.938,26048.157,0x82,0x00,True,177.7,4.12,-38.88,0,38.75
00:21:11.922,00:21:11.922,26058.141,0x82,0x00,True,177.69,4.08,-38.88,0,38.7
00:21:21.922,00:21:21.922,26068.141,0x82,0x00,True,177.68,4.05,-38.88,0,38.71
00:21:31.922,00:21:31.922,26078.141,0x82,0x00,True,177.67,4.01,-38.88,0,38.74
00:21:41.912,00:21:41.912,26088.131,0x82,0x00,True,177.66,3.98,-38.88,0,38.7
00:21:51.912,00:21:51.912,26098.131,0x82,0x00,True,177.65,3.94,-38.88,0,38.68
00:22:01.912,00:22:01.912,26108.131,0x82,0x00,True,177.64,3.91,-38.88,0,38.73
00:22:11.903,00:22:11.903,26118.122,0x82,0x00,True,177.63,3.87,-38.88,0,38.69
00:22:21.912,00:22:21.912,26128.131,0x82,0x00,True,177.62,3.84,-38.88,0,38.73
00:22:31.903,00:22:31.903,26138.122,0x82,0x00,True,177.62,3.8,-38.88,0,38.61
00:22:41.893,00:22:41.893,26148.112,0x82,0x00,True,177.61,3.77,-38.88,0,38.65
00:22:51.892,00:22:51.892,26158.111,0x82,0x00,True,177.6,3.73,-38.88,0,38.7
00:23:01.882,00:23:01.882,26168.101,0x82,0x00,True,177.6,3.7,-38.88,0,38.7
00:23:11.883,00:23:11.883,26178.102,0x82,0x00,True,177.59,3.66,-38.88,0,38.63
00:23:21.883,00:23:21.883,26188.102,0x82,0x00,True,177.59,3.62,-38.88,0,38.61
00:23:31.872,00:23:31.872,26198.091,0x82,0x00,True,177.58,3.59,-38.88,0,38.65
00:23:41.873,00:23:41.873,26208.092,0x82,0x00,True,177.58,3.55,-38.88,0,38.6
00:23:51.872,00:23:51.872,26218.091,0x82,0x00,True,177.57,3.52,-38.88,0,38.66
00:24:01.873,00:24:01.873,26228.092,0x82,0x00,True,177.57,3.48,-38.88,0,38.6
00:24:11.873,00:24:11.873,26238.092,0x82,0x00,True,177.56,3.45,-38.88,0,38.52
00:24:21.858,00:24:21.858,26248.077,0x82,0x00,True,177.56,3.41,-38.88,0,38.62
00:24:31.858,00:24:31.858,26258.077,0x82,0x00,True,177.56,3.37,-38.88,0,38.57
00:24:41.858,00:24:41.858,26268.077,0x82,0x00,True,177.56,3.34,-38.88,0,38.55
00:24:51.843,00:24:51.843,26278.062,0x82,0x00,True,177.55,3.3,-38.88,0,38.52
00:25:01.843,00:25:01.843,26288.062,0x82,0x00,True,177.55,3.27,-38.88,0,38.56
00:25:11.862,00:25:11.862,26298.081,0x82,0x00,True,177.55,3.23,-38.88,0,38.54
00:25:21.832,00:25:21.832,26308.051,0x82,0x00,True,177.55,3.19,-38.88,0,38.56
00:25:31.833,00:25:31.833,26318.052,0x82,0x00,True,177.55,3.16,-38.88,0,38.62
00:25:41.832,00:25:41.832,26328.051,0x82,0x00,True,177.55,3.12,-38.88,0,38.58
00:25:51.821,00:25:51.821,26338.04,0x82,0x00,True,177.55,3.09,-38.88,0,38.67
00:26:01.822,00:26:01.822,26348.041,0x82,0x00,True,177.55,3.05,-38.88,0,38.58
00:26:11.822,00:26:11.822,26358.041,0x82,0x00,True,177.55,3.01,-38.88,0,38.59
00:26:21.832,00:26:21.832,26368.051,0x82,0x00,True,177.55,2.98,-38.88,0,38.53
00:26:31.813,00:26:31.813,26378.032,0x82,0x00,True,177.56,2.94,-38.88,0,38.64
00:26:41.812,00:26:41.812,26388.031,0x82,0x00,True,177.56,2.91,-38.88,0,38.54
00:26:51.813,00:26:51.813,26398.032,0x82,0x00,True,177.56,2.87,-38.88,0,38.63
00:27:01.802,00:27:01.802,26408.021,0x82,0x00,True,177.57,2.83,-38.88,0,38.54
00:27:11.802,00:27:11.802,26418.021,0x82,0x00,True,177.57,2.8,-38.88,0,38.6
00:27:21.792,00:27:21.792,26428.011,0x82,0x00,True,177.57,2.76,-38.88,0,38.62
00:27:31.792,00:27:31.792,26438.011,0x82,0x00,True,177.58,2.73,-38.88,0,38.6
00:27:41.792,00:27:41.792,26448.011,0x82,0x00,True,177.58,2.69,-38.88,0,38.6
00:27:51.792,00:27:51.792,26458.011,0x82,0x00,True,177.59,2.66,-38.88,0,38.59
00:28:01.792,00:28:01.792,26468.011,0x82,0x00,True,177.59,2.62,-38.88,0,38.71
00:28:11.782,00:28:11.782,26478.001,0x82,0x00,True,177.6,2.58,-38.88,0,38.64
00:28:21.796,00:28:21.796,26488.015,0x82,0x00,True,177.61,2.55,-38.88,0,38.56
00:28:31.778,00:28:31.778,26497.997,0x82,0x00,True,177.61,2.51,-38.88,0,38.55
00:28:41.787,00:28:41.787,26508.006,0x82,0x00,True,177.62,2.48,-38.88,0,38.57
00:28:51.762,00:28:51.762,26517.981,0x82,0x00,True,177.63,2.44,-38.88,0,38.52
00:29:01.762,00:29:01.762,26527.981,0x82,0x00,True,177.63,2.41,-38.88,0,38.56
00:29:11.762,00:29:11.762,26537.981,0x82,0x00,True,177.64,2.37,-38.88,0,38.54
00:29:21.762,00:29:21.762,26547.981,0x82,0x00,True,177.65,2.34,-38.88,0,38.51
00:29:31.752,00:29:31.752,26557.971,0x82,0x00,True,177.66,2.3,-38.88,0,38.52
00:29:41.742,00:29:41.742,26567.961,0x82,0x00,True,177.67,2.27,-38.88,0,38.48
00:29:51.742,00:29:51.742,26577.961,0x82,0x00,True,177.68,2.23,-38.88,0,38.54
00:30:01.763,00:30:01.763,26587.982,0x82,0x00,True,177.69,2.2,-38.88,0,38.46
00:30:11.733,00:30:11.733,26597.952,0x82,0x00,True,177.7,2.16,-38.88,0,38.5
00:30:21.752,00:30:21.752,26607.971,0x82,0x00,True,177.71,2.13,-38.88,0,38.49
00:30:31.732,00:30:31.732,26617.951,0x82,0x00,True,177.73,2.1,-38.88,0,38.47
00:30:41.722,00:30:41.722,26627.941,0x82,0x00,True,177.74,2.06,-38.88,0,38.54
00:30:51.742,00:30:51.742,26637.961,0x82,0x00,True,177.75,2.03,-38.88,0,38.48
00:31:01.712,00:31:01.712,26647.931,0x82,0x00,True,177.76,2.0,-38.88,0,38.5
00:31:11.702,00:31:11.702,26657.921,0x82,0x00,True,177.78,1.96,-38.88,0,38.5
00:31:21.712,00:31:21.712,26667.931,0x82,0x00,True,177.79,1.93,-38.88,0,38.44
00:31:31.712,00:31:31.712,26677.931,0x82,0x00,True,177.8,1.89,-38.88,0,38.54
00:31:41.712,00:31:41.712,26687.931,0x82,0x00,True,177.82,1.86,-38.88,0,38.46
00:31:51.702,00:31:51.702,26697.921,0x82,0x00,True,177.83,1.83,-38.88,0,38.51
00:32:01.697,00:32:01.697,26707.916,0x82,0x00,True,177.85,1.8,-38.88,0,38.51
00:32:11.722,00:32:11.722,26717.941,0x82,0x00,True,177.86,1.76,-38.88,0,38.51
00:32:21.697,00:32:21.697,26727.916,0x82,0x00,True,177.88,1.73,-38.88,0,38.54
00:32:31.683,00:32:31.683,26737.902,0x82,0x00,True,177.9,1.7,-38.88,0,38.47
00:32:41.683,00:32:41.683,26747.902,0x82,0x00,True,177.91,1.67,-38.88,0,38.51
00:32:51.672,00:32:51.672,26757.891,0x82,0x00,True,177.93,1.63,-38.88,0,38.56
00:33:01.672,00:33:01.672,26767.891,0x82,0x00,True,177.95,1.6,-38.88,0,38.63
00:33:11.672,00:33:11.672,26777.891,0x82,0x00,True,177.96,1.57,-38.88,0,38.54
00:33:21.662,00:33:21.662,26787.881,0x82,0x00,True,177.98,1.54,-38.88,0,38.64
00:33:31.662,00:33:31.662,26797.881,0x82,0x00,True,178.0,1.51,-38.88,0,38.6
00:33:41.662,00:33:41.662,26807.881,0x82,0x00,True,178.02,1.48,-38.88,0,38.66
00:33:51.653,00:33:51.653,26817.872,0x82,0x00,True,178.04,1.45,-38.88,0,38.49
00:34:01.653,00:34:01.653,26827.872,0x82,0x00,True,178.06,1.42,-38.88,0,38.51
00:34:11.653,00:34:11.653,26837.872,0x82,0x00,True,178.08,1.39,-38.88,0,38.56
00:34:21.643,00:34:21.643,26847.862,0x82,0x00,True,178.1,1.36,-38.88,0,38.51
00:34:31.643,00:34:31.643,26857.862,0x82,0x00,True,178.12,1.33,-38.88,0,38.54
00:34:41.642,00:34:41.642,26867.861,0x82,0x00,True,178.14,1.3,-38.88,0,38.52
00:34:51.633,00:34:51.633,26877.852,0x82,0x00,True,178.16,1.27,-38.88,0,38.63
00:35:01.633,00:35:01.633,26887.852,0x82,0x00,True,178.18,1.24,-38.88,0,38.63
00:35:11.632,00:35:11.632,26897.851,0x82,0x00,True,178.2,1.21,-38.88,0,38.62
00:35:21.632,00:35:21.632,26907.851,0x82,0x00,True,178.22,1.18,-38.88,0,38.7
00:35:31.632,00:35:31.632,26917.851,0x82,0x00,True,178.24,1.15,-38.88,0,38.55
00:35:41.617,00:35:41.617,26927.836,0x82,0x00,True,178.27,1.13,-38.88,0,38.63
00:35:51.617,00:35:51.617,26937.836,0x82,0x00,True,178.29,1.1,-38.88,0,38.69
00:36:01.617,00:36:01.617,26947.836,0x82,0x00,True,178.31,1.07,-38.88,0,38.76
00:36:11.603,00:36:11.603,26957.822,0x82,0x00,True,178.34,1.04,-38.86,0,38.61
00:36:21.603,00:36:21.603,26967.822,0x82,0x00,True,178.36,1.02,-38.86,0,38.67
00:36:31.603,00:36:31.603,26977.822,0x82,0x00,True,178.38,0.99,-38.86,0,38.73
00:36:41.592,00:36:41.592,26987.811,0x82,0x00,True,178.41,0.96,-38.86,0,38.62
00:36:51.603,00:36:51.603,26997.822,0x82,0x00,True,178.43,0.94,-38.86,0,38.65
00:37:01.592,00:37:01.592,27007.811,0x82,0x00,True,178.46,0.91,-38.86,0,38.57
00:37:11.582,00:37:11.582,27017.801,0x82,0x00,True,178.48,0.88,-38.86,0,38.69
00:37:21.582,00:37:21.582,27027.801,0x82,0x00,True,178.51,0.86,-38.86,0,38.7
00:37:31.582,00:37:31.582,27037.801,0x82,0x00,True,178.53,0.83,-38.86,0,38.63
00:37:41.572,00:37:41.572,27047.791,0x82,0x00,True,178.56,0.81,-38.86,0,38.66
00:37:51.572,00:37:51.572,27057.791,0x82,0x00,True,178.59,0.78,-38.86,0,38.74
00:38:01.572,00:38:01.572,27067.791,0x82,0x00,True,178.61,0.76,-38.86,0,38.6
00:38:11.564,00:38:11.564,27077.783,0x82,0x00,True,178.64,0.74,-38.86,0,38.7
00:38:21.562,00:38:21.562,27087.781,0x82,0x00,True,178.67,0.71,-38.86,0,38.66
00:38:31.552,00:38:31.552,27097.771,0x82,0x00,True,178.69,0.69,-38.86,0,38.66
00:38:41.553,00:38:41.553,27107.772,0x82,0x00,True,178.72,0.66,-38.86,0,38.69
00:38:51.552,00:38:51.552,27117.771,0x82,0x00,True,178.75,0.64,-38.86,0,38.63
00:39:01.553,00:39:01.553,27127.772,0x82,0x00,True,178.78,0.62,-38.86,0,38.62
00:39:11.552,00:39:11.552,27137.771,0x82,0x00,True,178.81,0.6,-38.86,0,38.61
00:39:21.542,00:39:21.542,27147.761,0x82,0x00,True,178.84,0.58,-38.86,0,38.69
00:39:31.537,00:39:31.537,27157.756,0x82,0x00,True,178.86,0.55,-38.86,0,38.67
00:39:41.537,00:39:41.537,27167.756,0x82,0x00,True,178.89,0.53,-38.86,0,38.66
00:39:51.523,00:39:51.523,27177.742,0x82,0x00,True,178.92,0.51,-38.86,0,38.63
00:40:01.523,00:40:01.523,27187.742,0x82,0x00,True,178.95,0.49,-38.86,0,38.68
00:40:11.522,00:40:11.522,27197.741,0x82,0x00,True,178.98,0.47,-38.86,0,38.5
00:40:21.512,00:40:21.512,27207.731,0x82,0x00,True,179.01,0.45,-38.86,0,38.65
00:40:31.523,00:40:31.523,27217.742,0x82,0x00,True,179.04,0.43,-38.86,0,38.62
00:40:41.512,00:40:41.512,27227.731,0x82,0x00,True,179.07,0.41,-38.86,0,38.64
00:40:51.502,00:40:51.502,27237.721,0x82,0x00,True,179.1,0.39,-38.86,0,38.6
00:41:01.502,00:41:01.502,27247.721,0x82,0x00,True,179.13,0.37,-38.86,0,38.57
00:41:11.502,00:41:11.502,27257.721,0x82,0x00,True,179.17,0.36,-38.86,0,38.62
00:41:21.492,00:41:21.492,27267.711,0x82,0x00,True,179.2,0.34,-38.86,0,38.6
00:41:31.492,00:41:31.492,27277.711,0x82,0x00,True,179.23,0.32,-38.86,0,38.55
00:41:41.492,00:41:41.492,27287.711,0x82,0x00,True,179.26,0.3,-38.86,0,38.66
00:41:51.492,00:41:51.492,27297.711,0x82,0x00,True,179.29,0.29,-38.86,0,38.61
00:42:01.483,00:42:01.483,27307.702,0x82,0x00,True,179.32,0.27,-38.86,0,38.6
00:42:11.483,00:42:11.483,27317.702,0x82,0x00,True,179.36,0.25,-38.86,0,38.63
00:42:21.472,00:42:21.472,27327.691,0x82,0x00,True,179.39,0.24,-38.86,0,38.6
00:42:31.473,00:42:31.473,27337.692,0x82,0x00,True,179.42,0.22,-38.86,0,38.53
00:42:41.473,00:42:41.473,27347.692,0x82,0x00,True,179.45,0.21,-38.86,0,38.55
00:42:51.472,00:42:51.472,27357.691,0x82,0x00,True,179.49,0.19,-38.86,0,38.66
00:43:01.472,00:43:01.472,27367.691,0x82,0x00,True,179.52,0.18,-38.86,0,38.53
00:43:11.472,00:43:11.472,27377.691,0x82,0x00,True,179.55,0.17,-38.86,0,38.58
00:43:21.477,00:43:21.477,27387.696,0x82,0x00,True,179.59,0.15,-38.86,0,38.51
00:43:31.462,00:43:31.462,27397.681,0x82,0x00,True,179.62,0.14,-38.86,0,38.52
00:43:41.457,00:43:41.457,27407.676,0x82,0x00,True,179.65,0.13,-38.86,0,38.6
00:43:51.457,00:43:51.457,27417.676,0x82,0x00,True,179.69,0.11,-38.86,0,38.63
00:44:01.457,00:44:01.457,27427.676,0x82,0x00,True,179.72,0.1,-38.86,0,38.61
00:44:11.443,00:44:11.443,27437.662,0x82,0x00,True,179.76,0.09,-38.86,0,38.63
00:44:21.442,00:44:21.442,27447.661,0x82,0x00,True,179.79,0.08,-38.86,0,38.66
00:44:31.443,00:44:31.443,27457.662,0x82,0x00,True,179.82,0.07,-38.86,0,38.54
00:44:41.443,00:44:41.443,27467.662,0x82,0x00,True,179.86,0.06,-38.86,0,38.57
00:44:51.432,00:44:51.432,27477.651,0x82,0x00,True,179.89,0.05,-38.86,0,38.68
00:45:01.433,00:45:01.433,27487.652,0x82,0x00,True,179.93,0.04,-38.86,0,38.63
00:45:11.432,00:45:11.432,27497.651,0x82,0x00,True,179.96,0.03,-38.86,0,38.6
00:45:21.422,00:45:21.422,27507.641,0x82,0x00,True,180.0,0.02,-38.86,0,38.54
00:45:31.422,00:45:31.422,27517.641,0x82,0x00,True,-179.96,0.02,-38.86,0,38.61
00:45:41.422,00:45:41.422,27527.641,0x82,0x00,True,-179.88,0.01,-38.86,0,38.67
00:45:51.422,00:45:51.422,27537.641,0x82,0x00,True,-179.81,0.0,-38.86,0,38.63
00:46:01.412,00:46:01.412,27547.631,0x82,0x00,True,-179.74,-0.01,-38.86,0,38.6
00:46:11.412,00:46:11.412,27557.631,0x82,0x00,True,-179.66,-0.02,-38.86,0,38.68
00:46:21.412,00:46:21.412,27567.631,0x82,0x00,True,-179.58,-0.03,-38.86,0,38.7
00:46:31.412,00:46:31.412,27577.631,0x82,0x00,True,-179.51,-0.04,-38.86,0,38.69
00:46:41.403,00:46:41.403,27587.622,0x82,0x00,True,-179.43,-0.04,-38.86,0,38.73
00:46:51.403,00:46:51.403,27597.622,0x82,0x00,True,-179.36,-0.04,-38.86,0,38.57
00:47:01.403,00:47:01.403,27607.622,0x82,0x00,True,-179.28,-0.05,-38.86,0,38.7
00:47:11.393,00:47:11.393,27617.612,0x82,0x00,True,-179.21,-0.05,-38.88,0,38.68
00:47:21.392,00:47:21.392,27627.611,0x82,0x00,True,-179.13,-0.05,-38.88,0,38.65
00:47:31.392,00:47:31.392,27637.611,0x82,0x00,True,-179.06,-0.04,-38.88,0,38.57
00:47:41.392,00:47:41.392,27647.611,0x82,0x00,True,-178.98,-0.04,-38.88,0,38.64
00:47:51.392,00:47:51.392,27657.611,0x82,0x00,True,-178.91,-0.03,-38.88,0,38.65
00:48:01.393,00:48:01.393,27667.612,0x82,0x00,True,-178.83,-0.02,-38.88,0,38.66
00:48:11.412,00:48:11.412,27677.631,0x82,0x00,True,-178.76,-0.01,-38.88,0,38.63
00:48:21.377,00:48:21.377,27687.596,0x82,0x00,True,-178.68,0.0,-38.88,0,38.57
00:48:31.377,00:48:31.377,27697.596,0x82,0x00,True,-178.61,0.0,-38.88,0,38.57
00:48:41.377,00:48:41.377,27707.596,0x82,0x00,True,-178.53,0.02,-38.88,0,38.58
00:48:51.377,00:48:51.377,27717.596,0x82,0x00,True,-178.46,0.04,-38.88,0,38.63
00:49:01.382,00:49:01.382,27727.601,0x82,0x00,True,-178.39,0.05,-38.88,0,38.68
00:49:11.363,00:49:11.363,27737.582,0x82,0x00,True,-178.31,0.08,-38.88,0,38.64
00:49:21.363,00:49:21.363,27747.582,0x82,0x00,True,-178.24,0.1,-38.88,0,38.46
00:49:31.353,00:49:31.353,27757.572,0x82,0x00,True,-178.17,0.12,-38.88,0,38.54
00:49:41.353,00:49:41.353,27767.572,0x82,0x00,True,-178.1,0.15,-38.88,0,38.63
00:49:51.353,00:49:51.353,27777.572,0x82,0x00,True,-178.03,0.17,-38.88,0,38.63
00:50:01.353,00:50:01.353,27787.572,0x82,0x00,True,-177.96,0.2,-38.88,0,38.54
00:50:11.342,00:50:11.342,27797.561,0x82,0x00,True,-177.89,0.23,-38.88,0,38.49
00:50:21.352,00:50:21.352,27807.571,0x82,0x00,True,-177.82,0.27,-38.88,0,38.48
00:50:31.322,00:50:31.322,27817.541,0x82,0x00,True,-177.76,0.3,-38.88,0,38.43
00:50:41.343,00:50:41.343,27827.562,0x82,0x00,True,-177.69,0.34,-38.88,0,38.45
00:50:51.332,00:50:51.332,27837.551,0x82,0x00,True,-177.62,0.37,-38.88,0,38.51
00:51:01.332,00:51:01.332,27847.551,0x82,0x00,True,-177.56,0.41,-38.88,0,38.5
00:51:11.332,00:51:11.332,27857.551,0x82,0x00,True,-177.49,0.45,-38.88,0,38.6
00:51:21.322,00:51:21.322,27867.541,0x82,0x00,True,-177.43,0.49,-38.88,0,38.41
00:51:31.322,00:51:31.322,27877.541,0x82,0x00,True,-177.37,0.54,-38.88,0,38.61
00:51:41.322,00:51:41.322,27887.541,0x82,0x00,True,-177.31,0.58,-38.88,0,38.54
00:51:51.313,00:51:51.313,27897.532,0x82,0x00,True,-177.25,0.63,-38.88,0,38.6
00:52:01.314,00:52:01.314,27907.533,0x82,0x00,True,-177.19,0.67,-38.88,0,38.62
00:52:11.313,00:52:11.313,27917.532,0x82,0x00,True,-177.13,0.72,-38.88,0,38.66
00:52:21.313,00:52:21.313,27927.532,0x82,0x00,True,-177.07,0.77,-38.88,0,38.59
00:52:31.302,00:52:31.302,27937.521,0x82,0x00,True,-177.02,0.82,-38.88,0,38.57
00:52:41.322,00:52:41.322,27947.541,0x82,0x00,True,-176.96,0.88,-38.88,0,38.61
00:52:51.298,00:52:51.298,27957.517,0x82,0x00,True,-176.91,0.93,-38.88,0,38.65
00:53:01.307,00:53:01.307,27967.526,0x82,0x00,True,-176.86,0.98,-38.88,0,38.63
00:53:11.298,00:53:11.298,27977.517,0x82,0x00,True,-176.81,1.04,-38.88,0,38.57
00:53:21.282,00:53:21.282,27987.501,0x82,0x00,True,-176.76,1.1,-38.88,0,38.67
00:53:31.283,00:53:31.283,27997.502,0x82,0x00,True,-176.71,1.16,-38.88,0,38.6
00:53:41.282,00:53:41.282,28007.501,0x82,0x00,True,-176.67,1.22,-38.88,0,38.7
00:53:51.273,00:53:51.273,28017.492,0x82,0x00,True,-176.62,1.28,-38.88,0,38.62
00:54:01.277,00:54:01.277,28027.496,0x82,0x00,True,-176.58,1.34,-38.88,0,38.61
00:54:11.273,00:54:11.273,28037.492,0x82,0x00,True,-176.54,1.4,-38.88,0,38.56
00:54:21.263,00:54:21.263,28047.482,0x82,0x00,True,-176.49,1.46,-38.88,0,38.64
00:54:31.263,00:54:31.263,28057.482,0x82,0x00,True,-176.46,1.53,-38.88,0,38.56
00:54:41.263,00:54:41.263,28067.482,0x82,0x00,True,-176.42,1.59,-38.88,0,38.48
00:54:51.253,00:54:51.253,28077.472,0x82,0x00,True,-176.38,1.66,-38.88,0,38.48
00:55:01.253,00:55:01.253,28087.472,0x82,0x00,True,-176.35,1.73,-38.88,0,38.51
00:55:11.243,00:55:11.243,28097.462,0x82,0x00,True,-176.31,1.8,-38.88,0,38.64
00:55:21.253,00:55:21.253,28107.472,0x82,0x00,True,-176.28,1.86,-38.88,0,38.52
00:55:31.245,00:55:31.245,28117.464,0x82,0x00,True,-176.25,1.93,-38.88,0,38.57
00:55:41.243,00:55:41.243,28127.462,0x82,0x00,True,-176.23,2.0,-38.88,0,38.48
00:55:51.242,00:55:51.242,28137.461,0x82,0x00,True,-176.2,2.07,-38.88,0,38.47
00:56:01.233,00:56:01.233,28147.452,0x82,0x00,True,-176.17,2.15,-38.88,0,38.62
00:56:11.223,00:56:11.223,28157.442,0x82,0x00,True,-176.15,2.22,-38.88,0,38.56
00:56:21.233,00:56:21.233,28167.452,0x82,0x00,True,-176.13,2.29,-38.88,0,38.6
00:56:31.233,00:56:31.233,28177.452,0x82,0x00,True,-176.11,2.36,-38.88,0,38.51
00:56:41.242,00:56:41.242,28187.461,0x82,0x00,True,-176.09,2.44,-38.88,0,38.61
00:56:51.223,00:56:51.223,28197.442,0x82,0x00,True,-176.08,2.51,-38.88,0,38.47
00:57:01.218,00:57:01.218,28207.437,0x82,0x00,True,-176.06,2.58,-38.88,0,38.57
00:57:11.228,00:57:11.228,28217.447,0x82,0x00,True,-176.05,2.66,-38.88,0,38.62
00:57:21.218,00:57:21.218,28227.437,0x82,0x00,True,-176.04,2.73,-38.88,0,38.48
00:57:31.229,00:57:31.229,28237.448,0x82,0x00,True,-176.03,2.81,-38.88,0,38.5
00:57:41.202,00:57:41.202,28247.421,0x82,0x00,True,-176.02,2.88,-38.88,0,38.52
00:57:51.203,00:57:51.203,28257.422,0x82,0x00,True,-176.02,2.96,-38.88,0,38.54
00:58:01.223,00:58:01.223,28267.442,0x82,0x00,True,-176.01,3.03,-38.89,0,38.49
00:58:11.193,00:58:11.193,28277.412,0x82,0x00,True,-176.01,3.11,-38.89,0,38.57
00:58:21.193,00:58:21.193,28287.412,0x82,0x00,True,-176.01,3.18,-38.89,0,38.54
00:58:31.206,00:58:31.206,28297.425,0x82,0x00,True,-176.01,3.26,-38.89,0,38.55
00:58:41.193,00:58:41.193,28307.412,0x82,0x00,True,-176.02,3.33,-38.89,0,38.62
00:58:51.183,00:58:51.183,28317.402,0x82,0x00,True,-176.02,3.41,-38.89,0,38.56
00:59:01.183,00:59:01.183,28327.402,0x82,0x00,True,-176.03,3.48,-38.89,0,38.62
00:59:11.183,00:59:11.183,28337.402,0x82,0x00,True,-176.04,3.56,-38.89,0,38.42
00:59:21.173,00:59:21.173,28347.392,0x82,0x00,True,-176.05,3.63,-38.89,0,38.49
00:59:31.217,00:59:31.217,28357.436,0x82,0x00,True,-176.06,3.71,-38.89,0,38.51
00:59:41.173,00:59:41.173,28367.392,0x82,0x00,True,-176.07,3.78,-38.89,0,38.46
00:59:51.173,00:59:51.173,28377.392,0x82,0x00,True,-176.09,3.86,-38.89,0,38.38
01:00:01.163,01:00:01.163,28387.382,0x82,0x00,True,-176.11,3.93,-38.89,0,38.43
01:00:11.162,01:00:11.162,28397.381,0x82,0x00,True,-176.13,4.0,-38.89,0,38.39
01:00:21.163,01:00:21.163,28407.382,0x82,0x00,True,-176.15,4.08,-38.89,0,38.39
01:00:31.162,01:00:31.162,28417.381,0x82,0x00,True,-176.17,4.15,-38.89,0,38.41
01:00:41.153,01:00:41.153,28427.372,0x82,0x00,True,-176.19,4.22,-38.89,0,38.4
01:00:51.153,01:00:51.153,28437.372,0x82,0x00,True,-176.22,4.29,-38.89,0,38.39
01:01:01.153,01:01:01.153,28447.372,0x82,0x00,True,-176.25,4.36,-38.89,0,38.37
01:01:11.163,01:01:11.163,28457.382,0x82,0x00,True,-176.28,4.43,-38.89,0,38.39
01:01:21.153,01:01:21.153,28467.372,0x82,0x00,True,-176.31,4.5,-38.89,0,38.38
01:01:31.153,01:01:31.153,28477.372,0x82,0x00,True,-176.34,4.57,-38.89,0,38.42
01:01:41.148,01:01:41.148,28487.367,0x82,0x00,True,-176.37,4.64,-38.89,0,38.4
01:01:51.138,01:01:51.138,28497.357,0x82,0x00,True,-176.41,4.7,-38.89,0,38.29
01:02:01.138,01:02:01.138,28507.357,0x82,0x00,True,-176.45,4.77,-38.89,0,38.35
01:02:11.138,01:02:11.138,28517.357,0x82,0x00,True,-176.49,4.83,-38.89,0,38.31
01:02:21.122,01:02:21.122,28527.341,0x82,0x00,True,-176.53,4.9,-38.89,0,38.37
01:02:31.122,01:02:31.122,28537.341,0x82,0x00,True,-176.57,4.96,-38.89,0,38.26
01:02:41.123,01:02:41.123,28547.342,0x82,0x00,True,-176.61,5.02,-38.89,0,38.3
01:02:51.113,01:02:51.113,28557.332,0x82,0x00,True,-176.66,5.08,-38.89,0,38.3
01:03:01.123,01:03:01.123,28567.342,0x82,0x00,True,-176.7,5.14,-38.89,0,38.37
01:03:11.113,01:03:11.113,28577.332,0x82,0x00,True,-176.75,5.2,-38.89,0,38.33
01:03:21.103,01:03:21.103,28587.322,0x82,0x00,True,-176.8,5.26,-38.89,0,38.4
01:03:31.103,01:03:31.103,28597.322,0x82,0x00,True,-176.85,5.32,-38.89,0,38.27
01:03:41.109,01:03:41.109,28607.328,0x82,0x00,True,-176.9,5.37,-38.89,0,38.27
01:03:51.093,01:03:51.093,28617.312,0x82,0x00,True,-176.95,5.42,-38.89,0,38.31
01:04:01.093,01:04:01.093,28627.312,0x82,0x00,True,-177.01,5.48,-38.89,0,38.37
01:04:11.093,01:04:11.093,28637.312,0x82,0x00,True,-177.06,5.53,-38.89,0,38.33
01:04:21.082,01:04:21.082,28647.301,0x82,0x00,True,-177.12,5.58,-38.89,0,38.26
01:04:31.083,01:04:31.083,28657.302,0x82,0x00,True,-177.18,5.63,-38.89,0,38.26
01:04:41.083,01:04:41.083,28667.302,0x82,0x00,True,-177.24,5.68,-38.89,0,38.29
01:04:51.072,01:04:51.072,28677.291,0x82,0x00,True,-177.3,5.72,-38.89,0,38.22
01:05:01.072,01:05:01.072,28687.291,0x82,0x00,True,-177.36,5.77,-38.89,0,38.2
01:05:11.073,01:05:11.073,28697.292,0x82,0x00,True,-177.42,5.81,-38.89,0,38.2
01:05:21.082,01:05:21.082,28707.301,0x82,0x00,True,-177.49,5.85,-38.89,0,38.23
01:05:31.072,01:05:31.072,28717.291,0x82,0x00,True,-177.55,5.89,-38.89,0,38.2
01:05:41.072,01:05:41.072,28727.291,0x82,0x00,True,-177.62,5.93,-38.89,0,38.3
01:05:51.058,01:05:51.058,28737.277,0x82,0x00,True,-177.68,5.97,-38.89,0,38.18
01:06:01.058,01:06:01.058,28747.277,0x82,0x00,True,-177.75,6.0,-38.89,0,38.25
01:06:11.042,01:06:11.042,28757.261,0x82,0x00,True,-177.82,6.04,-38.89,0,38.21
01:06:21.042,01:06:21.042,28767.261,0x82,0x00,True,-177.88,6.07,-38.89,0,38.26
01:06:31.042,01:06:31.042,28777.261,0x82,0x00,True,-177.96,6.1,-38.89,0,38.29
01:06:41.042,01:06:41.042,28787.261,0x82,0x00,True,-178.03,6.13,-38.89,0,38.24
01:06:51.032,01:06:51.032,28797.251,0x82,0x00,True,-178.1,6.16,-38.89,0,38.23
01:07:01.032,01:07:01.032,28807.251,0x82,0x00,True,-178.17,6.18,-38.89,0,38.21
01:07:11.023,01:07:11.023,28817.242,0x82,0x00,True,-178.24,6.21,-38.89,0,38.25
01:07:21.023,01:07:21.023,28827.242,0x82,0x00,True,-178.31,6.23,-38.89,0,38.31
01:07:31.032,01:07:31.032,28837.251,0x82,0x00,True,-178.39,6.25,-38.89,0,38.3
01:07:41.032,01:07:41.032,28847.251,0x82,0x00,True,-178.46,6.27,-38.89,0,38.23
01:07:51.012,01:07:51.012,28857.231,0x82,0x00,True,-178.54,6.29,-38.89,0,38.35
01:08:01.013,01:08:01.013,28867.232,0x82,0x00,True,-178.61,6.3,-38.89,0,38.4
01:08:11.032,01:08:11.032,28877.251,0x82,0x00,True,-178.69,6.31,-38.89,0,38.28
01:08:21.002,01:08:21.002,28887.221,0x82,0x00,True,-178.76,6.33,-38.89,0,38.27
01:08:31.002,01:08:31.002,28897.221,0x82,0x00,True,-178.84,6.34,-38.89,0,38.26
01:08:41.002,01:08:41.002,28907.221,0x82,0x00,True,-178.91,6.34,-38.89,0,38.41
01:08:50.992,01:08:50.992,28917.211,0x82,0x00,True,-178.99,6.35,-38.89,0,38.39
01:09:00.992,01:09:00.992,28927.211,0x82,0x00,True,-179.06,6.36,-38.88,0,38.28
01:09:11.012,01:09:11.012,28937.231,0x82,0x00,True,-179.14,6.36,-38.88,0,38.33
01:09:20.992,01:09:20.992,28947.211,0x82,0x00,True,-179.22,6.36,-38.88,0,38.33
01:09:30.992,01:09:30.992,28957.211,0x82,0x00,True,-179.29,6.36,-38.88,0,38.33
01:09:40.983,01:09:40.983,28967.202,0x82,0x00,True,-179.37,6.36,-38.88,0,38.37
01:09:50.992,01:09:50.992,28977.211,0x82,0x00,True,-179.44,6.35,-38.88,0,38.45
01:10:00.978,01:10:00.978,28987.197,0x82,0x00,True,-179.52,6.35,-38.88,0,38.43
01:10:10.977,01:10:10.977,28997.196,0x82,0x00,True,-179.6,6.34,-38.88,0,38.39
01:10:20.977,01:10:20.977,29007.196,0x82,0x00,True,-179.67,6.33,-38.88,0,38.4
01:10:30.962,01:10:30.962,29017.181,0x82,0x00,True,-179.75,6.32,-38.88,0,38.3
01:10:40.962,01:10:40.962,29027.181,0x82,0x00,True,-179.82,6.3,-38.88,0,38.44
01:10:50.962,01:10:50.962,29037.181,0x82,0x00,True,-179.9,6.29,-38.88,0,38.36
01:11:00.963,01:11:00.963,29047.182,0x82,0x00,True,-179.97,6.27,-38.88,0,38.32
01:11:10.952,01:11:10.952,29057.171,0x82,0x00,True,179.97,6.25,-38.88,0,38.44
01:11:20.943,01:11:20.943,29067.162,0x82,0x00,True,179.9,6.23,-38.88,0,38.4
01:11:30.952,01:11:30.952,29077.171,0x82,0x00,True,179.83,6.21,-38.88,0,38.39
01:11:40.962,01:11:40.962,29087.181,0x82,0x00,True,179.75,6.19,-38.88,0,38.42
01:11:50.943,01:11:50.943,29097.162,0x82,0x00,True,179.68,6.16,-38.88,0,38.45
01:12:00.933,01:12:00.933,29107.152,0x82,0x00,True,179.61,6.14,-38.88,0,38.38
01:12:10.932,01:12:10.932,29117.151,0x82,0x00,True,179.54,6.11,-38.88,0,38.48
01:12:20.932,01:12:20.932,29127.151,0x82,0x00,True,179.47,6.08,-38.88,0,38.54
01:12:30.922,01:12:30.922,29137.141,0x82,0x00,True,179.4,6.05,-38.88,0,38.37
01:12:40.922,01:12:40.922,29147.141,0x82,0x00,True,179.34,6.01,-38.88,0,38.48
01:12:50.923,01:12:50.923,29157.142,0x82,0x00,True,179.27,5.98,-38.88,0,38.33
01:13:00.922,01:13:00.922,29167.141,0x82,0x00,True,179.2,5.94,-38.88,0,38.54
01:13:10.912,01:13:10.912,29177.131,0x82,0x00,True,179.14,5.9,-38.88,0,38.41
01:13:20.922,01:13:20.922,29187.141,0x82,0x00,True,179.07,5.86,-38.88,0,38.43
01:13:30.912,01:13:30.912,29197.131,0x82,0x00,True,179.01,5.82,-38.88,0,38.44
01:13:40.912,01:13:40.912,29207.131,0x82,0x00,True,178.95,5.78,-38.88,0,38.36
01:13:50.912,01:13:50.912,29217.131,0x82,0x00,True,178.88,5.74,-38.88,0,38.5
01:14:00.932,01:14:00.932,29227.151,0x82,0x00,True,178.82,5.69,-38.88,0,38.53
01:14:10.898,01:14:10.898,29237.117,0x82,0x00,True,178.76,5.64,-38.88,0,38.6
01:14:20.907,01:14:20.907,29247.126,0x82,0x00,True,178.71,5.59,-38.88,0,38.54
01:14:30.897,01:14:30.897,29257.116,0x82,0x00,True,178.65,5.54,-38.88,0,38.47
01:14:40.907,01:14:40.907,29267.126,0x82,0x00,True,178.59,5.49,-38.88,0,38.52
01:14:50.882,01:14:50.882,29277.101,0x82,0x00,True,178.54,5.44,-38.88,0,38.47
01:15:00.882,01:15:00.882,29287.101,0x82,0x00,True,178.48,5.39,-38.88,0,38.47
01:15:10.882,01:15:10.882,29297.101,0x82,0x00,True,178.43,5.33,-38.88,0,38.47
01:15:20.882,01:15:20.882,29307.101,0x82,0x00,True,178.38,5.28,-38.88,0,38.45
01:15:30.872,01:15:30.872,29317.091,0x82,0x00,True,178.33,5.22,-38.88,0,38.47
01:15:40.871,01:15:40.871,29327.09,0x82,0x00,True,178.28,5.16,-38.88,0,38.42
01:15:50.872,01:15:50.872,29337.091,0x82,0x00,True,178.24,5.1,-38.88,0,38.54
01:16:00.871,01:16:00.871,29347.09,0x82,0x00,True,178.19,5.04,-38.88,0,38.46
01:16:10.872,01:16:10.872,29357.091,0x82,0x00,True,178.15,4.98,-38.88,0,38.39
01:16:20.861,01:16:20.861,29367.08,0x82,0x00,True,178.11,4.92,-38.88,0,38.51
01:16:30.863,01:16:30.863,29377.082,0x82,0x00,True,178.06,4.85,-38.88,0,38.42
01:16:40.862,01:16:40.862,29387.081,0x82,0x00,True,178.03,4.79,-38.88,0,38.38
01:16:50.852,01:16:50.852,29397.071,0x82,0x00,True,177.99,4.72,-38.88,0,38.37
01:17:00.852,01:17:00.852,29407.071,0x82,0x00,True,177.95,4.66,-38.88,0,38.45
01:17:10.852,01:17:10.852,29417.071,0x82,0x00,True,177.92,4.59,-38.88,0,38.3
01:17:20.842,01:17:20.842,29427.061,0x82,0x00,True,177.88,4.52,-38.88,0,38.33
01:17:30.842,01:17:30.842,29437.061,0x82,0x00,True,177.85,4.45,-38.88,0,38.39
01:17:40.842,01:17:40.842,29447.061,0x82,0x00,True,177.82,4.38,-38.88,0,38.3
01:17:50.842,01:17:50.842,29457.061,0x82,0x00,True,177.79,4.31,-38.88,0,38.39
01:18:00.818,01:18:00.818,29467.037,0x82,0x00,True,177.77,4.24,-38.88,0,38.33
01:18:10.832,01:18:10.832,29477.051,0x82,0x00,True,177.74,4.17,-38.88,0,38.33
01:18:20.832,01:18:20.832,29487.051,0x82,0x00,True,177.72,4.1,-38.88,0,38.39
01:18:30.832,01:18:30.832,29497.051,0x82,0x00,True,177.7,4.03,-38.88,0,38.39
01:18:40.832,01:18:40.832,29507.051,0x82,0x00,True,177.68,3.96,-38.88,0,38.36
01:18:50.822,01:18:50.822,29517.041,0x82,0x00,True,177.66,3.88,-38.88,0,38.42
01:19:00.818,01:19:00.818,29527.037,0x82,0x00,True,177.64,3.81,-38.88,0,38.48
01:19:10.817,01:19:10.817,29537.036,0x82,0x00,True,177.63,3.73,-38.88,0,38.34
01:19:20.826,01:19:20.826,29547.045,0x82,0x00,True,177.62,3.66,-38.88,0,38.51
01:19:30.802,01:19:30.802,29557.021,0x82,0x00,True,177.61,3.59,-38.88,0,38.35
01:19:40.802,01:19:40.802,29567.021,0x82,0x00,True,177.6,3.51,-38.88,0,38.41
01:19:50.832,01:19:50.832,29577.051,0x82,0x00,True,177.59,3.44,-38.87,0,38.27
01:20:00.832,01:20:00.832,29587.051,0x82,0x00,True,177.58,3.36,-38.87,0,38.39
01:20:10.827,01:20:10.827,29597.046,0x82,0x00,True,177.58,3.29,-38.87,0,38.35
01:20:20.818,01:20:20.818,29607.037,0x82,0x00,True,177.58,3.21,-38.87,0,38.5
01:20:30.827,01:20:30.827,29617.046,0x82,0x00,True,177.58,3.13,-38.87,0,38.45
01:20:40.803,01:20:40.803,29627.022,0x82,0x00,True,177.58,3.06,-38.87,0,38.43
01:20:50.802,01:20:50.802,29637.021,0x82,0x00,True,177.58,2.98,-38.87,0,38.36
01:21:00.827,01:21:00.827,29647.046,0x82,0x00,True,177.59,2.91,-38.87,0,38.48
01:21:10.802,01:21:10.802,29657.021,0x82,0x00,True,177.59,2.83,-38.87,0,38.33
01:21:20.792,01:21:20.792,29667.011,0x82,0x00,True,177.6,2.76,-38.87,0,38.42
01:21:30.792,01:21:30.792,29677.011,0x82,0x00,True,177.61,2.68,-38.87,0,38.32
01:21:40.792,01:21:40.792,29687.011,0x82,0x00,True,177.62,2.61,-38.87,0,38.3
01:21:50.782,01:21:50.782,29697.001,0x82,0x00,True,177.64,2.53,-38.87,0,38.38
01:22:00.822,01:22:00.822,29707.041,0x82,0x00,True,177.65,2.46,-38.87,0,38.4
01:22:10.837,01:22:10.837,29717.056,0x82,0x00,True,177.67,2.39,-38.87,0,38.36
01:22:20.792,01:22:20.792,29727.011,0x82,0x00,True,177.69,2.31,-38.87,0,38.33
01:22:30.773,01:22:30.773,29736.992,0x82,0x00,True,177.71,2.24,-38.87,0,38.43
01:22:40.772,01:22:40.772,29746.991,0x82,0x00,True,177.73,2.17,-38.87,0,38.48
01:22:50.772,01:22:50.772,29756.991,0x82,0x00,True,177.76,2.1,-38.87,0,38.45
01:23:00.762,01:23:00.762,29766.981,0x82,0x00,True,177.78,2.03,-38.87,0,38.48
01:23:10.762,01:23:10.762,29776.981,0x82,0x00,True,177.81,1.96,-38.87,0,38.42
01:23:20.762,01:23:20.762,29786.981,0x82,0x00,True,177.84,1.89,-38.87,0,38.43
01:23:30.752,01:23:30.752,29796.971,0x82,0x00,True,177.87,1.82,-38.87,0,38.43
01:23:40.752,01:23:40.752,29806.971,0x82,0x00,True,177.9,1.75,-38.87,0,38.45
01:23:50.752,01:23:50.752,29816.971,0x82,0x00,True,177.93,1.68,-38.87,0,38.45
01:24:00.752,01:24:00.752,29826.971,0x82,0x00,True,177.97,1.61,-38.87,0,38.48
01:24:10.742,01:24:10.742,29836.961,0x82,0x00,True,178.0,1.55,-38.87,0,38.45
01:24:20.752,01:24:20.752,29846.971,0x82,0x00,True,178.04,1.48,-38.87,0,38.48
01:24:30.738,01:24:30.738,29856.957,0x82,0x00,True,178.08,1.42,-38.87,0,38.46
01:24:40.738,01:24:40.738,29866.957,0x82,0x00,True,178.13,1.36,-38.87,0,38.38
01:24:50.722,01:24:50.722,29876.941,0x82,0x00,True,178.17,1.29,-38.87,0,38.49
01:25:00.722,01:25:00.722,29886.941,0x82,0x00,True,178.21,1.23,-38.87,0,38.54
01:25:10.722,01:25:10.722,29896.941,0x82,0x00,True,178.26,1.17,-38.87,0,38.63
01:25:20.713,01:25:20.713,29906.932,0x82,0x00,True,178.31,1.11,-38.87,0,38.55
01:25:30.712,01:25:30.712,29916.931,0x82,0x00,True,178.35,1.06,-38.87,0,38.52
01:25:40.712,01:25:40.712,29926.931,0x82,0x00,True,178.4,1.0,-38.87,0,38.51
01:25:50.712,01:25:50.712,29936.931,0x82,0x00,True,178.46,0.94,-38.87,0,38.57
01:26:00.712,01:26:00.712,29946.931,0x82,0x00,True,178.51,0.89,-38.87,0,38.58
01:26:10.720,01:26:10.720,29956.939,0x82,0x00,True,178.56,0.84,-38.87,0,38.54
01:26:20.700,01:26:20.700,29966.919,0x82,0x00,True,178.62,0.79,-38.87,0,38.57
01:26:30.693,01:26:30.693,29976.912,0x82,0x00,True,178.67,0.74,-38.87,0,38.58
01:26:40.692,01:26:40.692,29986.911,0x82,0x00,True,178.73,0.69,-38.87,0,38.61
01:26:50.693,01:26:50.693,29996.912,0x82,0x00,True,178.79,0.64,-38.87,0,38.54
01:27:00.682,01:27:00.682,30006.901,0x82,0x00,True,178.85,0.59,-38.87,0,38.59
01:27:10.683,01:27:10.683,30016.902,0x82,0x00,True,178.91,0.55,-38.87,0,38.66
01:27:20.683,01:27:20.683,30026.902,0x82,0x00,True,178.97,0.5,-38.87,0,38.49
01:27:30.672,01:27:30.672,30036.891,0x82,0x00,True,179.04,0.46,-38.87,0,38.53
01:27:40.672,01:27:40.672,30046.891,0x82,0x00,True,179.1,0.42,-38.87,0,38.57
01:27:50.662,01:27:50.662,30056.881,0x82,0x00,True,179.16,0.38,-38.87,0,38.57
01:28:00.672,01:28:00.672,30066.891,0x82,0x00,True,179.23,0.34,-38.87,0,38.56
01:28:10.671,01:28:10.671,30076.89,0x82,0x00,True,179.3,0.31,-38.87,0,38.57
01:28:20.656,01:28:20.656,30086.875,0x82,0x00,True,179.36,0.27,-38.87,0,38.56
01:28:30.655,01:28:30.655,30096.874,0x82,0x00,True,179.43,0.24,-38.87,0,38.62
01:28:40.657,01:28:40.657,30106.876,0x82,0x00,True,179.5,0.21,-38.87,0,38.6
01:28:50.657,01:28:50.657,30116.876,0x82,0x00,True,179.57,0.18,-38.87,0,38.64
01:29:00.642,01:29:00.642,30126.861,0x82,0x00,True,179.64,0.15,-38.87,0,38.59
01:29:10.642,01:29:10.642,30136.861,0x82,0x00,True,179.71,0.13,-38.87,0,38.6
01:29:20.643,01:29:20.643,30146.862,0x82,0x00,True,179.78,0.1,-38.87,0,38.54
01:29:30.633,01:29:30.633,30156.852,0x82,0x00,True,179.85,0.08,-38.87,0,38.51
01:29:40.632,01:29:40.632,30166.851,0x82,0x00,True,179.93,0.06,-38.87,0,38.51
01:29:50.633,01:29:50.633,30176.852,0x82,0x00,True,-180.0,0.05,-38.87,0,38.53
01:30:00.643,01:30:00.643,30186.862,0x82,0x00,True,-179.87,0.04,-38.87,0,38.54
01:30:10.622,01:30:10.622,30196.841,0x82,0x00,True,-179.7,0.02,-38.87,0,38.49
01:30:20.622,01:30:20.622,30206.841,0x82,0x00,True,-179.54,0.0,-38.87,0,38.55
01:30:30.612,01:30:30.612,30216.831,0x82,0x00,True,-179.38,0.0,-38.87,0,38.53
01:30:40.613,01:30:40.613,30226.832,0x82,0x00,True,-179.21,-0.01,-38.87,0,38.45
01:30:50.613,01:30:50.613,30236.832,0x82,0x00,True,-179.05,0.0,-38.87,0,38.48
01:31:00.612,01:31:00.612,30246.831,0x82,0x00,True,-178.88,0.0,-38.87,0,38.51
01:31:10.603,01:31:10.603,30256.822,0x82,0x00,True,-178.72,0.03,-38.87,0,38.45
01:31:20.602,01:31:20.602,30266.821,0x82,0x00,True,-178.56,0.06,-38.87,0,38.45
01:31:30.592,01:31:30.592,30276.811,0x82,0x00,True,-178.4,0.1,-38.87,0,38.59
01:31:40.602,01:31:40.602,30286.821,0x82,0x00,True,-178.24,0.14,-38.87,0,38.52
01:31:50.592,01:31:50.592,30296.811,0x82,0x00,True,-178.08,0.2,-38.87,0,38.58
01:32:00.592,01:32:00.592,30306.811,0x82,0x00,True,-177.93,0.26,-38.87,0,38.4
01:32:10.613,01:32:10.613,30316.832,0x82,0x00,True,-177.78,0.33,-38.87,0,38.39
01:32:20.577,01:32:20.577,30326.796,0x82,0x00,True,-177.64,0.41,-38.87,0,38.47
01:32:30.577,01:32:30.577,30336.796,0x82,0x00,True,-177.5,0.5,-38.87,0,38.45
01:32:40.562,01:32:40.562,30346.781,0x82,0x00,True,-177.36,0.59,-38.87,0,38.5
01:32:50.563,01:32:50.563,30356.782,0x82,0x00,True,-177.23,0.69,-38.87,0,38.52
01:33:00.553,01:33:00.553,30366.772,0x82,0x00,True,-177.1,0.8,-38.87,0,38.54
01:33:10.553,01:33:10.553,30376.772,0x82,0x00,True,-176.98,0.91,-38.87,0,38.48
01:33:20.552,01:33:20.552,30386.771,0x82,0x00,True,-176.87,1.03,-38.87,0,38.49
01:33:30.542,01:33:30.542,30396.761,0x82,0x00,True,-176.76,1.16,-38.87,0,38.6
01:33:40.542,01:33:40.542,30406.761,0x82,0x00,True,-176.66,1.29,-38.87,0,38.51
01:33:50.533,01:33:50.533,30416.752,0x82,0x00,True,-176.57,1.43,-38.87,0,38.62
01:34:00.563,01:34:00.563,30426.782,0x82,0x00,True,-176.48,1.57,-38.87,0,38.54
01:34:10.532,01:34:10.532,30436.751,0x82,0x00,True,-176.4,1.71,-38.87,0,38.47
01:34:20.532,01:34:20.532,30446.751,0x82,0x00,True,-176.33,1.86,-38.87,0,38.54
01:34:30.523,01:34:30.523,30456.742,0x82,0x00,True,-176.27,2.01,-38.87,0,38.55
01:34:40.512,01:34:40.512,30466.731,0x82,0x00,True,-176.21,2.17,-38.87,0,38.57
01:34:50.513,01:34:50.513,30476.732,0x82,0x00,True,-176.16,2.33,-38.87,0,38.61
01:35:00.524,01:35:00.524,30486.743,0x82,0x00,True,-176.13,2.49,-38.87,0,38.6
01:35:10.512,01:35:10.512,30496.731,0x82,0x00,True,-176.1,2.65,-38.87,0,38.64
01:35:20.497,01:35:20.497,30506.716,0x82,0x00,True,-176.07,2.81,-38.87,0,38.53
01:35:30.497,01:35:30.497,30516.716,0x82,0x00,True,-176.06,2.98,-38.87,0,38.48
01:35:40.497,01:35:40.497,30526.716,0x82,0x00,True,-176.05,3.14,-38.87,0,38.6
01:35:50.483,01:35:50.483,30536.702,0x82,0x00,True,-176.06,3.31,-38.87,0,38.53
01:36:00.481,01:36:00.481,30546.7,0x82,0x00,True,-176.07,3.47,-38.87,0,38.57
01:36:10.473,01:36:10.473,30556.692,0x82,0x00,True,-176.09,3.64,-38.87,0,38.55
01:36:20.473,01:36:20.473,30566.692,0x82,0x00,True,-176.12,3.8,-38.87,0,38.42
01:36:30.473,01:36:30.473,30576.692,0x82,0x00,True,-176.16,3.96,-38.87,0,38.53
01:36:40.502,01:36:40.502,30586.721,0x82,0x00,True,-176.21,4.12,-38.87,0,38.61
01:36:50.462,01:36:50.462,30596.681,0x82,0x00,True,-176.26,4.28,-38.87,0,38.46
01:37:00.452,01:37:00.452,30606.671,0x82,0x00,True,-176.32,4.43,-38.87,0,38.43
01:37:10.452,01:37:10.452,30616.671,0x82,0x00,True,-176.39,4.58,-38.87,0,38.36
01:37:20.452,01:37:20.452,30626.671,0x82,0x00,True,-176.47,4.72,-38.87,0,38.48
01:37:30.443,01:37:30.443,30636.662,0x82,0x00,True,-176.56,4.86,-38.87,0,38.48
01:37:40.443,01:37:40.443,30646.662,0x82,0x00,True,-176.65,5.0,-38.87,0,38.53
01:37:50.423,01:37:50.423,30656.642,0x82,0x00,True,-176.75,5.13,-38.87,0,38.45
01:38:00.433,01:38:00.433,30666.652,0x82,0x00,True,-176.86,5.26,-38.87,0,38.39
01:38:10.433,01:38:10.433,30676.652,0x82,0x00,True,-176.97,5.38,-38.87,0,38.52
01:38:20.433,01:38:20.433,30686.652,0x82,0x00,True,-177.09,5.49,-38.87,0,38.55
01:38:30.433,01:38:30.433,30696.652,0x82,0x00,True,-177.22,5.6,-38.87,0,38.56
01:38:40.417,01:38:40.417,30706.636,0x82,0x00,True,-177.35,5.7,-38.87,0,38.5
01:38:50.417,01:38:50.417,30716.636,0x82,0x00,True,-177.48,5.8,-38.87,0,38.54
01:39:00.403,01:39:00.403,30726.622,0x82,0x00,True,-177.62,5.88,-38.87,0,38.45
01:39:10.403,01:39:10.403,30736.622,0x82,0x00,True,-177.77,5.96,-38.87,0,38.46
01:39:20.393,01:39:20.393,30746.612,0x82,0x00,True,-177.92,6.04,-38.87,0,38.37
01:39:30.393,01:39:30.393,30756.612,0x82,0x00,True,-178.07,6.1,-38.87,0,38.42
01:39:40.393,01:39:40.393,30766.612,0x82,0x00,True,-178.23,6.16,-38.87,0,38.49
01:39:50.383,01:39:50.383,30776.602,0x82,0x00,True,-178.39,6.2,-38.87,0,38.56
01:40:00.383,01:40:00.383,30786.602,0x82,0x00,True,-178.55,6.24,-38.87,0,38.52
01:40:10.373,01:40:10.373,30796.592,0x82,0x00,True,-178.71,6.27,-38.87,0,38.39
01:40:20.393,01:40:20.393,30806.612,0x82,0x00,True,-178.88,6.3,-38.87,0,38.51
01:40:30.373,01:40:30.373,30816.592,0x82,0x00,True,-179.04,6.31,-38.87,0,38.41
01:40:40.362,01:40:40.362,30826.581,0x82,0x00,True,-179.21,6.31,-38.87,0,38.45
01:40:50.368,01:40:50.368,30836.587,0x82,0x00,True,-179.38,6.31,-38.87,0,38.55
01:41:00.362,01:41:00.362,30846.581,0x82,0x00,True,-179.54,6.3,-38.87,0,38.54
01:41:10.353,01:41:10.353,30856.572,0x82,0x00,True,-179.71,6.28,-38.87,0,38.54
01:41:20.353,01:41:20.353,30866.572,0x82,0x00,True,-179.87,6.25,-38.87,0,38.52
01:41:30.354,01:41:30.354,30876.573,0x82,0x00,True,179.99,6.21,-38.87,0,38.49
01:41:40.385,01:41:40.385,30886.604,0x82,0x00,True,179.83,6.16,-38.88,0,38.54
01:41:50.343,01:41:50.343,30896.562,0x82,0x00,True,179.67,6.11,-38.88,0,38.42
01:42:00.353,01:42:00.353,30906.572,0x82,0x00,True,179.52,6.05,-38.88,0,38.5
01:42:10.337,01:42:10.337,30916.556,0x82,0x00,True,179.37,5.98,-38.88,0,38.37
01:42:20.348,01:42:20.348,30926.567,0x82,0x00,True,179.22,5.9,-38.88,0,38.47
01:42:30.353,01:42:30.353,30936.572,0x82,0x00,True,179.08,5.81,-38.88,0,38.41
01:42:40.323,01:42:40.323,30946.542,0x82,0x00,True,178.94,5.72,-38.88,0,38.41
01:42:50.322,01:42:50.322,30956.541,0x82,0x00,True,178.81,5.62,-38.88,0,38.44
01:43:00.313,01:43:00.313,30966.532,0x82,0x00,True,178.69,5.51,-38.88,0,38.2
01:43:10.313,01:43:10.313,30976.532,0x82,0x00,True,178.56,5.4,-38.88,0,38.29
01:43:20.313,01:43:20.313,30986.532,0x82,0x00,True,178.45,5.28,-38.88,0,38.26
01:43:30.302,01:43:30.302,30996.521,0x82,0x00,True,178.34,5.16,-38.88,0,38.17
01:43:40.302,01:43:40.302,31006.521,0x82,0x00,True,178.24,5.03,-38.88,0,38.27
01:43:50.313,01:43:50.313,31016.532,0x82,0x00,True,178.15,4.89,-38.88,0,38.17
01:44:00.292,01:44:00.292,31026.511,0x82,0x00,True,178.06,4.75,-38.88,0,38.17
01:44:10.313,01:44:10.313,31036.532,0x82,0x00,True,177.98,4.61,-38.88,0,38.23
01:44:20.313,01:44:20.313,31046.532,0x82,0x00,True,177.91,4.46,-38.88,0,38.2
01:44:30.282,01:44:30.282,31056.501,0x82,0x00,True,177.84,4.31,-38.88,0,38.2
01:44:40.292,01:44:40.292,31066.511,0x82,0x00,True,177.79,4.15,-38.88,0,38.15
01:44:50.273,01:44:50.273,31076.492,0x82,0x00,True,177.74,3.99,-38.88,0,38.2
01:45:00.273,01:45:00.273,31086.492,0x82,0x00,True,177.7,3.83,-38.88,0,38.15
01:45:10.292,01:45:10.292,31096.511,0x82,0x00,True,177.67,3.67,-38.88,0,38.17
01:45:20.273,01:45:20.273,31106.492,0x82,0x00,True,177.65,3.51,-38.88,0,38.14
01:45:30.273,01:45:30.273,31116.492,0x82,0x00,True,177.63,3.35,-38.88,0,38.17
01:45:40.258,01:45:40.258,31126.477,0x82,0x00,True,177.63,3.18,-38.88,0,38.22
01:45:50.268,01:45:50.268,31136.487,0x82,0x00,True,177.63,3.02,-38.88,0,38.2
01:46:00.268,01:46:00.268,31146.487,0x82,0x00,True,177.64,2.85,-38.88,0,38.2
01:46:10.242,01:46:10.242,31156.461,0x82,0x00,True,177.66,2.69,-38.88,0,38.26
01:46:20.242,01:46:20.242,31166.461,0x82,0x00,True,177.69,2.53,-38.88,0,38.26
01:46:30.233,01:46:30.233,31176.452,0x82,0x00,True,177.73,2.36,-38.88,0,38.21
01:46:40.234,01:46:40.234,31186.453,0x82,0x00,True,177.77,2.21,-38.88,0,38.21
01:46:50.233,01:46:50.233,31196.452,0x82,0x00,True,177.82,2.05,-38.88,0,38.21
01:47:00.233,01:47:00.233,31206.452,0x82,0x00,True,177.88,1.9,-38.88,0,38.26
01:47:10.233,01:47:10.233,31216.452,0x82,0x00,True,177.95,1.75,-38.88,0,38.22
01:47:20.223,01:47:20.223,31226.442,0x82,0x00,True,178.03,1.6,-38.88,0,38.3
01:47:30.223,01:47:30.223,31236.442,0x82,0x00,True,178.12,1.46,-38.88,0,38.23
01:47:40.213,01:47:40.213,31246.432,0x82,0x00,True,178.21,1.32,-38.88,0,38.26
01:47:50.223,01:47:50.223,31256.442,0x82,0x00,True,178.31,1.19,-38.88,0,38.27
01:48:00.193,01:48:00.193,31266.412,0x82,0x00,True,178.41,1.06,-38.88,0,38.25
01:48:10.202,01:48:10.202,31276.421,0x82,0x00,True,178.52,0.94,-38.88,0,38.3
01:48:20.223,01:48:20.223,31286.442,0x82,0x00,True,178.64,0.83,-38.88,0,38.28
01:48:30.193,01:48:30.193,31296.412,0x82,0x00,True,178.76,0.72,-38.88,0,38.24
01:48:40.193,01:48:40.193,31306.412,0x82,0x00,True,178.9,0.62,-38.88,0,38.29
01:48:50.193,01:48:50.193,31316.412,0x82,0x00,True,179.03,0.52,-38.88,0,38.22
01:49:00.202,01:49:00.202,31326.421,0x82,0x00,True,179.17,0.43,-38.88,0,38.23
01:49:10.178,01:49:10.178,31336.397,0x82,0x00,True,179.31,0.35,-38.88,0,38.25
01:49:20.177,01:49:20.177,31346.396,0x82,0x00,True,179.46,0.28,-38.88,0,38.32
01:49:30.178,01:49:30.178,31356.397,0x82,0x00,True,179.61,0.22,-38.88,0,38.17
01:49:40.163,01:49:40.163,31366.382,0x82,0x00,True,179.77,0.16,-38.88,0,38.23
01:49:50.163,01:49:50.163,31376.382,0x82,0x00,True,179.93,0.12,-38.88,0,38.22
01:50:00.153,01:50:00.153,31386.372,0x82,0x00,True,-179.84,0.11,-38.88,0,38.24
01:50:10.153,01:50:10.153,31396.372,0x82,0x00,True,-179.5,0.08,-38.88,0,38.21
01:50:20.162,01:50:20.162,31406.381,0x82,0x00,True,-179.14,0.08,-38.88,0,38.26
01:50:30.143,01:50:30.143,31416.362,0x82,0x00,True,-178.78,0.11,-38.88,0,38.22
01:50:40.143,01:50:40.143,31426.362,0x82,0x00,True,-178.43,0.19,-38.88,0,38.2
01:50:50.133,01:50:50.133,31436.352,0x82,0x00,True,-178.1,0.3,-38.88,0,38.3
01:51:00.133,01:51:00.133,31446.352,0x82,0x00,True,-177.77,0.45,-38.88,0,38.33
01:51:10.123,01:51:10.123,31456.342,0x82,0x00,True,-177.47,0.64,-38.88,0,38.19
01:51:20.122,01:51:20.122,31466.341,0x82,0x00,True,-177.19,0.86,-38.88,0,38.2
01:51:30.122,01:51:30.122,31476.341,0x82,0x00,True,-176.94,1.11,-38.88,0,38.28
01:51:40.113,01:51:40.113,31486.332,0x82,0x00,True,-176.72,1.39,-38.88,0,38.22
01:51:50.113,01:51:50.113,31496.332,0x82,0x00,True,-176.53,1.69,-38.88,0,38.15
01:52:00.113,01:52:00.113,31506.332,0x82,0x00,True,-176.38,2.01,-38.88,0,38.16
01:52:10.112,01:52:10.112,31516.331,0x82,0x00,True,-176.27,2.35,-38.88,0,38.15
01:52:20.097,01:52:20.097,31526.316,0x82,0x00,True,-176.2,2.7,-38.88,0,38.2
01:52:30.098,01:52:30.098,31536.317,0x82,0x00,True,-176.16,3.05,-38.88,0,38.15
01:52:40.098,01:52:40.098,31546.317,0x82,0x00,True,-176.17,3.41,-38.88,0,38.18
01:52:50.082,01:52:50.082,31556.301,0x82,0x00,True,-176.22,3.76,-38.88,0,38.14
01:53:00.083,01:53:00.083,31566.302,0x82,0x00,True,-176.32,4.1,-38.88,0,38.2
01:53:10.083,01:53:10.083,31576.302,0x82,0x00,True,-176.45,4.43,-38.88,0,38.05
01:53:20.072,01:53:20.072,31586.291,0x82,0x00,True,-176.62,4.74,-38.88,0,38.08
01:53:30.072,01:53:30.072,31596.291,0x82,0x00,True,-176.82,5.04,-38.88,0,38.12
01:53:40.063,01:53:40.063,31606.282,0x82,0x00,True,-177.05,5.3,-38.88,0,38.06
01:53:50.063,01:53:50.063,31616.282,0x82,0x00,True,-177.32,5.54,-38.88,0,38.05
01:54:00.063,01:54:00.063,31626.282,0x82,0x00,True,-177.62,5.74,-38.88,0,38.08
01:54:10.063,01:54:10.063,31636.282,0x82,0x00,True,-177.93,5.91,-38.88,0,37.96
01:54:20.052,01:54:20.052,31646.271,0x82,0x00,True,-178.26,6.05,-38.88,0,37.94
01:54:30.043,01:54:30.043,31656.262,0x82,0x00,True,-178.6,6.14,-38.88,0,38.0
01:54:40.042,01:54:40.042,31666.261,0x82,0x00,True,-178.96,6.19,-38.88,0,37.98
01:54:50.032,01:54:50.032,31676.251,0x82,0x00,True,-179.31,6.2,-38.88,0,37.89
01:55:00.032,01:55:00.032,31686.251,0x82,0x00,True,-179.67,6.17,-38.88,0,38.03
01:55:10.042,01:55:10.042,31696.261,0x82,0x00,True,180.0,6.1,-38.88,0,37.93
01:55:20.023,01:55:20.023,31706.242,0x82,0x00,True,179.66,5.98,-38.88,0,37.97
01:55:30.018,01:55:30.018,31716.237,0x82,0x00,True,179.34,5.84,-38.88,0,37.97
01:55:40.018,01:55:40.018,31726.237,0x82,0x00,True,179.03,5.65,-38.88,0,37.83
01:55:50.003,01:55:50.003,31736.222,0x82,0x00,True,178.75,5.43,-38.88,0,37.84
01:56:00.003,01:56:00.003,31746.222,0x82,0x00,True,178.5,5.18,-38.88,0,37.83
01:56:10.002,01:56:10.002,31756.221,0x82,0x00,True,178.28,4.9,-38.88,0,37.93
01:56:20.023,01:56:20.023,31766.242,0x82,0x00,True,178.09,4.6,-38.88,0,37.78
01:56:29.992,01:56:29.992,31776.211,0x82,0x00,True,177.94,4.28,-38.88,0,37.88
01:56:39.984,01:56:39.984,31786.203,0x82,0x00,True,177.83,3.94,-38.88,0,37.86
01:56:49.983,01:56:49.983,31796.202,0x82,0x00,True,177.76,3.59,-38.88,0,37.85
01:56:59.973,01:56:59.973,31806.192,0x82,0x00,True,177.73,3.24,-38.88,0,37.83
01:57:09.972,01:57:09.972,31816.191,0x82,0x00,True,177.74,2.88,-38.88,0,37.86
01:57:19.962,01:57:19.962,31826.181,0x82,0x00,True,177.79,2.53,-38.88,0,37.83
01:57:29.962,01:57:29.962,31836.181,0x82,0x00,True,177.89,2.19,-38.88,0,37.89
01:57:39.962,01:57:39.962,31846.181,0x82,0x00,True,178.02,1.86,-38.88,0,37.85
01:57:49.953,01:57:49.953,31856.172,0x82,0x00,True,178.19,1.55,-38.88,0,37.96
01:57:59.953,01:57:59.953,31866.172,0x82,0x00,True,178.39,1.26,-38.88,0,37.9
01:58:09.943,01:58:09.943,31876.162,0x82,0x00,True,178.63,0.99,-38.88,0,37.99
01:58:19.938,01:58:19.938,31886.157,0x82,0x00,True,178.89,0.76,-38.88,0,37.89
01:58:29.938,01:58:29.938,31896.157,0x82,0x00,True,179.18,0.56,-38.88,0,37.91
01:58:39.923,01:58:39.923,31906.142,0x82,0x00,True,179.5,0.4,-38.88,0,37.94
01:58:49.953,01:58:49.953,31916.172,0x82,0x00,True,179.84,0.29,-38.88,0,37.93
01:58:59.923,01:58:59.923,31926.142,0x82,0x00,True,-179.69,0.26,-38.88,0,37.98
01:59:09.912,01:59:09.912,31936.131,0x82,0x00,True,-179.01,0.28,-38.88,0,38.01
01:59:19.912,01:59:19.912,31946.131,0x82,0x00,True,-178.34,0.43,-38.88,0,37.98
01:59:29.912,01:59:29.912,31956.131,0x82,0x00,True,-177.72,0.72,-38.88,0,37.99
01:59:39.903,01:59:39.903,31966.122,0x82,0x00,True,-177.19,1.15,-38.88,0,38.04
01:59:49.903,01:59:49.903,31976.122,0x82,0x00,True,-176.78,1.69,-38.88,0,37.93
01:59:59.912,01:59:59.912,31986.131,0x82,0x00,True,-176.51,2.32,-38.88,0,37.99
02:00:09.883,02:00:09.883,31996.102,0x82,0x00,True,-176.39,2.99,-38.88,0,37.97
02:00:19.882,02:00:19.882,32006.101,0x82,0x00,True,-176.43,3.67,-38.88,0,37.96
02:00:29.882,02:00:29.882,32016.101,0x82,0x00,True,-176.64,4.31,-38.88,0,38.0
02:00:39.872,02:00:39.872,32026.091,0x82,0x00,True,-176.99,4.89,-38.88,0,37.91
02:00:49.872,02:00:49.872,32036.091,0x82,0x00,True,-177.48,5.37,-38.88,0,38.05
02:00:59.873,02:00:59.873,32046.092,0x82,0x00,True,-178.06,5.72,-38.88,0,37.97
02:01:09.863,02:01:09.863,32056.082,0x82,0x00,True,-178.71,5.92,-38.88,0,38.02
02:01:19.859,02:01:19.859,32066.078,0x82,0x00,True,-179.39,5.96,-38.88,0,38.04
02:01:29.858,02:01:29.858,32076.077,0x82,0x00,True,179.96,5.84,-38.88,0,38.02
02:01:39.867,02:01:39.867,32086.086,0x82,0x00,True,179.34,5.57,-38.88,0,38.02
02:01:49.843,02:01:49.843,32096.062,0x82,0x00,True,178.8,5.15,-38.88,0,38.08
02:01:59.843,02:01:59.843,32106.062,0x82,0x00,True,178.38,4.63,-38.88,0,38.0
02:02:09.832,02:02:09.832,32116.051,0x82,0x00,True,178.1,4.01,-38.88,0,38.08
02:02:19.832,02:02:19.832,32126.051,0x82,0x00,True,177.97,3.35,-38.88,0,37.99
02:02:29.833,02:02:29.833,32136.052,0x82,0x00,True,178.0,2.68,-38.88,0,38.05
02:02:39.822,02:02:39.822,32146.041,0x82,0x00,True,178.2,2.04,-38.88,0,38.08
02:02:49.822,02:02:49.822,32156.041,0x82,0x00,True,178.53,1.46,-38.88,0,38.12
02:02:59.813,02:02:59.813,32166.032,0x82,0x00,True,179.0,0.99,-38.88,0,38.05
02:03:09.813,02:03:09.813,32176.032,0x82,0x00,True,179.58,0.66,-38.88,0,38.09
02:03:19.893,02:03:19.893,32186.112,0x82,0x00,True,-179.67,0.54,-38.88,0,38.1
02:03:29.803,02:03:29.803,32196.022,0x82,0x00,True,-178.62,0.68,-38.89,0,38.08
02:03:39.782,02:03:39.782,32206.001,0x82,0x00,True,-177.65,1.2,-38.89,0,38.06
02:03:49.792,02:03:49.792,32216.011,0x82,0x00,True,-176.99,2.06,-38.89,0,38.05
02:03:59.792,02:03:59.792,32226.011,0x82,0x00,True,-176.75,3.1,-38.89,0,38.14
02:04:09.792,02:04:09.792,32236.011,0x82,0x00,True,-176.97,4.15,-38.89,0,38.06
02:04:19.793,02:04:19.793,32246.012,0x82,0x00,True,-177.61,4.99,-38.89,0,38.05
02:04:29.792,02:04:29.792,32256.011,0x82,0x00,True,-178.55,5.49,-38.89,0,38.08
02:04:39.793,02:04:39.793,32266.012,0x82,0x00,True,-179.61,5.56,-38.89,0,38.02
02:04:49.778,02:04:49.778,32275.997,0x82,0x00,True,179.43,5.17,-38.89,0,38.09
02:04:59.778,02:04:59.778,32285.997,0x82,0x00,True,178.71,4.42,-38.89,0,38.09
02:05:09.778,02:05:09.778,32295.997,0x82,0x00,True,178.37,3.43,-38.89,0,38.13
02:05:19.782,02:05:19.782,32306.001,0x82,0x00,True,178.49,2.41,-38.89,0,38.07
02:05:29.763,02:05:29.763,32315.982,0x82,0x00,True,179.01,1.54,-38.89,0,38.07
02:05:39.761,02:05:39.761,32325.98,0x82,0x00,True,179.9,1.03,-38.89,0,38.11
02:05:49.752,02:05:49.752,32335.971,0x82,0x00,True,-178.87,1.07,-38.89,0,38.06
02:05:59.753,02:05:59.753,32345.972,0x82,0x00,True,-177.72,1.79,-38.89,0,38.04
02:06:09.742,02:06:09.742,32355.961,0x82,0x00,True,-177.25,3.01,-38.89,0,38.09
02:06:19.752,02:06:19.752,32365.971,0x82,0x00,True,-177.61,4.24,-38.89,0,38.11
02:06:29.742,02:06:29.742,32375.961,0x82,0x00,True,-178.62,4.98,-38.89,0,38.13
02:06:39.733,02:06:39.733,32385.952,0x82,0x00,True,-179.87,4.95,-38.89,0,38.12
02:06:49.733,02:06:49.733,32395.952,0x82,0x00,True,179.2,4.19,-38.89,0,38.1
02:06:59.722,02:06:59.722,32405.941,0x82,0x00,True,178.9,3.03,-38.89,0,38.11
02:07:09.723,02:07:09.723,32415.942,0x82,0x00,True,179.39,1.97,-38.89,0,38.11
02:07:19.728,02:07:19.728,32425.947,0x82,0x00,True,-179.55,1.5,-38.89,0,38.05
02:07:29.712,02:07:29.712,32435.931,0x82,0x00,True,-178.34,1.91,-38.89,0,38.05
02:07:39.732,02:07:39.732,32445.951,0x82,0x00,True,-177.78,3.0,-38.89,0,38.08
02:07:49.722,02:07:49.722,32455.941,0x82,0x00,True,-178.19,4.11,-38.89,0,38.12
02:07:59.702,02:07:59.702,32465.921,0x82,0x00,True,-179.25,4.52,-38.89,0,38.09
02:08:09.697,02:08:09.697,32475.916,0x82,0x00,True,179.78,4.05,-38.89,0,38.07
02:08:19.697,02:08:19.697,32485.916,0x82,0x00,True,179.47,3.03,-38.89,0,38.05
02:08:29.697,02:08:29.697,32495.916,0x82,0x00,True,-180.0,2.18,-38.89,0,38.07
02:08:39.683,02:08:39.683,32505.902,0x82,0x00,True,-179.0,2.06,-38.89,0,38.08
02:08:49.702,02:08:49.702,32515.921,0x82,0x00,True,-178.29,2.74,-38.89,0,38.11
02:08:59.672,02:08:59.672,32525.891,0x82,0x00,True,-178.41,3.66,-38.89,0,38.08
02:09:09.672,02:09:09.672,32535.891,0x82,0x00,True,-179.17,4.07,-38.89,0,38.1
02:09:19.662,02:09:19.662,32545.881,0x82,0x00,True,-179.92,3.73,-38.89,0,38.07
02:09:29.662,02:09:29.662,32555.881,0x82,0x00,True,179.93,2.95,-38.89,0,38.03
02:09:39.653,02:09:39.653,32565.872,0x82,0x00,True,-179.58,2.4,-38.89,0,38.08
02:09:49.653,02:09:49.653,32575.872,0x82,0x00,True,-178.86,2.5,-38.89,0,38.04
02:09:59.653,02:09:59.653,32585.872,0x82,0x00,True,-178.55,3.12,-38.89,0,38.05
02:10:09.643,02:10:09.643,32595.862,0x82,0x00,True,-178.88,3.67,-38.89,0,38.06
02:10:19.653,02:10:19.653,32605.872,0x82,0x00,True,-179.48,3.69,-38.89,0,38.05
02:10:29.632,02:10:29.632,32615.851,0x82,0x00,True,-179.79,3.24,-38.89,0,38.02
02:10:39.632,02:10:39.632,32625.851,0x82,0x00,True,-179.61,2.77,-38.89,0,38.08
02:10:49.633,02:10:49.633,32635.852,0x82,0x00,True,-179.13,2.68,-38.89,0,38.14
02:10:59.633,02:10:59.633,32645.852,0x82,0x00,True,-178.82,3.0,-38.89,0,38.11
02:11:09.632,02:11:09.632,32655.851,0x82,0x00,True,-178.93,3.41,-38.89,0,38.04
02:11:19.617,02:11:19.617,32665.836,0x82,0x00,True,-179.31,3.52,-38.89,0,38.02
02:11:29.617,02:11:29.617,32675.836,0x82,0x00,True,-179.58,3.27,-38.89,0,38.12
02:11:39.603,02:11:39.603,32685.822,0x82,0x00,True,-179.52,2.93,-38.89,0,38.09
02:11:49.603,02:11:49.603,32695.822,0x82,0x00,True,-179.23,2.81,-38.89,0,38.06
02:11:59.592,02:11:59.592,32705.811,0x82,0x00,True,-178.97,2.99,-38.89,0,38.02
02:12:09.603,02:12:09.603,32715.822,0x82,0x00,True,-178.99,3.28,-38.89,0,38.06
02:12:19.593,02:12:19.593,32725.812,0x82,0x00,True,-179.24,3.4,-38.89,0,38.08
02:12:29.592,02:12:29.592,32735.811,0x82,0x00,True,-179.45,3.26,-38.89,0,38.08
02:12:39.582,02:12:39.582,32745.801,0x82,0x00,True,-179.45,3.02,-38.89,0,38.08
02:12:49.572,02:12:49.572,32755.791,0x82,0x00,True,-179.26,2.9,-38.89,0,38.04
02:12:59.572,02:12:59.572,32765.791,0x82,0x00,True,-179.07,3.0,-38.89,0,38.03
02:13:09.572,02:13:09.572,32775.791,0x82,0x00,True,-179.04,3.21,-38.89,0,38.04
02:13:19.563,02:13:19.563,32785.782,0x82,0x00,True,-179.2,3.33,-38.89,0,38.05
02:13:29.562,02:13:29.562,32795.781,0x82,0x00,True,-179.38,3.25,-38.89,0,38.09
02:13:39.552,02:13:39.552,32805.771,0x82,0x00,True,-179.41,3.07,-38.89,0,38.04
02:13:49.552,02:13:49.552,32815.771,0x82,0x00,True,-179.27,2.96,-38.89,0,38.02
02:13:59.632,02:13:59.632,32825.851,0x82,0x00,True,-179.13,3.02,-38.89,0,38.07
02:14:09.553,02:14:09.553,32835.772,0x82,0x00,True,-179.1,3.15,-38.89,0,38.08
02:14:19.555,02:14:19.555,32845.774,0x82,0x00,True,-179.19,3.26,-38.89,0,38.06
02:14:29.537,02:14:29.537,32855.756,0x82,0x00,True,-179.32,3.23,-38.89,0,38.04
02:14:39.537,02:14:39.537,32865.756,0x82,0x00,True,-179.36,3.11,-38.89,0,38.02
02:14:49.522,02:14:49.522,32875.741,0x82,0x00,True,-179.3,3.02,-38.89,0,38.05
02:14:59.523,02:14:59.523,32885.742,0x82,0x00,True,-179.18,3.02,-38.89,0,37.93
02:15:09.523,02:15:09.523,32895.742,0x82,0x00,True,-179.11,3.13,-38.89,0,38.01
02:15:19.513,02:15:19.513,32905.732,0x82,0x00,True,-179.17,3.23,-38.89,0,37.93
02:15:29.513,02:15:29.513,32915.732,0x82,0x00,True,-179.28,3.23,-38.89,0,38.01
02:15:39.503,02:15:39.503,32925.722,0x82,0x00,True,-179.34,3.14,-38.89,0,37.99
02:15:49.502,02:15:49.502,32935.721,0x82,0x00,True,-179.31,3.05,-38.89,0,38.07
02:15:59.503,02:15:59.503,32945.722,0x82,0x00,True,-179.21,3.02,-38.89,0,37.94
02:16:09.492,02:16:09.492,32955.711,0x82,0x00,True,-179.11,3.11,-38.89,0,38.08
02:16:19.492,02:16:19.492,32965.711,0x82,0x00,True,-179.16,3.21,-38.89,0,38.03
02:16:29.483,02:16:29.483,32975.702,0x82,0x00,True,-179.25,3.23,-38.89,0,38.03
02:16:39.492,02:16:39.492,32985.711,0x82,0x00,True,-179.31,3.17,-38.89,0,37.99
02:16:49.483,02:16:49.483,32995.702,0x82,0x00,True,-179.3,3.09,-38.89,0,38.04
02:16:59.473,02:16:59.473,33005.692,0x82,0x00,True,-179.21,3.06,-38.89,0,38.03
02:17:09.473,02:17:09.473,33015.692,0x82,0x00,True,-179.15,3.13,-38.89,0,38.05
02:17:19.473,02:17:19.473,33025.692,0x82,0x00,True,-179.19,3.2,-38.89,0,38.01
02:17:29.477,02:17:29.477,33035.696,0x82,0x00,True,-179.26,3.19,-38.89,0,38.07
02:17:39.463,02:17:39.463,33045.682,0x82,0x00,True,-179.29,3.14,-38.89,0,38.06
02:17:49.457,02:17:49.457,33055.676,0x82,0x00,True,-179.26,3.08,-38.89,0,38.07
02:17:59.468,02:17:59.468,33065.687,0x82,0x00,True,-179.21,3.08,-38.89,0,38.08
02:18:09.443,02:18:09.443,33075.662,0x82,0x00,True,-179.19,3.12,-38.89,0,38.05
02:18:19.443,02:18:19.443,33085.662,0x82,0x00,True,-179.19,3.16,-38.89,0,38.11
02:18:29.443,02:18:29.443,33095.662,0x82,0x00,True,-179.22,3.19,-38.89,0,38.06
02:18:39.433,02:18:39.433,33105.652,0x82,0x00,True,-179.27,3.18,-38.89,0,38.04
02:18:49.432,02:18:49.432,33115.651,0x82,0x00,True,-179.28,3.13,-38.89,0,38.02
02:18:59.422,02:18:59.422,33125.641,0x82,0x00,True,-179.24,3.1,-38.89,0,38.11
02:19:09.422,02:19:09.422,33135.641,0x82,0x00,True,-179.2,3.11,-38.89,0,38.16
02:19:19.412,02:19:19.412,33145.631,0x82,0x00,True,-179.18,3.15,-38.89,0,38.08
02:19:29.412,02:19:29.412,33155.631,0x82,0x00,True,-179.21,3.18,-38.89,0,38.15
02:19:39.422,02:19:39.422,33165.641,0x82,0x00,True,-179.25,3.18,-38.89,0,38.1
02:19:49.403,02:19:49.403,33175.622,0x82,0x00,True,-179.27,3.15,-38.89,0,38.14
02:19:59.403,02:19:59.403,33185.622,0x82,0x00,True,-179.27,3.1,-38.89,0,38.05
02:20:09.403,02:20:09.403,33195.622,0x82,0x00,True,-179.23,3.08,-38.89,0,38.08
02:20:19.393,02:20:19.393,33205.612,0x82,0x00,True,-179.18,3.12,-38.89,0,38.14
02:20:29.393,02:20:29.393,33215.612,0x82,0x00,True,-179.18,3.18,-38.89,0,38.02
02:20:39.393,02:20:39.393,33225.612,0x82,0x00,True,-179.23,3.2,-38.89,0,38.08
02:20:49.382,02:20:49.382,33235.601,0x82,0x00,True,-179.27,3.18,-38.89,0,38.05
02:20:59.378,02:20:59.378,33245.597,0x82,0x00,True,-179.28,3.14,-38.89,0,38.07
02:21:09.377,02:21:09.377,33255.596,0x82,0x00,True,-179.25,3.11,-38.89,0,38.09
02:21:19.378,02:21:19.378,33265.597,0x82,0x00,True,-179.21,3.12,-38.89,0,38.03
02:21:29.363,02:21:29.363,33275.582,0x82,0x00,True,-179.18,3.16,-38.89,0,38.02
02:21:39.362,02:21:39.362,33285.581,0x82,0x00,True,-179.23,3.19,-38.89,0,38.05
02:21:49.363,02:21:49.363,33295.582,0x82,0x00,True,-179.27,3.16,-38.89,0,38.07
02:21:59.353,02:21:59.353,33305.572,0x82,0x00,True,-179.29,3.12,-38.89,0,38.07
02:22:09.353,02:22:09.353,33315.572,0x82,0x00,True,-179.24,3.09,-38.89,0,38.05
02:22:19.342,02:22:19.342,33325.561,0x82,0x00,True,-179.19,3.11,-38.89,0,37.97
02:22:29.353,02:22:29.353,33335.572,0x82,0x00,True,-179.18,3.17,-38.89,0,38.08
02:22:39.332,02:22:39.332,33345.551,0x82,0x00,True,-179.22,3.2,-38.89,0,38.0
02:22:49.363,02:22:49.363,33355.582,0x82,0x00,True,-179.28,3.18,-38.89,0,38.1
02:22:59.322,02:22:59.322,33365.541,0x82,0x00,True,-179.29,3.13,-38.89,0,38.02
02:23:09.332,02:23:09.332,33375.551,0x82,0x00,True,-179.27,3.09,-38.89,0,38.05
02:23:19.322,02:23:19.322,33385.541,0x82,0x00,True,-179.21,3.09,-38.89,0,38.05
02:23:29.313,02:23:29.313,33395.532,0x82,0x00,True,-179.17,3.14,-38.89,0,38.08
02:23:39.313,02:23:39.313,33405.532,0x82,0x00,True,-179.2,3.19,-38.89,0,38.02
02:23:49.313,02:23:49.313,33415.532,0x82,0x00,True,-179.26,3.18,-38.89,0,38.06
02:23:59.313,02:23:59.313,33425.532,0x82,0x00,True,-179.29,3.13,-38.89,0,38.03
02:24:09.297,02:24:09.297,33435.516,0x82,0x00,True,-179.25,3.09,-38.89,0,38.09
02:24:19.298,02:24:19.298,33445.517,0x82,0x00,True,-179.19,3.1,-38.89,0,38.05
02:24:29.298,02:24:29.298,33455.517,0x82,0x00,True,-179.18,3.16,-38.89,0,38.04
02:24:39.282,02:24:39.282,33465.501,0x82,0x00,True,-179.23,3.19,-38.89,0,38.11
02:24:49.282,02:24:49.282,33475.501,0x82,0x00,True,-179.28,3.16,-38.89,0,38.05
02:24:59.273,02:24:59.273,33485.492,0x82,0x00,True,-179.28,3.11,-38.89,0,38.15
02:25:09.273,02:25:09.273,33495.492,0x82,0x00,True,-179.23,3.08,-38.89,0,38.06
02:25:19.263,02:25:19.263,33505.482,0x82,0x00,True,-179.18,3.11,-38.88,0,38.11
02:25:29.263,02:25:29.263,33515.482,0x82,0x00,True,-179.18,3.17,-38.88,0,38.08
02:25:39.273,02:25:39.273,33525.492,0x82,0x00,True,-179.22,3.21,-38.88,0,38.05
02:25:49.282,02:25:49.282,33535.501,0x82,0x00,True,-179.28,3.18,-38.88,0,38.16
02:25:59.252,02:25:59.252,33545.471,0x82,0x00,True,-179.29,3.12,-38.88,0,38.08
02:26:09.252,02:26:09.252,33555.471,0x82,0x00,True,-179.24,3.08,-38.88,0,38.08
02:26:19.242,02:26:19.242,33565.461,0x82,0x00,True,-179.19,3.09,-38.88,0,38.09
02:26:29.242,02:26:29.242,33575.461,0x82,0x00,True,-179.17,3.14,-38.88,0,38.14
02:26:39.242,02:26:39.242,33585.461,0x82,0x00,True,-179.2,3.2,-38.88,0,38.1
02:26:49.233,02:26:49.233,33595.452,0x82,0x00,True,-179.26,3.19,-38.88,0,38.08
02:26:59.232,02:26:59.232,33605.451,0x82,0x00,True,-179.28,3.15,-38.88,0,38.1
02:27:09.233,02:27:09.233,33615.452,0x82,0x00,True,-179.25,3.1,-38.88,0,38.11
02:27:19.233,02:27:19.233,33625.452,0x82,0x00,True,-179.21,3.11,-38.88,0,38.12
02:27:29.222,02:27:29.222,33635.441,0x82,0x00,True,-179.19,3.15,-38.88,0,38.13
02:27:39.217,02:27:39.217,33645.436,0x82,0x00,True,-179.21,3.18,-38.88,0,38.1
02:27:49.216,02:27:49.216,33655.435,0x82,0x00,True,-179.24,3.18,-38.88,0,38.03
02:27:59.217,02:27:59.217,33665.436,0x82,0x00,True,-179.27,3.15,-38.88,0,38.1
02:28:09.223,02:28:09.223,33675.442,0x82,0x00,True,-179.25,3.12,-38.88,0,38.1
02:28:19.202,02:28:19.202,33685.421,0x82,0x00,True,-179.22,3.11,-38.88,0,38.1
02:28:29.202,02:28:29.202,33695.421,0x82,0x00,True,-179.2,3.13,-38.88,0,38.1
02:28:39.194,02:28:39.194,33705.413,0x82,0x00,True,-179.21,3.16,-38.88,0,38.12
02:28:49.193,02:28:49.193,33715.412,0x82,0x00,True,-179.24,3.16,-38.88,0,38.0
02:28:59.193,02:28:59.193,33725.412,0x82,0x00,True,-179.26,3.14,-38.88,0,38.06
02:29:09.182,02:29:09.182,33735.401,0x82,0x00,True,-179.25,3.11,-38.88,0,38.09
02:29:19.193,02:29:19.193,33745.412,0x82,0x00,True,-179.23,3.1,-38.88,0,38.09
02:29:29.183,02:29:29.183,33755.402,0x82,0x00,True,-179.2,3.13,-38.88,0,38.02
02:29:39.172,02:29:39.172,33765.391,0x82,0x00,True,-179.22,3.15,-38.88,0,38.11
02:29:49.172,02:29:49.172,33775.391,0x82,0x00,True,-179.23,3.15,-38.88,0,38.03
02:29:59.173,02:29:59.173,33785.392,0x82,0x00,True,-179.25,3.14,-38.88,0,38.14
02:30:09.162,02:30:09.162,33795.381,0x82,0x00,True,-179.25,3.11,-38.88,0,38.05
02:30:19.162,02:30:19.162,33805.381,0x82,0x00,True,-179.22,3.12,-38.88,0,38.05
02:30:29.153,02:30:29.153,33815.372,0x82,0x00,True,-179.22,3.14,-38.88,0,38.09
02:30:39.153,02:30:39.153,33825.372,0x82,0x00,True,-179.24,3.14,-38.88,0,38.05
02:30:49.153,02:30:49.153,33835.372,0x82,0x00,True,-179.25,3.14,-38.88,0,38.05
02:30:59.153,02:30:59.153,33845.372,0x82,0x00,True,-179.25,3.12,-38.88,0,38.1
02:31:09.153,02:31:09.153,33855.372,0x82,0x00,True,-179.22,3.13,-38.88,0,38.13
02:31:19.138,02:31:19.138,33865.357,0x82,0x00,True,-179.21,3.15,-38.88,0,38.1
02:31:29.138,02:31:29.138,33875.357,0x82,0x00,True,-179.24,3.16,-38.88,0,38.14
02:31:39.138,02:31:39.138,33885.357,0x82,0x00,True,-179.26,3.14,-38.88,0,38.14
02:31:49.122,02:31:49.122,33895.341,0x82,0x00,True,-179.25,3.12,-38.88,0,38.15
02:31:59.122,02:31:59.122,33905.341,0x82,0x00,True,-179.23,3.12,-38.88,0,38.15
02:32:09.122,02:32:09.122,33915.341,0x82,0x00,True,-179.22,3.14,-38.88,0,38.14
02:32:19.112,02:32:19.112,33925.331,0x82,0x00,True,-179.24,3.14,-38.88,0,38.1
02:32:29.113,02:32:29.113,33935.332,0x82,0x00,True,-179.24,3.13,-38.88,0,38.12
02:32:39.112,02:32:39.112,33945.331,0x82,0x00,True,-179.24,3.12,-38.88,0,38.1
02:32:49.103,02:32:49.103,33955.322,0x82,0x00,True,-179.22,3.12,-38.88,0,38.17
02:32:59.103,02:32:59.103,33965.322,0x82,0x00,True,-179.21,3.14,-38.88,0,38.17
02:33:09.103,02:33:09.103,33975.322,0x82,0x00,True,-179.22,3.16,-38.88,0,38.23
02:33:19.103,02:33:19.103,33985.322,0x82,0x00,True,-179.24,3.16,-38.88,0,38.15
02:33:29.093,02:33:29.093,33995.312,0x82,0x00,True,-179.24,3.14,-38.88,0,38.16
02:33:39.092,02:33:39.092,34005.311,0x82,0x00,True,-179.24,3.13,-38.88,0,38.11
02:33:49.082,02:33:49.082,34015.301,0x82,0x00,True,-179.23,3.13,-38.88,0,38.09
02:33:59.082,02:33:59.082,34025.301,0x82,0x00,True,-179.23,3.14,-38.88,0,38.17
02:34:09.083,02:34:09.083,34035.302,0x82,0x00,True,-179.24,3.13,-38.88,0,38.1
02:34:19.072,02:34:19.072,34045.291,0x82,0x00,True,-179.24,3.12,-38.88,0,38.1
02:34:29.072,02:34:29.072,34055.291,0x82,0x00,True,-179.24,3.12,-38.88,0,38.09
02:34:39.072,02:34:39.072,34065.291,0x82,0x00,True,-179.23,3.12,-38.88,0,38.11
02:34:49.072,02:34:49.072,34075.291,0x82,0x00,True,-179.2,3.13,-38.88,0,38.11
02:34:59.063,02:34:59.063,34085.282,0x82,0x00,True,-179.21,3.16,-38.88,0,38.1
02:35:09.058,02:35:09.058,34095.277,0x82,0x00,True,-179.25,3.17,-38.88,0,38.14
02:35:19.058,02:35:19.058,34105.277,0x82,0x00,True,-179.27,3.14,-38.88,0,38.18
02:35:29.057,02:35:29.057,34115.276,0x82,0x00,True,-179.25,3.11,-38.88,0,38.11
02:35:39.043,02:35:39.043,34125.262,0x82,0x00,True,-179.21,3.12,-38.88,0,38.11
02:35:49.042,02:35:49.042,34135.261,0x82,0x00,True,-179.21,3.15,-38.88,0,38.13
02:35:59.032,02:35:59.032,34145.251,0x82,0x00,True,-179.24,3.15,-38.88,0,38.11
02:36:09.032,02:36:09.032,34155.251,0x82,0x00,True,-179.27,3.12,-38.88,0,38.1
02:36:19.032,02:36:19.032,34165.251,0x82,0x00,True,-179.24,3.09,-38.88,0,38.06
02:36:29.023,02:36:29.023,34175.242,0x82,0x00,True,-179.2,3.1,-38.88,0,38.11
02:36:39.023,02:36:39.023,34185.242,0x82,0x00,True,-179.19,3.14,-38.88,0,38.11
02:36:49.013,02:36:49.013,34195.232,0x82,0x00,True,-179.22,3.17,-38.88,0,38.1
02:36:59.013,02:36:59.013,34205.232,0x82,0x00,True,-179.25,3.17,-38.88,0,38.11
02:37:09.013,02:37:09.013,34215.232,0x82,0x00,True,-179.28,3.13,-38.88,0,38.11
02:37:19.003,02:37:19.003,34225.222,0x82,0x00,True,-179.25,3.1,-38.88,0,38.08
02:37:29.003,02:37:29.003,34235.222,0x82,0x00,True,-179.22,3.11,-38.88,0,38.08
02:37:38.992,02:37:38.992,34245.211,0x82,0x00,True,-179.23,3.12,-38.88,0,38.07
02:37:48.992,02:37:48.992,34255.211,0x82,0x00,True,-179.21,3.13,-38.88,0,38.12
02:37:58.992,02:37:58.992,34265.211,0x82,0x00,True,-179.21,3.16,-38.88,0,38.13
02:38:08.992,02:38:08.992,34275.211,0x82,0x00,True,-179.24,3.16,-38.88,0,38.11
02:38:18.992,02:38:18.992,34285.211,0x82,0x00,True,-179.25,3.15,-38.88,0,38.1
02:38:28.978,02:38:28.978,34295.197,0x82,0x00,True,-179.25,3.13,-38.88,0,38.11
02:38:38.978,02:38:38.978,34305.197,0x82,0x00,True,-179.23,3.12,-38.88,0,38.02
02:38:48.962,02:38:48.962,34315.181,0x82,0x00,True,-179.21,3.13,-38.88,0,38.07
02:38:58.963,02:38:58.963,34325.182,0x82,0x00,True,-179.21,3.15,-38.88,0,38.04
02:39:08.963,02:39:08.963,34335.182,0x82,0x00,True,-179.24,3.16,-38.88,0,38.08
02:39:18.953,02:39:18.953,34345.172,0x82,0x00,True,-179.25,3.15,-38.88,0,38.04
02:39:28.952,02:39:28.952,34355.171,0x82,0x00,True,-179.25,3.14,-38.88,0,38.02
02:39:38.943,02:39:38.943,34365.162,0x82,0x00,True,-179.24,3.13,-38.88,0,38.06
02:39:48.943,02:39:48.943,34375.162,0x82,0x00,True,-179.24,3.12,-38.88,0,38.05
02:39:58.934,02:39:58.934,34385.153,0x82,0x00,True,-179.25,3.12,-38.88,0,38.02
02:40:08.933,02:40:08.933,34395.152,0x82,0x00,True,-179.25,3.1,-38.88,0,38.01
02:40:18.932,02:40:18.932,34405.151,0x82,0x00,True,-179.22,3.1,-38.88,0,38.0
02:40:28.922,02:40:28.922,34415.141,0x82,0x00,True,-179.21,3.13,-38.88,0,38.02
02:40:38.923,02:40:38.923,34425.142,0x82,0x00,True,-179.24,3.14,-38.88,0,38.02
02:40:48.913,02:40:48.913,34435.132,0x82,0x00,True,-179.26,3.13,-38.88,0,38.06
02:40:58.913,02:40:58.913,34445.132,0x82,0x00,True,-179.26,3.1,-38.88,0,38.03
02:41:08.913,02:41:08.913,34455.132,0x82,0x00,True,-179.22,3.09,-38.88,0,37.99
02:41:18.912,02:41:18.912,34465.131,0x82,0x00,True,-179.2,3.12,-38.88,0,38.06
02:41:28.898,02:41:28.898,34475.117,0x82,0x00,True,-179.22,3.14,-38.88,0,38.02
02:41:38.898,02:41:38.898,34485.117,0x82,0x00,True,-179.24,3.14,-38.88,0,38.08
02:41:48.882,02:41:48.882,34495.101,0x82,0x00,True,-179.25,3.13,-38.88,0,38.03
02:41:58.883,02:41:58.883,34505.102,0x82,0x00,True,-179.25,3.12,-38.88,0,38.11
02:42:08.883,02:42:08.883,34515.102,0x82,0x00,True,-179.24,3.11,-38.88,0,38.05
02:42:18.872,02:42:18.872,34525.091,0x82,0x00,True,-179.23,3.12,-38.88,0,38.02
02:42:28.872,02:42:28.872,34535.091,0x82,0x00,True,-179.23,3.13,-38.88,0,38.1
02:42:38.862,02:42:38.862,34545.081,0x82,0x00,True,-179.24,3.13,-38.88,0,38.02
02:42:48.863,02:42:48.863,34555.082,0x82,0x00,True,-179.24,3.13,-38.88,0,38.08
02:42:58.863,02:42:58.863,34565.082,0x82,0x00,True,-179.24,3.13,-38.88,0,38.06
02:43:08.853,02:43:08.853,34575.072,0x82,0x00,True,-179.24,3.13,-38.88,0,38.07
02:43:18.853,02:43:18.853,34585.072,0x82,0x00,True,-179.24,3.12,-38.88,0,38.05
02:43:28.843,02:43:28.843,34595.062,0x82,0x00,True,-179.24,3.11,-38.88,0,38.16
02:43:38.843,02:43:38.843,34605.062,0x82,0x00,True,-179.22,3.12,-38.88,0,38.08
02:43:48.833,02:43:48.833,34615.052,0x82,0x00,True,-179.22,3.14,-38.88,0,38.01
02:43:58.833,02:43:58.833,34625.052,0x82,0x00,True,-179.23,3.14,-38.88,0,38.14
02:44:08.832,02:44:08.832,34635.051,0x82,0x00,True,-179.23,3.13,-38.88,0,37.99
02:44:18.832,02:44:18.832,34645.051,0x82,0x00,True,-179.23,3.14,-38.88,0,38.08
02:44:28.832,02:44:28.832,34655.051,0x82,0x00,True,-179.24,3.14,-38.88,0,38.11
02:44:38.818,02:44:38.818,34665.037,0x82,0x00,True,-179.24,3.14,-38.88,0,38.11
02:44:48.818,02:44:48.818,34675.037,0x82,0x00,True,-179.25,3.12,-38.88,0,38.13
02:44:58.803,02:44:58.803,34685.022,0x82,0x00,True,-179.24,3.11,-38.88,0,38.02
02:45:08.803,02:45:08.803,34695.022,0x82,0x00,True,-179.22,3.12,-38.88,0,38.08
02:45:18.803,02:45:18.803,34705.022,0x82,0x00,True,-179.23,3.13,-38.88,0,38.11
02:45:28.792,02:45:28.792,34715.011,0x82,0x00,True,-179.24,3.14,-38.88,0,38.14
02:45:38.793,02:45:38.793,34725.012,0x82,0x00,True,-179.24,3.13,-38.88,0,38.12
02:45:48.782,02:45:48.782,34735.001,0x82,0x00,True,-179.23,3.13,-38.88,0,38.14
02:45:58.782,02:45:58.782,34745.001,0x82,0x00,True,-179.23,3.14,-38.88,0,38.19
02:46:08.782,02:46:08.782,34755.001,0x82,0x00,True,-179.24,3.14,-38.88,0,38.19
02:46:18.773,02:46:18.773,34764.992,0x82,0x00,True,-179.25,3.13,-38.88,0,38.14
02:46:28.773,02:46:28.773,34774.992,0x82,0x00,True,-179.26,3.11,-38.88,0,38.05
02:46:38.763,02:46:38.763,34784.982,0x82,0x00,True,-179.24,3.1,-38.88,0,38.18
02:46:48.763,02:46:48.763,34794.982,0x82,0x00,True,-179.21,3.11,-38.88,0,38.17
02:46:58.761,02:46:58.761,34804.98,0x82,0x00,True,-179.21,3.13,-38.88,0,38.12
02:47:08.753,02:47:08.753,34814.972,0x82,0x00,True,-179.23,3.14,-38.88,0,38.12
02:47:18.752,02:47:18.752,34824.971,0x82,0x00,True,-179.25,3.14,-38.89,0,38.17
02:47:28.752,02:47:28.752,34834.971,0x82,0x00,True,-179.25,3.12,-38.89,0,38.16
02:47:38.753,02:47:38.753,34844.972,0x82,0x00,True,-179.23,3.11,-38.89,0,38.17
02:47:48.752,02:47:48.752,34854.971,0x82,0x00,True,-179.22,3.12,-38.89,0,38.15
02:47:58.742,02:47:58.742,34864.961,0x82,0x00,True,-179.22,3.13,-38.89,0,38.11
02:48:08.748,02:48:08.748,34874.967,0x82,0x00,True,-179.23,3.15,-38.89,0,38.1
02:48:18.747,02:48:18.747,34884.966,0x82,0x00,True,-179.24,3.14,-38.89,0,38.13
02:48:28.748,02:48:28.748,34894.967,0x82,0x00,True,-179.25,3.13,-38.89,0,38.09
02:48:38.723,02:48:38.723,34904.942,0x82,0x00,True,-179.25,3.12,-38.89,0,38.1
02:48:48.723,02:48:48.723,34914.942,0x82,0x00,True,-179.24,3.12,-38.89,0,38.13
02:48:58.723,02:48:58.723,34924.942,0x82,0x00,True,-179.22,3.12,-38.89,0,38.17
02:49:08.713,02:49:08.713,34934.932,0x82,0x00,True,-179.22,3.13,-38.89,0,38.08
02:49:18.713,02:49:18.713,34944.932,0x82,0x00,True,-179.23,3.14,-38.89,0,38.11
02:49:28.712,02:49:28.712,34954.931,0x82,0x00,True,-179.25,3.14,-38.89,0,38.14
02:49:38.723,02:49:38.723,34964.942,0x82,0x00,True,-179.25,3.12,-38.89,0,38.04
02:49:48.702,02:49:48.702,34974.921,0x82,0x00,True,-179.24,3.11,-38.89,0,38.06
02:49:58.693,02:49:58.693,34984.912,0x82,0x00,True,-179.22,3.11,-38.89,0,38.08
02:50:08.693,02:50:08.693,34994.912,0x82,0x00,True,-179.22,3.12,-38.89,0,38.11
02:50:18.683,02:50:18.683,35004.902,0x82,0x00,True,-179.23,3.13,-38.89,0,38.11
02:50:28.683,02:50:28.683,35014.902,0x82,0x00,True,-179.24,3.13,-38.89,0,38.13
02:50:38.673,02:50:38.673,35024.892,0x82,0x00,True,-179.24,3.13,-38.89,0,38.2
02:50:48.672,02:50:48.672,35034.891,0x82,0x00,True,-179.24,3.13,-38.89,0,38.17
02:50:58.672,02:50:58.672,35044.891,0x82,0x00,True,-179.24,3.13,-38.89,0,38.08
02:51:08.673,02:51:08.673,35054.892,0x82,0x00,True,-179.23,3.12,-38.89,0,38.13
02:51:18.673,02:51:18.673,35064.892,0x82,0x00,True,-179.24,3.13,-38.89,0,38.14
02:51:28.663,02:51:28.663,35074.882,0x82,0x00,True,-179.23,3.13,-38.89,0,38.14
02:51:38.657,02:51:38.657,35084.876,0x82,0x00,True,-179.22,3.14,-38.89,0,38.15
02:51:48.668,02:51:48.668,35094.887,0x82,0x00,True,-179.23,3.15,-38.89,0,38.15
02:51:58.643,02:51:58.643,35104.862,0x82,0x00,True,-179.24,3.14,-38.89,0,38.17
02:52:08.643,02:52:08.643,35114.862,0x82,0x00,True,-179.25,3.13,-38.89,0,38.17
02:52:18.643,02:52:18.643,35124.862,0x82,0x00,True,-179.25,3.12,-38.89,0,38.2
02:52:28.633,02:52:28.633,35134.852,0x82,0x00,True,-179.24,3.11,-38.89,0,38.19
02:52:38.633,02:52:38.633,35144.852,0x82,0x00,True,-179.22,3.11,-38.89,0,38.14
02:52:48.622,02:52:48.622,35154.841,0x82,0x00,True,-179.23,3.12,-38.89,0,38.1
02:52:58.622,02:52:58.622,35164.841,0x82,0x00,True,-179.23,3.13,-38.89,0,38.16
02:53:08.622,02:53:08.622,35174.841,0x82,0x00,True,-179.23,3.13,-38.89,0,38.15
02:53:18.612,02:53:18.612,35184.831,0x82,0x00,True,-179.24,3.14,-38.89,0,38.05
02:53:28.613,02:53:28.613,35194.832,0x82,0x00,True,-179.24,3.13,-38.89,0,38.14
02:53:38.612,02:53:38.612,35204.831,0x82,0x00,True,-179.24,3.12,-38.89,0,38.17
02:53:48.603,02:53:48.603,35214.822,0x82,0x00,True,-179.23,3.12,-38.89,0,38.3
02:53:58.603,02:53:58.603,35224.822,0x82,0x00,True,-179.22,3.13,-38.89,0,38.18
02:54:08.592,02:54:08.592,35234.811,0x82,0x00,True,-179.23,3.15,-38.89,0,38.26
02:54:18.592,02:54:18.592,35244.811,0x82,0x00,True,-179.26,3.14,-38.89,0,38.22
02:54:28.593,02:54:28.593,35254.812,0x82,0x00,True,-179.27,3.11,-38.89,0,38.19
02:54:38.591,02:54:38.591,35264.81,0x82,0x00,True,-179.23,3.09,-38.89,0,38.26
02:54:48.593,02:54:48.593,35274.812,0x82,0x00,True,-179.22,3.11,-38.89,0,38.14
02:54:58.582,02:54:58.582,35284.801,0x82,0x00,True,-179.24,3.1,-38.89,0,38.2
02:55:08.577,02:55:08.577,35294.796,0x82,0x00,True,-179.22,3.11,-38.89,0,38.16
02:55:18.577,02:55:18.577,35304.796,0x82,0x00,True,-179.22,3.14,-38.89,0,38.17
02:55:28.577,02:55:28.577,35314.796,0x82,0x00,True,-179.23,3.15,-38.89,0,38.13
02:55:38.563,02:55:38.563,35324.782,0x82,0x00,True,-179.24,3.14,-38.89,0,38.16
02:55:48.576,02:55:48.576,35334.795,0x82,0x00,True,-179.25,3.13,-38.89,0,38.21
02:55:58.563,02:55:58.563,35344.782,0x82,0x00,True,-179.24,3.12,-38.89,0,38.12
02:56:08.563,02:56:08.563,35354.782,0x82,0x00,True,-179.23,3.12,-38.89,0,38.19
02:56:18.552,02:56:18.552,35364.771,0x82,0x00,True,-179.23,3.12,-38.89,0,38.17
02:56:28.552,02:56:28.552,35374.771,0x82,0x00,True,-179.24,3.12,-38.89,0,38.18
02:56:38.553,02:56:38.553,35384.772,0x82,0x00,True,-179.23,3.12,-38.89,0,38.14
02:56:48.553,02:56:48.553,35394.772,0x82,0x00,True,-179.22,3.13,-38.89,0,38.22
02:56:58.552,02:56:58.552,35404.771,0x82,0x00,True,-179.22,3.15,-38.89,0,38.2
02:57:08.542,02:57:08.542,35414.761,0x82,0x00,True,-179.24,3.15,-38.89,0,38.17
02:57:18.542,02:57:18.542,35424.761,0x82,0x00,True,-179.25,3.13,-38.89,0,38.22
02:57:28.542,02:57:28.542,35434.761,0x82,0x00,True,-179.25,3.12,-38.89,0,38.15
02:57:38.561,02:57:38.561,35444.78,0x82,0x00,True,-179.24,3.11,-38.89,0,38.3
02:57:48.532,02:57:48.532,35454.751,0x82,0x00,True,-179.23,3.11,-38.89,0,38.13
02:57:58.532,02:57:58.532,35464.751,0x82,0x00,True,-179.21,3.12,-38.89,0,38.13
02:58:08.532,02:58:08.532,35474.751,0x82,0x00,True,-179.22,3.14,-38.89,0,38.23
02:58:18.523,02:58:18.523,35484.742,0x82,0x00,True,-179.23,3.15,-38.89,0,38.14
02:58:28.522,02:58:28.522,35494.741,0x82,0x00,True,-179.24,3.15,-38.89,0,38.27
02:58:38.523,02:58:38.523,35504.742,0x82,0x00,True,-179.24,3.14,-38.89,0,38.17
02:58:48.513,02:58:48.513,35514.732,0x82,0x00,True,-179.22,3.14,-38.89,0,38.19
02:58:58.511,02:58:58.511,35524.73,0x82,0x00,True,-179.21,3.15,-38.89,0,38.16
02:59:08.523,02:59:08.523,35534.742,0x82,0x00,True,-179.22,3.17,-38.89,0,38.17
02:59:18.513,02:59:18.513,35544.732,0x82,0x00,True,-179.24,3.18,-38.89,0,38.22
02:59:28.513,02:59:28.513,35554.732,0x82,0x00,True,-179.25,3.18,-38.89,0,38.2
02:59:38.512,02:59:38.512,35564.731,0x82,0x00,True,-179.27,3.14,-38.89,0,38.3
02:59:48.502,02:59:48.502,35574.721,0x82,0x00,True,-179.26,3.11,-38.89,0,38.17
02:59:58.497,02:59:58.497,35584.716,0x82,0x00,True,-179.24,3.1,-38.89,0,38.2
03:00:08.497,03:00:08.497,35594.716,0x82,0x00,True,-179.21,3.11,-38.89,0,38.15
03:00:18.483,03:00:18.483,35604.702,0x82,0x00,True,-179.21,3.15,-38.89,0,38.14
03:00:28.483,03:00:28.483,35614.702,0x82,0x00,True,-179.23,3.16,-38.89,0,38.23
03:00:38.483,03:00:38.483,35624.702,0x82,0x00,True,-179.25,3.15,-38.89,0,38.18
03:00:48.473,03:00:48.473,35634.692,0x82,0x00,True,-179.25,3.12,-38.89,0,38.2
03:00:58.473,03:00:58.473,35644.692,0x82,0x00,True,-179.24,3.11,-38.89,0,38.14
03:01:08.473,03:01:08.473,35654.692,0x82,0x00,True,-179.22,3.12,-38.89,0,38.17
03:01:18.463,03:01:18.463,35664.682,0x82,0x00,True,-179.22,3.14,-38.89,0,38.18
03:01:28.452,03:01:28.452,35674.671,0x82,0x00,True,-179.23,3.15,-38.89,0,38.2
03:01:38.462,03:01:38.462,35684.681,0x82,0x00,True,-179.25,3.14,-38.89,0,38.2
03:01:48.452,03:01:48.452,35694.671,0x82,0x00,True,-179.24,3.13,-38.89,0,38.19
03:01:58.453,03:01:58.453,35704.672,0x82,0x00,True,-179.23,3.13,-38.89,0,38.17
03:02:08.452,03:02:08.452,35714.671,0x82,0x00,True,-179.24,3.14,-38.89,0,38.14
03:02:18.443,03:02:18.443,35724.662,0x82,0x00,True,-179.24,3.14,-38.89,0,38.24
03:02:28.443,03:02:28.443,35734.662,0x82,0x00,True,-179.24,3.13,-38.89,0,38.05
03:02:38.443,03:02:38.443,35744.662,0x82,0x00,True,-179.24,3.13,-38.89,0,38.09
03:02:48.433,03:02:48.433,35754.652,0x82,0x00,True,-179.23,3.13,-38.89,0,38.08
03:02:58.433,03:02:58.433,35764.652,0x82,0x00,True,-179.23,3.14,-38.89,0,38.11
03:03:08.433,03:03:08.433,35774.652,0x82,0x00,True,-179.23,3.15,-38.89,0,38.14
03:03:18.433,03:03:18.433,35784.652,0x82,0x00,True,-179.24,3.15,-38.89,0,38.13
03:03:28.432,03:03:28.432,35794.651,0x82,0x00,True,-179.25,3.14,-38.89,0,38.11
03:03:38.433,03:03:38.433,35804.652,0x82,0x00,True,-179.23,3.12,-38.89,0,38.15
03:03:48.418,03:03:48.418,35814.637,0x82,0x00,True,-179.22,3.13,-38.89,0,38.17
03:03:58.418,03:03:58.418,35824.637,0x82,0x00,True,-179.22,3.14,-38.89,0,38.15
03:04:08.428,03:04:08.428,35834.647,0x82,0x00,True,-179.23,3.15,-38.89,0,38.24
03:04:18.403,03:04:18.403,35844.622,0x82,0x00,True,-179.24,3.14,-38.89,0,38.09
03:04:28.403,03:04:28.403,35854.622,0x82,0x00,True,-179.24,3.14,-38.89,0,38.15
03:04:38.403,03:04:38.403,35864.622,0x82,0x00,True,-179.23,3.13,-38.89,0,38.15
03:04:48.393,03:04:48.393,35874.612,0x82,0x00,True,-179.22,3.13,-38.89,0,38.17
03:04:58.393,03:04:58.393,35884.612,0x82,0x00,True,-179.22,3.15,-38.89,0,38.15
03:05:08.393,03:05:08.393,35894.612,0x82,0x00,True,-179.23,3.16,-38.89,0,38.2
03:05:18.383,03:05:18.383,35904.602,0x82,0x00,True,-179.24,3.15,-38.89,0,38.16
03:05:28.382,03:05:28.382,35914.601,0x82,0x00,True,-179.24,3.14,-38.89,0,38.09
03:05:38.382,03:05:38.382,35924.601,0x82,0x00,True,-179.25,3.13,-38.89,0,38.05
03:05:48.383,03:05:48.383,35934.602,0x82,0x00,True,-179.24,3.11,-38.89,0,37.95
03:05:58.373,03:05:58.373,35944.592,0x82,0x00,True,-179.21,3.13,-38.89,0,38.04
03:06:08.372,03:06:08.372,35954.591,0x82,0x00,True,-179.21,3.16,-38.89,0,38.08
03:06:18.372,03:06:18.372,35964.591,0x82,0x00,True,-179.23,3.16,-38.89,0,38.14
03:06:28.362,03:06:28.362,35974.581,0x82,0x00,True,-179.25,3.15,-38.89,0,38.06
03:06:38.363,03:06:38.363,35984.582,0x82,0x00,True,-179.25,3.13,-38.89,0,38.15
03:06:48.362,03:06:48.362,35994.581,0x82,0x00,True,-179.24,3.12,-38.89,0,38.06
03:06:58.353,03:06:58.353,36004.572,0x82,0x00,True,-179.23,3.11,-38.89,0,38.12
03:07:08.353,03:07:08.353,36014.572,0x82,0x00,True,-179.21,3.12,-38.89,0,38.11
03:07:18.353,03:07:18.353,36024.572,0x82,0x00,True,-179.21,3.15,-38.89,0,38.11
03:07:28.353,03:07:28.353,36034.572,0x82,0x00,True,-179.23,3.15,-38.89,0,38.14
03:07:38.353,03:07:38.353,36044.572,0x82,0x00,True,-179.25,3.14,-38.89,0,38.2
03:07:48.343,03:07:48.343,36054.562,0x82,0x00,True,-179.24,3.12,-38.89,0,38.08
03:07:58.338,03:07:58.338,36064.557,0x82,0x00,True,-179.23,3.11,-38.89,0,38.18
03:08:08.338,03:08:08.338,36074.557,0x82,0x00,True,-179.22,3.12,-38.89,0,38.13
03:08:18.338,03:08:18.338,36084.557,0x82,0x00,True,-179.22,3.14,-38.89,0,38.1
03:08:28.322,03:08:28.322,36094.541,0x82,0x00,True,-179.24,3.14,-38.89,0,38.11
03:08:38.322,03:08:38.322,36104.541,0x82,0x00,True,-179.24,3.13,-38.89,0,38.11
03:08:48.322,03:08:48.322,36114.541,0x82,0x00,True,-179.23,3.13,-38.89,0,38.09
03:08:58.313,03:08:58.313,36124.532,0x82,0x00,True,-179.22,3.14,-38.88,0,38.11
03:09:08.313,03:09:08.313,36134.532,0x82,0x00,True,-179.23,3.14,-38.89,0,38.17
03:09:18.313,03:09:18.313,36144.532,0x82,0x00,True,-179.24,3.14,-38.89,0,38.17
03:09:28.303,03:09:28.303,36154.522,0x82,0x00,True,-179.24,3.14,-38.89,0,38.16
03:09:38.302,03:09:38.302,36164.521,0x82,0x00,True,-179.24,3.14,-38.89,0,38.19
03:09:48.303,03:09:48.303,36174.522,0x82,0x00,True,-179.23,3.13,-38.89,0,38.11
03:09:58.293,03:09:58.293,36184.512,0x82,0x00,True,-179.23,3.13,-38.89,0,38.14
03:10:08.293,03:10:08.293,36194.512,0x82,0x00,True,-179.23,3.14,-38.89,0,38.08
03:10:18.292,03:10:18.292,36204.511,0x82,0x00,True,-179.23,3.14,-38.89,0,38.19
03:10:28.282,03:10:28.282,36214.501,0x82,0x00,True,-179.25,3.13,-38.89,0,38.13
03:10:38.282,03:10:38.282,36224.501,0x82,0x00,True,-179.25,3.12,-38.89,0,38.17
03:10:48.282,03:10:48.282,36234.501,0x82,0x00,True,-179.23,3.11,-38.89,0,38.11
03:10:58.282,03:10:58.282,36244.501,0x82,0x00,True,-179.21,3.13,-38.89,0,38.12
03:11:08.273,03:11:08.273,36254.492,0x82,0x00,True,-179.21,3.16,-38.89,0,38.17
03:11:18.273,03:11:18.273,36264.492,0x82,0x00,True,-179.23,3.16,-38.89,0,38.13
03:11:28.273,03:11:28.273,36274.492,0x82,0x00,True,-179.26,3.14,-38.89,0,38.11
03:11:38.273,03:11:38.273,36284.492,0x82,0x00,True,-179.26,3.12,-38.89,0,38.13
03:11:48.263,03:11:48.263,36294.482,0x82,0x00,True,-179.24,3.1,-38.89,0,38.19
03:11:58.263,03:11:58.263,36304.482,0x82,0x00,True,-179.2,3.11,-38.89,0,38.11
03:12:08.258,03:12:08.258,36314.477,0x82,0x00,True,-179.2,3.15,-38.89,0,38.07
03:12:18.257,03:12:18.257,36324.476,0x82,0x00,True,-179.23,3.16,-38.89,0,38.14
03:12:28.258,03:12:28.258,36334.477,0x82,0x00,True,-179.25,3.14,-38.89,0,38.08
03:12:38.242,03:12:38.242,36344.461,0x82,0x00,True,-179.24,3.13,-38.89,0,38.11
03:12:48.242,03:12:48.242,36354.461,0x82,0x00,True,-179.23,3.12,-38.89,0,38.16
03:12:58.242,03:12:58.242,36364.461,0x82,0x00,True,-179.23,3.13,-38.89,0,38.13
03:13:08.233,03:13:08.233,36374.452,0x82,0x00,True,-179.23,3.13,-38.89,0,38.08
03:13:18.233,03:13:18.233,36384.452,0x82,0x00,True,-179.23,3.13,-38.89,0,38.13
03:13:28.233,03:13:28.233,36394.452,0x82,0x00,True,-179.24,3.12,-38.89,0,38.07
03:13:38.222,03:13:38.222,36404.441,0x82,0x00,True,-179.23,3.13,-38.89,0,38.15
03:13:48.222,03:13:48.222,36414.441,0x82,0x00,True,-179.24,3.12,-38.89,0,38.05
03:13:58.223,03:13:58.223,36424.442,0x82,0x00,True,-179.23,3.12,-38.89,0,38.1
03:14:08.213,03:14:08.213,36434.432,0x82,0x00,True,-179.23,3.13,-38.89,0,38.05
03:14:18.212,03:14:18.212,36444.431,0x82,0x00,True,-179.23,3.14,-38.89,0,38.07
03:14:28.213,03:14:28.213,36454.432,0x82,0x00,True,-179.22,3.15,-38.89,0,38.1
03:14:38.203,03:14:38.203,36464.422,0x82,0x00,True,-179.23,3.15,-38.89,0,37.99
03:14:48.203,03:14:48.203,36474.422,0x82,0x00,True,-179.24,3.15,-38.89,0,38.02
03:14:58.202,03:14:58.202,36484.421,0x82,0x00,True,-179.26,3.13,-38.89,0,38.02
03:15:08.193,03:15:08.193,36494.412,0x82,0x00,True,-179.24,3.11,-38.89,0,38.01
03:15:18.194,03:15:18.194,36504.413,0x82,0x00,True,-179.21,3.12,-38.89,0,37.96
03:15:28.193,03:15:28.193,36514.412,0x82,0x00,True,-179.2,3.15,-38.89,0,38.11
03:15:38.193,03:15:38.193,36524.412,0x82,0x00,True,-179.22,3.17,-38.89,0,37.98
03:15:48.193,03:15:48.193,36534.412,0x82,0x00,True,-179.25,3.16,-38.89,0,37.93
03:15:58.183,03:15:58.183,36544.402,0x82,0x00,True,-179.26,3.13,-38.89,0,37.99
03:16:08.177,03:16:08.177,36554.396,0x82,0x00,True,-179.24,3.12,-38.89,0,37.99
03:16:18.177,03:16:18.177,36564.396,0x82,0x00,True,-179.21,3.13,-38.89,0,38.13
03:16:28.188,03:16:28.188,36574.407,0x82,0x00,True,-179.21,3.16,-38.89,0,38.05
03:16:38.162,03:16:38.162,36584.381,0x82,0x00,True,-179.24,3.16,-38.89,0,38.05
03:16:48.163,03:16:48.163,36594.382,0x82,0x00,True,-179.26,3.14,-38.89,0,38.05
03:16:58.168,03:16:58.168,36604.387,0x82,0x00,True,-179.26,3.11,-38.89,0,38.13
03:17:08.154,03:17:08.154,36614.373,0x82,0x00,True,-179.23,3.1,-38.89,0,38.02
03:17:18.154,03:17:18.154,36624.373,0x82,0x00,True,-179.22,3.11,-38.89,0,38.01
03:17:28.154,03:17:28.154,36634.373,0x82,0x00,True,-179.22,3.12,-38.89,0,38.05
03:17:38.143,03:17:38.143,36644.362,0x82,0x00,True,-179.23,3.13,-38.89,0,37.99
03:17:48.143,03:17:48.143,36654.362,0x82,0x00,True,-179.24,3.13,-38.89,0,38.07
03:17:58.133,03:17:58.133,36664.352,0x82,0x00,True,-179.24,3.12,-38.89,0,38.13
03:18:08.132,03:18:08.132,36674.351,0x82,0x00,True,-179.24,3.11,-38.89,0,38.08
03:18:18.132,03:18:18.132,36684.351,0x82,0x00,True,-179.23,3.11,-38.89,0,38.08
03:18:28.122,03:18:28.122,36694.341,0x82,0x00,True,-179.23,3.12,-38.89,0,38.01
03:18:38.123,03:18:38.123,36704.342,0x82,0x00,True,-179.24,3.12,-38.89,0,38.06
03:18:48.122,03:18:48.122,36714.341,0x82,0x00,True,-179.23,3.12,-38.89,0,38.03
03:18:58.112,03:18:58.112,36724.331,0x82,0x00,True,-179.22,3.13,-38.89,0,38.07
03:19:08.112,03:19:08.112,36734.331,0x82,0x00,True,-179.23,3.14,-38.89,0,38.12
03:19:18.113,03:19:18.113,36744.332,0x82,0x00,True,-179.24,3.14,-38.89,0,37.99
03:19:28.113,03:19:28.113,36754.332,0x82,0x00,True,-179.25,3.13,-38.89,0,38.07
03:19:38.103,03:19:38.103,36764.322,0x82,0x00,True,-179.23,3.13,-38.89,0,38.06
03:19:48.098,03:19:48.098,36774.317,0x82,0x00,True,-179.22,3.14,-38.89,0,38.11
03:19:58.097,03:19:58.097,36784.316,0x82,0x00,True,-179.23,3.14,-38.88,0,38.13
03:20:08.098,03:20:08.098,36794.317,0x82,0x00,True,-179.24,3.14,-38.88,0,38.12
03:20:18.082,03:20:18.082,36804.301,0x82,0x00,True,-179.24,3.14,-38.88,0,38.14
03:20:28.083,03:20:28.083,36814.302,0x82,0x00,True,-179.23,3.14,-38.88,0,38.17
03:20:38.083,03:20:38.083,36824.302,0x82,0x00,True,-179.25,3.13,-38.88,0,38.15
03:20:48.072,03:20:48.072,36834.291,0x82,0x00,True,-179.25,3.12,-38.88,0,38.14
03:20:58.063,03:20:58.063,36844.282,0x82,0x00,True,-179.24,3.11,-38.88,0,38.07
03:21:08.072,03:21:08.072,36854.291,0x82,0x00,True,-179.23,3.12,-38.88,0,38.11
03:21:18.063,03:21:18.063,36864.282,0x82,0x00,True,-179.22,3.13,-38.88,0,38.11
03:21:28.063,03:21:28.063,36874.282,0x82,0x00,True,-179.22,3.14,-38.88,0,38.13
03:21:38.063,03:21:38.063,36884.282,0x82,0x00,True,-179.23,3.15,-38.88,0,38.11
03:21:48.053,03:21:48.053,36894.272,0x82,0x00,True,-179.25,3.15,-38.88,0,38.14
03:21:58.053,03:21:58.053,36904.272,0x82,0x00,True,-179.25,3.14,-38.88,0,38.13
03:22:08.052,03:22:08.052,36914.271,0x82,0x00,True,-179.25,3.12,-38.88,0,38.08
03:22:18.042,03:22:18.042,36924.261,0x82,0x00,True,-179.24,3.11,-38.88,0,38.11
03:22:28.042,03:22:28.042,36934.261,0x82,0x00,True,-179.23,3.12,-38.88,0,38.11
03:22:38.042,03:22:38.042,36944.261,0x82,0x00,True,-179.23,3.13,-38.88,0,38.05
03:22:48.042,03:22:48.042,36954.261,0x82,0x00,True,-179.23,3.13,-38.88,0,38.11
03:22:58.032,03:22:58.032,36964.251,0x82,0x00,True,-179.24,3.13,-38.88,0,38.11
03:23:08.032,03:23:08.032,36974.251,0x82,0x00,True,-179.25,3.13,-38.88,0,38.09
03:23:18.033,03:23:18.033,36984.252,0x82,0x00,True,-179.25,3.11,-38.88,0,38.15
03:23:28.032,03:23:28.032,36994.251,0x82,0x00,True,-179.23,3.11,-38.88,0,38.16
03:23:38.023,03:23:38.023,37004.242,0x82,0x00,True,-179.22,3.14,-38.88,0,38.1
03:23:48.018,03:23:48.018,37014.237,0x82,0x00,True,-179.22,3.15,-38.88,0,38.11
03:23:58.018,03:23:58.018,37024.237,0x82,0x00,True,-179.25,3.15,-38.88,0,38.08
03:24:08.018,03:24:08.018,37034.237,0x82,0x00,True,-179.27,3.12,-38.88,0,38.09
03:24:18.002,03:24:18.002,37044.221,0x82,0x00,True,-179.25,3.11,-38.88,0,38.13
03:24:28.003,03:24:28.003,37054.222,0x82,0x00,True,-179.23,3.11,-38.88,0,38.17
03:24:38.003,03:24:38.003,37064.222,0x82,0x00,True,-179.23,3.12,-38.88,0,38.13
03:24:47.992,03:24:47.992,37074.211,0x82,0x00,True,-179.24,3.13,-38.88,0,38.14
03:24:57.992,03:24:57.992,37084.211,0x82,0x00,True,-179.24,3.13,-38.88,0,38.17
03:25:07.992,03:25:07.992,37094.211,0x82,0x00,True,-179.23,3.13,-38.88,0,38.18
03:25:17.983,03:25:17.983,37104.202,0x82,0x00,True,-179.25,3.13,-38.88,0,38.16
03:25:27.983,03:25:27.983,37114.202,0x82,0x00,True,-179.24,3.12,-38.88,0,38.08
03:25:37.983,03:25:37.983,37124.202,0x82,0x00,True,-179.23,3.12,-38.88,0,38.06
03:25:47.973,03:25:47.973,37134.192,0x82,0x00,True,-179.21,3.15,-38.88,0,38.12
03:25:57.973,03:25:57.973,37144.192,0x82,0x00,True,-179.22,3.17,-38.88,0,38.1
03:26:07.972,03:26:07.972,37154.191,0x82,0x00,True,-179.26,3.17,-38.88,0,38.14
03:26:17.962,03:26:17.962,37164.181,0x82,0x00,True,-179.27,3.13,-38.88,0,38.15
03:26:27.963,03:26:27.963,37174.182,0x82,0x00,True,-179.26,3.11,-38.88,0,38.08
03:26:37.963,03:26:37.963,37184.182,0x82,0x00,True,-179.24,3.1,-38.88,0,38.02
03:26:47.952,03:26:47.952,37194.171,0x82,0x00,True,-179.2,3.13,-38.88,0,38.08
03:26:57.952,03:26:57.952,37204.171,0x82,0x00,True,-179.22,3.16,-38.88,0,37.97
03:27:07.953,03:27:07.953,37214.172,0x82,0x00,True,-179.25,3.16,-38.88,0,37.94
03:27:17.952,03:27:17.952,37224.171,0x82,0x00,True,-179.26,3.14,-38.88,0,38.07
03:27:27.952,03:27:27.952,37234.171,0x82,0x00,True,-179.24,3.13,-38.88,0,38.05
03:27:37.952,03:27:37.952,37244.171,0x82,0x00,True,-179.23,3.14,-38.88,0,38.09
03:27:47.938,03:27:47.938,37254.157,0x82,0x00,True,-179.24,3.14,-38.88,0,38.02
03:27:57.947,03:27:57.947,37264.166,0x82,0x00,True,-179.25,3.13,-38.88,0,38.04
03:28:07.957,03:28:07.957,37274.176,0x82,0x00,True,-179.23,3.13,-38.88,0,38.08
03:28:17.923,03:28:17.923,37284.142,0x82,0x00,True,-179.22,3.15,-38.88,0,38.08
03:28:27.923,03:28:27.923,37294.142,0x82,0x00,True,-179.24,3.17,-38.88,0,38.02
03:28:37.923,03:28:37.923,37304.142,0x82,0x00,True,-179.27,3.15,-38.88,0,38.02
03:28:47.922,03:28:47.922,37314.141,0x82,0x00,True,-179.28,3.12,-38.88,0,38.08
03:28:57.913,03:28:57.913,37324.132,0x82,0x00,True,-179.24,3.1,-38.88,0,38.1
03:29:07.912,03:29:07.912,37334.131,0x82,0x00,True,-179.21,3.12,-38.88,0,38.1
03:29:17.912,03:29:17.912,37344.131,0x82,0x00,True,-179.21,3.14,-38.88,0,38.12
03:29:27.903,03:29:27.903,37354.122,0x82,0x00,True,-179.23,3.16,-38.88,0,38.13
03:29:37.903,03:29:37.903,37364.122,0x82,0x00,True,-179.25,3.16,-38.88,0,38.06
03:29:47.923,03:29:47.923,37374.142,0x82,0x00,True,-179.26,3.14,-38.88,0,38.11
03:29:57.903,03:29:57.903,37384.122,0x82,0x00,True,-179.24,3.12,-38.88,0,38.17
03:30:07.893,03:30:07.893,37394.112,0x82,0x00,True,-179.22,3.14,-38.88,0,38.13
03:30:17.893,03:30:17.893,37404.112,0x82,0x00,True,-179.23,3.16,-38.88,0,38.11
03:30:27.893,03:30:27.893,37414.112,0x82,0x00,True,-179.25,3.15,-38.88,0,38.07
03:30:37.883,03:30:37.883,37424.102,0x82,0x00,True,-179.24,3.15,-38.88,0,38.1
03:30:47.882,03:30:47.882,37434.101,0x82,0x00,True,-179.24,3.14,-38.88,0,38.14
03:30:57.883,03:30:57.883,37444.102,0x82,0x00,True,-179.24,3.14,-38.88,0,38.14
03:31:07.872,03:31:07.872,37454.091,0x82,0x00,True,-179.24,3.14,-38.88,0,38.17
03:31:17.873,03:31:17.873,37464.092,0x82,0x00,True,-179.24,3.14,-38.88,0,38.11
03:31:27.872,03:31:27.872,37474.091,0x82,0x00,True,-179.25,3.13,-38.88,0,38.07
03:31:37.872,03:31:37.872,37484.091,0x82,0x00,True,-179.23,3.13,-38.88,0,38.08
03:31:47.873,03:31:47.873,37494.092,0x82,0x00,True,-179.22,3.15,-38.88,0,38.08
03:31:57.862,03:31:57.862,37504.081,0x82,0x00,True,-179.23,3.16,-38.88,0,38.13
03:32:07.868,03:32:07.868,37514.087,0x82,0x00,True,-179.25,3.15,-38.88,0,38.15
03:32:17.858,03:32:17.858,37524.077,0x82,0x00,True,-179.25,3.14,-38.88,0,38.08
03:32:27.859,03:32:27.859,37534.078,0x82,0x00,True,-179.24,3.14,-38.88,0,38.11
03:32:37.858,03:32:37.858,37544.077,0x82,0x00,True,-179.24,3.14,-38.88,0,38.06
03:32:47.843,03:32:47.843,37554.062,0x82,0x00,True,-179.25,3.13,-38.88,0,38.02
03:32:57.843,03:32:57.843,37564.062,0x82,0x00,True,-179.24,3.11,-38.88,0,37.94
03:33:07.832,03:33:07.832,37574.051,0x82,0x00,True,-179.22,3.12,-38.88,0,38.11
03:33:17.832,03:33:17.832,37584.051,0x82,0x00,True,-179.22,3.14,-38.88,0,38.07
03:33:27.833,03:33:27.833,37594.052,0x82,0x00,True,-179.23,3.16,-38.88,0,38.08
03:33:37.822,03:33:37.822,37604.041,0x82,0x00,True,-179.26,3.14,-38.88,0,38.08
03:33:47.822,03:33:47.822,37614.041,0x82,0x00,True,-179.26,3.12,-38.88,0,38.11
03:33:57.823,03:33:57.823,37624.042,0x82,0x00,True,-179.23,3.12,-38.88,0,38.05
03:34:07.814,03:34:07.814,37634.033,0x82,0x00,True,-179.22,3.13,-38.88,0,38.11
03:34:17.813,03:34:17.813,37644.032,0x82,0x00,True,-179.22,3.15,-38.88,0,38.01
03:34:27.813,03:34:27.813,37654.032,0x82,0x00,True,-179.25,3.16,-38.88,0,38.1
03:34:37.803,03:34:37.803,37664.022,0x82,0x00,True,-179.27,3.14,-38.88,0,38.1
03:34:47.803,03:34:47.803,37674.022,0x82,0x00,True,-179.26,3.12,-38.88,0,38.09
03:34:57.792,03:34:57.792,37684.011,0x82,0x00,True,-179.23,3.11,-38.88,0,38.04
03:35:07.793,03:35:07.793,37694.012,0x82,0x00,True,-179.21,3.13,-38.88,0,38.06
03:35:17.778,03:35:17.778,37703.997,0x82,0x00,True,-179.22,3.16,-38.88,0,38.11
03:35:27.793,03:35:27.793,37714.012,0x82,0x00,True,-179.25,3.15,-38.88,0,38.12
03:35:37.792,03:35:37.792,37724.011,0x82,0x00,True,-179.26,3.14,-38.88,0,38.05
03:35:47.782,03:35:47.782,37734.001,0x82,0x00,True,-179.25,3.11,-38.88,0,38.14
03:35:57.778,03:35:57.778,37743.997,0x82,0x00,True,-179.24,3.11,-38.88,0,38.13
03:36:07.778,03:36:07.778,37753.997,0x82,0x00,True,-179.22,3.12,-38.88,0,38.15
03:36:17.778,03:36:17.778,37763.997,0x82,0x00,True,-179.22,3.13,-38.88,0,38.11
03:36:27.763,03:36:27.763,37773.982,0x82,0x00,True,-179.23,3.15,-38.88,0,38.14
03:36:37.763,03:36:37.763,37783.982,0x82,0x00,True,-179.25,3.15,-38.88,0,38.11
03:36:47.753,03:36:47.753,37793.972,0x82,0x00,True,-179.26,3.12,-38.88,0,38.09
03:36:57.753,03:36:57.753,37803.972,0x82,0x00,True,-179.24,3.11,-38.88,0,38.15
03:37:07.753,03:37:07.753,37813.972,0x82,0x00,True,-179.23,3.11,-38.88,0,38.13
03:37:17.742,03:37:17.742,37823.961,0x82,0x00,True,-179.23,3.12,-38.88,0,38.13
03:37:27.742,03:37:27.742,37833.961,0x82,0x00,True,-179.23,3.13,-38.88,0,38.04
03:37:37.742,03:37:37.742,37843.961,0x82,0x00,True,-179.24,3.13,-38.88,0,38.08
03:37:47.733,03:37:47.733,37853.952,0x82,0x00,True,-179.25,3.12,-38.88,0,38.14
03:37:57.743,03:37:57.743,37863.962,0x82,0x00,True,-179.25,3.11,-38.88,0,38.15
03:38:07.733,03:38:07.733,37873.952,0x82,0x00,True,-179.23,3.1,-38.88,0,38.15
03:38:17.723,03:38:17.723,37883.942,0x82,0x00,True,-179.21,3.13,-38.88,0,38.13
03:38:27.723,03:38:27.723,37893.942,0x82,0x00,True,-179.23,3.14,-38.88,0,38.08
03:38:37.723,03:38:37.723,37903.942,0x82,0x00,True,-179.26,3.13,-38.88,0,38.11
03:38:47.713,03:38:47.713,37913.932,0x82,0x00,True,-179.25,3.11,-38.88,0,38.05
03:38:57.712,03:38:57.712,37923.931,0x82,0x00,True,-179.23,3.1,-38.88,0,38.16
03:39:07.713,03:39:07.713,37933.932,0x82,0x00,True,-179.2,3.13,-38.88,0,38.02
03:39:17.713,03:39:17.713,37943.932,0x82,0x00,True,-179.21,3.17,-38.88,0,38.08
03:39:27.713,03:39:27.713,37953.932,0x82,0x00,True,-179.25,3.18,-38.88,0,38.11
03:39:37.712,03:39:37.712,37963.931,0x82,0x00,True,-179.28,3.15,-38.88,0,38.11
03:39:47.708,03:39:47.708,37973.927,0x82,0x00,True,-179.28,3.12,-38.88,0,38.02
03:39:57.708,03:39:57.708,37983.927,0x82,0x00,True,-179.24,3.1,-38.88,0,37.96
03:40:07.697,03:40:07.697,37993.916,0x82,0x00,True,-179.2,3.12,-38.88,0,38.05
03:40:17.683,03:40:17.683,38003.902,0x82,0x00,True,-179.21,3.16,-38.88,0,38.0
03:40:27.683,03:40:27.683,38013.902,0x82,0x00,True,-179.24,3.17,-38.88,0,38.06
03:40:37.683,03:40:37.683,38023.902,0x82,0x00,True,-179.27,3.15,-38.88,0,38.09
03:40:47.672,03:40:47.672,38033.891,0x82,0x00,True,-179.27,3.12,-38.88,0,37.97
03:40:57.673,03:40:57.673,38043.892,0x82,0x00,True,-179.25,3.1,-38.88,0,38.04
03:41:07.672,03:41:07.672,38053.891,0x82,0x00,True,-179.21,3.12,-38.88,0,38.06
03:41:17.662,03:41:17.662,38063.881,0x82,0x00,True,-179.2,3.16,-38.88,0,38.04
03:41:27.662,03:41:27.662,38073.881,0x82,0x00,True,-179.24,3.18,-38.88,0,38.1
03:41:37.662,03:41:37.662,38083.881,0x82,0x00,True,-179.27,3.15,-38.88,0,38.04
03:41:47.653,03:41:47.653,38093.872,0x82,0x00,True,-179.27,3.12,-38.87,0,38.03
03:41:57.653,03:41:57.653,38103.872,0x82,0x00,True,-179.23,3.1,-38.87,0,38.03
03:42:07.653,03:42:07.653,38113.872,0x82,0x00,True,-179.2,3.13,-38.87,0,38.1
03:42:17.642,03:42:17.642,38123.861,0x82,0x00,True,-179.2,3.18,-38.87,0,38.08
03:42:27.642,03:42:27.642,38133.861,0x82,0x00,True,-179.25,3.19,-38.87,0,38.1
03:42:37.643,03:42:37.643,38143.862,0x82,0x00,True,-179.28,3.15,-38.87,0,38.04
03:42:47.633,03:42:47.633,38153.852,0x82,0x00,True,-179.27,3.12,-38.87,0,38.13
03:42:57.633,03:42:57.633,38163.852,0x82,0x00,True,-179.23,3.11,-38.87,0,38.11
03:43:07.632,03:43:07.632,38173.851,0x82,0x00,True,-179.22,3.13,-38.87,0,38.1
03:43:17.633,03:43:17.633,38183.852,0x82,0x00,True,-179.23,3.14,-38.87,0,38.09
03:43:27.633,03:43:27.633,38193.852,0x82,0x00,True,-179.24,3.15,-38.87,0,38.12
03:43:37.632,03:43:37.632,38203.851,0x82,0x00,True,-179.24,3.15,-38.87,0,38.07
03:43:47.627,03:43:47.627,38213.846,0x82,0x00,True,-179.25,3.15,-38.87,0,38.05
03:43:57.617,03:43:57.617,38223.836,0x82,0x00,True,-179.25,3.14,-38.87,0,38.08
03:44:07.617,03:44:07.617,38233.836,0x82,0x00,True,-179.25,3.12,-38.87,0,38.07
03:44:17.602,03:44:17.602,38243.821,0x82,0x00,True,-179.23,3.12,-38.87,0,38.04
03:44:27.603,03:44:27.603,38253.822,0x82,0x00,True,-179.22,3.13,-38.87,0,38.0
03:44:37.603,03:44:37.603,38263.822,0x82,0x00,True,-179.23,3.15,-38.87,0,38.08
03:44:47.592,03:44:47.592,38273.811,0x82,0x00,True,-179.25,3.15,-38.87,0,38.02
03:44:57.593,03:44:57.593,38283.812,0x82,0x00,True,-179.25,3.12,-38.87,0,37.98
03:45:07.592,03:45:07.592,38293.811,0x82,0x00,True,-179.23,3.13,-38.87,0,38.05
03:45:17.582,03:45:17.582,38303.801,0x82,0x00,True,-179.23,3.15,-38.87,0,37.97
03:45:27.582,03:45:27.582,38313.801,0x82,0x00,True,-179.24,3.15,-38.87,0,37.98
03:45:37.582,03:45:37.582,38323.801,0x82,0x00,True,-179.26,3.13,-38.87,0,37.93
03:45:47.572,03:45:47.572,38333.791,0x82,0x00,True,-179.26,3.1,-38.87,0,37.87
03:45:57.572,03:45:57.572,38343.791,0x82,0x00,True,-179.22,3.1,-38.87,0,37.9
03:46:07.572,03:46:07.572,38353.791,0x82,0x00,True,-179.19,3.14,-38.87,0,37.9
03:46:17.572,03:46:17.572,38363.791,0x82,0x00,True,-179.22,3.18,-38.87,0,37.88
03:46:27.563,03:46:27.563,38373.782,0x82,0x00,True,-179.26,3.17,-38.87,0,37.96
03:46:37.563,03:46:37.563,38383.782,0x82,0x00,True,-179.29,3.12,-38.87,0,37.9
03:46:47.563,03:46:47.563,38393.782,0x82,0x00,True,-179.26,3.09,-38.87,0,37.91
03:46:57.552,03:46:57.552,38403.771,0x82,0x00,True,-179.2,3.1,-38.87,0,37.86
03:47:07.553,03:47:07.553,38413.772,0x82,0x00,True,-179.19,3.14,-38.87,0,38.03
03:47:17.553,03:47:17.553,38423.772,0x82,0x00,True,-179.22,3.18,-38.87,0,37.94
03:47:27.552,03:47:27.552,38433.771,0x82,0x00,True,-179.27,3.16,-38.87,0,37.82
03:47:37.552,03:47:37.552,38443.771,0x82,0x00,True,-179.27,3.11,-38.87,0,37.96
03:47:47.553,03:47:47.553,38453.772,0x82,0x00,True,-179.24,3.09,-38.87,0,37.92
03:47:57.537,03:47:57.537,38463.756,0x82,0x00,True,-179.21,3.11,-38.87,0,37.83
03:48:07.537,03:48:07.537,38473.756,0x82,0x00,True,-179.21,3.15,-38.87,0,37.9
03:48:17.537,03:48:17.537,38483.756,0x82,0x00,True,-179.23,3.17,-38.87,0,37.92
03:48:27.523,03:48:27.523,38493.742,0x82,0x00,True,-179.26,3.16,-38.87,0,37.98
03:48:37.522,03:48:37.522,38503.741,0x82,0x00,True,-179.26,3.13,-38.87,0,37.85
03:48:47.513,03:48:47.513,38513.732,0x82,0x00,True,-179.24,3.11,-38.87,0,37.84
03:48:57.512,03:48:57.512,38523.731,0x82,0x00,True,-179.22,3.11,-38.87,0,37.86
03:49:07.512,03:49:07.512,38533.731,0x82,0x00,True,-179.22,3.14,-38.87,0,37.86
03:49:17.503,03:49:17.503,38543.722,0x82,0x00,True,-179.23,3.16,-38.87,0,37.9
03:49:27.506,03:49:27.506,38553.725,0x82,0x00,True,-179.25,3.15,-38.87,0,37.78
03:49:37.502,03:49:37.502,38563.721,0x82,0x00,True,-179.25,3.13,-38.87,0,37.86
03:49:47.492,03:49:47.492,38573.711,0x82,0x00,True,-179.25,3.11,-38.87,0,37.87
03:49:57.492,03:49:57.492,38583.711,0x82,0x00,True,-179.23,3.1,-38.87,0,37.95
03:50:07.492,03:50:07.492,38593.711,0x82,0x00,True,-179.22,3.11,-38.87,0,37.9
03:50:17.482,03:50:17.482,38603.701,0x82,0x00,True,-179.22,3.13,-38.87,0,37.86
03:50:27.483,03:50:27.483,38613.702,0x82,0x00,True,-179.24,3.14,-38.87,0,37.93
03:50:37.481,03:50:37.481,38623.7,0x82,0x00,True,-179.25,3.13,-38.87,0,37.9
03:50:47.473,03:50:47.473,38633.692,0x82,0x00,True,-179.25,3.1,-38.87,0,37.89
03:50:57.472,03:50:57.472,38643.691,0x82,0x00,True,-179.22,3.11,-38.87,0,37.92
03:51:07.472,03:51:07.472,38653.691,0x82,0x00,True,-179.21,3.14,-38.87,0,37.98
03:51:17.472,03:51:17.472,38663.691,0x82,0x00,True,-179.22,3.16,-38.87,0,37.96
03:51:27.473,03:51:27.473,38673.692,0x82,0x00,True,-179.25,3.16,-38.87,0,38.05
03:51:37.472,03:51:37.472,38683.691,0x82,0x00,True,-179.27,3.13,-38.87,0,38.04
03:51:47.458,03:51:47.458,38693.677,0x82,0x00,True,-179.26,3.1,-38.87,0,37.93
03:51:57.467,03:51:57.467,38703.686,0x82,0x00,True,-179.23,3.08,-38.87,0,37.98
03:52:07.457,03:52:07.457,38713.676,0x82,0x00,True,-179.2,3.11,-38.87,0,37.9
03:52:17.457,03:52:17.457,38723.676,0x82,0x00,True,-179.19,3.16,-38.87,0,38.01
03:52:27.443,03:52:27.443,38733.662,0x82,0x00,True,-179.23,3.19,-38.87,0,38.01
03:52:37.443,03:52:37.443,38743.662,0x82,0x00,True,-179.29,3.16,-38.87,0,38.01
03:52:47.443,03:52:47.443,38753.662,0x82,0x00,True,-179.28,3.1,-38.87,0,37.96
03:52:57.436,03:52:57.436,38763.655,0x82,0x00,True,-179.24,3.08,-38.87,0,37.95
03:53:07.433,03:53:07.433,38773.652,0x82,0x00,True,-179.2,3.1,-38.87,0,37.94
03:53:17.432,03:53:17.432,38783.651,0x82,0x00,True,-179.2,3.15,-38.87,0,38.02
03:53:27.432,03:53:27.432,38793.651,0x82,0x00,True,-179.23,3.16,-38.87,0,37.96
03:53:37.422,03:53:37.422,38803.641,0x82,0x00,True,-179.28,3.14,-38.87,0,37.93
03:53:47.463,03:53:47.463,38813.682,0x82,0x00,True,-179.27,3.11,-38.87,0,37.99
03:53:57.423,03:53:57.423,38823.642,0x82,0x00,True,-179.23,3.1,-38.87,0,37.98
03:54:07.412,03:54:07.412,38833.631,0x82,0x00,True,-179.21,3.13,-38.87,0,38.02
03:54:17.413,03:54:17.413,38843.632,0x82,0x00,True,-179.22,3.15,-38.87,0,37.94
03:54:27.413,03:54:27.413,38853.632,0x82,0x00,True,-179.25,3.15,-38.87,0,38.02
03:54:37.409,03:54:37.409,38863.628,0x82,0x00,True,-179.26,3.13,-38.87,0,38.0
03:54:47.403,03:54:47.403,38873.622,0x82,0x00,True,-179.25,3.11,-38.87,0,38.02
03:54:57.403,03:54:57.403,38883.622,0x82,0x00,True,-179.23,3.11,-38.87,0,38.05
03:55:07.378,03:55:07.378,38893.597,0x82,0x00,True,-179.23,3.12,-38.87,0,38.06
03:55:17.393,03:55:17.393,38903.612,0x82,0x00,True,-179.24,3.13,-38.87,0,37.99
03:55:27.393,03:55:27.393,38913.612,0x82,0x00,True,-179.3,3.09,-38.87,0,38.05
03:55:37.393,03:55:37.393,38923.612,0x82,0x00,True,-179.24,3.07,-38.87,0,38.08
03:55:47.393,03:55:47.393,38933.612,0x82,0x00,True,-179.19,3.09,-38.87,0,38.1
03:55:57.393,03:55:57.393,38943.612,0x82,0x00,True,-179.2,3.15,-38.87,0,38.06
03:56:07.378,03:56:07.378,38953.597,0x82,0x00,True,-179.24,3.17,-38.87,0,38.05
03:56:17.378,03:56:17.378,38963.597,0x82,0x00,True,-179.27,3.14,-38.87,0,37.97
03:56:27.388,03:56:27.388,38973.607,0x82,0x00,True,-179.27,3.11,-38.87,0,37.95
03:56:37.363,03:56:37.363,38983.582,0x82,0x00,True,-179.22,3.1,-38.87,0,38.13
03:56:47.363,03:56:47.363,38993.582,0x82,0x00,True,-179.2,3.14,-38.87,0,38.1
03:56:57.363,03:56:57.363,39003.582,0x82,0x00,True,-179.24,3.16,-38.87,0,38.08
03:57:07.354,03:57:07.354,39013.573,0x82,0x00,True,-179.27,3.15,-38.87,0,38.05
03:57:17.353,03:57:17.353,39023.572,0x82,0x00,True,-179.27,3.11,-38.87,0,38.02
03:57:27.353,03:57:27.353,39033.572,0x82,0x00,True,-179.22,3.11,-38.87,0,38.08
03:57:37.343,03:57:37.343,39043.562,0x82,0x00,True,-179.2,3.14,-38.87,0,38.11
03:57:47.343,03:57:47.343,39053.562,0x82,0x00,True,-179.24,3.17,-38.87,0,38.08
03:57:57.343,03:57:57.343,39063.562,0x82,0x00,True,-179.26,3.15,-38.87,0,38.05
03:58:07.333,03:58:07.333,39073.552,0x82,0x00,True,-179.26,3.13,-38.87,0,38.06
03:58:17.333,03:58:17.333,39083.552,0x82,0x00,True,-179.25,3.12,-38.87,0,38.06
03:58:27.333,03:58:27.333,39093.552,0x82,0x00,True,-179.23,3.11,-38.87,0,38.08
03:58:37.332,03:58:37.332,39103.551,0x82,0x00,True,-179.22,3.13,-38.87,0,38.07
03:58:47.322,03:58:47.322,39113.541,0x82,0x00,True,-179.22,3.15,-38.87,0,38.13
03:58:57.323,03:58:57.323,39123.542,0x82,0x00,True,-179.24,3.16,-38.87,0,38.09
03:59:07.323,03:59:07.323,39133.542,0x82,0x00,True,-179.26,3.14,-38.87,0,38.02
03:59:17.314,03:59:17.314,39143.533,0x82,0x00,True,-179.25,3.11,-38.87,0,38.05
03:59:27.313,03:59:27.313,39153.532,0x82,0x00,True,-179.22,3.12,-38.87,0,38.08
03:59:37.313,03:59:37.313,39163.532,0x82,0x00,True,-179.22,3.14,-38.87,0,38.02
03:59:47.313,03:59:47.313,39173.532,0x82,0x00,True,-179.24,3.16,-38.87,0,38.02
03:59:57.313,03:59:57.313,39183.532,0x82,0x00,True,-179.25,3.15,-38.87,0,38.11
04:00:07.313,04:00:07.313,39193.532,0x82,0x00,True,-179.25,3.13,-38.87,0,38.05
04:00:17.303,04:00:17.303,39203.522,0x82,0x00,True,-179.25,3.13,-38.87,0,38.11
04:00:27.299,04:00:27.299,39213.518,0x82,0x00,True,-179.24,3.12,-38.87,0,38.14
04:00:37.309,04:00:37.309,39223.528,0x82,0x00,True,-179.23,3.12,-38.87,0,38.02
04:00:47.298,04:00:47.298,39233.517,0x82,0x00,True,-179.24,3.13,-38.87,0,38.1
04:00:57.298,04:00:57.298,39243.517,0x82,0x00,True,-179.24,3.13,-38.87,0,38.1
04:01:07.281,04:01:07.281,39253.5,0x82,0x00,True,-179.24,3.13,-38.87,0,38.09
04:01:17.283,04:01:17.283,39263.502,0x82,0x00,True,-179.23,3.14,-38.87,0,37.97
04:01:27.283,04:01:27.283,39273.502,0x82,0x00,True,-179.24,3.15,-38.87,0,38.08
04:01:37.273,04:01:37.273,39283.492,0x82,0x00,True,-179.23,3.15,-38.87,0,38.04
04:01:47.272,04:01:47.272,39293.491,0x82,0x00,True,-179.24,3.15,-38.87,0,38.09
04:01:57.273,04:01:57.273,39303.492,0x82,0x00,True,-179.25,3.15,-38.87,0,38.02
04:02:07.263,04:02:07.263,39313.482,0x82,0x00,True,-179.25,3.14,-38.87,0,37.99
04:02:17.263,04:02:17.263,39323.482,0x82,0x00,True,-179.25,3.13,-38.87,0,38.06
04:02:27.274,04:02:27.274,39333.493,0x82,0x00,True,-179.24,3.12,-38.87,0,38.1
04:02:37.253,04:02:37.253,39343.472,0x82,0x00,True,-179.23,3.13,-38.87,0,38.11
04:02:47.253,04:02:47.253,39353.472,0x82,0x00,True,-179.24,3.13,-38.87,0,38.04
04:02:57.253,04:02:57.253,39363.472,0x82,0x00,True,-179.22,3.13,-38.87,0,37.98
04:03:07.242,04:03:07.242,39373.461,0x82,0x00,True,-179.22,3.15,-38.87,0,37.99
04:03:17.243,04:03:17.243,39383.462,0x82,0x00,True,-179.24,3.15,-38.87,0,38.05
04:03:27.233,04:03:27.233,39393.452,0x82,0x00,True,-179.26,3.13,-38.87,0,38.05
04:03:37.233,04:03:37.233,39403.452,0x82,0x00,True,-179.24,3.11,-38.87,0,38.02
04:03:47.233,04:03:47.233,39413.452,0x82,0x00,True,-179.22,3.12,-38.87,0,38.03
04:03:57.233,04:03:57.233,39423.452,0x82,0x00,True,-179.22,3.14,-38.87,0,38.04
04:04:07.223,04:04:07.223,39433.442,0x82,0x00,True,-179.24,3.15,-38.87,0,38.08
04:04:17.218,04:04:17.218,39443.437,0x82,0x00,True,-179.25,3.13,-38.87,0,38.11
04:04:27.218,04:04:27.218,39453.437,0x82,0x00,True,-179.24,3.12,-38.87,0,38.11
04:04:37.218,04:04:37.218,39463.437,0x82,0x00,True,-179.22,3.12,-38.87,0,38.12
04:04:47.203,04:04:47.203,39473.422,0x82,0x00,True,-179.21,3.14,-38.87,0,38.09
04:04:57.202,04:04:57.202,39483.421,0x82,0x00,True,-179.24,3.16,-38.87,0,38.03
04:05:07.193,04:05:07.193,39493.412,0x82,0x00,True,-179.25,3.15,-38.87,0,38.05
04:05:17.194,04:05:17.194,39503.413,0x82,0x00,True,-179.24,3.13,-38.87,0,38.14
04:05:27.194,04:05:27.194,39513.413,0x82,0x00,True,-179.24,3.13,-38.87,0,38.02
04:05:37.183,04:05:37.183,39523.402,0x82,0x00,True,-179.24,3.14,-38.87,0,38.1
04:05:47.183,04:05:47.183,39533.402,0x82,0x00,True,-179.27,3.12,-38.87,0,38.08
04:05:57.173,04:05:57.173,39543.392,0x82,0x00,True,-179.24,3.11,-38.87,0,37.99
04:06:07.173,04:06:07.173,39553.392,0x82,0x00,True,-179.22,3.12,-38.87,0,38.03
04:06:17.162,04:06:17.162,39563.381,0x82,0x00,True,-179.22,3.15,-38.87,0,38.05
04:06:27.163,04:06:27.163,39573.382,0x82,0x00,True,-179.23,3.16,-38.87,0,38.05
04:06:37.163,04:06:37.163,39583.382,0x82,0x00,True,-179.26,3.15,-38.87,0,38.06
04:06:47.153,04:06:47.153,39593.372,0x82,0x00,True,-179.25,3.13,-38.87,0,38.05
04:06:57.153,04:06:57.153,39603.372,0x82,0x00,True,-179.23,3.12,-38.87,0,38.03
04:07:07.153,04:07:07.153,39613.372,0x82,0x00,True,-179.21,3.13,-38.87,0,38.02
04:07:17.154,04:07:17.154,39623.373,0x82,0x00,True,-179.22,3.16,-38.87,0,38.06
04:07:27.154,04:07:27.154,39633.373,0x82,0x00,True,-179.25,3.16,-38.87,0,37.94
04:07:37.153,04:07:37.153,39643.372,0x82,0x00,True,-179.26,3.14,-38.87,0,37.96
04:07:47.138,04:07:47.138,39653.357,0x82,0x00,True,-179.25,3.12,-38.87,0,38.0
04:07:57.138,04:07:57.138,39663.357,0x82,0x00,True,-179.23,3.12,-38.87,0,38.0
04:08:07.138,04:08:07.138,39673.357,0x82,0x00,True,-179.21,3.14,-38.87,0,38.09
04:08:17.122,04:08:17.122,39683.341,0x82,0x00,True,-179.23,3.15,-38.87,0,38.0
04:08:27.123,04:08:27.123,39693.342,0x82,0x00,True,-179.24,3.14,-38.87,0,37.9
04:08:37.113,04:08:37.113,39703.332,0x82,0x00,True,-179.24,3.14,-38.87,0,38.02
04:08:47.113,04:08:47.113,39713.332,0x82,0x00,True,-179.24,3.14,-38.87,0,37.96
04:08:57.112,04:08:57.112,39723.331,0x82,0x00,True,-179.24,3.13,-38.87,0,37.99
04:09:07.093,04:09:07.093,39733.312,0x82,0x00,True,-179.23,3.13,-38.87,0,37.97
04:09:17.103,04:09:17.103,39743.322,0x82,0x00,True,-179.23,3.13,-38.87,0,37.97
04:09:27.103,04:09:27.103,39753.322,0x82,0x00,True,-179.23,3.14,-38.87,0,37.98
04:09:37.093,04:09:37.093,39763.312,0x82,0x00,True,-179.23,3.15,-38.87,0,38.02
04:09:47.094,04:09:47.094,39773.313,0x82,0x00,True,-179.24,3.16,-38.87,0,37.95
04:09:57.083,04:09:57.083,39783.302,0x82,0x00,True,-179.25,3.15,-38.87,0,37.99
04:10:07.082,04:10:07.082,39793.301,0x82,0x00,True,-179.24,3.14,-38.87,0,38.06
04:10:17.082,04:10:17.082,39803.301,0x82,0x00,True,-179.24,3.14,-38.87,0,37.98
04:10:27.073,04:10:27.073,39813.292,0x82,0x00,True,-179.26,3.13,-38.87,0,37.95
04:10:37.073,04:10:37.073,39823.292,0x82,0x00,True,-179.24,3.12,-38.87,0,37.95
04:10:47.072,04:10:47.072,39833.291,0x82,0x00,True,-179.23,3.13,-38.87,0,37.92
04:10:57.072,04:10:57.072,39843.291,0x82,0x00,True,-179.22,3.14,-38.87,0,37.94
04:11:07.073,04:11:07.073,39853.292,0x82,0x00,True,-179.24,3.15,-38.87,0,38.05
04:11:17.073,04:11:17.073,39863.292,0x82,0x00,True,-179.26,3.13,-38.87,0,37.93
04:11:27.069,04:11:27.069,39873.288,0x82,0x00,True,-179.24,3.12,-38.87,0,37.96
04:11:37.058,04:11:37.058,39883.277,0x82,0x00,True,-179.21,3.14,-38.87,0,38.01
04:11:47.043,04:11:47.043,39893.262,0x82,0x00,True,-179.23,3.15,-38.87,0,37.99
04:11:57.042,04:11:57.042,39903.261,0x82,0x00,True,-179.25,3.15,-38.87,0,37.93
04:12:07.043,04:12:07.043,39913.262,0x82,0x00,True,-179.26,3.13,-38.87,0,38.03
04:12:17.032,04:12:17.032,39923.251,0x82,0x00,True,-179.26,3.11,-38.87,0,38.1
04:12:27.032,04:12:27.032,39933.251,0x82,0x00,True,-179.25,3.1,-38.87,0,37.99
04:12:37.032,04:12:37.032,39943.251,0x82,0x00,True,-179.22,3.12,-38.87,0,38.02
04:12:47.023,04:12:47.023,39953.242,0x82,0x00,True,-179.23,3.13,-38.87,0,38.05
04:12:57.023,04:12:57.023,39963.242,0x82,0x00,True,-179.24,3.14,-38.87,0,37.93
04:13:07.023,04:13:07.023,39973.242,0x82,0x00,True,-179.26,3.13,-38.87,0,38.08
04:13:17.013,04:13:17.013,39983.232,0x82,0x00,True,-179.25,3.12,-38.87,0,37.89
04:13:27.013,04:13:27.013,39993.232,0x82,0x00,True,-179.24,3.11,-38.87,0,38.06
04:13:37.002,04:13:37.002,40003.221,0x82,0x00,True,-179.23,3.13,-38.87,0,38.09
04:13:47.005,04:13:47.005,40013.224,0x82,0x00,True,-179.23,3.14,-38.87,0,38.05
04:13:57.002,04:13:57.002,40023.221,0x82,0x00,True,-179.24,3.14,-38.87,0,37.94
04:14:06.992,04:14:06.992,40033.211,0x82,0x00,True,-179.25,3.13,-38.87,0,38.02
04:14:16.992,04:14:16.992,40043.211,0x82,0x00,True,-179.25,3.12,-38.87,0,38.07
04:14:26.992,04:14:26.992,40053.211,0x82,0x00,True,-179.24,3.11,-38.87,0,37.96
04:14:36.992,04:14:36.992,40063.211,0x82,0x00,True,-179.23,3.12,-38.86,0,38.02
04:14:46.992,04:14:46.992,40073.211,0x82,0x00,True,-179.23,3.14,-38.86,0,38.07
04:14:56.992,04:14:56.992,40083.211,0x82,0x00,True,-179.23,3.14,-38.86,0,37.99
04:15:06.978,04:15:06.978,40093.197,0x82,0x00,True,-179.24,3.14,-38.86,0,38.04
04:15:16.978,04:15:16.978,40103.197,0x82,0x00,True,-179.26,3.12,-38.86,0,38.1
04:15:26.978,04:15:26.978,40113.197,0x82,0x00,True,-179.25,3.11,-38.86,0,37.99
04:15:36.963,04:15:36.963,40123.182,0x82,0x00,True,-179.22,3.11,-38.86,0,37.99
04:15:46.962,04:15:46.962,40133.181,0x82,0x00,True,-179.22,3.13,-38.86,0,37.97
04:15:56.963,04:15:56.963,40143.182,0x82,0x00,True,-179.23,3.15,-38.86,0,37.9
04:16:06.952,04:16:06.952,40153.171,0x82,0x00,True,-179.24,3.15,-38.86,0,37.93
04:16:16.952,04:16:16.952,40163.171,0x82,0x00,True,-179.28,3.13,-38.86,0,37.9
04:16:26.943,04:16:26.943,40173.162,0x82,0x00,True,-179.26,3.1,-38.86,0,37.99
04:16:36.943,04:16:36.943,40183.162,0x82,0x00,True,-179.22,3.1,-38.86,0,37.99
04:16:46.943,04:16:46.943,40193.162,0x82,0x00,True,-179.21,3.14,-38.86,0,37.93
04:16:56.933,04:16:56.933,40203.152,0x82,0x00,True,-179.24,3.16,-38.86,0,37.93
04:17:06.933,04:17:06.933,40213.152,0x82,0x00,True,-179.27,3.13,-38.86,0,37.97
04:17:16.933,04:17:16.933,40223.152,0x82,0x00,True,-179.26,3.11,-38.86,0,37.89
04:17:26.923,04:17:26.923,40233.142,0x82,0x00,True,-179.23,3.1,-38.86,0,37.93
04:17:36.912,04:17:36.912,40243.131,0x82,0x00,True,-179.22,3.11,-38.86,0,38.04
04:17:46.923,04:17:46.923,40253.142,0x82,0x00,True,-179.22,3.13,-38.86,0,37.98
04:17:56.923,04:17:56.923,40263.142,0x82,0x00,True,-179.25,3.13,-38.86,0,37.93
04:18:06.912,04:18:06.912,40273.131,0x82,0x00,True,-179.27,3.12,-38.86,0,38.02
04:18:16.912,04:18:16.912,40283.131,0x82,0x00,True,-179.24,3.1,-38.86,0,37.99
04:18:26.912,04:18:26.912,40293.131,0x82,0x00,True,-179.22,3.1,-38.86,0,37.99
04:18:36.912,04:18:36.912,40303.131,0x82,0x00,True,-179.2,3.12,-38.86,0,38.02
04:18:46.912,04:18:46.912,40313.131,0x82,0x00,True,-179.22,3.15,-38.86,0,37.95
04:18:56.898,04:18:56.898,40323.117,0x82,0x00,True,-179.25,3.16,-38.86,0,37.98
04:19:06.898,04:19:06.898,40333.117,0x82,0x00,True,-179.27,3.12,-38.86,0,38.03
04:19:16.898,04:19:16.898,40343.117,0x82,0x00,True,-179.27,3.09,-38.86,0,38.0
04:19:26.883,04:19:26.883,40353.102,0x82,0x00,True,-179.23,3.07,-38.86,0,37.95
04:19:36.882,04:19:36.882,40363.101,0x82,0x00,True,-179.18,3.11,-38.86,0,38.0
04:19:46.872,04:19:46.872,40373.091,0x82,0x00,True,-179.21,3.17,-38.86,0,37.95
04:19:56.872,04:19:56.872,40383.091,0x82,0x00,True,-179.28,3.16,-38.86,0,38.05
04:20:06.873,04:20:06.873,40393.092,0x82,0x00,True,-179.29,3.11,-38.86,0,38.04
04:20:16.862,04:20:16.862,40403.081,0x82,0x00,True,-179.24,3.08,-38.86,0,38.05
04:20:26.863,04:20:26.863,40413.082,0x82,0x00,True,-179.18,3.11,-38.86,0,38.03
04:20:36.862,04:20:36.862,40423.081,0x82,0x00,True,-179.2,3.17,-38.86,0,38.0
04:20:46.853,04:20:46.853,40433.072,0x82,0x00,True,-179.26,3.17,-38.86,0,37.94
04:20:56.852,04:20:56.852,40443.071,0x82,0x00,True,-179.28,3.14,-38.86,0,38.02
04:21:06.853,04:21:06.853,40453.072,0x82,0x00,True,-179.27,3.09,-38.86,0,38.0
04:21:16.842,04:21:16.842,40463.061,0x82,0x00,True,-179.21,3.09,-38.86,0,38.02
04:21:26.842,04:21:26.842,40473.061,0x82,0x00,True,-179.2,3.12,-38.86,0,37.91
04:21:36.833,04:21:36.833,40483.052,0x82,0x00,True,-179.2,3.16,-38.86,0,37.99
04:21:46.832,04:21:46.832,40493.051,0x82,0x00,True,-179.24,3.18,-38.86,0,37.95
04:21:56.832,04:21:56.832,40503.051,0x82,0x00,True,-179.27,3.16,-38.86,0,37.92
04:22:06.833,04:22:06.833,40513.052,0x82,0x00,True,-179.28,3.11,-38.86,0,37.99
04:22:16.832,04:22:16.832,40523.051,0x82,0x00,True,-179.25,3.08,-38.86,0,37.91
04:22:26.816,04:22:26.816,40533.035,0x82,0x00,True,-179.21,3.09,-38.86,0,37.9
04:22:36.818,04:22:36.818,40543.037,0x82,0x00,True,-179.19,3.13,-38.86,0,37.85
04:22:46.802,04:22:46.802,40553.021,0x82,0x00,True,-179.21,3.18,-38.86,0,37.95
04:22:56.815,04:22:56.815,40563.034,0x82,0x00,True,-179.25,3.18,-38.86,0,37.89
04:23:06.803,04:23:06.803,40573.022,0x82,0x00,True,-179.27,3.15,-38.86,0,37.91
04:23:16.793,04:23:16.793,40583.012,0x82,0x00,True,-179.26,3.12,-38.86,0,37.92
04:23:26.792,04:23:26.792,40593.011,0x82,0x00,True,-179.23,3.11,-38.86,0,37.86
04:23:36.782,04:23:36.782,40603.001,0x82,0x00,True,-179.22,3.12,-38.86,0,37.91
04:23:46.782,04:23:46.782,40613.001,0x82,0x00,True,-179.22,3.14,-38.86,0,37.89
04:23:56.792,04:23:56.792,40623.011,0x82,0x00,True,-179.22,3.16,-38.86,0,37.87
04:24:06.771,04:24:06.771,40632.99,0x82,0x00,True,-179.22,3.18,-38.86,0,37.86
04:24:16.773,04:24:16.773,40642.992,0x82,0x00,True,-179.23,3.18,-38.86,0,37.93
04:24:26.762,04:24:26.762,40652.981,0x82,0x00,True,-179.25,3.17,-38.86,0,37.95
04:24:36.762,04:24:36.762,40662.981,0x82,0x00,True,-179.27,3.14,-38.86,0,37.85
04:24:46.752,04:24:46.752,40672.971,0x82,0x00,True,-179.24,3.12,-38.86,0,37.83
04:24:56.752,04:24:56.752,40682.971,0x82,0x00,True,-179.21,3.15,-38.86,0,37.86
04:25:06.752,04:25:06.752,40692.971,0x82,0x00,True,-179.21,3.18,-38.86,0,37.85
04:25:16.752,04:25:16.752,40702.971,0x82,0x00,True,-179.25,3.19,-38.86,0,37.84
04:25:26.752,04:25:26.752,40712.971,0x82,0x00,True,-179.26,3.17,-38.86,0,37.9
04:25:36.738,04:25:36.738,40722.957,0x82,0x00,True,-179.26,3.15,-38.86,0,37.86
04:25:46.753,04:25:46.753,40732.972,0x82,0x00,True,-179.24,3.14,-38.86,0,37.9
04:25:56.723,04:25:56.723,40742.942,0x82,0x00,True,-179.23,3.15,-38.86,0,37.88
04:26:06.722,04:26:06.722,40752.941,0x82,0x00,True,-179.24,3.16,-38.86,0,37.88
04:26:16.723,04:26:16.723,40762.942,0x82,0x00,True,-179.24,3.16,-38.86,0,37.84
04:26:26.713,04:26:26.713,40772.932,0x82,0x00,True,-179.24,3.16,-38.86,0,37.93
04:26:36.712,04:26:36.712,40782.931,0x82,0x00,True,-179.23,3.15,-38.86,0,38.03
04:26:46.712,04:26:46.712,40792.931,0x82,0x00,True,-179.23,3.16,-38.86,0,37.93
04:26:56.703,04:26:56.703,40802.922,0x82,0x00,True,-179.24,3.15,-38.86,0,37.93
04:27:06.702,04:27:06.702,40812.921,0x82,0x00,True,-179.23,3.15,-38.86,0,37.95
04:27:16.693,04:27:16.693,40822.912,0x82,0x00,True,-179.22,3.16,-38.86,0,37.95
04:27:26.693,04:27:26.693,40832.912,0x82,0x00,True,-179.23,3.18,-38.86,0,37.94
04:27:36.693,04:27:36.693,40842.912,0x82,0x00,True,-179.24,3.17,-38.86,0,38.02
04:27:46.683,04:27:46.683,40852.902,0x82,0x00,True,-179.25,3.16,-38.86,0,37.93
04:27:56.682,04:27:56.682,40862.901,0x82,0x00,True,-179.24,3.15,-38.86,0,38.0
04:28:06.672,04:28:06.672,40872.891,0x82,0x00,True,-179.24,3.15,-38.86,0,37.99
04:28:16.696,04:28:16.696,40882.915,0x82,0x00,True,-179.24,3.14,-38.86,0,37.93
04:28:26.672,04:28:26.672,40892.891,0x82,0x00,True,-179.22,3.16,-38.86,0,37.99
04:28:36.673,04:28:36.673,40902.892,0x82,0x00,True,-179.23,3.17,-38.86,0,37.93
04:28:46.672,04:28:46.672,40912.891,0x82,0x00,True,-179.23,3.17,-38.86,0,37.88
04:28:56.657,04:28:56.657,40922.876,0x82,0x00,True,-179.25,3.17,-38.86,0,37.89
04:29:06.665,04:29:06.665,40932.884,0x82,0x00,True,-179.25,3.15,-38.86,0,37.93
04:29:16.643,04:29:16.643,40942.862,0x82,0x00,True,-179.23,3.15,-38.86,0,37.99
04:29:26.643,04:29:26.643,40952.862,0x82,0x00,True,-179.21,3.16,-38.86,0,37.92
04:29:36.633,04:29:36.633,40962.852,0x82,0x00,True,-179.23,3.18,-38.86,0,37.92
04:29:46.643,04:29:46.643,40972.862,0x82,0x00,True,-179.26,3.18,-38.86,0,37.94
04:29:56.633,04:29:56.633,40982.852,0x82,0x00,True,-179.28,3.14,-38.86,0,37.99
04:30:06.632,04:30:06.632,40992.851,0x82,0x00,True,-179.26,3.1,-38.86,0,37.98
04:30:16.633,04:30:16.633,41002.852,0x82,0x00,True,-179.23,3.09,-38.86,0,38.01
04:30:26.623,04:30:26.623,41012.842,0x82,0x00,True,-179.21,3.12,-38.86,0,37.95
04:30:36.622,04:30:36.622,41022.841,0x82,0x00,True,-179.22,3.15,-38.86,0,38.02
04:30:46.613,04:30:46.613,41032.832,0x82,0x00,True,-179.25,3.15,-38.86,0,37.96
04:30:56.612,04:30:56.612,41042.831,0x82,0x00,True,-179.27,3.12,-38.86,0,38.01
04:31:06.612,04:31:06.612,41052.831,0x82,0x00,True,-179.25,3.1,-38.86,0,37.96
04:31:16.613,04:31:16.613,41062.832,0x82,0x00,True,-179.23,3.1,-38.86,0,37.92
04:31:26.603,04:31:26.603,41072.822,0x82,0x00,True,-179.2,3.13,-38.86,0,37.94
04:31:36.603,04:31:36.603,41082.822,0x82,0x00,True,-179.23,3.15,-38.86,0,37.91
04:31:46.593,04:31:46.593,41092.812,0x82,0x00,True,-179.24,3.16,-38.86,0,37.89
04:31:56.593,04:31:56.593,41102.812,0x82,0x00,True,-179.26,3.15,-38.86,0,37.93
04:32:06.618,04:32:06.618,41112.837,0x82,0x00,True,-179.26,3.13,-38.86,0,37.85
04:32:16.593,04:32:16.593,41122.812,0x82,0x00,True,-179.24,3.11,-38.86,0,37.83
04:32:26.588,04:32:26.588,41132.807,0x82,0x00,True,-179.23,3.12,-38.86,0,37.84
04:32:36.587,04:32:36.587,41142.806,0x82,0x00,True,-179.23,3.13,-38.86,0,37.77
04:32:46.577,04:32:46.577,41152.796,0x82,0x00,True,-179.23,3.14,-38.86,0,37.69
04:32:56.563,04:32:56.563,41162.782,0x82,0x00,True,-179.26,3.14,-38.86,0,37.74
04:33:06.563,04:33:06.563,41172.782,0x82,0x00,True,-179.26,3.12,-38.86,0,37.74
04:33:16.553,04:33:16.553,41182.772,0x82,0x00,True,-179.23,3.12,-38.86,0,37.77
04:33:26.553,04:33:26.553,41192.772,0x82,0x00,True,-179.23,3.13,-38.86,0,37.74
04:33:36.542,04:33:36.542,41202.761,0x82,0x00,True,-179.25,3.13,-38.86,0,37.73
04:33:46.542,04:33:46.542,41212.761,0x82,0x00,True,-179.25,3.13,-38.86,0,37.74
04:33:56.542,04:33:56.542,41222.761,0x82,0x00,True,-179.24,3.12,-38.86,0,37.68
04:34:06.532,04:34:06.532,41232.751,0x82,0x00,True,-179.23,3.12,-38.86,0,37.82
04:34:16.532,04:34:16.532,41242.751,0x82,0x00,True,-179.22,3.15,-38.86,0,37.74
04:34:26.523,04:34:26.523,41252.742,0x82,0x00,True,-179.25,3.15,-38.86,0,37.7
04:34:36.523,04:34:36.523,41262.742,0x82,0x00,True,-179.27,3.13,-38.86,0,37.74
04:34:46.523,04:34:46.523,41272.742,0x82,0x00,True,-179.26,3.11,-38.86,0,37.77
04:34:56.512,04:34:56.512,41282.731,0x82,0x00,True,-179.24,3.1,-38.86,0,37.73
04:35:06.512,04:35:06.512,41292.731,0x82,0x00,True,-179.21,3.12,-38.86,0,37.74
04:35:16.513,04:35:16.513,41302.732,0x82,0x00,True,-179.21,3.15,-38.86,0,37.83
04:35:26.513,04:35:26.513,41312.732,0x82,0x00,True,-179.24,3.16,-38.86,0,37.83
04:35:36.513,04:35:36.513,41322.732,0x82,0x00,True,-179.28,3.14,-38.86,0,37.78
04:35:46.497,04:35:46.497,41332.716,0x82,0x00,True,-179.27,3.1,-38.86,0,37.78
04:35:56.497,04:35:56.497,41342.716,0x82,0x00,True,-179.24,3.08,-38.86,0,37.8
04:36:06.508,04:36:06.508,41352.727,0x82,0x00,True,-179.19,3.11,-38.86,0,37.74
04:36:16.483,04:36:16.483,41362.702,0x82,0x00,True,-179.19,3.16,-38.86,0,37.77
04:36:26.483,04:36:26.483,41372.702,0x82,0x00,True,-179.24,3.18,-38.84,0,37.84
04:36:36.483,04:36:36.483,41382.702,0x82,0x00,True,-179.28,3.16,-38.84,0,37.83
04:36:46.473,04:36:46.473,41392.692,0x82,0x00,True,-179.27,3.12,-38.84,0,37.9
04:36:56.473,04:36:56.473,41402.692,0x82,0x00,True,-179.24,3.11,-38.84,0,37.8
04:37:06.463,04:37:06.463,41412.682,0x82,0x00,True,-179.22,3.12,-38.84,0,37.84
04:37:16.462,04:37:16.462,41422.681,0x82,0x00,True,-179.21,3.14,-38.84,0,37.86
04:37:26.462,04:37:26.462,41432.681,0x82,0x00,True,-179.23,3.16,-38.84,0,37.87
04:37:36.453,04:37:36.453,41442.672,0x82,0x00,True,-179.27,3.15,-38.84,0,37.83
04:37:46.452,04:37:46.452,41452.671,0x82,0x00,True,-179.29,3.1,-38.84,0,37.84
04:37:56.443,04:37:56.443,41462.662,0x82,0x00,True,-179.23,3.08,-38.84,0,37.89
04:38:06.443,04:38:06.443,41472.662,0x82,0x00,True,-179.2,3.11,-38.84,0,37.84
04:38:16.433,04:38:16.433,41482.652,0x82,0x00,True,-179.2,3.15,-38.84,0,37.8
04:38:26.433,04:38:26.433,41492.652,0x82,0x00,True,-179.24,3.17,-38.84,0,37.84
04:38:36.432,04:38:36.432,41502.651,0x82,0x00,True,-179.27,3.15,-38.84,0,37.85
04:38:46.433,04:38:46.433,41512.652,0x82,0x00,True,-179.26,3.11,-38.84,0,37.85
04:38:56.430,04:38:56.430,41522.649,0x82,0x00,True,-179.24,3.09,-38.84,0,37.8
04:39:06.417,04:39:06.417,41532.636,0x82,0x00,True,-179.2,3.11,-38.84,0,37.86
04:39:16.418,04:39:16.418,41542.637,0x82,0x00,True,-179.19,3.16,-38.84,0,37.82
04:39:26.417,04:39:26.417,41552.636,0x82,0x00,True,-179.24,3.18,-38.84,0,37.79
04:39:36.403,04:39:36.403,41562.622,0x82,0x00,True,-179.28,3.15,-38.84,0,37.83
04:39:46.404,04:39:46.404,41572.623,0x82,0x00,True,-179.25,3.11,-38.84,0,37.86
04:39:56.403,04:39:56.403,41582.622,0x82,0x00,True,-179.22,3.12,-38.84,0,37.76
04:40:06.393,04:40:06.393,41592.612,0x82,0x00,True,-179.22,3.13,-38.84,0,37.83
04:40:16.393,04:40:16.393,41602.612,0x82,0x00,True,-179.24,3.14,-38.84,0,37.73
04:40:26.392,04:40:26.392,41612.611,0x82,0x00,True,-179.25,3.13,-38.84,0,37.77
04:40:36.383,04:40:36.383,41622.602,0x82,0x00,True,-179.25,3.12,-38.84,0,37.74
04:40:46.382,04:40:46.382,41632.601,0x82,0x00,True,-179.23,3.11,-38.84,0,37.73
04:40:56.372,04:40:56.372,41642.591,0x82,0x00,True,-179.21,3.13,-38.84,0,37.74
04:41:06.373,04:41:06.373,41652.592,0x82,0x00,True,-179.21,3.15,-38.84,0,37.74
04:41:16.372,04:41:16.372,41662.591,0x82,0x00,True,-179.24,3.16,-38.84,0,37.76
04:41:26.363,04:41:26.363,41672.582,0x82,0x00,True,-179.26,3.14,-38.84,0,37.7
04:41:36.363,04:41:36.363,41682.582,0x82,0x00,True,-179.25,3.11,-38.84,0,37.75
04:41:46.353,04:41:46.353,41692.572,0x82,0x00,True,-179.23,3.11,-38.84,0,37.8
04:41:56.353,04:41:56.353,41702.572,0x82,0x00,True,-179.22,3.12,-38.84,0,37.8
04:42:06.353,04:42:06.353,41712.572,0x82,0x00,True,-179.22,3.14,-38.84,0,37.81
04:42:16.353,04:42:16.353,41722.572,0x82,0x00,True,-179.23,3.15,-38.84,0,37.85
04:42:26.343,04:42:26.343,41732.562,0x82,0x00,True,-179.24,3.15,-38.84,0,37.81
04:42:36.338,04:42:36.338,41742.557,0x82,0x00,True,-179.26,3.13,-38.84,0,37.81
04:42:46.337,04:42:46.337,41752.556,0x82,0x00,True,-179.25,3.11,-38.84,0,37.92
04:42:56.322,04:42:56.322,41762.541,0x82,0x00,True,-179.23,3.11,-38.84,0,37.9
04:43:06.322,04:43:06.322,41772.541,0x82,0x00,True,-179.22,3.12,-38.84,0,37.9
04:43:16.313,04:43:16.313,41782.532,0x82,0x00,True,-179.23,3.14,-38.84,0,37.9
04:43:26.313,04:43:26.313,41792.532,0x82,0x00,True,-179.24,3.14,-38.84,0,37.93
04:43:36.303,04:43:36.303,41802.522,0x82,0x00,True,-179.25,3.14,-38.84,0,37.98
04:43:46.302,04:43:46.302,41812.521,0x82,0x00,True,-179.26,3.11,-38.84,0,37.86
04:43:56.302,04:43:56.302,41822.521,0x82,0x00,True,-179.23,3.11,-38.84,0,37.95
04:44:06.303,04:44:06.303,41832.522,0x82,0x00,True,-179.21,3.13,-38.84,0,37.92
04:44:16.293,04:44:16.293,41842.512,0x82,0x00,True,-179.22,3.16,-38.84,0,37.92
04:44:26.292,04:44:26.292,41852.511,0x82,0x00,True,-179.23,3.16,-38.84,0,37.94
04:44:36.293,04:44:36.293,41862.512,0x82,0x00,True,-179.25,3.15,-38.84,0,37.9
04:44:46.292,04:44:46.292,41872.511,0x82,0x00,True,-179.26,3.13,-38.84,0,37.91
04:44:56.282,04:44:56.282,41882.501,0x82,0x00,True,-179.25,3.1,-38.84,0,37.89
04:45:06.282,04:45:06.282,41892.501,0x82,0x00,True,-179.22,3.11,-38.84,0,37.86
04:45:16.282,04:45:16.282,41902.501,0x82,0x00,True,-179.2,3.14,-38.84,0,37.83
04:45:26.273,04:45:26.273,41912.492,0x82,0x00,True,-179.23,3.15,-38.84,0,37.81
04:45:36.273,04:45:36.273,41922.492,0x82,0x00,True,-179.24,3.15,-38.84,0,37.77
04:45:46.281,04:45:46.281,41932.5,0x82,0x00,True,-179.25,3.13,-38.84,0,37.83
04:45:56.273,04:45:56.273,41942.492,0x82,0x00,True,-179.24,3.12,-38.84,0,37.77
04:46:06.273,04:46:06.273,41952.492,0x82,0x00,True,-179.23,3.12,-38.84,0,37.79
04:46:16.273,04:46:16.273,41962.492,0x82,0x00,True,-179.22,3.12,-38.84,0,37.81
04:46:26.258,04:46:26.258,41972.477,0x82,0x00,True,-179.22,3.14,-38.84,0,37.79
04:46:36.257,04:46:36.257,41982.476,0x82,0x00,True,-179.23,3.15,-38.84,0,37.76
04:46:46.258,04:46:46.258,41992.477,0x82,0x00,True,-179.25,3.14,-38.84,0,37.76
04:46:56.268,04:46:56.268,42002.487,0x82,0x00,True,-179.25,3.12,-38.84,0,37.77
04:47:06.243,04:47:06.243,42012.462,0x82,0x00,True,-179.24,3.11,-38.84,0,37.83
04:47:16.233,04:47:16.233,42022.452,0x82,0x00,True,-179.22,3.12,-38.84,0,37.82
04:47:26.233,04:47:26.233,42032.452,0x82,0x00,True,-179.24,3.13,-38.84,0,37.71
04:47:36.222,04:47:36.222,42042.441,0x82,0x00,True,-179.23,3.12,-38.84,0,37.77
04:47:46.223,04:47:46.223,42052.442,0x82,0x00,True,-179.23,3.12,-38.84,0,37.69
04:47:56.223,04:47:56.223,42062.442,0x82,0x00,True,-179.22,3.12,-38.84,0,37.74
04:48:06.213,04:48:06.213,42072.432,0x82,0x00,True,-179.23,3.13,-38.84,0,37.75
04:48:16.212,04:48:16.212,42082.431,0x82,0x00,True,-179.23,3.14,-38.84,0,37.69
04:48:26.202,04:48:26.202,42092.421,0x82,0x00,True,-179.25,3.14,-38.84,0,37.74
04:48:36.202,04:48:36.202,42102.421,0x82,0x00,True,-179.25,3.12,-38.84,0,37.74
04:48:46.203,04:48:46.203,42112.422,0x82,0x00,True,-179.23,3.11,-38.84,0,37.75
04:48:56.193,04:48:56.193,42122.412,0x82,0x00,True,-179.21,3.13,-38.84,0,37.76
04:49:06.193,04:49:06.193,42132.412,0x82,0x00,True,-179.22,3.14,-38.84,0,37.8
04:49:16.194,04:49:16.194,42142.413,0x82,0x00,True,-179.24,3.15,-38.84,0,37.68
04:49:26.192,04:49:26.192,42152.411,0x82,0x00,True,-179.25,3.14,-38.84,0,37.81
04:49:36.183,04:49:36.183,42162.402,0x82,0x00,True,-179.26,3.12,-38.84,0,37.74
04:49:46.178,04:49:46.178,42172.397,0x82,0x00,True,-179.23,3.11,-38.84,0,37.83
04:49:56.178,04:49:56.178,42182.397,0x82,0x00,True,-179.21,3.13,-38.84,0,37.76
04:50:06.178,04:50:06.178,42192.397,0x82,0x00,True,-179.23,3.14,-38.84,0,37.83
04:50:16.162,04:50:16.162,42202.381,0x82,0x00,True,-179.25,3.14,-38.84,0,37.7
04:50:26.162,04:50:26.162,42212.381,0x82,0x00,True,-179.26,3.12,-38.84,0,37.74
04:50:36.153,04:50:36.153,42222.372,0x82,0x00,True,-179.25,3.09,-38.84,0,37.71
04:50:46.153,04:50:46.153,42232.372,0x82,0x00,True,-179.22,3.1,-38.84,0,37.79
04:50:56.153,04:50:56.153,42242.372,0x82,0x00,True,-179.2,3.13,-38.84,0,37.68
04:51:06.143,04:51:06.143,42252.362,0x82,0x00,True,-179.21,3.16,-38.84,0,37.67
04:51:16.143,04:51:16.143,42262.362,0x82,0x00,True,-179.24,3.16,-38.84,0,37.67
04:51:26.143,04:51:26.143,42272.362,0x82,0x00,True,-179.27,3.14,-38.84,0,37.66
04:51:36.133,04:51:36.133,42282.352,0x82,0x00,True,-179.26,3.1,-38.84,0,37.72
04:51:46.132,04:51:46.132,42292.351,0x82,0x00,True,-179.23,3.1,-38.84,0,37.7
04:51:56.123,04:51:56.123,42302.342,0x82,0x00,True,-179.2,3.13,-38.84,0,37.62
04:52:06.122,04:52:06.122,42312.341,0x82,0x00,True,-179.21,3.16,-38.84,0,37.59
04:52:16.122,04:52:16.122,42322.341,0x82,0x00,True,-179.24,3.17,-38.84,0,37.69
04:52:26.113,04:52:26.113,42332.332,0x82,0x00,True,-179.27,3.15,-38.84,0,37.65
04:52:36.113,04:52:36.113,42342.332,0x82,0x00,True,-179.26,3.12,-38.84,0,37.62
04:52:46.113,04:52:46.113,42352.332,0x82,0x00,True,-179.24,3.1,-38.84,0,37.59
04:52:56.113,04:52:56.113,42362.332,0x82,0x00,True,-179.22,3.12,-38.84,0,37.64
04:53:06.098,04:53:06.098,42372.317,0x82,0x00,True,-179.22,3.14,-38.84,0,37.67
04:53:16.108,04:53:16.108,42382.327,0x82,0x00,True,-179.23,3.15,-38.84,0,37.61
04:53:26.072,04:53:26.072,42392.291,0x82,0x00,True,-179.25,3.15,-38.84,0,37.69
04:53:36.082,04:53:36.082,42402.301,0x82,0x00,True,-179.26,3.13,-38.84,0,37.75
04:53:46.082,04:53:46.082,42412.301,0x82,0x00,True,-179.25,3.11,-38.84,0,37.69
04:53:56.083,04:53:56.083,42422.302,0x82,0x00,True,-179.23,3.11,-38.84,0,37.71
04:54:06.072,04:54:06.072,42432.291,0x82,0x00,True,-179.23,3.12,-38.84,0,37.63
04:54:16.072,04:54:16.072,42442.291,0x82,0x00,True,-179.22,3.13,-38.84,0,37.71
04:54:26.063,04:54:26.063,42452.282,0x82,0x00,True,-179.23,3.13,-38.84,0,37.72
04:54:36.063,04:54:36.063,42462.282,0x82,0x00,True,-179.24,3.13,-38.84,0,37.69
04:54:46.063,04:54:46.063,42472.282,0x82,0x00,True,-179.24,3.12,-38.84,0,37.73
04:54:56.052,04:54:56.052,42482.271,0x82,0x00,True,-179.22,3.13,-38.84,0,37.72
04:55:06.053,04:55:06.053,42492.272,0x82,0x00,True,-179.23,3.14,-38.84,0,37.73
04:55:16.043,04:55:16.043,42502.262,0x82,0x00,True,-179.25,3.12,-38.84,0,37.77
04:55:26.032,04:55:26.032,42512.251,0x82,0x00,True,-179.24,3.12,-38.84,0,37.71
04:55:36.042,04:55:36.042,42522.261,0x82,0x00,True,-179.23,3.12,-38.84,0,37.7
04:55:46.032,04:55:46.032,42532.251,0x82,0x00,True,-179.23,3.13,-38.84,0,37.71
04:55:56.032,04:55:56.032,42542.251,0x82,0x00,True,-179.22,3.13,-38.84,0,37.79
04:56:06.043,04:56:06.043,42552.262,0x82,0x00,True,-179.24,3.14,-38.84,0,37.74
04:56:16.032,04:56:16.032,42562.251,0x82,0x00,True,-179.25,3.13,-38.84,0,37.73
04:56:26.032,04:56:26.032,42572.251,0x82,0x00,True,-179.25,3.11,-38.84,0,37.72
04:56:36.033,04:56:36.033,42582.252,0x82,0x00,True,-179.24,3.11,-38.84,0,37.71
04:56:46.018,04:56:46.018,42592.237,0x82,0x00,True,-179.21,3.12,-38.84,0,37.7
04:56:56.028,04:56:56.028,42602.247,0x82,0x00,True,-179.22,3.13,-38.84,0,37.75
04:57:06.003,04:57:06.003,42612.222,0x82,0x00,True,-179.22,3.15,-38.84,0,37.73
04:57:16.002,04:57:16.002,42622.221,0x82,0x00,True,-179.24,3.15,-38.84,0,37.75
04:57:26.003,04:57:26.003,42632.222,0x82,0x00,True,-179.26,3.14,-38.84,0,37.76
04:57:35.992,04:57:35.992,42642.211,0x82,0x00,True,-179.25,3.12,-38.84,0,37.79
04:57:45.992,04:57:45.992,42652.211,0x82,0x00,True,-179.24,3.11,-38.84,0,37.8
04:57:55.983,04:57:55.983,42662.202,0x82,0x00,True,-179.22,3.12,-38.84,0,37.79
04:58:05.982,04:58:05.982,42672.201,0x82,0x00,True,-179.22,3.13,-38.84,0,37.84
04:58:15.973,04:58:15.973,42682.192,0x82,0x00,True,-179.24,3.14,-38.85,0,37.82
04:58:25.973,04:58:25.973,42692.192,0x82,0x00,True,-179.24,3.13,-38.85,0,37.83
04:58:35.973,04:58:35.973,42702.192,0x82,0x00,True,-179.24,3.12,-38.85,0,37.79
04:58:45.962,04:58:45.962,42712.181,0x82,0x00,True,-179.23,3.13,-38.85,0,37.83
04:58:55.980,04:58:55.980,42722.199,0x82,0x00,True,-179.24,3.13,-38.85,0,37.9
04:59:05.952,04:59:05.952,42732.171,0x82,0x00,True,-179.24,3.12,-38.85,0,37.81
04:59:15.952,04:59:15.952,42742.171,0x82,0x00,True,-179.24,3.12,-38.85,0,37.8
04:59:25.952,04:59:25.952,42752.171,0x82,0x00,True,-179.24,3.11,-38.85,0,37.86
04:59:35.952,04:59:35.952,42762.171,0x82,0x00,True,-179.23,3.11,-38.85,0,37.9
04:59:45.944,04:59:45.944,42772.163,0x82,0x00,True,-179.22,3.12,-38.85,0,37.86
04:59:55.938,04:59:55.938,42782.157,0x82,0x00,True,-179.22,3.13,-38.85,0,37.88
05:00:05.947,05:00:05.947,42792.166,0x82,0x00,True,-179.22,3.14,-38.85,0,37.86
05:00:15.938,05:00:15.938,42802.157,0x82,0x00,True,-179.24,3.14,-38.85,0,37.94
05:00:25.923,05:00:25.923,42812.142,0x82,0x00,True,-179.25,3.13,-38.85,0,37.93
05:00:35.923,05:00:35.923,42822.142,0x82,0x00,True,-179.25,3.12,-38.85,0,37.89
05:00:45.923,05:00:45.923,42832.142,0x82,0x00,True,-179.24,3.11,-38.85,0,37.87
05:00:55.912,05:00:55.912,42842.131,0x82,0x00,True,-179.24,3.11,-38.85,0,37.86
05:01:05.912,05:01:05.912,42852.131,0x82,0x00,True,-179.22,3.12,-38.85,0,37.98
05:01:15.903,05:01:15.903,42862.122,0x82,0x00,True,-179.22,3.14,-38.85,0,37.94
05:01:25.903,05:01:25.903,42872.122,0x82,0x00,True,-179.24,3.15,-38.85,0,37.83
05:01:35.903,05:01:35.903,42882.122,0x82,0x00,True,-179.27,3.14,-38.85,0,37.93
05:01:45.893,05:01:45.893,42892.112,0x82,0x00,True,-179.25,3.12,-38.85,0,37.95
05:01:55.893,05:01:55.893,42902.112,0x82,0x00,True,-179.24,3.11,-38.85,0,37.89
05:02:05.883,05:02:05.883,42912.102,0x82,0x00,True,-179.21,3.13,-38.85,0,37.99
05:02:15.893,05:02:15.893,42922.112,0x82,0x00,True,-179.22,3.16,-38.85,0,37.93
05:02:25.873,05:02:25.873,42932.092,0x82,0x00,True,-179.24,3.17,-38.85,0,37.99
05:02:35.872,05:02:35.872,42942.091,0x82,0x00,True,-179.27,3.15,-38.85,0,37.97
05:02:45.873,05:02:45.873,42952.092,0x82,0x00,True,-179.27,3.12,-38.85,0,37.96
05:02:55.872,05:02:55.872,42962.091,0x82,0x00,True,-179.24,3.09,-38.85,0,37.96
05:03:05.872,05:03:05.872,42972.091,0x82,0x00,True,-179.2,3.11,-38.85,0,37.9
05:03:15.858,05:03:15.858,42982.077,0x82,0x00,True,-179.2,3.15,-38.85,0,37.84
05:03:25.858,05:03:25.858,42992.077,0x82,0x00,True,-179.24,3.17,-38.85,0,37.82
05:03:35.846,05:03:35.846,43002.065,0x82,0x00,True,-179.28,3.14,-38.85,0,37.84
05:03:45.843,05:03:45.843,43012.062,0x82,0x00,True,-179.26,3.11,-38.85,0,37.93
05:03:55.843,05:03:55.843,43022.062,0x82,0x00,True,-179.22,3.11,-38.85,0,37.86
05:04:05.833,05:04:05.833,43032.052,0x82,0x00,True,-179.22,3.13,-38.85,0,37.8
05:04:15.832,05:04:15.832,43042.051,0x82,0x00,True,-179.24,3.14,-38.85,0,37.88
05:04:25.822,05:04:25.822,43052.041,0x82,0x00,True,-179.25,3.14,-38.85,0,37.9
05:04:35.822,05:04:35.822,43062.041,0x82,0x00,True,-179.26,3.13,-38.85,0,37.77
05:04:45.822,05:04:45.822,43072.041,0x82,0x00,True,-179.25,3.12,-38.85,0,37.86
05:04:55.813,05:04:55.813,43082.032,0x82,0x00,True,-179.23,3.12,-38.85,0,37.81
05:05:05.813,05:05:05.813,43092.032,0x82,0x00,True,-179.22,3.14,-38.85,0,37.85
05:05:15.803,05:05:15.803,43102.022,0x82,0x00,True,-179.23,3.16,-38.85,0,37.82
05:05:25.803,05:05:25.803,43112.022,0x82,0x00,True,-179.25,3.15,-38.85,0,37.84
05:05:35.793,05:05:35.793,43122.012,0x82,0x00,True,-179.26,3.13,-38.85,0,37.8
05:05:45.793,05:05:45.793,43132.012,0x82,0x00,True,-179.24,3.11,-38.85,0,37.79
05:05:55.793,05:05:55.793,43142.012,0x82,0x00,True,-179.23,3.12,-38.85,0,37.81
05:06:05.792,05:06:05.792,43152.011,0x82,0x00,True,-179.22,3.13,-38.85,0,37.84
05:06:15.793,05:06:15.793,43162.012,0x82,0x00,True,-179.22,3.15,-38.85,0,37.83
05:06:25.778,05:06:25.778,43171.997,0x82,0x00,True,-179.24,3.16,-38.85,0,37.89
05:06:35.778,05:06:35.778,43181.997,0x82,0x00,True,-179.27,3.14,-38.85,0,37.83
05:06:45.763,05:06:45.763,43191.982,0x82,0x00,True,-179.26,3.11,-38.85,0,37.83
05:06:55.763,05:06:55.763,43201.982,0x82,0x00,True,-179.23,3.11,-38.85,0,37.89
05:07:05.753,05:07:05.753,43211.972,0x82,0x00,True,-179.22,3.13,-38.85,0,37.88
05:07:15.752,05:07:15.752,43221.971,0x82,0x00,True,-179.24,3.14,-38.85,0,37.84
05:07:25.753,05:07:25.753,43231.972,0x82,0x00,True,-179.23,3.15,-38.85,0,37.91
05:07:35.742,05:07:35.742,43241.961,0x82,0x00,True,-179.26,3.13,-38.85,0,37.92
05:07:45.742,05:07:45.742,43251.961,0x82,0x00,True,-179.25,3.11,-38.85,0,37.85
05:07:55.742,05:07:55.742,43261.961,0x82,0x00,True,-179.23,3.12,-38.85,0,37.91
05:08:05.733,05:08:05.733,43271.952,0x82,0x00,True,-179.21,3.13,-38.85,0,37.93
05:08:15.733,05:08:15.733,43281.952,0x82,0x00,True,-179.23,3.16,-38.85,0,37.93
05:08:25.733,05:08:25.733,43291.952,0x82,0x00,True,-179.25,3.15,-38.85,0,37.89
05:08:35.742,05:08:35.742,43301.961,0x82,0x00,True,-179.26,3.13,-38.85,0,37.93
05:08:45.722,05:08:45.722,43311.941,0x82,0x00,True,-179.25,3.12,-38.85,0,37.86
05:08:55.723,05:08:55.723,43321.942,0x82,0x00,True,-179.24,3.11,-38.85,0,37.79
05:09:05.713,05:09:05.713,43331.932,0x82,0x00,True,-179.22,3.12,-38.85,0,37.9
05:09:15.712,05:09:15.712,43341.931,0x82,0x00,True,-179.23,3.14,-38.85,0,37.87
05:09:25.713,05:09:25.713,43351.932,0x82,0x00,True,-179.26,3.13,-38.85,0,37.77
05:09:35.712,05:09:35.712,43361.931,0x82,0x00,True,-179.26,3.11,-38.85,0,37.77
05:09:45.702,05:09:45.702,43371.921,0x82,0x00,True,-179.23,3.1,-38.85,0,37.74
05:09:55.698,05:09:55.698,43381.917,0x82,0x00,True,-179.21,3.12,-38.85,0,37.78
05:10:05.708,05:10:05.708,43391.927,0x82,0x00,True,-179.21,3.15,-38.85,0,37.78
05:10:15.697,05:10:15.697,43401.916,0x82,0x00,True,-179.24,3.16,-38.85,0,37.77
05:10:25.697,05:10:25.697,43411.916,0x82,0x00,True,-179.27,3.14,-38.85,0,37.75
05:10:35.683,05:10:35.683,43421.902,0x82,0x00,True,-179.27,3.11,-38.85,0,37.68
05:10:45.683,05:10:45.683,43431.902,0x82,0x00,True,-179.23,3.11,-38.85,0,37.68
05:10:55.683,05:10:55.683,43441.902,0x82,0x00,True,-179.2,3.13,-38.85,0,37.69
05:11:05.672,05:11:05.672,43451.891,0x82,0x00,True,-179.22,3.16,-38.85,0,37.78
05:11:15.673,05:11:15.673,43461.892,0x82,0x00,True,-179.26,3.17,-38.85,0,37.71
05:11:25.673,05:11:25.673,43471.892,0x82,0x00,True,-179.29,3.13,-38.85,0,37.65
05:11:35.662,05:11:35.662,43481.881,0x82,0x00,True,-179.25,3.09,-38.85,0,37.7
05:11:45.662,05:11:45.662,43491.881,0x82,0x00,True,-179.21,3.11,-38.85,0,37.71
05:11:55.663,05:11:55.663,43501.882,0x82,0x00,True,-179.21,3.15,-38.85,0,37.65
05:12:05.662,05:12:05.662,43511.881,0x82,0x00,True,-179.24,3.17,-38.85,0,37.74
05:12:15.653,05:12:15.653,43521.872,0x82,0x00,True,-179.28,3.15,-38.85,0,37.75
05:12:25.653,05:12:25.653,43531.872,0x82,0x00,True,-179.26,3.12,-38.85,0,37.74
05:12:35.653,05:12:35.653,43541.872,0x82,0x00,True,-179.25,3.11,-38.85,0,37.8
05:12:45.653,05:12:45.653,43551.872,0x82,0x00,True,-179.24,3.11,-38.85,0,37.77
05:12:55.643,05:12:55.643,43561.862,0x82,0x00,True,-179.22,3.12,-38.85,0,37.85
05:13:05.643,05:13:05.643,43571.862,0x82,0x00,True,-179.22,3.15,-38.85,0,37.8
05:13:15.633,05:13:15.633,43581.852,0x82,0x00,True,-179.25,3.15,-38.85,0,37.81
05:13:25.633,05:13:25.633,43591.852,0x82,0x00,True,-179.26,3.13,-38.85,0,37.86
05:13:35.633,05:13:35.633,43601.852,0x82,0x00,True,-179.26,3.11,-38.85,0,37.81
05:13:45.633,05:13:45.633,43611.852,0x82,0x00,True,-179.24,3.1,-38.85,0,37.81
05:13:55.633,05:13:55.633,43621.852,0x82,0x00,True,-179.22,3.12,-38.85,0,37.8
05:14:05.633,05:14:05.633,43631.852,0x82,0x00,True,-179.23,3.14,-38.85,0,37.87
05:14:15.632,05:14:15.632,43641.851,0x82,0x00,True,-179.24,3.14,-38.85,0,37.86
05:14:25.617,05:14:25.617,43651.836,0x82,0x00,True,-179.25,3.13,-38.85,0,37.89
05:14:35.617,05:14:35.617,43661.836,0x82,0x00,True,-179.24,3.12,-38.85,0,37.83
05:14:45.617,05:14:45.617,43671.836,0x82,0x00,True,-179.23,3.12,-38.85,0,37.83
05:14:55.627,05:14:55.627,43681.846,0x82,0x00,True,-179.24,3.13,-38.85,0,37.85
05:15:05.603,05:15:05.603,43691.822,0x82,0x00,True,-179.23,3.14,-38.85,0,37.89
05:15:15.603,05:15:15.603,43701.822,0x82,0x00,True,-179.24,3.13,-38.85,0,37.88
05:15:25.603,05:15:25.603,43711.822,0x82,0x00,True,-179.25,3.12,-38.85,0,37.99
05:15:35.593,05:15:35.593,43721.812,0x82,0x00,True,-179.24,3.11,-38.85,0,37.89
05:15:45.592,05:15:45.592,43731.811,0x82,0x00,True,-179.23,3.12,-38.85,0,37.87
05:15:55.593,05:15:55.593,43741.812,0x82,0x00,True,-179.23,3.13,-38.85,0,37.87
05:16:05.582,05:16:05.582,43751.801,0x82,0x00,True,-179.24,3.13,-38.85,0,37.91
05:16:15.582,05:16:15.582,43761.801,0x82,0x00,True,-179.25,3.12,-38.85,0,37.93
05:16:25.582,05:16:25.582,43771.801,0x82,0x00,True,-179.24,3.11,-38.85,0,37.99
05:16:35.572,05:16:35.572,43781.791,0x82,0x00,True,-179.23,3.11,-38.85,0,37.86
05:16:45.572,05:16:45.572,43791.791,0x82,0x00,True,-179.21,3.13,-38.85,0,37.94
05:16:55.572,05:16:55.572,43801.791,0x82,0x00,True,-179.22,3.16,-38.85,0,37.86
05:17:05.572,05:17:05.572,43811.791,0x82,0x00,True,-179.25,3.16,-38.85,0,37.91
05:17:15.563,05:17:15.563,43821.782,0x82,0x00,True,-179.27,3.14,-38.85,0,37.96
05:17:25.563,05:17:25.563,43831.782,0x82,0x00,True,-179.26,3.11,-38.85,0,37.91
05:17:35.563,05:17:35.563,43841.782,0x82,0x00,True,-179.24,3.1,-38.85,0,37.93
05:17:45.563,05:17:45.563,43851.782,0x82,0x00,True,-179.21,3.11,-38.85,0,37.96
05:17:55.553,05:17:55.553,43861.772,0x82,0x00,True,-179.21,3.14,-38.85,0,37.93
05:18:05.553,05:18:05.553,43871.772,0x82,0x00,True,-179.24,3.16,-38.85,0,37.92
05:18:15.553,05:18:15.553,43881.772,0x82,0x00,True,-179.27,3.14,-38.85,0,37.94
05:18:25.552,05:18:25.552,43891.771,0x82,0x00,True,-179.26,3.12,-38.85,0,38.0
05:18:35.552,05:18:35.552,43901.771,0x82,0x00,True,-179.24,3.1,-38.85,0,38.02
05:18:45.553,05:18:45.553,43911.772,0x82,0x00,True,-179.23,3.11,-38.85,0,37.91
05:18:55.537,05:18:55.537,43921.756,0x82,0x00,True,-179.22,3.13,-38.85,0,37.96
05:19:05.538,05:19:05.538,43931.757,0x82,0x00,True,-179.22,3.15,-38.85,0,37.93
05:19:15.537,05:19:15.537,43941.756,0x82,0x00,True,-179.24,3.16,-38.85,0,37.95
05:19:25.523,05:19:25.523,43951.742,0x82,0x00,True,-179.25,3.15,-38.85,0,38.0
05:19:35.523,05:19:35.523,43961.742,0x82,0x00,True,-179.25,3.13,-38.85,0,37.99
05:19:45.523,05:19:45.523,43971.742,0x82,0x00,True,-179.23,3.13,-38.85,0,37.93
05:19:55.512,05:19:55.512,43981.731,0x82,0x00,True,-179.24,3.13,-38.85,0,37.99
05:20:05.513,05:20:05.513,43991.732,0x82,0x00,True,-179.24,3.13,-38.84,0,38.02
05:20:15.512,05:20:15.512,44001.731,0x82,0x00,True,-179.23,3.14,-38.84,0,38.04
05:20:25.513,05:20:25.513,44011.732,0x82,0x00,True,-179.24,3.14,-38.84,0,37.97
05:20:35.503,05:20:35.503,44021.722,0x82,0x00,True,-179.24,3.12,-38.84,0,38.02
05:20:45.513,05:20:45.513,44031.732,0x82,0x00,True,-179.24,3.12,-38.84,0,37.96
05:20:55.492,05:20:55.492,44041.711,0x82,0x00,True,-179.22,3.13,-38.84,0,38.03
05:21:05.493,05:21:05.493,44051.712,0x82,0x00,True,-179.23,3.14,-38.84,0,38.02
05:21:15.492,05:21:15.492,44061.711,0x82,0x00,True,-179.25,3.13,-38.84,0,38.02
05:21:25.483,05:21:25.483,44071.702,0x82,0x00,True,-179.25,3.11,-38.84,0,38.07
05:21:35.483,05:21:35.483,44081.702,0x82,0x00,True,-179.22,3.11,-38.84,0,38.03
05:21:45.471,05:21:45.471,44091.69,0x82,0x00,True,-179.21,3.13,-38.84,0,38.03
05:21:55.473,05:21:55.473,44101.692,0x82,0x00,True,-179.24,3.14,-38.84,0,38.05
05:22:05.473,05:22:05.473,44111.692,0x82,0x00,True,-179.25,3.12,-38.84,0,37.98
05:22:15.473,05:22:15.473,44121.692,0x82,0x00,True,-179.23,3.12,-38.84,0,38.05
05:22:25.473,05:22:25.473,44131.692,0x82,0x00,True,-179.23,3.13,-38.84,0,38.02
05:22:35.468,05:22:35.468,44141.687,0x82,0x00,True,-179.24,3.13,-38.84,0,38.05
05:22:45.468,05:22:45.468,44151.687,0x82,0x00,True,-179.24,3.13,-38.84,0,37.99
05:22:55.468,05:22:55.468,44161.687,0x82,0x00,True,-179.24,3.12,-38.84,0,38.05
05:23:05.443,05:23:05.443,44171.662,0x82,0x00,True,-179.25,3.11,-38.84,0,37.99
05:23:15.443,05:23:15.443,44181.662,0x82,0x00,True,-179.24,3.11,-38.84,0,38.04
05:23:25.443,05:23:25.443,44191.662,0x82,0x00,True,-179.24,3.11,-38.84,0,38.04
05:23:35.432,05:23:35.432,44201.651,0x82,0x00,True,-179.22,3.12,-38.84,0,37.99
05:23:45.433,05:23:45.433,44211.652,0x82,0x00,True,-179.22,3.13,-38.84,0,38.07
05:23:55.433,05:23:55.433,44221.652,0x82,0x00,True,-179.24,3.14,-38.84,0,38.03
05:24:05.422,05:24:05.422,44231.641,0x82,0x00,True,-179.24,3.13,-38.84,0,38.09
05:24:15.422,05:24:15.422,44241.641,0x82,0x00,True,-179.24,3.13,-38.84,0,38.04
05:24:25.423,05:24:25.423,44251.642,0x82,0x00,True,-179.24,3.12,-38.84,0,38.01
05:24:35.412,05:24:35.412,44261.631,0x82,0x00,True,-179.23,3.13,-38.84,0,38.09
05:24:45.412,05:24:45.412,44271.631,0x82,0x00,True,-179.24,3.14,-38.84,0,38.08
05:24:55.412,05:24:55.412,44281.631,0x82,0x00,True,-179.25,3.13,-38.84,0,38.11
05:25:05.403,05:25:05.403,44291.622,0x82,0x00,True,-179.25,3.11,-38.84,0,38.11
05:25:15.403,05:25:15.403,44301.622,0x82,0x00,True,-179.25,3.1,-38.84,0,38.02
05:25:25.393,05:25:25.393,44311.612,0x82,0x00,True,-179.24,3.1,-38.84,0,38.06
05:25:35.393,05:25:35.393,44321.612,0x82,0x00,True,-179.22,3.11,-38.84,0,37.95
05:25:45.393,05:25:45.393,44331.612,0x82,0x00,True,-179.22,3.13,-38.84,0,37.93
05:25:55.401,05:25:55.401,44341.62,0x82,0x00,True,-179.23,3.15,-38.84,0,37.99
05:26:05.393,05:26:05.393,44351.612,0x82,0x00,True,-179.25,3.13,-38.84,0,37.83
05:26:15.393,05:26:15.393,44361.612,0x82,0x00,True,-179.24,3.12,-38.84,0,37.97
05:26:25.377,05:26:25.377,44371.596,0x82,0x00,True,-179.24,3.13,-38.84,0,37.87
05:26:35.388,05:26:35.388,44381.607,0x82,0x00,True,-179.25,3.12,-38.84,0,37.9
05:26:45.362,05:26:45.362,44391.581,0x82,0x00,True,-179.23,3.12,-38.84,0,37.96
05:26:55.363,05:26:55.363,44401.582,0x82,0x00,True,-179.24,3.14,-38.84,0,37.87
05:27:05.353,05:27:05.353,44411.572,0x82,0x00,True,-179.24,3.14,-38.84,0,37.96
05:27:15.353,05:27:15.353,44421.572,0x82,0x00,True,-179.24,3.13,-38.84,0,37.86
05:27:25.352,05:27:25.352,44431.571,0x82,0x00,True,-179.24,3.13,-38.84,0,37.94
05:27:35.382,05:27:35.382,44441.601,0x82,0x00,True,-179.23,3.13,-38.84,0,37.96
05:27:45.343,05:27:45.343,44451.562,0x82,0x00,True,-179.23,3.13,-38.84,0,38.01
05:27:55.332,05:27:55.332,44461.551,0x82,0x00,True,-179.25,3.13,-38.84,0,37.9
05:28:05.333,05:28:05.333,44471.552,0x82,0x00,True,-179.26,3.11,-38.84,0,37.95
05:28:15.332,05:28:15.332,44481.551,0x82,0x00,True,-179.24,3.1,-38.84,0,37.9
05:28:25.322,05:28:25.322,44491.541,0x82,0x00,True,-179.23,3.1,-38.84,0,37.88
05:28:35.322,05:28:35.322,44501.541,0x82,0x00,True,-179.21,3.13,-38.84,0,37.89
05:28:45.313,05:28:45.313,44511.532,0x82,0x00,True,-179.23,3.16,-38.84,0,37.82
05:28:55.313,05:28:55.313,44521.532,0x82,0x00,True,-179.26,3.15,-38.84,0,37.83
05:29:05.313,05:29:05.313,44531.532,0x82,0x00,True,-179.27,3.12,-38.84,0,37.97
05:29:15.313,05:29:15.313,44541.532,0x82,0x00,True,-179.26,3.1,-38.84,0,37.91
05:29:25.313,05:29:25.313,44551.532,0x82,0x00,True,-179.23,3.1,-38.84,0,37.84
05:29:35.307,05:29:35.307,44561.526,0x82,0x00,True,-179.22,3.13,-38.84,0,37.86
05:29:45.298,05:29:45.298,44571.517,0x82,0x00,True,-179.24,3.14,-38.84,0,37.86
05:29:55.298,05:29:55.298,44581.517,0x82,0x00,True,-179.26,3.13,-38.84,0,37.79
05:30:05.283,05:30:05.283,44591.502,0x82,0x00,True,-179.24,3.12,-38.84,0,37.81
05:30:15.282,05:30:15.282,44601.501,0x82,0x00,True,-179.22,3.12,-38.84,0,37.86
05:30:25.273,05:30:25.273,44611.492,0x82,0x00,True,-179.23,3.15,-38.84,0,37.86
05:30:35.273,05:30:35.273,44621.492,0x82,0x00,True,-179.27,3.15,-38.84,0,37.8
05:30:45.273,05:30:45.273,44631.492,0x82,0x00,True,-179.26,3.12,-38.84,0,37.78
05:30:55.263,05:30:55.263,44641.482,0x82,0x00,True,-179.23,3.1,-38.84,0,37.88
05:31:05.263,05:31:05.263,44651.482,0x82,0x00,True,-179.22,3.12,-38.85,0,37.89
05:31:15.253,05:31:15.253,44661.472,0x82,0x00,True,-179.22,3.14,-38.85,0,37.82
05:31:25.253,05:31:25.253,44671.472,0x82,0x00,True,-179.23,3.15,-38.85,0,37.83
05:31:35.253,05:31:35.253,44681.472,0x82,0x00,True,-179.27,3.14,-38.85,0,37.77
05:31:45.242,05:31:45.242,44691.461,0x82,0x00,True,-179.28,3.1,-38.85,0,37.76
05:31:55.242,05:31:55.242,44701.461,0x82,0x00,True,-179.24,3.09,-38.85,0,37.83
05:32:05.233,05:32:05.233,44711.452,0x82,0x00,True,-179.22,3.1,-38.85,0,37.82
05:32:15.233,05:32:15.233,44721.452,0x82,0x00,True,-179.21,3.13,-38.85,0,37.74
05:32:25.233,05:32:25.233,44731.452,0x82,0x00,True,-179.23,3.16,-38.85,0,37.79
05:32:35.233,05:32:35.233,44741.452,0x82,0x00,True,-179.26,3.15,-38.85,0,37.79
05:32:45.233,05:32:45.233,44751.452,0x82,0x00,True,-179.27,3.12,-38.85,0,37.82
05:32:55.233,05:32:55.233,44761.452,0x82,0x00,True,-179.25,3.1,-38.85,0,37.86
05:33:05.219,05:33:05.219,44771.438,0x82,0x00,True,-179.22,3.11,-38.85,0,37.85
05:33:15.228,05:33:15.228,44781.447,0x82,0x00,True,-179.23,3.13,-38.85,0,37.83
05:33:25.218,05:33:25.218,44791.437,0x82,0x00,True,-179.24,3.14,-38.85,0,37.9
05:33:35.228,05:33:35.228,44801.447,0x82,0x00,True,-179.26,3.13,-38.85,0,37.83
05:33:45.202,05:33:45.202,44811.421,0x82,0x00,True,-179.27,3.09,-38.85,0,37.82
05:33:55.228,05:33:55.228,44821.447,0x82,0x00,True,-179.23,3.09,-38.85,0,37.85
05:34:05.194,05:34:05.194,44831.413,0x82,0x00,True,-179.2,3.12,-38.85,0,37.87
05:34:15.193,05:34:15.193,44841.412,0x82,0x00,True,-179.23,3.15,-38.85,0,37.84
05:34:25.202,05:34:25.202,44851.421,0x82,0x00,True,-179.26,3.15,-38.85,0,37.84
05:34:35.183,05:34:35.183,44861.402,0x82,0x00,True,-179.28,3.11,-38.85,0,37.88
05:34:45.173,05:34:45.173,44871.392,0x82,0x00,True,-179.25,3.09,-38.85,0,37.9
05:34:55.172,05:34:55.172,44881.391,0x82,0x00,True,-179.22,3.09,-38.85,0,37.83
05:35:05.173,05:35:05.173,44891.392,0x82,0x00,True,-179.21,3.13,-38.85,0,37.96
05:35:15.162,05:35:15.162,44901.381,0x82,0x00,True,-179.25,3.14,-38.85,0,37.9
05:35:25.163,05:35:25.163,44911.382,0x82,0x00,True,-179.26,3.12,-38.85,0,37.9
05:35:35.162,05:35:35.162,44921.381,0x82,0x00,True,-179.24,3.1,-38.85,0,37.87
05:35:45.183,05:35:45.183,44931.402,0x82,0x00,True,-179.23,3.11,-38.85,0,37.84
05:35:55.153,05:35:55.153,44941.372,0x82,0x00,True,-179.24,3.12,-38.85,0,37.87
05:36:05.162,05:36:05.162,44951.381,0x82,0x00,True,-179.25,3.11,-38.85,0,37.9
05:36:15.162,05:36:15.162,44961.381,0x82,0x00,True,-179.23,3.11,-38.85,0,37.97
05:36:25.162,05:36:25.162,44971.381,0x82,0x00,True,-179.23,3.12,-38.85,0,37.88
05:36:35.153,05:36:35.153,44981.372,0x82,0x00,True,-179.25,3.13,-38.85,0,37.99
05:36:45.153,05:36:45.153,44991.372,0x82,0x00,True,-179.25,3.12,-38.85,0,37.96
05:36:55.153,05:36:55.153,45001.372,0x82,0x00,True,-179.24,3.12,-38.85,0,37.99
05:37:05.153,05:37:05.153,45011.372,0x82,0x00,True,-179.24,3.12,-38.85,0,38.01
05:37:15.143,05:37:15.143,45021.362,0x82,0x00,True,-179.23,3.13,-38.85,0,37.99
05:37:25.138,05:37:25.138,45031.357,0x82,0x00,True,-179.23,3.14,-38.85,0,37.96
05:37:35.138,05:37:35.138,45041.357,0x82,0x00,True,-179.25,3.14,-38.85,0,38.04
05:37:45.123,05:37:45.123,45051.342,0x82,0x00,True,-179.27,3.11,-38.85,0,37.99
05:37:55.122,05:37:55.122,45061.341,0x82,0x00,True,-179.24,3.1,-38.85,0,37.94
05:38:05.123,05:38:05.123,45071.342,0x82,0x00,True,-179.23,3.11,-38.85,0,37.93
05:38:15.123,05:38:15.123,45081.342,0x82,0x00,True,-179.22,3.13,-38.85,0,37.95
05:38:25.112,05:38:25.112,45091.331,0x82,0x00,True,-179.22,3.15,-38.85,0,37.92
05:38:35.103,05:38:35.103,45101.322,0x82,0x00,True,-179.25,3.16,-38.85,0,38.0
05:38:45.103,05:38:45.103,45111.322,0x82,0x00,True,-179.27,3.14,-38.85,0,37.93
05:38:55.103,05:38:55.103,45121.322,0x82,0x00,True,-179.26,3.11,-38.85,0,37.99
05:39:05.093,05:39:05.093,45131.312,0x82,0x00,True,-179.24,3.11,-38.85,0,37.99
05:39:15.093,05:39:15.093,45141.312,0x82,0x00,True,-179.22,3.12,-38.85,0,37.96
05:39:25.093,05:39:25.093,45151.312,0x82,0x00,True,-179.23,3.13,-38.85,0,37.94
05:39:35.093,05:39:35.093,45161.312,0x82,0x00,True,-179.25,3.13,-38.85,0,37.99
05:39:45.083,05:39:45.083,45171.302,0x82,0x00,True,-179.27,3.1,-38.85,0,37.93
05:39:55.083,05:39:55.083,45181.302,0x82,0x00,True,-179.24,3.09,-38.85,0,37.96
05:40:05.083,05:40:05.083,45191.302,0x82,0x00,True,-179.22,3.1,-38.85,0,37.97
05:40:15.072,05:40:15.072,45201.291,0x82,0x00,True,-179.22,3.13,-38.85,0,37.98
05:40:25.072,05:40:25.072,45211.291,0x82,0x00,True,-179.24,3.14,-38.85,0,38.0
05:40:35.073,05:40:35.073,45221.292,0x82,0x00,True,-179.26,3.13,-38.85,0,38.02
05:40:45.072,05:40:45.072,45231.291,0x82,0x00,True,-179.27,3.1,-38.85,0,37.99
05:40:55.073,05:40:55.073,45241.292,0x82,0x00,True,-179.24,3.07,-38.85,0,38.02
05:41:05.072,05:41:05.072,45251.291,0x82,0x00,True,-179.21,3.1,-38.85,0,38.02
05:41:15.058,05:41:15.058,45261.277,0x82,0x00,True,-179.2,3.14,-38.85,0,37.95
05:41:25.069,05:41:25.069,45271.288,0x82,0x00,True,-179.23,3.16,-38.85,0,37.89
05:41:35.058,05:41:35.058,45281.277,0x82,0x00,True,-179.25,3.15,-38.85,0,37.9
05:41:45.042,05:41:45.042,45291.261,0x82,0x00,True,-179.26,3.13,-38.85,0,38.04
05:41:55.042,05:41:55.042,45301.261,0x82,0x00,True,-179.25,3.12,-38.83,0,37.99
05:42:05.043,05:42:05.043,45311.262,0x82,0x00,True,-179.23,3.12,-38.83,0,37.97
05:42:15.033,05:42:15.033,45321.252,0x82,0x00,True,-179.24,3.12,-38.83,0,37.91
05:42:25.032,05:42:25.032,45331.251,0x82,0x00,True,-179.24,3.12,-38.83,0,37.91
05:42:35.032,05:42:35.032,45341.251,0x82,0x00,True,-179.24,3.11,-38.83,0,37.87
05:42:45.023,05:42:45.023,45351.242,0x82,0x00,True,-179.23,3.11,-38.83,0,37.87
05:42:55.023,05:42:55.023,45361.242,0x82,0x00,True,-179.23,3.13,-38.83,0,37.81
05:43:05.013,05:43:05.013,45371.232,0x82,0x00,True,-179.24,3.14,-38.83,0,37.9
05:43:15.013,05:43:15.013,45381.232,0x82,0x00,True,-179.25,3.13,-38.83,0,37.8
05:43:25.013,05:43:25.013,45391.232,0x82,0x00,True,-179.25,3.13,-38.83,0,37.84
05:43:35.003,05:43:35.003,45401.222,0x82,0x00,True,-179.25,3.12,-38.83,0,37.81
05:43:45.002,05:43:45.002,45411.221,0x82,0x00,True,-179.24,3.12,-38.83,0,37.78
05:43:54.993,05:43:54.993,45421.212,0x82,0x00,True,-179.24,3.12,-38.83,0,37.79
05:44:04.993,05:44:04.993,45431.212,0x82,0x00,True,-179.24,3.13,-38.83,0,37.79
05:44:14.992,05:44:14.992,45441.211,0x82,0x00,True,-179.24,3.13,-38.83,0,37.8
05:44:24.993,05:44:24.993,45451.212,0x82,0x00,True,-179.25,3.12,-38.83,0,37.83
05:44:34.983,05:44:34.983,45461.202,0x82,0x00,True,-179.25,3.11,-38.83,0,37.74
05:44:44.978,05:44:44.978,45471.197,0x82,0x00,True,-179.24,3.11,-38.83,0,37.74
05:44:54.987,05:44:54.987,45481.206,0x82,0x00,True,-179.23,3.12,-38.83,0,37.78
05:45:04.978,05:45:04.978,45491.197,0x82,0x00,True,-179.24,3.13,-38.83,0,37.73
05:45:14.963,05:45:14.963,45501.182,0x82,0x00,True,-179.24,3.12,-38.83,0,37.78
05:45:24.963,05:45:24.963,45511.182,0x82,0x00,True,-179.23,3.13,-38.83,0,37.8
05:45:34.953,05:45:34.953,45521.172,0x82,0x00,True,-179.24,3.14,-38.83,0,37.8
05:45:44.952,05:45:44.952,45531.171,0x82,0x00,True,-179.25,3.14,-38.83,0,37.89
05:45:54.943,05:45:54.943,45541.162,0x82,0x00,True,-179.27,3.13,-38.83,0,37.81
05:46:04.962,05:46:04.962,45551.181,0x82,0x00,True,-179.26,3.1,-38.83,0,37.74
05:46:14.933,05:46:14.933,45561.152,0x82,0x00,True,-179.22,3.11,-38.83,0,37.83
05:46:24.933,05:46:24.933,45571.152,0x82,0x00,True,-179.23,3.14,-38.83,0,37.83
05:46:34.923,05:46:34.923,45581.142,0x82,0x00,True,-179.26,3.14,-38.83,0,37.85
05:46:44.923,05:46:44.923,45591.142,0x82,0x00,True,-179.27,3.11,-38.83,0,37.79
05:46:54.922,05:46:54.922,45601.141,0x82,0x00,True,-179.25,3.1,-38.83,0,37.8
05:47:04.912,05:47:04.912,45611.131,0x82,0x00,True,-179.24,3.1,-38.83,0,37.82
05:47:14.913,05:47:14.913,45621.132,0x82,0x00,True,-179.24,3.11,-38.83,0,37.85
05:47:24.912,05:47:24.912,45631.131,0x82,0x00,True,-179.25,3.12,-38.83,0,37.85
05:47:34.913,05:47:34.913,45641.132,0x82,0x00,True,-179.25,3.1,-38.83,0,37.9
05:47:44.898,05:47:44.898,45651.117,0x82,0x00,True,-179.24,3.1,-38.83,0,37.88
05:47:54.907,05:47:54.907,45661.126,0x82,0x00,True,-179.22,3.11,-38.83,0,37.9
05:48:04.882,05:48:04.882,45671.101,0x82,0x00,True,-179.22,3.14,-38.83,0,37.9
05:48:14.881,05:48:14.881,45681.1,0x82,0x00,True,-179.25,3.15,-38.83,0,37.94
05:48:24.883,05:48:24.883,45691.102,0x82,0x00,True,-179.26,3.12,-38.83,0,37.96
05:48:34.873,05:48:34.873,45701.092,0x82,0x00,True,-179.25,3.1,-38.83,0,37.94
05:48:44.873,05:48:44.873,45711.092,0x82,0x00,True,-179.23,3.1,-38.83,0,37.94
05:48:54.863,05:48:54.863,45721.082,0x82,0x00,True,-179.21,3.13,-38.83,0,37.92
05:49:04.863,05:49:04.863,45731.082,0x82,0x00,True,-179.23,3.15,-38.83,0,37.97
05:49:14.862,05:49:14.862,45741.081,0x82,0x00,True,-179.26,3.15,-38.83,0,38.0
05:49:24.852,05:49:24.852,45751.071,0x82,0x00,True,-179.28,3.12,-38.83,0,37.94
05:49:34.842,05:49:34.842,45761.061,0x82,0x00,True,-179.26,3.09,-38.83,0,37.9
05:49:44.863,05:49:44.863,45771.082,0x82,0x00,True,-179.23,3.09,-38.83,0,37.95
05:49:54.843,05:49:54.843,45781.062,0x82,0x00,True,-179.22,3.12,-38.83,0,37.98
05:50:04.843,05:50:04.843,45791.062,0x82,0x00,True,-179.23,3.14,-38.83,0,38.08
05:50:14.843,05:50:14.843,45801.062,0x82,0x00,True,-179.25,3.13,-38.83,0,37.99
05:50:24.833,05:50:24.833,45811.052,0x82,0x00,True,-179.26,3.11,-38.83,0,38.05
05:50:34.833,05:50:34.833,45821.052,0x82,0x00,True,-179.24,3.11,-38.83,0,38.04
05:50:44.842,05:50:44.842,45831.061,0x82,0x00,True,-179.23,3.11,-38.83,0,38.0
05:50:54.832,05:50:54.832,45841.051,0x82,0x00,True,-179.23,3.11,-38.83,0,37.96
05:51:04.878,05:51:04.878,45851.097,0x82,0x00,True,-179.23,3.12,-38.83,0,38.08
05:51:14.818,05:51:14.818,45861.037,0x82,0x00,True,-179.25,3.11,-38.83,0,38.05
05:51:24.818,05:51:24.818,45871.037,0x82,0x00,True,-179.25,3.1,-38.83,0,38.04
05:51:34.818,05:51:34.818,45881.037,0x82,0x00,True,-179.24,3.1,-38.83,0,38.02
05:51:44.822,05:51:44.822,45891.041,0x82,0x00,True,-179.24,3.1,-38.83,0,38.07
05:51:54.822,05:51:54.822,45901.041,0x82,0x00,True,-179.23,3.11,-38.83,0,37.98
05:52:04.803,05:52:04.803,45911.022,0x82,0x00,True,-179.24,3.12,-38.83,0,37.99
05:52:14.793,05:52:14.793,45921.012,0x82,0x00,True,-179.23,3.12,-38.83,0,38.08
05:52:24.782,05:52:24.782,45931.001,0x82,0x00,True,-179.24,3.12,-38.83,0,37.99
05:52:34.827,05:52:34.827,45941.046,0x82,0x00,True,-179.25,3.12,-38.83,0,37.99
05:52:44.782,05:52:44.782,45951.001,0x82,0x00,True,-179.26,3.1,-38.83,0,38.0
05:52:54.773,05:52:54.773,45960.992,0x82,0x00,True,-179.25,3.08,-38.84,0,38.05
05:53:04.773,05:53:04.773,45970.992,0x82,0x00,True,-179.22,3.09,-38.84,0,37.98
05:53:14.762,05:53:14.762,45980.981,0x82,0x00,True,-179.22,3.12,-38.84,0,38.03
05:53:24.763,05:53:24.763,45990.982,0x82,0x00,True,-179.25,3.12,-38.84,0,37.99
05:53:34.763,05:53:34.763,46000.982,0x82,0x00,True,-179.25,3.11,-38.84,0,37.99
05:53:44.752,05:53:44.752,46010.971,0x82,0x00,True,-179.26,3.1,-38.84,0,38.04
05:53:54.752,05:53:54.752,46020.971,0x82,0x00,True,-179.23,3.1,-38.84,0,38.08
05:54:04.752,05:54:04.752,46030.971,0x82,0x00,True,-179.22,3.11,-38.84,0,38.05
05:54:14.818,05:54:14.818,46041.037,0x82,0x00,True,-179.22,3.13,-38.84,0,38.03
05:54:24.773,05:54:24.773,46050.992,0x82,0x00,True,-179.23,3.15,-38.84,0,38.02
05:54:34.737,05:54:34.737,46060.956,0x82,0x00,True,-179.25,3.14,-38.84,0,38.03
05:54:44.738,05:54:44.738,46070.957,0x82,0x00,True,-179.26,3.12,-38.84,0,38.02
05:54:54.738,05:54:54.738,46080.957,0x82,0x00,True,-179.25,3.11,-38.84,0,38.05
05:55:04.742,05:55:04.742,46090.961,0x82,0x00,True,-179.24,3.1,-38.84,0,38.09
05:55:14.742,05:55:14.742,46100.961,0x82,0x00,True,-179.22,3.11,-38.84,0,38.02
05:55:24.712,05:55:24.712,46110.931,0x82,0x00,True,-179.23,3.13,-38.84,0,38.08
05:55:34.712,05:55:34.712,46120.931,0x82,0x00,True,-179.24,3.13,-38.84,0,38.08
05:55:44.713,05:55:44.713,46130.932,0x82,0x00,True,-179.26,3.12,-38.84,0,38.03
05:55:54.713,05:55:54.713,46140.932,0x82,0x00,True,-179.24,3.1,-38.84,0,38.05
05:56:04.712,05:56:04.712,46150.931,0x82,0x00,True,-179.23,3.11,-38.84,0,38.14
05:56:14.713,05:56:14.713,46160.932,0x82,0x00,True,-179.22,3.12,-38.84,0,38.06
05:56:24.693,05:56:24.693,46170.912,0x82,0x00,True,-179.23,3.14,-38.84,0,38.07
05:56:34.712,05:56:34.712,46180.931,0x82,0x00,True,-179.25,3.14,-38.84,0,38.11
05:56:44.693,05:56:44.693,46190.912,0x82,0x00,True,-179.26,3.11,-38.84,0,38.06
05:56:54.683,05:56:54.683,46200.902,0x82,0x00,True,-179.26,3.09,-38.84,0,38.08
05:57:04.702,05:57:04.702,46210.921,0x82,0x00,True,-179.24,3.08,-38.84,0,38.08
05:57:14.693,05:57:14.693,46220.912,0x82,0x00,True,-179.22,3.1,-38.84,0,38.07
05:57:24.673,05:57:24.673,46230.892,0x82,0x00,True,-179.22,3.12,-38.84,0,38.08
05:57:34.672,05:57:34.672,46240.891,0x82,0x00,True,-179.24,3.14,-38.84,0,38.11
05:57:44.683,05:57:44.683,46250.902,0x82,0x00,True,-179.25,3.12,-38.84,0,38.13
05:57:54.702,05:57:54.702,46260.921,0x82,0x00,True,-179.26,3.11,-38.84,0,38.14
05:58:04.662,05:58:04.662,46270.881,0x82,0x00,True,-179.24,3.1,-38.84,0,38.09
05:58:14.662,05:58:14.662,46280.881,0x82,0x00,True,-179.23,3.11,-38.84,0,38.14
05:58:24.668,05:58:24.668,46290.887,0x82,0x00,True,-179.23,3.12,-38.84,0,38.17
05:58:34.658,05:58:34.658,46300.877,0x82,0x00,True,-179.22,3.13,-38.84,0,38.14
05:58:44.657,05:58:44.657,46310.876,0x82,0x00,True,-179.23,3.15,-38.84,0,38.15
05:58:54.662,05:58:54.662,46320.881,0x82,0x00,True,-179.25,3.13,-38.84,0,38.14
05:59:04.643,05:59:04.643,46330.862,0x82,0x00,True,-179.25,3.12,-38.84,0,38.08
05:59:14.642,05:59:14.642,46340.861,0x82,0x00,True,-179.24,3.11,-38.84,0,38.12
05:59:24.662,05:59:24.662,46350.881,0x82,0x00,True,-179.23,3.12,-38.84,0,38.21
05:59:34.632,05:59:34.632,46360.851,0x82,0x00,True,-179.23,3.14,-38.84,0,38.16
05:59:44.667,05:59:44.667,46370.886,0x82,0x00,True,-179.26,3.13,-38.84,0,38.17
05:59:54.622,05:59:54.622,46380.841,0x82,0x00,True,-179.24,3.12,-38.84,0,38.09
06:00:04.623,06:00:04.623,46390.842,0x82,0x00,True,-179.22,3.12,-38.84,0,38.19
06:00:14.613,06:00:14.613,46400.832,0x82,0x00,True,-179.22,3.15,-38.84,0,38.2
06:00:24.613,06:00:24.613,46410.832,0x82,0x00,True,-179.25,3.15,-38.84,0,38.3
06:00:34.633,06:00:34.633,46420.852,0x82,0x00,True,-179.26,3.12,-38.84,0,38.21
06:00:44.603,06:00:44.603,46430.822,0x82,0x00,True,-179.24,3.1,-38.84,0,38.17
06:00:54.603,06:00:54.603,46440.822,0x82,0x00,True,-179.22,3.11,-38.84,0,38.2
06:01:04.593,06:01:04.593,46450.812,0x82,0x00,True,-179.22,3.14,-38.84,0,38.29
06:01:14.592,06:01:14.592,46460.811,0x82,0x00,True,-179.24,3.14,-38.84,0,38.21
06:01:24.592,06:01:24.592,46470.811,0x82,0x00,True,-179.26,3.13,-38.84,0,38.29
06:01:34.592,06:01:34.592,46480.811,0x82,0x00,True,-179.25,3.12,-38.84,0,38.23
06:01:44.593,06:01:44.593,46490.812,0x82,0x00,True,-179.24,3.11,-38.84,0,38.3
06:01:54.593,06:01:54.593,46500.812,0x82,0x00,True,-179.22,3.12,-38.84,0,38.26
06:02:04.577,06:02:04.577,46510.796,0x82,0x00,True,-179.23,3.13,-38.84,0,38.29
06:02:14.577,06:02:14.577,46520.796,0x82,0x00,True,-179.25,3.12,-38.84,0,38.33
06:02:24.563,06:02:24.563,46530.782,0x82,0x00,True,-179.24,3.11,-38.84,0,38.36
06:02:34.563,06:02:34.563,46540.782,0x82,0x00,True,-179.23,3.12,-38.84,0,38.41
06:02:44.563,06:02:44.563,46550.782,0x82,0x00,True,-179.23,3.12,-38.84,0,38.34
06:02:54.553,06:02:54.553,46560.772,0x82,0x00,True,-179.23,3.12,-38.84,0,38.42
06:03:04.552,06:03:04.552,46570.771,0x82,0x00,True,-179.23,3.13,-38.84,0,38.45
06:03:14.543,06:03:14.543,46580.762,0x82,0x00,True,-179.24,3.13,-38.84,0,38.3
06:03:24.582,06:03:24.582,46590.801,0x82,0x00,True,-179.23,3.13,-38.84,0,38.36
06:03:34.542,06:03:34.542,46600.761,0x82,0x00,True,-179.23,3.14,-38.84,0,38.26
06:03:44.532,06:03:44.532,46610.751,0x82,0x00,True,-179.25,3.14,-38.84,0,38.43
06:03:54.532,06:03:54.532,46620.751,0x82,0x00,True,-179.24,3.13,-38.84,0,38.37
06:04:04.532,06:04:04.532,46630.751,0x82,0x00,True,-179.24,3.13,-38.84,0,38.4
06:04:14.532,06:04:14.532,46640.751,0x82,0x00,True,-179.24,3.13,-38.84,0,38.34
06:04:24.523,06:04:24.523,46650.742,0x82,0x00,True,-179.24,3.12,-38.84,0,38.37
06:04:34.521,06:04:34.521,46660.74,0x82,0x00,True,-179.23,3.13,-38.84,0,38.39
06:04:44.523,06:04:44.523,46670.742,0x82,0x00,True,-179.24,3.14,-38.84,0,38.37
06:04:54.513,06:04:54.513,46680.732,0x82,0x00,True,-179.26,3.13,-38.84,0,38.3
06:05:04.513,06:05:04.513,46690.732,0x82,0x00,True,-179.25,3.11,-38.84,0,38.51
06:05:14.523,06:05:14.523,46700.742,0x82,0x00,True,-179.24,3.1,-38.84,0,38.37
06:05:24.513,06:05:24.513,46710.732,0x82,0x00,True,-179.23,3.1,-38.84,0,38.36
06:05:34.523,06:05:34.523,46720.742,0x82,0x00,True,-179.22,3.12,-38.84,0,38.45
06:05:44.502,06:05:44.502,46730.721,0x82,0x00,True,-179.23,3.13,-38.84,0,38.44
06:05:54.503,06:05:54.503,46740.722,0x82,0x00,True,-179.24,3.14,-38.84,0,38.48
06:06:04.508,06:06:04.508,46750.727,0x82,0x00,True,-179.25,3.13,-38.84,0,38.38
06:06:14.508,06:06:14.508,46760.727,0x82,0x00,True,-179.25,3.12,-38.84,0,38.44
06:06:24.497,06:06:24.497,46770.716,0x82,0x00,True,-179.24,3.12,-38.84,0,38.54
06:06:34.483,06:06:34.483,46780.702,0x82,0x00,True,-179.24,3.11,-38.84,0,38.54
06:06:44.483,06:06:44.483,46790.702,0x82,0x00,True,-179.23,3.12,-38.84,0,38.47
06:06:54.483,06:06:54.483,46800.702,0x82,0x00,True,-179.23,3.13,-38.84,0,38.54
06:07:04.483,06:07:04.483,46810.702,0x82,0x00,True,-179.25,3.14,-38.84,0,38.68
06:07:14.472,06:07:14.472,46820.691,0x82,0x00,True,-179.26,3.12,-38.84,0,38.67
06:07:24.473,06:07:24.473,46830.692,0x82,0x00,True,-179.24,3.12,-38.84,0,38.66
06:07:34.473,06:07:34.473,46840.692,0x82,0x00,True,-179.24,3.11,-38.84,0,38.71
06:07:44.462,06:07:44.462,46850.681,0x82,0x00,True,-179.23,3.13,-38.84,0,38.63
06:07:54.462,06:07:54.462,46860.681,0x82,0x00,True,-179.23,3.13,-38.84,0,38.66
06:08:04.462,06:08:04.462,46870.681,0x82,0x00,True,-179.24,3.14,-38.84,0,38.76
06:08:14.452,06:08:14.452,46880.671,0x82,0x00,True,-179.26,3.12,-38.84,0,38.75
06:08:24.453,06:08:24.453,46890.672,0x82,0x00,True,-179.25,3.1,-38.84,0,38.79
06:08:34.453,06:08:34.453,46900.672,0x82,0x00,True,-179.23,3.11,-38.84,0,38.78
06:08:44.443,06:08:44.443,46910.662,0x82,0x00,True,-179.22,3.12,-38.84,0,38.85
06:08:54.443,06:08:54.443,46920.662,0x82,0x00,True,-179.23,3.14,-38.84,0,38.82
06:09:04.443,06:09:04.443,46930.662,0x82,0x00,True,-179.25,3.14,-38.84,0,38.89
06:09:14.433,06:09:14.433,46940.652,0x82,0x00,True,-179.26,3.12,-38.84,0,38.88
06:09:24.433,06:09:24.433,46950.652,0x82,0x00,True,-179.24,3.11,-38.84,0,38.9
06:09:34.433,06:09:34.433,46960.652,0x82,0x00,True,-179.23,3.12,-38.84,0,38.92
06:09:44.432,06:09:44.432,46970.651,0x82,0x00,True,-179.24,3.12,-38.84,0,38.88
06:09:54.433,06:09:54.433,46980.652,0x82,0x00,True,-179.25,3.13,-38.84,0,38.94
06:10:04.433,06:10:04.433,46990.652,0x82,0x00,True,-179.25,3.12,-38.84,0,38.91
06:10:14.432,06:10:14.432,47000.651,0x82,0x00,True,-179.24,3.11,-38.84,0,38.98
06:10:24.417,06:10:24.417,47010.636,0x82,0x00,True,-179.23,3.12,-38.84,0,39.06
06:10:34.417,06:10:34.417,47020.636,0x82,0x00,True,-179.23,3.14,-38.84,0,39.0
06:10:44.418,06:10:44.418,47030.637,0x82,0x00,True,-179.24,3.14,-38.84,0,39.04
06:10:54.403,06:10:54.403,47040.622,0x82,0x00,True,-179.25,3.14,-38.84,0,39.0
06:11:04.403,06:11:04.403,47050.622,0x82,0x00,True,-179.25,3.13,-38.84,0,39.13
06:11:14.403,06:11:14.403,47060.622,0x82,0x00,True,-179.24,3.12,-38.84,0,39.17
06:11:24.403,06:11:24.403,47070.622,0x82,0x00,True,-179.23,3.13,-38.84,0,39.13
06:11:34.393,06:11:34.393,47080.612,0x82,0x00,True,-179.24,3.13,-38.84,0,39.09
06:11:44.393,06:11:44.393,47090.612,0x82,0x00,True,-179.24,3.13,-38.84,0,39.15
06:11:54.393,06:11:54.393,47100.612,0x82,0x00,True,-179.23,3.13,-38.84,0,39.13
06:12:04.382,06:12:04.382,47110.601,0x82,0x00,True,-179.24,3.13,-38.84,0,39.1
06:12:14.422,06:12:14.422,47120.641,0x82,0x00,True,-179.24,3.13,-38.84,0,39.08
06:12:24.383,06:12:24.383,47130.602,0x82,0x00,True,-179.24,3.13,-38.84,0,39.16
06:12:34.382,06:12:34.382,47140.601,0x82,0x00,True,-179.24,3.13,-38.84,0,39.1
06:12:44.383,06:12:44.383,47150.602,0x82,0x00,True,-179.24,3.13,-38.84,0,39.16
06:12:54.372,06:12:54.372,47160.591,0x82,0x00,True,-179.24,3.13,-38.84,0,39.12
06:13:04.372,06:13:04.372,47170.591,0x82,0x00,True,-179.24,3.13,-38.84,0,39.15
06:13:14.363,06:13:14.363,47180.582,0x82,0x00,True,-179.23,3.13,-38.84,0,39.19
06:13:24.362,06:13:24.362,47190.581,0x82,0x00,True,-179.23,3.14,-38.84,0,39.16
06:13:34.362,06:13:34.362,47200.581,0x82,0x00,True,-179.25,3.14,-38.84,0,39.19
06:13:44.353,06:13:44.353,47210.572,0x82,0x00,True,-179.25,3.13,-38.84,0,39.25
06:13:54.353,06:13:54.353,47220.572,0x82,0x00,True,-179.25,3.11,-38.84,0,39.19
06:14:04.353,06:14:04.353,47230.572,0x82,0x00,True,-179.23,3.12,-38.84,0,39.21
06:14:14.353,06:14:14.353,47240.572,0x82,0x00,True,-179.23,3.13,-38.84,0,39.24
06:14:24.353,06:14:24.353,47250.572,0x82,0x00,True,-179.24,3.13,-38.84,0,39.26
06:14:34.353,06:14:34.353,47260.572,0x82,0x00,True,-179.24,3.13,-38.84,0,39.29
06:14:44.353,06:14:44.353,47270.572,0x82,0x00,True,-179.25,3.13,-38.83,0,39.35
06:14:54.338,06:14:54.338,47280.557,0x82,0x00,True,-179.25,3.13,-38.83,0,39.32
06:15:04.338,06:15:04.338,47290.557,0x82,0x00,True,-179.24,3.12,-38.83,0,39.28
06:15:14.338,06:15:14.338,47300.557,0x82,0x00,True,-179.23,3.12,-38.83,0,39.28
06:15:24.348,06:15:24.348,47310.567,0x82,0x00,True,-179.23,3.13,-38.83,0,39.35
06:15:34.337,06:15:34.337,47320.556,0x82,0x00,True,-179.25,3.12,-38.83,0,39.31
06:15:44.313,06:15:44.313,47330.532,0x82,0x00,True,-179.23,3.12,-38.83,0,39.37
06:15:54.322,06:15:54.322,47340.541,0x82,0x00,True,-179.23,3.12,-38.83,0,39.32
06:16:04.322,06:16:04.322,47350.541,0x82,0x00,True,-179.23,3.13,-38.83,0,39.36
06:16:14.313,06:16:14.313,47360.532,0x82,0x00,True,-179.24,3.14,-38.83,0,39.41
06:16:24.313,06:16:24.313,47370.532,0x82,0x00,True,-179.25,3.14,-38.83,0,39.43
06:16:34.313,06:16:34.313,47380.532,0x82,0x00,True,-179.25,3.13,-38.83,0,39.45
06:16:44.342,06:16:44.342,47390.561,0x82,0x00,True,-179.25,3.12,-38.83,0,39.39
06:16:54.302,06:16:54.302,47400.521,0x82,0x00,True,-179.25,3.11,-38.83,0,39.45
06:17:04.303,06:17:04.303,47410.522,0x82,0x00,True,-179.22,3.12,-38.83,0,39.44
06:17:14.293,06:17:14.293,47420.512,0x82,0x00,True,-179.22,3.14,-38.83,0,39.43
06:17:24.293,06:17:24.293,47430.512,0x82,0x00,True,-179.24,3.15,-38.83,0,39.48
06:17:34.293,06:17:34.293,47440.512,0x82,0x00,True,-179.25,3.14,-38.83,0,39.42
06:17:44.293,06:17:44.293,47450.512,0x82,0x00,True,-179.25,3.13,-38.83,0,39.43
06:17:54.283,06:17:54.283,47460.502,0x82,0x00,True,-179.24,3.13,-38.83,0,39.56
06:18:04.282,06:18:04.282,47470.501,0x82,0x00,True,-179.23,3.13,-38.83,0,39.57
06:18:14.282,06:18:14.282,47480.501,0x82,0x00,True,-179.23,3.13,-38.83,0,39.46
06:18:24.282,06:18:24.282,47490.501,0x82,0x00,True,-179.24,3.13,-38.83,0,39.59
06:18:34.258,06:18:34.258,47500.477,0x82,0x00,True,-179.25,3.12,-38.83,0,39.53
06:18:44.273,06:18:44.273,47510.492,0x82,0x00,True,-179.24,3.11,-38.83,0,39.63
06:18:54.273,06:18:54.273,47520.492,0x82,0x00,True,-179.23,3.12,-38.83,0,39.65
06:19:04.273,06:19:04.273,47530.492,0x82,0x00,True,-179.22,3.14,-38.83,0,39.55
06:19:14.273,06:19:14.273,47540.492,0x82,0x00,True,-179.25,3.14,-38.83,0,39.54
06:19:24.273,06:19:24.273,47550.492,0x82,0x00,True,-179.26,3.13,-38.83,0,39.59
06:19:34.262,06:19:34.262,47560.481,0x82,0x00,True,-179.25,3.11,-38.83,0,39.56
06:19:44.242,06:19:44.242,47570.461,0x82,0x00,True,-179.22,3.11,-38.83,0,39.64
06:19:54.258,06:19:54.258,47580.477,0x82,0x00,True,-179.21,3.12,-38.83,0,39.56
06:20:04.258,06:20:04.258,47590.477,0x82,0x00,True,-179.22,3.15,-38.83,0,39.53
06:20:14.268,06:20:14.268,47600.487,0x82,0x00,True,-179.25,3.14,-38.83,0,39.63
06:20:24.257,06:20:24.257,47610.476,0x82,0x00,True,-179.26,3.13,-38.83,0,39.63
06:20:34.242,06:20:34.242,47620.461,0x82,0x00,True,-179.24,3.11,-38.83,0,39.6
06:20:44.242,06:20:44.242,47630.461,0x82,0x00,True,-179.22,3.12,-38.83,0,39.72
06:20:54.263,06:20:54.263,47640.482,0x82,0x00,True,-179.22,3.14,-38.83,0,39.6
06:21:04.242,06:21:04.242,47650.461,0x82,0x00,True,-179.23,3.14,-38.83,0,39.56
06:21:14.263,06:21:14.263,47660.482,0x82,0x00,True,-179.25,3.14,-38.83,0,39.62
06:21:24.242,06:21:24.242,47670.461,0x82,0x00,True,-179.24,3.12,-38.83,0,39.62
06:21:34.233,06:21:34.233,47680.452,0x82,0x00,True,-179.24,3.12,-38.83,0,39.62
06:21:44.233,06:21:44.233,47690.452,0x82,0x00,True,-179.23,3.12,-38.83,0,39.64
06:21:54.233,06:21:54.233,47700.452,0x82,0x00,True,-179.22,3.14,-38.83,0,39.62
06:22:04.233,06:22:04.233,47710.452,0x82,0x00,True,-179.22,3.15,-38.83,0,39.72
06:22:14.233,06:22:14.233,47720.452,0x82,0x00,True,-179.24,3.14,-38.83,0,39.59
06:22:24.223,06:22:24.223,47730.442,0x82,0x00,True,-179.27,3.12,-38.83,0,39.69
06:22:34.223,06:22:34.223,47740.442,0x82,0x00,True,-179.27,3.08,-38.83,0,39.63
06:22:44.223,06:22:44.223,47750.442,0x82,0x00,True,-179.23,3.07,-38.83,0,39.66
06:22:54.222,06:22:54.222,47760.441,0x82,0x00,True,-179.21,3.09,-38.83,0,39.76
06:23:04.223,06:23:04.223,47770.442,0x82,0x00,True,-179.22,3.11,-38.83,0,39.76
06:23:14.223,06:23:14.223,47780.442,0x82,0x00,True,-179.24,3.13,-38.83,0,39.77
06:23:24.222,06:23:24.222,47790.441,0x82,0x00,True,-179.26,3.11,-38.83,0,39.81
06:23:34.212,06:23:34.212,47800.431,0x82,0x00,True,-179.25,3.08,-38.83,0,39.83
06:23:44.213,06:23:44.213,47810.432,0x82,0x00,True,-179.24,3.07,-38.83,0,39.74
06:23:54.213,06:23:54.213,47820.432,0x82,0x00,True,-179.21,3.08,-38.83,0,39.81
06:24:04.212,06:24:04.212,47830.431,0x82,0x00,True,-179.21,3.11,-38.83,0,39.85
06:24:14.212,06:24:14.212,47840.431,0x82,0x00,True,-179.23,3.12,-38.83,0,39.85
06:24:24.212,06:24:24.212,47850.431,0x82,0x00,True,-179.26,3.11,-38.83,0,39.9
06:24:34.202,06:24:34.202,47860.421,0x82,0x00,True,-179.26,3.08,-38.83,0,39.83
06:24:44.203,06:24:44.203,47870.422,0x82,0x00,True,-179.23,3.07,-38.83,0,39.89
06:24:54.212,06:24:54.212,47880.431,0x82,0x00,True,-179.21,3.09,-38.83,0,39.91
06:25:04.212,06:25:04.212,47890.431,0x82,0x00,True,-179.22,3.12,-38.83,0,39.9
06:25:14.202,06:25:14.202,47900.421,0x82,0x00,True,-179.25,3.12,-38.83,0,39.97
06:25:24.202,06:25:24.202,47910.421,0x82,0x00,True,-179.26,3.09,-38.83,0,39.93
06:25:34.202,06:25:34.202,47920.421,0x82,0x00,True,-179.24,3.08,-38.83,0,39.93
06:25:44.183,06:25:44.183,47930.402,0x82,0x00,True,-179.23,3.08,-38.83,0,40.05
06:25:54.193,06:25:54.193,47940.412,0x82,0x00,True,-179.21,3.1,-38.83,0,40.01
06:26:04.193,06:26:04.193,47950.412,0x82,0x00,True,-179.23,3.11,-38.83,0,40.01
06:26:14.193,06:26:14.193,47960.412,0x82,0x00,True,-179.25,3.1,-38.83,0,40.02
06:26:24.202,06:26:24.202,47970.421,0x82,0x00,True,-179.25,3.08,-38.83,0,40.06
06:26:34.193,06:26:34.193,47980.412,0x82,0x00,True,-179.24,3.07,-38.83,0,40.02
06:26:44.193,06:26:44.193,47990.412,0x82,0x00,True,-179.23,3.09,-38.83,0,39.97
06:26:54.193,06:26:54.193,48000.412,0x82,0x00,True,-179.23,3.09,-38.83,0,40.08
06:27:04.193,06:27:04.193,48010.412,0x82,0x00,True,-179.23,3.1,-38.83,0,40.05
06:27:14.177,06:27:14.177,48020.396,0x82,0x00,True,-179.23,3.09,-38.83,0,40.08
06:27:24.178,06:27:24.178,48030.397,0x82,0x00,True,-179.24,3.09,-38.83,0,40.03
06:27:34.178,06:27:34.178,48040.397,0x82,0x00,True,-179.25,3.08,-38.83,0,40.08
06:27:44.178,06:27:44.178,48050.397,0x82,0x00,True,-179.24,3.08,-38.83,0,40.05
06:27:54.162,06:27:54.162,48060.381,0x82,0x00,True,-179.23,3.09,-38.83,0,40.08
06:28:04.162,06:28:04.162,48070.381,0x82,0x00,True,-179.22,3.1,-38.83,0,40.15
06:28:14.182,06:28:14.182,48080.401,0x82,0x00,True,-179.24,3.11,-38.83,0,40.16
06:28:24.162,06:28:24.162,48090.381,0x82,0x00,True,-179.24,3.1,-38.83,0,40.09
06:28:34.163,06:28:34.163,48100.382,0x82,0x00,True,-179.24,3.09,-38.83,0,40.16
06:28:44.168,06:28:44.168,48110.387,0x82,0x00,True,-179.24,3.09,-38.83,0,40.15
06:28:54.153,06:28:54.153,48120.372,0x82,0x00,True,-179.23,3.08,-38.83,0,40.2
06:29:04.153,06:29:04.153,48130.372,0x82,0x00,True,-179.21,3.09,-38.83,0,40.25
06:29:14.153,06:29:14.153,48140.372,0x82,0x00,True,-179.23,3.11,-38.83,0,40.3
06:29:24.143,06:29:24.143,48150.362,0x82,0x00,True,-179.24,3.1,-38.83,0,40.23
06:29:34.143,06:29:34.143,48160.362,0x82,0x00,True,-179.24,3.1,-38.83,0,40.18
06:29:44.188,06:29:44.188,48170.407,0x82,0x00,True,-179.23,3.09,-38.83,0,40.34
06:29:54.143,06:29:54.143,48180.362,0x82,0x00,True,-179.23,3.1,-38.83,0,40.33
06:30:04.133,06:30:04.133,48190.352,0x82,0x00,True,-179.24,3.1,-38.83,0,40.31
06:30:14.162,06:30:14.162,48200.381,0x82,0x00,True,-179.23,3.1,-38.83,0,40.32
06:30:24.143,06:30:24.143,48210.362,0x82,0x00,True,-179.24,3.1,-38.83,0,40.3
06:30:34.133,06:30:34.133,48220.352,0x82,0x00,True,-179.23,3.09,-38.83,0,40.38
06:30:44.122,06:30:44.122,48230.341,0x82,0x00,True,-179.24,3.09,-38.83,0,40.34
06:30:54.133,06:30:54.133,48240.352,0x82,0x00,True,-179.23,3.1,-38.83,0,40.33
06:31:04.123,06:31:04.123,48250.342,0x82,0x00,True,-179.23,3.1,-38.83,0,40.35
06:31:14.122,06:31:14.122,48260.341,0x82,0x00,True,-179.23,3.1,-38.83,0,40.36
06:31:24.122,06:31:24.122,48270.341,0x82,0x00,True,-179.23,3.11,-38.83,0,40.36
06:31:34.113,06:31:34.113,48280.332,0x82,0x00,True,-179.25,3.09,-38.83,0,40.41
06:31:44.113,06:31:44.113,48290.332,0x82,0x00,True,-179.23,3.09,-38.83,0,40.39
06:31:54.112,06:31:54.112,48300.331,0x82,0x00,True,-179.23,3.09,-38.83,0,40.37
06:32:04.122,06:32:04.122,48310.341,0x82,0x00,True,-179.23,3.09,-38.83,0,40.37
06:32:14.123,06:32:14.123,48320.342,0x82,0x00,True,-179.24,3.08,-38.83,0,40.36
06:32:24.143,06:32:24.143,48330.362,0x82,0x00,True,-179.22,3.09,-38.83,0,40.35
06:32:34.113,06:32:34.113,48340.332,0x82,0x00,True,-179.22,3.11,-38.83,0,40.36
06:32:44.122,06:32:44.122,48350.341,0x82,0x00,True,-179.22,3.12,-38.83,0,40.33
06:32:54.113,06:32:54.113,48360.332,0x82,0x00,True,-179.25,3.11,-38.83,0,40.38
06:33:04.098,06:33:04.098,48370.317,0x82,0x00,True,-179.24,3.1,-38.83,0,40.39
06:33:14.108,06:33:14.108,48380.327,0x82,0x00,True,-179.24,3.09,-38.83,0,40.38
06:33:24.108,06:33:24.108,48390.327,0x82,0x00,True,-179.23,3.08,-38.83,0,40.38
06:33:34.108,06:33:34.108,48400.327,0x82,0x00,True,-179.21,3.1,-38.83,0,40.38
06:33:44.098,06:33:44.098,48410.317,0x82,0x00,True,-179.22,3.12,-38.83,0,40.4
06:33:54.083,06:33:54.083,48420.302,0x82,0x00,True,-179.25,3.11,-38.83,0,40.39
06:34:04.083,06:34:04.083,48430.302,0x82,0x00,True,-179.25,3.09,-38.83,0,40.37
06:34:14.108,06:34:14.108,48440.327,0x82,0x00,True,-179.24,3.07,-38.83,0,40.38
06:34:24.083,06:34:24.083,48450.302,0x82,0x00,True,-179.23,3.08,-38.83,0,40.31
06:34:34.082,06:34:34.082,48460.301,0x82,0x00,True,-179.23,3.09,-38.83,0,40.34
06:34:44.072,06:34:44.072,48470.291,0x82,0x00,True,-179.22,3.1,-38.83,0,40.24
06:34:54.072,06:34:54.072,48480.291,0x82,0x00,True,-179.22,3.12,-38.83,0,40.36
06:35:04.072,06:35:04.072,48490.291,0x82,0x00,True,-179.23,3.12,-38.83,0,40.36
06:35:14.072,06:35:14.072,48500.291,0x82,0x00,True,-179.25,3.11,-38.83,0,40.33
06:35:24.063,06:35:24.063,48510.282,0x82,0x00,True,-179.24,3.09,-38.83,0,40.32
06:35:34.072,06:35:34.072,48520.291,0x82,0x00,True,-179.24,3.09,-38.83,0,40.3
06:35:44.063,06:35:44.063,48530.282,0x82,0x00,True,-179.22,3.08,-38.83,0,40.36
06:35:54.064,06:35:54.064,48540.283,0x82,0x00,True,-179.22,3.09,-38.83,0,40.41
06:36:04.043,06:36:04.043,48550.262,0x82,0x00,True,-179.22,3.11,-38.83,0,40.39
06:36:14.052,06:36:14.052,48560.271,0x82,0x00,True,-179.23,3.11,-38.83,0,40.38
06:36:24.053,06:36:24.053,48570.272,0x82,0x00,True,-179.25,3.09,-38.83,0,40.34
06:36:34.053,06:36:34.053,48580.272,0x82,0x00,True,-179.24,3.08,-38.83,0,40.34
06:36:44.072,06:36:44.072,48590.291,0x82,0x00,True,-179.21,3.09,-38.83,0,40.33
06:36:54.053,06:36:54.053,48600.272,0x82,0x00,True,-179.19,3.13,-38.83,0,40.36
06:37:04.042,06:37:04.042,48610.261,0x82,0x00,True,-179.22,3.17,-38.83,0,40.33
06:37:14.042,06:37:14.042,48620.261,0x82,0x00,True,-179.25,3.16,-38.83,0,40.38
06:37:24.042,06:37:24.042,48630.261,0x82,0x00,True,-179.26,3.12,-38.83,0,40.35
06:37:34.063,06:37:34.063,48640.282,0x82,0x00,True,-179.24,3.1,-38.83,0,40.4
06:37:44.042,06:37:44.042,48650.261,0x82,0x00,True,-179.22,3.1,-38.83,0,40.38
06:37:54.043,06:37:54.043,48660.262,0x82,0x00,True,-179.2,3.11,-38.83,0,40.37
06:38:04.032,06:38:04.032,48670.251,0x82,0x00,True,-179.21,3.15,-38.83,0,40.36
06:38:14.032,06:38:14.032,48680.251,0x82,0x00,True,-179.24,3.16,-38.83,0,40.42
06:38:24.043,06:38:24.043,48690.262,0x82,0x00,True,-179.26,3.13,-38.83,0,40.42
06:38:34.031,06:38:34.031,48700.25,0x82,0x00,True,-179.25,3.11,-38.83,0,40.42
06:38:44.063,06:38:44.063,48710.282,0x82,0x00,True,-179.22,3.1,-38.83,0,40.43
06:38:54.032,06:38:54.032,48720.251,0x82,0x00,True,-179.22,3.12,-38.83,0,40.45
06:39:04.023,06:39:04.023,48730.242,0x82,0x00,True,-179.22,3.14,-38.83,0,40.43
06:39:14.028,06:39:14.028,48740.247,0x82,0x00,True,-179.25,3.12,-38.83,0,40.42
06:39:24.028,06:39:24.028,48750.247,0x82,0x00,True,-179.25,3.11,-38.83,0,40.45
06:39:34.018,06:39:34.018,48760.237,0x82,0x00,True,-179.21,3.11,-38.83,0,40.47
06:39:44.028,06:39:44.028,48770.247,0x82,0x00,True,-179.21,3.14,-38.83,0,40.52
06:39:54.003,06:39:54.003,48780.222,0x82,0x00,True,-179.24,3.14,-38.83,0,40.54
06:40:04.003,06:40:04.003,48790.222,0x82,0x00,True,-179.25,3.14,-38.83,0,40.57
06:40:14.002,06:40:14.002,48800.221,0x82,0x00,True,-179.24,3.12,-38.83,0,40.51
06:40:24.028,06:40:24.028,48810.247,0x82,0x00,True,-179.24,3.11,-38.83,0,40.49
06:40:33.992,06:40:33.992,48820.211,0x82,0x00,True,-179.22,3.11,-38.83,0,40.55
06:40:43.992,06:40:43.992,48830.211,0x82,0x00,True,-179.24,3.11,-38.83,0,40.6
06:40:54.003,06:40:54.003,48840.222,0x82,0x00,True,-179.26,3.09,-38.83,0,40.54
06:41:04.002,06:41:04.002,48850.221,0x82,0x00,True,-179.25,3.06,-38.83,0,40.51
06:41:13.992,06:41:13.992,48860.211,0x82,0x00,True,-179.22,3.06,-38.83,0,40.58
06:41:23.992,06:41:23.992,48870.211,0x82,0x00,True,-179.21,3.08,-38.83,0,40.53
06:41:33.983,06:41:33.983,48880.202,0x82,0x00,True,-179.23,3.1,-38.83,0,40.53
06:41:43.983,06:41:43.983,48890.202,0x82,0x00,True,-179.22,3.11,-38.83,0,40.64
06:41:53.973,06:41:53.973,48900.192,0x82,0x00,True,-179.21,3.12,-38.83,0,40.54
06:42:03.973,06:42:03.973,48910.192,0x82,0x00,True,-179.21,3.14,-38.83,0,40.6
06:42:13.973,06:42:13.973,48920.192,0x82,0x00,True,-179.22,3.15,-38.83,0,40.67
06:42:23.973,06:42:23.973,48930.192,0x82,0x00,True,-179.25,3.13,-38.83,0,40.65
06:42:33.973,06:42:33.973,48940.192,0x82,0x00,True,-179.25,3.11,-38.83,0,40.67
06:42:43.963,06:42:43.963,48950.182,0x82,0x00,True,-179.23,3.11,-38.83,0,40.68
06:42:53.962,06:42:53.962,48960.181,0x82,0x00,True,-179.22,3.12,-38.83,0,40.68
06:43:03.962,06:43:03.962,48970.181,0x82,0x00,True,-179.23,3.14,-38.83,0,40.71
06:43:13.963,06:43:13.963,48980.182,0x82,0x00,True,-179.25,3.13,-38.83,0,40.62
06:43:23.952,06:43:23.952,48990.171,0x82,0x00,True,-179.24,3.11,-38.83,0,40.64
06:43:33.952,06:43:33.952,49000.171,0x82,0x00,True,-179.24,3.11,-38.83,0,40.67
06:43:43.962,06:43:43.962,49010.181,0x82,0x00,True,-179.23,3.11,-38.83,0,40.7
06:43:53.952,06:43:53.952,49020.171,0x82,0x00,True,-179.22,3.13,-38.83,0,40.72
06:44:03.952,06:44:03.952,49030.171,0x82,0x00,True,-179.23,3.14,-38.83,0,40.81
06:44:13.952,06:44:13.952,49040.171,0x82,0x00,True,-179.25,3.13,-38.83,0,40.82
06:44:23.973,06:44:23.973,49050.192,0x82,0x00,True,-179.25,3.11,-38.83,0,40.81
06:44:33.943,06:44:33.943,49060.162,0x82,0x00,True,-179.23,3.11,-38.83,0,40.79
06:44:43.952,06:44:43.952,49070.171,0x82,0x00,True,-179.22,3.13,-38.83,0,40.72
06:44:53.948,06:44:53.948,49080.167,0x82,0x00,True,-179.23,3.13,-38.83,0,40.77
06:45:03.947,06:45:03.947,49090.166,0x82,0x00,True,-179.25,3.12,-38.83,0,40.79
06:45:13.938,06:45:13.938,49100.157,0x82,0x00,True,-179.23,3.11,-38.83,0,40.82
06:45:23.947,06:45:23.947,49110.166,0x82,0x00,True,-179.22,3.12,-38.83,0,40.76
06:45:33.922,06:45:33.922,49120.141,0x82,0x00,True,-179.22,3.12,-38.83,0,40.76
06:45:43.923,06:45:43.923,49130.142,0x82,0x00,True,-179.22,3.14,-38.83,0,40.78
06:45:53.923,06:45:53.923,49140.142,0x82,0x00,True,-179.23,3.14,-38.83,0,40.79
06:46:03.922,06:46:03.922,49150.141,0x82,0x00,True,-179.25,3.12,-38.83,0,40.69
06:46:13.923,06:46:13.923,49160.142,0x82,0x00,True,-179.24,3.11,-38.83,0,40.69
06:46:23.947,06:46:23.947,49170.166,0x82,0x00,True,-179.23,3.1,-38.83,0,40.74
06:46:33.913,06:46:33.913,49180.132,0x82,0x00,True,-179.2,3.12,-38.83,0,40.71
06:46:43.912,06:46:43.912,49190.131,0x82,0x00,True,-179.2,3.15,-38.83,0,40.76
06:46:53.922,06:46:53.922,49200.141,0x82,0x00,True,-179.23,3.17,-38.83,0,40.82
06:47:03.913,06:47:03.913,49210.132,0x82,0x00,True,-179.26,3.15,-38.83,0,40.77
06:47:13.912,06:47:13.912,49220.131,0x82,0x00,True,-179.26,3.11,-38.83,0,40.82
06:47:23.903,06:47:23.903,49230.122,0x82,0x00,True,-179.23,3.1,-38.83,0,40.82
06:47:33.903,06:47:33.903,49240.122,0x82,0x00,True,-179.2,3.12,-38.83,0,40.84
06:47:43.923,06:47:43.923,49250.142,0x82,0x00,True,-179.21,3.14,-38.83,0,40.76
06:47:53.912,06:47:53.912,49260.131,0x82,0x00,True,-179.24,3.14,-38.83,0,40.83
06:48:03.903,06:48:03.903,49270.122,0x82,0x00,True,-179.24,3.13,-38.83,0,40.75
06:48:13.903,06:48:13.903,49280.122,0x82,0x00,True,-179.24,3.13,-38.83,0,40.73
06:48:23.903,06:48:23.903,49290.122,0x82,0x00,True,-179.22,3.12,-38.83,0,40.76
06:48:33.893,06:48:33.893,49300.112,0x82,0x00,True,-179.22,3.13,-38.83,0,40.7
06:48:43.893,06:48:43.893,49310.112,0x82,0x00,True,-179.24,3.13,-38.83,0,40.64
06:48:53.893,06:48:53.893,49320.112,0x82,0x00,True,-179.24,3.13,-38.83,0,40.72
06:49:03.893,06:49:03.893,49330.112,0x82,0x00,True,-179.23,3.12,-38.83,0,40.6
06:49:13.893,06:49:13.893,49340.112,0x82,0x00,True,-179.22,3.14,-38.83,0,40.73
06:49:23.882,06:49:23.882,49350.101,0x82,0x00,True,-179.23,3.15,-38.83,0,40.68
06:49:33.883,06:49:33.883,49360.102,0x82,0x00,True,-179.24,3.14,-38.83,0,40.71
06:49:43.883,06:49:43.883,49370.102,0x82,0x00,True,-179.25,3.13,-38.83,0,40.72
06:49:53.883,06:49:53.883,49380.102,0x82,0x00,True,-179.24,3.11,-38.83,0,40.7
06:50:03.947,06:50:03.947,49390.166,0x82,0x00,True,-179.23,3.11,-38.83,0,40.64
06:50:13.872,06:50:13.872,49400.091,0x82,0x00,True,-179.22,3.12,-38.83,0,40.71
06:50:23.872,06:50:23.872,49410.091,0x82,0x00,True,-179.22,3.12,-38.83,0,40.73
06:50:33.893,06:50:33.893,49420.112,0x82,0x00,True,-179.22,3.13,-38.83,0,40.7
06:50:43.883,06:50:43.883,49430.102,0x82,0x00,True,-179.22,3.14,-38.83,0,40.76
06:50:53.872,06:50:53.872,49440.091,0x82,0x00,True,-179.23,3.13,-38.83,0,40.69
06:51:03.873,06:51:03.873,49450.092,0x82,0x00,True,-179.24,3.13,-38.83,0,40.73
06:51:13.872,06:51:13.872,49460.091,0x82,0x00,True,-179.23,3.12,-38.83,0,40.71
06:51:23.872,06:51:23.872,49470.091,0x82,0x00,True,-179.23,3.12,-38.83,0,40.75
06:51:33.872,06:51:33.872,49480.091,0x82,0x00,True,-179.22,3.13,-38.83,0,40.73
06:51:43.858,06:51:43.858,49490.077,0x82,0x00,True,-179.22,3.13,-38.83,0,40.7
06:51:53.858,06:51:53.858,49500.077,0x82,0x00,True,-179.23,3.14,-38.83,0,40.79
06:52:03.867,06:52:03.867,49510.086,0x82,0x00,True,-179.24,3.12,-38.83,0,40.84
06:52:13.867,06:52:13.867,49520.086,0x82,0x00,True,-179.23,3.11,-38.83,0,40.85
06:52:23.867,06:52:23.867,49530.086,0x82,0x00,True,-179.22,3.11,-38.83,0,40.87
06:52:33.843,06:52:33.843,49540.062,0x82,0x00,True,-179.22,3.13,-38.83,0,40.83
06:52:43.842,06:52:43.842,49550.061,0x82,0x00,True,-179.23,3.12,-38.83,0,40.87
06:52:53.842,06:52:53.842,49560.061,0x82,0x00,True,-179.24,3.11,-38.83,0,40.87
06:53:03.843,06:53:03.843,49570.062,0x82,0x00,True,-179.23,3.1,-38.83,0,40.88
06:53:13.843,06:53:13.843,49580.062,0x82,0x00,True,-179.22,3.11,-38.83,0,40.89
06:53:23.867,06:53:23.867,49590.086,0x82,0x00,True,-179.22,3.12,-38.83,0,40.91
06:53:33.832,06:53:33.832,49600.051,0x82,0x00,True,-179.22,3.12,-38.83,0,40.91
06:53:43.832,06:53:43.832,49610.051,0x82,0x00,True,-179.23,3.13,-38.83,0,40.78
06:53:53.832,06:53:53.832,49620.051,0x82,0x00,True,-179.24,3.12,-38.83,0,40.88
06:54:03.833,06:54:03.833,49630.052,0x82,0x00,True,-179.23,3.11,-38.83,0,40.84
06:54:13.822,06:54:13.822,49640.041,0x82,0x00,True,-179.22,3.11,-38.83,0,40.91
06:54:23.822,06:54:23.822,49650.041,0x82,0x00,True,-179.22,3.12,-38.83,0,40.85
06:54:33.843,06:54:33.843,49660.062,0x82,0x00,True,-179.22,3.13,-38.83,0,40.89
06:54:43.822,06:54:43.822,49670.041,0x82,0x00,True,-179.23,3.13,-38.83,0,40.87
06:54:53.834,06:54:53.834,49680.053,0x82,0x00,True,-179.24,3.12,-38.83,0,40.93
06:55:03.842,06:55:03.842,49690.061,0x82,0x00,True,-179.23,3.1,-38.83,0,40.96
06:55:13.813,06:55:13.813,49700.032,0x82,0x00,True,-179.21,3.11,-38.83,0,40.97
06:55:23.813,06:55:23.813,49710.032,0x82,0x00,True,-179.21,3.13,-38.83,0,40.89
06:55:33.813,06:55:33.813,49720.032,0x82,0x00,True,-179.23,3.14,-38.83,0,40.93
06:55:43.813,06:55:43.813,49730.032,0x82,0x00,True,-179.25,3.12,-38.83,0,40.94
06:55:53.813,06:55:53.813,49740.032,0x82,0x00,True,-179.24,3.1,-38.83,0,41.02
06:56:03.822,06:56:03.822,49750.041,0x82,0x00,True,-179.21,3.11,-38.83,0,41.0
06:56:13.813,06:56:13.813,49760.032,0x82,0x00,True,-179.2,3.12,-38.83,0,41.03
06:56:23.803,06:56:23.803,49770.022,0x82,0x00,True,-179.21,3.14,-38.83,0,41.06
06:56:33.813,06:56:33.813,49780.032,0x82,0x00,True,-179.24,3.15,-38.83,0,41.13
06:56:43.803,06:56:43.803,49790.022,0x82,0x00,True,-179.25,3.13,-38.83,0,41.12
06:56:53.832,06:56:53.832,49800.051,0x82,0x00,True,-179.24,3.12,-38.83,0,41.12
06:57:03.803,06:57:03.803,49810.022,0x82,0x00,True,-179.24,3.1,-38.83,0,41.12
06:57:13.793,06:57:13.793,49820.012,0x82,0x00,True,-179.23,3.1,-38.83,0,41.12
06:57:23.803,06:57:23.803,49830.022,0x82,0x00,True,-179.22,3.11,-38.83,0,41.18
06:57:33.803,06:57:33.803,49840.022,0x82,0x00,True,-179.22,3.1,-38.83,0,41.21
06:57:43.792,06:57:43.792,49850.011,0x82,0x00,True,-179.22,3.11,-38.83,0,41.15
06:57:53.793,06:57:53.793,49860.012,0x82,0x00,True,-179.22,3.12,-38.83,0,41.22
06:58:03.792,06:58:03.792,49870.011,0x82,0x00,True,-179.23,3.12,-38.83,0,41.2
06:58:13.792,06:58:13.792,49880.011,0x82,0x00,True,-179.23,3.13,-38.83,0,41.12
06:58:23.792,06:58:23.792,49890.011,0x82,0x00,True,-179.22,3.13,-38.82,0,41.22
06:58:33.792,06:58:33.792,49900.011,0x82,0x00,True,-179.22,3.13,-38.82,0,41.2
06:58:43.792,06:58:43.792,49910.011,0x82,0x00,True,-179.23,3.13,-38.82,0,41.18
06:58:53.792,06:58:53.792,49920.011,0x82,0x00,True,-179.24,3.13,-38.82,0,41.23
06:59:03.793,06:59:03.793,49930.012,0x82,0x00,True,-179.24,3.11,-38.82,0,41.28
06:59:13.814,06:59:13.814,49940.033,0x82,0x00,True,-179.22,3.11,-38.82,0,41.23
06:59:23.793,06:59:23.793,49950.012,0x82,0x00,True,-179.21,3.12,-38.82,0,41.28
06:59:33.778,06:59:33.778,49959.997,0x82,0x00,True,-179.21,3.13,-38.82,0,41.31
06:59:43.778,06:59:43.778,49969.997,0x82,0x00,True,-179.23,3.13,-38.82,0,41.36
06:59:53.787,06:59:53.787,49980.006,0x82,0x00,True,-179.24,3.13,-38.82,0,41.37
07:00:03.778,07:00:03.778,49989.997,0x82,0x00,True,-179.24,3.11,-38.82,0,41.37
07:00:13.778,07:00:13.778,49999.997,0x82,0x00,True,-179.22,3.11,-38.82,0,41.34
07:00:23.778,07:00:23.778,50009.997,0x82,0x00,True,-179.2,3.12,-38.82,0,41.38
07:00:33.787,07:00:33.787,50020.006,0x82,0x00,True,-179.22,3.14,-38.82,0,41.36
07:00:43.764,07:00:43.764,50029.983,0x82,0x00,True,-179.24,3.14,-38.82,0,41.37
07:00:53.763,07:00:53.763,50039.982,0x82,0x00,True,-179.25,3.11,-38.82,0,41.34
07:01:03.763,07:01:03.763,50049.982,0x82,0x00,True,-179.23,3.1,-38.82,0,41.42
07:01:13.763,07:01:13.763,50059.982,0x82,0x00,True,-179.21,3.11,-38.82,0,41.4
07:01:23.763,07:01:23.763,50069.982,0x82,0x00,True,-179.22,3.12,-38.82,0,41.44
07:01:33.763,07:01:33.763,50079.982,0x82,0x00,True,-179.22,3.13,-38.82,0,41.37
07:01:43.763,07:01:43.763,50089.982,0x82,0x00,True,-179.23,3.13,-38.82,0,41.37
07:01:53.763,07:01:53.763,50099.982,0x82,0x00,True,-179.24,3.12,-38.82,0,41.39
07:02:03.753,07:02:03.753,50109.972,0x82,0x00,True,-179.24,3.1,-38.82,0,41.37
07:02:13.753,07:02:13.753,50119.972,0x82,0x00,True,-179.24,3.09,-38.82,0,41.4
07:02:23.753,07:02:23.753,50129.972,0x82,0x00,True,-179.21,3.1,-38.82,0,41.46
07:02:33.753,07:02:33.753,50139.972,0x82,0x00,True,-179.21,3.12,-38.82,0,41.37
07:02:43.763,07:02:43.763,50149.982,0x82,0x00,True,-179.24,3.12,-38.82,0,41.4
07:02:53.752,07:02:53.752,50159.971,0x82,0x00,True,-179.24,3.1,-38.82,0,41.44
07:03:03.752,07:03:03.752,50169.971,0x82,0x00,True,-179.23,3.1,-38.82,0,41.42
07:03:13.753,07:03:13.753,50179.972,0x82,0x00,True,-179.21,3.11,-38.82,0,41.37
07:03:23.753,07:03:23.753,50189.972,0x82,0x00,True,-179.23,3.12,-38.82,0,41.44
07:03:33.762,07:03:33.762,50199.981,0x82,0x00,True,-179.24,3.11,-38.82,0,41.4
07:03:43.742,07:03:43.742,50209.961,0x82,0x00,True,-179.23,3.11,-38.82,0,41.39
07:03:53.742,07:03:53.742,50219.961,0x82,0x00,True,-179.22,3.1,-38.82,0,41.36
07:04:03.733,07:04:03.733,50229.952,0x82,0x00,True,-179.22,3.11,-38.82,0,41.34
07:04:13.733,07:04:13.733,50239.952,0x82,0x00,True,-179.22,3.12,-38.82,0,41.4
07:04:23.732,07:04:23.732,50249.951,0x82,0x00,True,-179.23,3.12,-38.82,0,41.38
07:04:33.753,07:04:33.753,50259.972,0x82,0x00,True,-179.23,3.12,-38.82,0,41.42
07:04:43.742,07:04:43.742,50269.961,0x82,0x00,True,-179.22,3.13,-38.82,0,41.37
07:04:53.753,07:04:53.753,50279.972,0x82,0x00,True,-179.23,3.13,-38.82,0,41.37
07:05:03.723,07:05:03.723,50289.942,0x82,0x00,True,-179.24,3.12,-38.82,0,41.39
07:05:13.742,07:05:13.742,50299.961,0x82,0x00,True,-179.22,3.11,-38.82,0,41.36
07:05:23.733,07:05:23.733,50309.952,0x82,0x00,True,-179.22,3.12,-38.82,0,41.4
07:05:33.733,07:05:33.733,50319.952,0x82,0x00,True,-179.23,3.13,-38.82,0,41.29
07:05:43.723,07:05:43.723,50329.942,0x82,0x00,True,-179.23,3.13,-38.82,0,41.31
07:05:53.742,07:05:53.742,50339.961,0x82,0x00,True,-179.24,3.12,-38.82,0,41.31
07:06:03.712,07:06:03.712,50349.931,0x82,0x00,True,-179.24,3.11,-38.82,0,41.28
07:06:13.713,07:06:13.713,50359.932,0x82,0x00,True,-179.23,3.1,-38.82,0,41.28
07:06:23.713,07:06:23.713,50369.932,0x82,0x00,True,-179.21,3.11,-38.82,0,41.24
07:06:33.723,07:06:33.723,50379.942,0x82,0x00,True,-179.22,3.12,-38.82,0,41.26
07:06:43.713,07:06:43.713,50389.932,0x82,0x00,True,-179.23,3.13,-38.82,0,41.22
07:06:53.752,07:06:53.752,50399.971,0x82,0x00,True,-179.24,3.12,-38.82,0,41.26
07:07:03.713,07:07:03.713,50409.932,0x82,0x00,True,-179.24,3.11,-38.82,0,41.19
07:07:13.723,07:07:13.723,50419.942,0x82,0x00,True,-179.24,3.09,-38.82,0,41.18
07:07:23.723,07:07:23.723,50429.942,0x82,0x00,True,-179.21,3.1,-38.82,0,41.18
07:07:33.743,07:07:33.743,50439.962,0x82,0x00,True,-179.21,3.13,-38.82,0,41.18
07:07:43.713,07:07:43.713,50449.932,0x82,0x00,True,-179.22,3.14,-38.82,0,41.06
07:07:53.708,07:07:53.708,50459.927,0x82,0x00,True,-179.25,3.14,-38.82,0,41.12
07:08:03.707,07:08:03.707,50469.926,0x82,0x00,True,-179.26,3.11,-38.82,0,41.13
07:08:13.697,07:08:13.697,50479.916,0x82,0x00,True,-179.24,3.09,-38.82,0,41.12
07:08:23.707,07:08:23.707,50489.926,0x82,0x00,True,-179.22,3.1,-38.82,0,41.09
07:08:33.718,07:08:33.718,50499.937,0x82,0x00,True,-179.22,3.11,-38.82,0,41.15
07:08:43.683,07:08:43.683,50509.902,0x82,0x00,True,-179.21,3.14,-38.82,0,41.18
07:08:53.683,07:08:53.683,50519.902,0x82,0x00,True,-179.23,3.14,-38.82,0,41.13
07:09:03.707,07:09:03.707,50529.926,0x82,0x00,True,-179.24,3.13,-38.82,0,41.13
07:09:13.707,07:09:13.707,50539.926,0x82,0x00,True,-179.25,3.11,-38.82,0,41.19
07:09:23.672,07:09:23.672,50549.891,0x82,0x00,True,-179.24,3.09,-38.82,0,41.16
07:09:33.673,07:09:33.673,50559.892,0x82,0x00,True,-179.22,3.09,-38.82,0,41.12
07:09:43.673,07:09:43.673,50569.892,0x82,0x00,True,-179.21,3.11,-38.82,0,41.06
07:09:53.683,07:09:53.683,50579.902,0x82,0x00,True,-179.23,3.12,-38.82,0,41.09
07:10:03.673,07:10:03.673,50589.892,0x82,0x00,True,-179.25,3.1,-38.82,0,41.07
07:10:13.672,07:10:13.672,50599.891,0x82,0x00,True,-179.22,3.1,-38.82,0,41.14
07:10:23.707,07:10:23.707,50609.926,0x82,0x00,True,-179.21,3.13,-38.82,0,41.08
07:10:33.662,07:10:33.662,50619.881,0x82,0x00,True,-179.22,3.14,-38.82,0,41.1
07:10:43.662,07:10:43.662,50629.881,0x82,0x00,True,-179.24,3.13,-38.82,0,41.12
07:10:53.683,07:10:53.683,50639.902,0x82,0x00,True,-179.24,3.11,-38.82,0,41.15
07:11:03.737,07:11:03.737,50649.956,0x82,0x00,True,-179.23,3.11,-38.82,0,41.08
07:11:13.653,07:11:13.653,50659.872,0x82,0x00,True,-179.24,3.1,-38.82,0,41.06
07:11:23.733,07:11:23.733,50669.952,0x82,0x00,True,-179.23,3.09,-38.82,0,41.07
07:11:33.653,07:11:33.653,50679.872,0x82,0x00,True,-179.21,3.1,-38.82,0,41.1
07:11:43.632,07:11:43.632,50689.851,0x82,0x00,True,-179.21,3.13,-38.82,0,41.1
07:11:53.653,07:11:53.653,50699.872,0x82,0x00,True,-179.24,3.14,-38.82,0,41.11
07:12:03.653,07:12:03.653,50709.872,0x82,0x00,True,-179.24,3.13,-38.82,0,41.12
07:12:13.643,07:12:13.643,50719.862,0x82,0x00,True,-179.24,3.11,-38.82,0,41.12
07:12:23.643,07:12:23.643,50729.862,0x82,0x00,True,-179.23,3.11,-38.82,0,41.06
07:12:33.668,07:12:33.668,50739.887,0x82,0x00,True,-179.23,3.11,-38.82,0,41.1
07:12:43.662,07:12:43.662,50749.881,0x82,0x00,True,-179.2,3.13,-38.82,0,41.07
07:12:53.643,07:12:53.643,50759.862,0x82,0x00,True,-179.22,3.15,-38.82,0,41.05
07:13:03.642,07:13:03.642,50769.861,0x82,0x00,True,-179.24,3.15,-38.82,0,41.09
07:13:13.643,07:13:13.643,50779.862,0x82,0x00,True,-179.26,3.12,-38.82,0,41.08
07:13:23.632,07:13:23.632,50789.851,0x82,0x00,True,-179.24,3.11,-38.82,0,41.07
07:13:33.632,07:13:33.632,50799.851,0x82,0x00,True,-179.21,3.12,-38.82,0,41.14
07:13:43.633,07:13:43.633,50809.852,0x82,0x00,True,-179.2,3.15,-38.82,0,41.1
07:13:53.633,07:13:53.633,50819.852,0x82,0x00,True,-179.21,3.18,-38.82,0,41.05
07:14:03.632,07:14:03.632,50829.851,0x82,0x00,True,-179.25,3.17,-38.82,0,41.14
07:14:13.643,07:14:13.643,50839.862,0x82,0x00,True,-179.26,3.13,-38.82,0,41.11
07:14:23.632,07:14:23.632,50849.851,0x82,0x00,True,-179.25,3.11,-38.82,0,41.16
07:14:33.618,07:14:33.618,50859.837,0x82,0x00,True,-179.22,3.11,-38.82,0,41.11
07:14:43.617,07:14:43.617,50869.836,0x82,0x00,True,-179.2,3.13,-38.82,0,41.1
07:14:53.628,07:14:53.628,50879.847,0x82,0x00,True,-179.22,3.16,-38.82,0,41.07
07:15:03.627,07:15:03.627,50889.846,0x82,0x00,True,-179.23,3.17,-38.82,0,41.14
07:15:13.618,07:15:13.618,50899.837,0x82,0x00,True,-179.24,3.16,-38.82,0,41.05
07:15:23.603,07:15:23.603,50909.822,0x82,0x00,True,-179.25,3.14,-38.82,0,41.12
07:15:33.603,07:15:33.603,50919.822,0x82,0x00,True,-179.26,3.12,-38.82,0,41.07
07:15:43.603,07:15:43.603,50929.822,0x82,0x00,True,-179.24,3.09,-38.82,0,41.0
07:15:53.622,07:15:53.622,50939.841,0x82,0x00,True,-179.21,3.1,-38.82,0,41.06
07:16:03.603,07:16:03.603,50949.822,0x82,0x00,True,-179.19,3.15,-38.82,0,41.08
07:16:13.628,07:16:13.628,50959.847,0x82,0x00,True,-179.22,3.18,-38.82,0,41.13
07:16:23.603,07:16:23.603,50969.822,0x82,0x00,True,-179.26,3.16,-38.82,0,41.01
07:16:33.603,07:16:33.603,50979.822,0x82,0x00,True,-179.27,3.13,-38.82,0,41.05
07:16:43.618,07:16:43.618,50989.837,0x82,0x00,True,-179.23,3.11,-38.82,0,41.04
07:16:53.603,07:16:53.603,50999.822,0x82,0x00,True,-179.2,3.13,-38.82,0,41.0
07:17:03.593,07:17:03.593,51009.812,0x82,0x00,True,-179.2,3.17,-38.82,0,41.07
07:17:13.603,07:17:13.603,51019.822,0x82,0x00,True,-179.24,3.18,-38.82,0,41.01
07:17:23.593,07:17:23.593,51029.812,0x82,0x00,True,-179.27,3.16,-38.82,0,40.95
07:17:33.592,07:17:33.592,51039.811,0x82,0x00,True,-179.26,3.12,-38.82,0,41.0
07:17:43.593,07:17:43.593,51049.812,0x82,0x00,True,-179.24,3.11,-38.82,0,40.92
07:17:53.603,07:17:53.603,51059.822,0x82,0x00,True,-179.21,3.12,-38.82,0,40.89
07:18:03.593,07:18:03.593,51069.812,0x82,0x00,True,-179.2,3.15,-38.82,0,40.93
07:18:13.593,07:18:13.593,51079.812,0x82,0x00,True,-179.22,3.18,-38.82,0,40.99
07:18:23.577,07:18:23.577,51089.796,0x82,0x00,True,-179.26,3.16,-38.82,0,40.88
07:18:33.580,07:18:33.580,51099.799,0x82,0x00,True,-179.27,3.13,-38.82,0,40.85
07:18:43.572,07:18:43.572,51109.791,0x82,0x00,True,-179.24,3.11,-38.82,0,40.85
07:18:53.568,07:18:53.568,51119.787,0x82,0x00,True,-179.21,3.13,-38.82,0,40.74
07:19:03.577,07:19:03.577,51129.796,0x82,0x00,True,-179.21,3.15,-38.82,0,40.78
07:19:13.570,07:19:13.570,51139.789,0x82,0x00,True,-179.23,3.17,-38.82,0,40.76
07:19:23.563,07:19:23.563,51149.782,0x82,0x00,True,-179.25,3.17,-38.82,0,40.73
07:19:33.552,07:19:33.552,51159.771,0x82,0x00,True,-179.26,3.14,-38.82,0,40.77
07:19:43.554,07:19:43.554,51169.773,0x82,0x00,True,-179.24,3.12,-38.82,0,40.71
07:19:53.557,07:19:53.557,51179.776,0x82,0x00,True,-179.21,3.14,-38.82,0,40.78
07:20:03.553,07:20:03.553,51189.772,0x82,0x00,True,-179.21,3.16,-38.82,0,40.77
07:20:13.552,07:20:13.552,51199.771,0x82,0x00,True,-179.23,3.18,-38.82,0,40.81
07:20:23.552,07:20:23.552,51209.771,0x82,0x00,True,-179.27,3.16,-38.82,0,40.75
07:20:33.553,07:20:33.553,51219.772,0x82,0x00,True,-179.28,3.12,-38.82,0,40.68
07:20:43.556,07:20:43.556,51229.775,0x82,0x00,True,-179.27,3.07,-38.82,0,40.63
07:20:53.555,07:20:53.555,51239.774,0x82,0x00,True,-179.21,3.07,-38.82,0,40.76
07:21:03.548,07:21:03.548,51249.767,0x82,0x00,True,-179.17,3.12,-38.82,0,40.69
07:21:13.542,07:21:13.542,51259.761,0x82,0x00,True,-179.21,3.16,-38.82,0,40.63
07:21:23.550,07:21:23.550,51269.769,0x82,0x00,True,-179.26,3.15,-38.82,0,40.64
07:21:33.550,07:21:33.550,51279.769,0x82,0x00,True,-179.27,3.11,-38.82,0,40.67
07:21:43.542,07:21:43.542,51289.761,0x82,0x00,True,-179.25,3.08,-38.82,0,40.69
07:21:53.542,07:21:53.542,51299.761,0x82,0x00,True,-179.22,3.09,-38.82,0,40.7
07:22:03.542,07:22:03.542,51309.761,0x82,0x00,True,-179.21,3.11,-38.82,0,40.65
07:22:13.542,07:22:13.542,51319.761,0x82,0x00,True,-179.22,3.14,-38.82,0,40.69
07:22:23.523,07:22:23.523,51329.742,0x82,0x00,True,-179.25,3.13,-38.82,0,40.67
07:22:33.522,07:22:33.522,51339.741,0x82,0x00,True,-179.26,3.11,-38.82,0,40.64
07:22:43.526,07:22:43.526,51349.745,0x82,0x00,True,-179.24,3.1,-38.82,0,40.66
07:22:53.517,07:22:53.517,51359.736,0x82,0x00,True,-179.22,3.1,-38.82,0,40.73
07:23:03.512,07:23:03.512,51369.731,0x82,0x00,True,-179.21,3.11,-38.82,0,40.64
07:23:13.508,07:23:13.508,51379.727,0x82,0x00,True,-179.23,3.13,-38.82,0,40.64
07:23:23.512,07:23:23.512,51389.731,0x82,0x00,True,-179.23,3.13,-38.82,0,40.64
07:23:33.508,07:23:33.508,51399.727,0x82,0x00,True,-179.24,3.12,-38.82,0,40.65
07:23:43.507,07:23:43.507,51409.726,0x82,0x00,True,-179.24,3.11,-38.82,0,40.62
07:23:53.508,07:23:53.508,51419.727,0x82,0x00,True,-179.24,3.11,-38.82,0,40.64
07:24:03.502,07:24:03.502,51429.721,0x82,0x00,True,-179.23,3.11,-38.82,0,40.6
07:24:13.502,07:24:13.502,51439.721,0x82,0x00,True,-179.23,3.12,-38.82,0,40.61
07:24:23.502,07:24:23.502,51449.721,0x82,0x00,True,-179.23,3.13,-38.82,0,40.58
07:24:33.497,07:24:33.497,51459.716,0x82,0x00,True,-179.25,3.13,-38.82,0,40.54
07:24:43.498,07:24:43.498,51469.717,0x82,0x00,True,-179.26,3.11,-38.82,0,40.56
07:24:53.498,07:24:53.498,51479.717,0x82,0x00,True,-179.26,3.09,-38.82,0,40.5
07:25:03.492,07:25:03.492,51489.711,0x82,0x00,True,-179.22,3.09,-38.82,0,40.54
07:25:13.491,07:25:13.491,51499.71,0x82,0x00,True,-179.2,3.12,-38.82,0,40.61
07:25:23.492,07:25:23.492,51509.711,0x82,0x00,True,-179.22,3.16,-38.82,0,40.53
07:25:33.495,07:25:33.495,51519.714,0x82,0x00,True,-179.27,3.14,-38.82,0,40.57
07:25:43.487,07:25:43.487,51529.706,0x82,0x00,True,-179.27,3.1,-38.82,0,40.6
07:25:53.482,07:25:53.482,51539.701,0x82,0x00,True,-179.25,3.07,-38.82,0,40.64
07:26:03.489,07:26:03.489,51549.708,0x82,0x00,True,-179.21,3.09,-38.82,0,40.57
07:26:13.477,07:26:13.477,51559.696,0x82,0x00,True,-179.21,3.12,-38.82,0,40.67
07:26:23.477,07:26:23.477,51569.696,0x82,0x00,True,-179.23,3.14,-38.82,0,40.61
07:26:33.478,07:26:33.478,51579.697,0x82,0x00,True,-179.26,3.13,-38.82,0,40.63
07:26:43.462,07:26:43.462,51589.681,0x82,0x00,True,-179.26,3.1,-38.82,0,40.61
07:26:53.472,07:26:53.472,51599.691,0x82,0x00,True,-179.24,3.08,-38.82,0,40.64
07:27:03.472,07:27:03.472,51609.691,0x82,0x00,True,-179.22,3.09,-38.82,0,40.57
07:27:13.472,07:27:13.472,51619.691,0x82,0x00,True,-179.21,3.11,-38.82,0,40.52
07:27:23.467,07:27:23.467,51629.686,0x82,0x00,True,-179.23,3.13,-38.82,0,40.59
07:27:33.467,07:27:33.467,51639.686,0x82,0x00,True,-179.25,3.12,-38.82,0,40.6
07:27:43.468,07:27:43.468,51649.687,0x82,0x00,True,-179.25,3.1,-38.82,0,40.49
07:27:53.462,07:27:53.462,51659.681,0x82,0x00,True,-179.24,3.09,-38.82,0,40.51
07:28:03.462,07:28:03.462,51669.681,0x82,0x00,True,-179.23,3.1,-38.82,0,40.45
07:28:13.442,07:28:13.442,51679.661,0x82,0x00,True,-179.23,3.11,-38.82,0,40.44
07:28:23.462,07:28:23.462,51689.681,0x82,0x00,True,-179.23,3.1,-38.82,0,40.43
07:28:33.462,07:28:33.462,51699.681,0x82,0x00,True,-179.23,3.11,-38.82,0,40.46
07:28:43.462,07:28:43.462,51709.681,0x82,0x00,True,-179.24,3.11,-38.82,0,40.43
07:28:53.462,07:28:53.462,51719.681,0x82,0x00,True,-179.23,3.1,-38.82,0,40.49
07:29:03.463,07:29:03.463,51729.682,0x82,0x00,True,-179.23,3.11,-38.82,0,40.44
07:29:13.462,07:29:13.462,51739.681,0x82,0x00,True,-179.23,3.11,-38.82,0,40.54
07:29:23.442,07:29:23.442,51749.661,0x82,0x00,True,-179.25,3.11,-38.82,0,40.49
07:29:33.442,07:29:33.442,51759.661,0x82,0x00,True,-179.23,3.09,-38.82,0,40.42
07:29:43.542,07:29:43.542,51769.761,0x82,0x00,True,-179.3,3.12,-38.81,0,40.43
07:29:53.542,07:29:53.542,51779.761,0x82,0x00,True,-178.19,0.09,-38.8,0,40.45
07:30:03.527,07:30:03.527,51789.746,0x82,0x00,True,-178.56,6.23,-38.8,0,40.45
07:30:13.527,07:30:13.527,51799.746,0x82,0x00,True,-177.97,-0.14,-38.81,0,40.43
07:30:23.527,07:30:23.527,51809.746,0x82,0x00,True,-176.47,1.46,-38.81,0,40.45
07:30:33.523,07:30:33.523,51819.742,0x82,0x00,True,-176.54,4.89,-38.81,0,40.52
07:30:43.522,07:30:43.522,51829.741,0x82,0x00,True,-179.7,6.28,-38.81,0,40.48
07:30:53.522,07:30:53.522,51839.741,0x82,0x00,True,177.71,4.06,-38.81,0,40.49
07:31:03.518,07:31:03.518,51849.737,0x82,0x00,True,178.56,0.77,-38.81,0,40.51
07:31:13.517,07:31:13.517,51859.736,0x82,0x00,True,179.12,0.38,-38.81,0,40.5
07:31:23.502,07:31:23.502,51869.721,0x82,0x00,True,177.9,1.73,-38.81,0,40.46
07:31:33.513,07:31:33.513,51879.732,0x82,0x00,True,177.61,3.52,-38.81,0,40.42
07:31:43.512,07:31:43.512,51889.731,0x82,0x00,True,178.35,5.19,-38.81,0,40.45
07:31:53.496,07:31:53.496,51899.715,0x82,0x00,True,179.88,6.17,-38.81,0,40.54
07:32:03.506,07:32:03.506,51909.725,0x82,0x00,True,-178.3,6.16,-38.81,0,40.55
07:32:13.517,07:32:13.517,51919.736,0x82,0x00,True,-176.78,5.15,-38.81,0,40.56
07:32:23.506,07:32:23.506,51929.725,0x82,0x00,True,-176.06,3.48,-38.81,0,40.6
07:32:33.502,07:32:33.502,51939.721,0x82,0x00,True,-176.37,1.69,-38.81,0,40.61
07:32:43.501,07:32:43.501,51949.72,0x82,0x00,True,-177.61,0.37,-38.81,0,40.7
07:32:53.497,07:32:53.497,51959.716,0x82,0x00,True,-179.35,-0.05,-38.81,0,40.69
07:33:03.496,07:33:03.496,51969.715,0x82,0x00,True,-179.35,-0.1,-38.81,0,40.63
07:33:13.496,07:33:13.496,51979.715,0x82,0x00,True,-178.32,0.02,-38.81,0,40.59
07:33:23.496,07:33:23.496,51989.715,0x82,0x00,True,-177.39,0.46,-38.81,0,40.63
07:33:33.491,07:33:33.491,51999.71,0x82,0x00,True,-176.65,1.18,-38.81,0,40.65
07:33:43.492,07:33:43.492,52009.711,0x82,0x00,True,-176.17,2.1,-38.81,0,40.57
07:33:53.491,07:33:53.491,52019.71,0x82,0x00,True,-176.01,3.13,-38.81,0,40.69
07:34:03.486,07:34:03.486,52029.705,0x82,0x00,True,-176.18,4.15,-38.81,0,40.51
07:34:13.487,07:34:13.487,52039.706,0x82,0x00,True,-176.67,5.07,-38.81,0,40.6
07:34:23.481,07:34:23.481,52049.7,0x82,0x00,True,-177.43,5.78,-38.81,0,40.54
07:34:33.482,07:34:33.482,52059.701,0x82,0x00,True,-178.37,6.21,-38.81,0,40.52
07:34:43.482,07:34:43.482,52069.701,0x82,0x00,True,-179.41,6.32,-38.81,0,40.45
07:34:53.477,07:34:53.477,52079.696,0x82,0x00,True,179.58,6.1,-38.81,0,40.48
07:35:03.477,07:35:03.477,52089.696,0x82,0x00,True,178.69,5.56,-38.81,0,40.49
07:35:13.477,07:35:13.477,52099.696,0x82,0x00,True,178.01,4.77,-38.81,0,40.49
07:35:23.477,07:35:23.477,52109.696,0x82,0x00,True,177.63,3.8,-38.81,0,40.53
07:35:33.472,07:35:33.472,52119.691,0x82,0x00,True,177.57,2.76,-38.81,0,40.5
07:35:43.473,07:35:43.473,52129.692,0x82,0x00,True,177.85,1.76,-38.81,0,40.45
07:35:53.471,07:35:53.471,52139.69,0x82,0x00,True,178.43,0.9,-38.81,0,40.45
07:36:03.472,07:36:03.472,52149.691,0x82,0x00,True,179.25,0.26,-38.81,0,40.44
07:36:13.472,07:36:13.472,52159.691,0x82,0x00,True,179.87,0.04,-38.81,0,40.43
07:36:23.467,07:36:23.467,52169.686,0x82,0x00,True,179.29,0.29,-38.81,0,40.44
07:36:33.467,07:36:33.467,52179.686,0x82,0x00,True,178.76,0.64,-38.81,0,40.46
07:36:43.467,07:36:43.467,52189.686,0x82,0x00,True,178.31,1.08,-38.81,0,40.44
07:36:53.462,07:36:53.462,52199.681,0x82,0x00,True,177.96,1.61,-38.81,0,40.48
07:37:03.461,07:37:03.461,52209.68,0x82,0x00,True,177.72,2.2,-38.81,0,40.45
07:37:13.462,07:37:13.462,52219.681,0x82,0x00,True,177.6,2.82,-38.81,0,40.47
07:37:23.462,07:37:23.462,52229.681,0x82,0x00,True,177.6,3.46,-38.81,0,40.48
07:37:33.461,07:37:33.461,52239.68,0x82,0x00,True,177.73,4.08,-38.81,0,40.48
07:37:43.461,07:37:43.461,52249.68,0x82,0x00,True,177.99,4.66,-38.81,0,40.39
07:37:53.462,07:37:53.462,52259.681,0x82,0x00,True,178.35,5.18,-38.81,0,40.45
07:38:03.462,07:38:03.462,52269.681,0x82,0x00,True,178.8,5.62,-38.81,0,40.45
07:38:13.470,07:38:13.470,52279.689,0x82,0x00,True,179.34,5.96,-38.81,0,40.48
07:38:23.463,07:38:23.463,52289.682,0x82,0x00,True,179.94,6.19,-38.81,0,40.45
07:38:33.462,07:38:33.462,52299.681,0x82,0x00,True,-179.45,6.3,-38.81,0,40.46
07:38:43.462,07:38:43.462,52309.681,0x82,0x00,True,-178.81,6.27,-38.81,0,40.47
07:38:53.442,07:38:53.442,52319.661,0x82,0x00,True,-178.19,6.13,-38.81,0,40.45
07:39:03.443,07:39:03.443,52329.662,0x82,0x00,True,-177.62,5.86,-38.81,0,40.42
07:39:13.443,07:39:13.443,52339.662,0x82,0x00,True,-177.1,5.49,-38.81,0,40.48
07:39:23.443,07:39:23.443,52349.662,0x82,0x00,True,-176.67,5.02,-38.81,0,40.51
07:39:33.438,07:39:33.438,52359.657,0x82,0x00,True,-176.35,4.48,-38.81,0,40.45
07:39:43.437,07:39:43.437,52369.656,0x82,0x00,True,-176.13,3.88,-38.81,0,40.42
07:39:53.432,07:39:53.432,52379.651,0x82,0x00,True,-176.04,3.25,-38.81,0,40.43
07:40:03.432,07:40:03.432,52389.651,0x82,0x00,True,-176.07,2.62,-38.81,0,40.44
07:40:13.432,07:40:13.432,52399.651,0x82,0x00,True,-176.23,2.0,-38.81,0,40.4
07:40:23.433,07:40:23.433,52409.652,0x82,0x00,True,-176.51,1.43,-38.81,0,40.3
07:40:33.427,07:40:33.427,52419.646,0x82,0x00,True,-176.9,0.93,-38.81,0,40.39
07:40:43.427,07:40:43.427,52429.646,0x82,0x00,True,-177.37,0.51,-38.81,0,40.33
07:40:53.427,07:40:53.427,52439.646,0x82,0x00,True,-177.92,0.19,-38.81,0,40.31
07:41:03.427,07:41:03.427,52449.646,0x82,0x00,True,-178.53,0.0,-38.81,0,40.29
07:41:13.422,07:41:13.422,52459.641,0x82,0x00,True,-179.15,-0.07,-38.81,0,40.33
07:41:23.422,07:41:23.422,52469.641,0x82,0x00,True,179.74,-0.21,-38.79,0,40.34
07:41:33.422,07:41:33.422,52479.641,0x82,0x00,True,-176.03,3.04,-38.77,0,40.31
07:41:43.418,07:41:43.418,52489.637,0x82,0x00,True,178.31,1.06,-38.77,0,40.26
07:41:53.417,07:41:53.417,52499.636,0x82,0x00,True,177.65,3.81,-38.77,0,40.36
07:42:03.417,07:42:03.417,52509.636,0x82,0x00,True,179.41,6.02,-38.77,0,40.41
07:42:13.412,07:42:13.412,52519.631,0x82,0x00,True,-177.77,5.97,-38.77,0,40.42
07:42:23.412,07:42:23.412,52529.631,0x82,0x00,True,-176.08,3.71,-38.77,0,40.36
07:42:33.410,07:42:33.410,52539.629,0x82,0x00,True,-176.82,0.99,-38.77,0,40.42
07:42:43.407,07:42:43.407,52549.626,0x82,0x00,True,-179.42,-0.09,-38.77,0,40.47
07:42:53.407,07:42:53.407,52559.626,0x82,0x00,True,179.72,0.08,-38.77,0,40.48
07:43:03.407,07:43:03.407,52569.626,0x82,0x00,True,179.36,0.23,-38.77,0,40.51
07:43:13.404,07:43:13.404,52579.623,0x82,0x00,True,179.03,0.42,-38.77,0,40.56
07:43:23.403,07:43:23.403,52589.622,0x82,0x00,True,178.72,0.65,-38.77,0,40.6
07:43:33.402,07:43:33.402,52599.621,0x82,0x00,True,178.44,0.92,-38.77,0,40.54
07:43:43.403,07:43:43.403,52609.622,0x82,0x00,True,178.19,1.21,-38.77,0,40.63
07:43:53.398,07:43:53.398,52619.617,0x82,0x00,True,177.98,1.54,-38.77,0,40.56
07:44:03.397,07:44:03.397,52629.616,0x82,0x00,True,177.81,1.88,-38.77,0,40.57
07:44:13.397,07:44:13.397,52639.616,0x82,0x00,True,177.69,2.25,-38.77,0,40.64
07:44:23.397,07:44:23.397,52649.616,0x82,0x00,True,177.61,2.63,-38.77,0,40.66
07:44:33.394,07:44:33.394,52659.613,0x82,0x00,True,177.57,3.01,-38.77,0,40.69
07:44:43.392,07:44:43.392,52669.611,0x82,0x00,True,177.58,3.4,-38.77,0,40.67
07:44:53.392,07:44:53.392,52679.611,0x82,0x00,True,177.64,3.78,-38.77,0,40.67
07:45:03.393,07:45:03.393,52689.612,0x82,0x00,True,177.74,4.15,-38.77,0,40.59
07:45:13.392,07:45:13.392,52699.611,0x82,0x00,True,177.89,4.5,-38.77,0,40.66
07:45:23.417,07:45:23.417,52709.636,0x82,0x00,True,178.07,4.84,-38.77,0,40.65
07:45:33.416,07:45:33.416,52719.635,0x82,0x00,True,178.3,5.15,-38.77,0,40.7
07:45:43.412,07:45:43.412,52729.631,0x82,0x00,True,178.57,5.44,-38.77,0,40.58
07:45:53.412,07:45:53.412,52739.631,0x82,0x00,True,178.86,5.68,-38.77,0,40.6
07:46:03.412,07:46:03.412,52749.631,0x82,0x00,True,179.19,5.89,-38.77,0,40.59
07:46:13.407,07:46:13.407,52759.626,0x82,0x00,True,179.53,6.07,-38.77,0,40.61
07:46:23.406,07:46:23.406,52769.625,0x82,0x00,True,179.9,6.19,-38.77,0,40.51
07:46:33.407,07:46:33.407,52779.626,0x82,0x00,True,-179.74,6.28,-38.77,0,40.56
07:46:43.403,07:46:43.403,52789.622,0x82,0x00,True,-179.35,6.32,-38.77,0,40.61
07:46:53.403,07:46:53.403,52799.622,0x82,0x00,True,-178.97,6.31,-38.77,0,40.66
07:47:03.397,07:47:03.397,52809.616,0x82,0x00,True,-178.58,6.25,-38.77,0,40.58
07:47:13.398,07:47:13.398,52819.617,0x82,0x00,True,-178.21,6.15,-38.77,0,40.59
07:47:23.392,07:47:23.392,52829.611,0x82,0x00,True,-177.85,6.01,-38.77,0,40.6
07:47:33.392,07:47:33.392,52839.611,0x82,0x00,True,-177.52,5.82,-38.77,0,40.61
07:47:43.392,07:47:43.392,52849.611,0x82,0x00,True,-177.2,5.6,-38.77,0,40.6
07:47:53.387,07:47:53.387,52859.606,0x82,0x00,True,-176.92,5.34,-38.77,0,40.57
07:48:03.388,07:48:03.388,52869.607,0x82,0x00,True,-176.67,5.04,-38.77,0,40.76
07:48:13.387,07:48:13.387,52879.606,0x82,0x00,True,-176.46,4.72,-38.77,0,40.76
07:48:23.382,07:48:23.382,52889.601,0x82,0x00,True,-176.28,4.38,-38.77,0,40.73
07:48:33.382,07:48:33.382,52899.601,0x82,0x00,True,-176.15,4.02,-38.77,0,40.79
07:48:43.382,07:48:43.382,52909.601,0x82,0x00,True,-176.06,3.64,-38.77,0,40.81
07:48:53.382,07:48:53.382,52919.601,0x82,0x00,True,-176.02,3.26,-38.77,0,40.83
07:49:03.382,07:49:03.382,52929.601,0x82,0x00,True,-176.03,2.88,-38.77,0,40.87
07:49:13.382,07:49:13.382,52939.601,0x82,0x00,True,-176.08,2.5,-38.77,0,40.91
07:49:23.382,07:49:23.382,52949.601,0x82,0x00,True,-176.18,2.13,-38.77,0,40.9
07:49:33.382,07:49:33.382,52959.601,0x82,0x00,True,-176.32,1.77,-38.77,0,40.89
07:49:43.382,07:49:43.382,52969.601,0x82,0x00,True,-176.5,1.43,-38.77,0,40.92
07:49:53.362,07:49:53.362,52979.581,0x82,0x00,True,-176.72,1.11,-38.77,0,40.92
07:50:03.362,07:50:03.362,52989.581,0x82,0x00,True,-176.98,0.83,-38.77,0,41.03
07:50:13.362,07:50:13.362,52999.581,0x82,0x00,True,-176.88,2.89,-38.79,0,40.93
07:50:23.358,07:50:23.358,53009.577,0x82,0x00,True,-179.29,3.05,-38.79,0,40.95
07:50:33.358,07:50:33.358,53019.577,0x82,0x00,True,-179.23,3.09,-38.79,0,40.92
07:50:43.357,07:50:43.357,53029.576,0x82,0x00,True,-179.22,3.12,-38.79,0,40.93
07:50:53.352,07:50:53.352,53039.571,0x82,0x00,True,-179.23,3.1,-38.79,0,40.91
07:51:03.352,07:51:03.352,53049.571,0x82,0x00,True,-179.22,3.13,-38.78,0,41.0
07:51:13.352,07:51:13.352,53059.571,0x82,0x00,True,-179.23,3.12,-38.78,0,40.97
07:51:23.352,07:51:23.352,53069.571,0x82,0x00,True,-179.23,3.11,-38.78,0,41.04
07:51:33.347,07:51:33.347,53079.566,0x82,0x00,True,-179.24,3.15,-38.78,0,41.02
07:51:43.348,07:51:43.348,53089.567,0x82,0x00,True,-179.22,3.11,-38.78,0,40.94
07:51:53.382,07:51:53.382,53099.601,0x82,0x00,True,-179.24,3.11,-38.78,0,40.94
07:52:03.384,07:52:03.384,53109.603,0x82,0x00,True,-179.23,3.13,-38.78,0,40.96
07:52:13.382,07:52:13.382,53119.601,0x82,0x00,True,-179.24,3.1,-38.78,0,40.94
07:52:23.382,07:52:23.382,53129.601,0x82,0x00,True,-179.23,3.11,-38.78,0,40.94
07:52:33.383,07:52:33.383,53139.602,0x82,0x00,True,-179.23,3.11,-38.78,0,40.87
07:52:43.382,07:52:43.382,53149.601,0x82,0x00,True,-179.22,3.13,-38.78,0,40.91
07:52:53.382,07:52:53.382,53159.601,0x82,0x00,True,-179.22,3.11,-38.78,0,40.88
07:53:03.382,07:53:03.382,53169.601,0x82,0x00,True,-179.24,3.12,-38.78,0,40.85
07:53:13.391,07:53:13.391,53179.61,0x82,0x00,True,-179.23,3.1,-38.78,0,40.93
07:53:23.382,07:53:23.382,53189.601,0x82,0x00,True,-179.24,3.11,-38.78,0,40.96
07:53:33.363,07:53:33.363,53199.582,0x82,0x00,True,-179.23,3.11,-38.78,0,40.94
07:53:43.363,07:53:43.363,53209.582,0x82,0x00,True,-179.25,3.12,-38.78,0,40.93
07:53:53.363,07:53:53.363,53219.582,0x82,0x00,True,-179.24,3.11,-38.78,0,40.95
07:54:03.362,07:54:03.362,53229.581,0x82,0x00,True,-179.24,3.13,-38.78,0,40.97
07:54:13.362,07:54:13.362,53239.581,0x82,0x00,True,-179.23,3.1,-38.78,0,41.0
07:54:23.362,07:54:23.362,53249.581,0x82,0x00,True,-179.22,3.12,-38.78,0,40.9
07:54:33.358,07:54:33.358,53259.577,0x82,0x00,True,-179.24,3.13,-38.78,0,40.96
07:54:43.357,07:54:43.357,53269.576,0x82,0x00,True,-179.23,3.15,-38.78,0,40.94
07:54:53.357,07:54:53.357,53279.576,0x82,0x00,True,-179.23,3.13,-38.78,0,40.96
07:55:03.357,07:55:03.357,53289.576,0x82,0x00,True,-179.22,3.12,-38.78,0,41.03
07:55:13.358,07:55:13.358,53299.577,0x82,0x00,True,-179.23,3.11,-38.78,0,40.97
07:55:23.358,07:55:23.358,53309.577,0x82,0x00,True,-179.22,3.11,-38.78,0,41.0
07:55:33.360,07:55:33.360,53319.579,0x82,0x00,True,-179.23,3.13,-38.78,0,40.92
07:55:43.352,07:55:43.352,53329.571,0x82,0x00,True,-179.21,3.13,-38.78,0,40.87
07:55:53.361,07:55:53.361,53339.58,0x82,0x00,True,-179.23,3.13,-38.78,0,40.93
07:56:03.352,07:56:03.352,53349.571,0x82,0x00,True,-179.23,3.12,-38.78,0,40.95
07:56:13.347,07:56:13.347,53359.566,0x82,0x00,True,-179.23,3.1,-38.78,0,40.94
07:56:23.347,07:56:23.347,53369.566,0x82,0x00,True,-179.23,3.12,-38.78,0,40.91
07:56:33.347,07:56:33.347,53379.566,0x82,0x00,True,-179.23,3.11,-38.78,0,40.85
07:56:43.348,07:56:43.348,53389.567,0x82,0x00,True,-179.24,3.12,-38.78,0,40.89
07:56:53.347,07:56:53.347,53399.566,0x82,0x00,True,-179.21,3.12,-38.78,0,40.81
07:57:03.343,07:57:03.343,53409.562,0x82,0x00,True,-179.22,3.13,-38.78,0,40.88
07:57:13.343,07:57:13.343,53419.562,0x82,0x00,True,-179.23,3.11,-38.78,0,40.89
07:57:23.342,07:57:23.342,53429.561,0x82,0x00,True,-179.22,3.1,-38.78,0,40.94
07:57:33.342,07:57:33.342,53439.561,0x82,0x00,True,-179.22,3.11,-38.78,0,40.87
07:57:43.342,07:57:43.342,53449.561,0x82,0x00,True,-179.23,3.12,-38.78,0,40.93
07:57:53.343,07:57:53.343,53459.562,0x82,0x00,True,-179.22,3.12,-38.78,0,40.91
07:58:03.345,07:58:03.345,53469.564,0x82,0x00,True,-179.23,3.11,-38.78,0,40.97
07:58:13.337,07:58:13.337,53479.556,0x82,0x00,True,-179.23,3.12,-38.78,0,41.05
07:58:23.337,07:58:23.337,53489.556,0x82,0x00,True,-179.21,3.12,-38.78,0,40.97
07:58:33.337,07:58:33.337,53499.556,0x82,0x00,True,-179.23,3.11,-38.78,0,41.13
07:58:43.337,07:58:43.337,53509.556,0x82,0x00,True,-179.22,3.11,-38.78,0,41.0
07:58:53.337,07:58:53.337,53519.556,0x82,0x00,True,-179.23,3.11,-38.78,0,41.07
07:59:03.332,07:59:03.332,53529.551,0x82,0x00,True,-179.22,3.1,-38.78,0,41.13
07:59:13.332,07:59:13.332,53539.551,0x82,0x00,True,-179.22,3.1,-38.78,0,41.03
07:59:23.332,07:59:23.332,53549.551,0x82,0x00,True,-179.24,3.09,-38.78,0,41.07
07:59:33.327,07:59:33.327,53559.546,0x82,0x00,True,-179.23,3.12,-38.78,0,41.0
07:59:43.327,07:59:43.327,53569.546,0x82,0x00,True,-179.23,3.11,-38.78,0,41.01
07:59:53.327,07:59:53.327,53579.546,0x82,0x00,True,-179.22,3.1,-38.78,0,41.04
08:00:03.321,08:00:03.321,53589.54,0x82,0x00,True,-179.22,3.1,-38.78,0,41.03
08:00:13.329,08:00:13.329,53599.548,0x82,0x00,True,-179.22,3.13,-38.78,0,41.07
08:00:23.322,08:00:23.322,53609.541,0x82,0x00,True,-179.22,3.12,-38.78,0,41.09
08:00:33.322,08:00:33.322,53619.541,0x82,0x00,True,-179.23,3.12,-38.78,0,41.05
08:00:43.322,08:00:43.322,53629.541,0x82,0x00,True,-179.22,3.1,-38.78,0,41.06
08:00:53.317,08:00:53.317,53639.536,0x82,0x00,True,-179.22,3.1,-38.78,0,40.98
08:01:03.322,08:01:03.322,53649.541,0x82,0x00,True,-179.21,3.13,-38.78,0,40.96
08:01:13.317,08:01:13.317,53659.536,0x82,0x00,True,-179.23,3.11,-38.78,0,41.02
08:01:23.318,08:01:23.318,53669.537,0x82,0x00,True,-179.23,3.11,-38.78,0,40.96
08:01:33.318,08:01:33.318,53679.537,0x82,0x00,True,-179.22,3.1,-38.78,0,41.07
08:01:43.317,08:01:43.317,53689.536,0x82,0x00,True,-179.22,3.12,-38.78,0,40.99
08:01:53.318,08:01:53.318,53699.537,0x82,0x00,True,-179.24,3.12,-38.78,0,40.97
08:02:03.317,08:02:03.317,53709.536,0x82,0x00,True,-179.23,3.12,-38.77,0,40.97
08:02:13.317,08:02:13.317,53719.536,0x82,0x00,True,-179.21,3.14,-38.77,0,40.98
08:02:23.342,08:02:23.342,53729.561,0x82,0x00,True,-179.23,3.1,-38.77,0,41.0
08:02:33.342,08:02:33.342,53739.561,0x82,0x00,True,-179.23,3.12,-38.77,0,41.07
08:02:43.342,08:02:43.342,53749.561,0x82,0x00,True,-179.23,3.1,-38.77,0,41.04
08:02:53.342,08:02:53.342,53759.561,0x82,0x00,True,-179.23,3.09,-38.77,0,41.13
08:03:03.342,08:03:03.342,53769.561,0x82,0x00,True,-179.22,3.09,-38.77,0,41.0
08:03:13.343,08:03:13.343,53779.562,0x82,0x00,True,-179.23,3.1,-38.77,0,40.97
08:03:23.337,08:03:23.337,53789.556,0x82,0x00,True,-179.2,3.12,-38.77,0,41.06
08:03:33.337,08:03:33.337,53799.556,0x82,0x00,True,-179.23,3.1,-38.77,0,41.06
08:03:43.337,08:03:43.337,53809.556,0x82,0x00,True,-179.22,3.12,-38.77,0,41.09
08:03:53.338,08:03:53.338,53819.557,0x82,0x00,True,-179.22,3.1,-38.77,0,41.16
08:04:03.382,08:04:03.382,53829.601,0x82,0x00,True,-179.23,3.09,-38.77,0,41.08
08:04:13.370,08:04:13.370,53839.589,0x82,0x00,True,-179.22,3.1,-38.77,0,41.1
08:04:23.363,08:04:23.363,53849.582,0x82,0x00,True,-179.21,3.12,-38.77,0,41.06
08:04:33.371,08:04:33.371,53859.59,0x82,0x00,True,-179.21,3.11,-38.77,0,41.05
08:04:43.362,08:04:43.362,53869.581,0x82,0x00,True,-179.22,3.12,-38.77,0,41.08
08:04:53.363,08:04:53.363,53879.582,0x82,0x00,True,-179.22,3.11,-38.77,0,41.11
08:05:03.357,08:05:03.357,53889.576,0x82,0x00,True,-179.22,3.1,-38.77,0,41.09
08:05:13.357,08:05:13.357,53899.576,0x82,0x00,True,-179.23,3.11,-38.77,0,41.13
08:05:23.358,08:05:23.358,53909.577,0x82,0x00,True,-179.22,3.11,-38.77,0,41.1
08:05:33.358,08:05:33.358,53919.577,0x82,0x00,True,-179.22,3.1,-38.77,0,41.19
08:05:43.352,08:05:43.352,53929.571,0x82,0x00,True,-179.23,3.12,-38.77,0,41.13
08:05:53.353,08:05:53.353,53939.572,0x82,0x00,True,-179.22,3.13,-38.77,0,41.19
08:06:03.353,08:06:03.353,53949.572,0x82,0x00,True,-179.23,3.09,-38.77,0,41.2
08:06:13.341,08:06:13.341,53959.56,0x82,0x00,True,-179.23,3.11,-38.77,0,41.15
08:06:23.347,08:06:23.347,53969.566,0x82,0x00,True,-179.24,3.08,-38.77,0,41.13
08:06:33.348,08:06:33.348,53979.567,0x82,0x00,True,-179.22,3.1,-38.77,0,41.1
08:06:43.342,08:06:43.342,53989.561,0x82,0x00,True,-179.24,3.12,-38.77,0,41.16
08:06:53.342,08:06:53.342,53999.561,0x82,0x00,True,-179.22,3.11,-38.77,0,41.07
08:07:03.342,08:07:03.342,54009.561,0x82,0x00,True,-179.23,3.12,-38.77,0,41.07
08:07:13.337,08:07:13.337,54019.556,0x82,0x00,True,-179.24,3.1,-38.77,0,41.13
08:07:23.338,08:07:23.338,54029.557,0x82,0x00,True,-179.24,3.09,-38.77,0,41.14
08:07:33.337,08:07:33.337,54039.556,0x82,0x00,True,-179.23,3.1,-38.77,0,41.01
08:07:43.341,08:07:43.341,54049.56,0x82,0x00,True,-179.24,3.07,-38.77,0,41.07
08:07:53.332,08:07:53.332,54059.551,0x82,0x00,True,-179.22,3.11,-38.77,0,41.1
08:08:03.326,08:08:03.326,54069.545,0x82,0x00,True,-179.23,3.15,-38.77,0,41.05
08:08:13.326,08:08:13.326,54079.545,0x82,0x00,True,-179.23,3.11,-38.77,0,41.11
08:08:23.327,08:08:23.327,54089.546,0x82,0x00,True,-179.22,3.13,-38.77,0,41.1
08:08:33.322,08:08:33.322,54099.541,0x82,0x00,True,-179.23,3.13,-38.77,0,41.1
08:08:43.322,08:08:43.322,54109.541,0x82,0x00,True,-179.24,3.13,-38.77,0,41.16
08:08:53.322,08:08:53.322,54119.541,0x82,0x00,True,-179.21,3.12,-38.77,0,41.16
08:09:03.317,08:09:03.317,54129.536,0x82,0x00,True,-179.23,3.13,-38.77,0,41.2
08:09:13.318,08:09:13.318,54139.537,0x82,0x00,True,-179.23,3.1,-38.77,0,41.18
08:09:23.318,08:09:23.318,54149.537,0x82,0x00,True,-179.23,3.1,-38.77,0,41.1
08:09:33.322,08:09:33.322,54159.541,0x82,0x00,True,-179.22,3.09,-38.77,0,41.11
08:09:43.302,08:09:43.302,54169.521,0x82,0x00,True,-179.23,3.14,-38.77,0,41.09
08:09:53.312,08:09:53.312,54179.531,0x82,0x00,True,-179.2,3.08,-38.77,0,41.05
08:10:03.312,08:10:03.312,54189.531,0x82,0x00,True,-179.24,3.13,-38.77,0,41.06
08:10:13.302,08:10:13.302,54199.521,0x82,0x00,True,-179.23,3.12,-38.77,0,41.04
08:10:23.308,08:10:23.308,54209.527,0x82,0x00,True,-179.23,3.07,-38.77,0,40.97
08:10:33.308,08:10:33.308,54219.527,0x82,0x00,True,-179.23,3.12,-38.77,0,40.99
08:10:43.302,08:10:43.302,54229.521,0x82,0x00,True,-179.24,3.11,-38.77,0,40.99
08:10:53.304,08:10:53.304,54239.523,0x82,0x00,True,-179.23,3.1,-38.77,0,41.07
08:11:03.303,08:11:03.303,54249.522,0x82,0x00,True,-179.23,3.12,-38.77,0,41.04
08:11:13.302,08:11:13.302,54259.521,0x82,0x00,True,-179.23,3.14,-38.77,0,41.04
08:11:23.302,08:11:23.302,54269.521,0x82,0x00,True,-179.22,3.13,-38.77,0,41.03
08:11:33.302,08:11:33.302,54279.521,0x82,0x00,True,-179.23,3.12,-38.77,0,41.05
08:11:43.310,08:11:43.310,54289.529,0x82,0x00,True,-179.24,3.11,-38.77,0,41.0
08:11:53.302,08:11:53.302,54299.521,0x82,0x00,True,-179.21,3.11,-38.77,0,41.03
08:12:03.304,08:12:03.304,54309.523,0x82,0x00,True,-179.23,3.13,-38.77,0,40.97
08:12:13.303,08:12:13.303,54319.522,0x82,0x00,True,-179.23,3.11,-38.77,0,40.97
08:12:23.282,08:12:23.282,54329.501,0x82,0x00,True,-179.22,3.09,-38.77,0,41.11
08:12:33.282,08:12:33.282,54339.501,0x82,0x00,True,-179.23,3.13,-38.77,0,40.99
08:12:43.278,08:12:43.278,54349.497,0x82,0x00,True,-179.23,3.1,-38.77,0,41.04
08:12:53.277,08:12:53.277,54359.496,0x82,0x00,True,-179.23,3.13,-38.77,0,41.03
08:13:03.278,08:13:03.278,54369.497,0x82,0x00,True,-179.21,3.1,-38.77,0,41.0
08:13:13.278,08:13:13.278,54379.497,0x82,0x00,True,-179.23,3.14,-38.77,0,41.11
08:13:23.274,08:13:23.274,54389.493,0x82,0x00,True,-179.24,3.12,-38.77,0,41.06
08:13:33.272,08:13:33.272,54399.491,0x82,0x00,True,-179.23,3.14,-38.77,0,41.1
08:13:43.273,08:13:43.273,54409.492,0x82,0x00,True,-179.24,3.13,-38.77,0,41.04
08:13:53.267,08:13:53.267,54419.486,0x82,0x00,True,-179.23,3.14,-38.77,0,41.1
08:14:03.267,08:14:03.267,54429.486,0x82,0x00,True,-179.22,3.13,-38.77,0,41.13
08:14:13.267,08:14:13.267,54439.486,0x82,0x00,True,-179.23,3.12,-38.77,0,41.07
08:14:23.267,08:14:23.267,54449.486,0x82,0x00,True,-179.23,3.11,-38.77,0,41.07
08:14:33.263,08:14:33.263,54459.482,0x82,0x00,True,-179.23,3.12,-38.77,0,41.02
08:14:43.262,08:14:43.262,54469.481,0x82,0x00,True,-179.24,3.13,-38.77,0,41.03
08:14:53.262,08:14:53.262,54479.481,0x82,0x00,True,-179.22,3.17,-38.77,0,40.97
08:15:03.257,08:15:03.257,54489.476,0x82,0x00,True,-179.24,3.12,-38.77,0,40.91
08:15:13.258,08:15:13.258,54499.477,0x82,0x00,True,-179.22,3.13,-38.77,0,40.97
08:15:23.258,08:15:23.258,54509.477,0x82,0x00,True,-179.23,3.15,-38.77,0,40.98
08:15:33.252,08:15:33.252,54519.471,0x82,0x00,True,-179.24,3.12,-38.77,0,41.02
08:15:43.252,08:15:43.252,54529.471,0x82,0x00,True,-179.23,3.12,-38.77,0,40.91
08:15:53.252,08:15:53.252,54539.471,0x82,0x00,True,-179.22,3.14,-38.77,0,40.92
08:16:03.247,08:16:03.247,54549.466,0x82,0x00,True,-179.23,3.12,-38.77,0,40.93
08:16:13.247,08:16:13.247,54559.466,0x82,0x00,True,-179.23,3.14,-38.77,0,40.98
08:16:23.247,08:16:23.247,54569.466,0x82,0x00,True,-179.24,3.13,-38.77,0,40.92
08:16:33.242,08:16:33.242,54579.461,0x82,0x00,True,-179.23,3.16,-38.77,0,40.91
08:16:43.241,08:16:43.241,54589.46,0x82,0x00,True,-179.22,3.14,-38.77,0,40.96
08:16:53.241,08:16:53.241,54599.46,0x82,0x00,True,-179.23,3.15,-38.77,0,40.97
08:17:03.250,08:17:03.250,54609.469,0x82,0x00,True,-179.22,3.12,-38.77,0,40.93
08:17:13.242,08:17:13.242,54619.461,0x82,0x00,True,-179.23,3.15,-38.77,0,41.0
08:17:23.237,08:17:23.237,54629.456,0x82,0x00,True,-179.23,3.12,-38.77,0,40.94
08:17:33.237,08:17:33.237,54639.456,0x82,0x00,True,-179.23,3.15,-38.77,0,41.01
08:17:43.237,08:17:43.237,54649.456,0x82,0x00,True,-179.23,3.12,-38.77,0,41.04
08:17:53.233,08:17:53.233,54659.452,0x82,0x00,True,-179.23,3.1,-38.77,0,41.0
08:18:03.232,08:18:03.232,54669.451,0x82,0x00,True,-179.23,3.13,-38.77,0,40.99
08:18:13.232,08:18:13.232,54679.451,0x82,0x00,True,-179.24,3.13,-38.77,0,41.0
08:18:23.228,08:18:23.228,54689.447,0x82,0x00,True,-179.24,3.13,-38.77,0,41.07
08:18:33.228,08:18:33.228,54699.447,0x82,0x00,True,-179.23,3.12,-38.77,0,41.1
08:18:43.227,08:18:43.227,54709.446,0x82,0x00,True,-179.23,3.12,-38.77,0,41.07
08:18:53.222,08:18:53.222,54719.441,0x82,0x00,True,-179.23,3.13,-38.77,0,41.12
08:19:03.222,08:19:03.222,54729.441,0x82,0x00,True,-179.23,3.13,-38.77,0,41.01
08:19:13.217,08:19:13.217,54739.436,0x82,0x00,True,-179.24,3.14,-38.77,0,41.07
08:19:23.222,08:19:23.222,54749.441,0x82,0x00,True,-179.23,3.13,-38.77,0,41.04
08:19:33.222,08:19:33.222,54759.441,0x82,0x00,True,-179.24,3.13,-38.77,0,41.1
08:19:43.202,08:19:43.202,54769.421,0x82,0x00,True,-179.22,3.11,-38.77,0,41.1
08:19:53.222,08:19:53.222,54779.441,0x82,0x00,True,-179.23,3.14,-38.77,0,41.09
08:20:03.222,08:20:03.222,54789.441,0x82,0x00,True,-179.24,3.12,-38.77,0,41.11
08:20:13.222,08:20:13.222,54799.441,0x82,0x00,True,-179.23,3.1,-38.77,0,41.1
08:20:23.202,08:20:23.202,54809.421,0x82,0x00,True,-179.23,3.09,-38.77,0,41.06
08:20:33.201,08:20:33.201,54819.42,0x82,0x00,True,-179.23,3.12,-38.77,0,41.13
08:20:43.202,08:20:43.202,54829.421,0x82,0x00,True,-179.23,3.14,-38.77,0,41.07
08:20:53.197,08:20:53.197,54839.416,0x82,0x00,True,-179.23,3.13,-38.77,0,41.0
08:21:03.197,08:21:03.197,54849.416,0x82,0x00,True,-179.24,3.13,-38.77,0,41.06
08:21:13.193,08:21:13.193,54859.412,0x82,0x00,True,-179.23,3.13,-38.77,0,41.01
08:21:23.193,08:21:23.193,54869.412,0x82,0x00,True,-179.23,3.14,-38.77,0,40.97
08:21:33.193,08:21:33.193,54879.412,0x82,0x00,True,-179.23,3.11,-38.77,0,40.99
08:21:43.188,08:21:43.188,54889.407,0x82,0x00,True,-179.21,3.11,-38.77,0,40.96
08:21:53.187,08:21:53.187,54899.406,0x82,0x00,True,-179.24,3.11,-38.77,0,40.87
08:22:03.182,08:22:03.182,54909.401,0x82,0x00,True,-179.22,3.1,-38.77,0,40.92
08:22:13.182,08:22:13.182,54919.401,0x82,0x00,True,-179.22,3.13,-38.77,0,40.87
08:22:23.177,08:22:23.177,54929.396,0x82,0x00,True,-179.22,3.11,-38.77,0,40.94
08:22:33.177,08:22:33.177,54939.396,0x82,0x00,True,-179.21,3.1,-38.77,0,40.91
08:22:43.172,08:22:43.172,54949.391,0x82,0x00,True,-179.23,3.11,-38.77,0,40.86
08:22:53.172,08:22:53.172,54959.391,0x82,0x00,True,-179.22,3.12,-38.77,0,40.93
08:23:03.167,08:23:03.167,54969.386,0x82,0x00,True,-179.23,3.13,-38.77,0,40.81
08:23:13.167,08:23:13.167,54979.386,0x82,0x00,True,-179.24,3.12,-38.77,0,40.87
08:23:23.162,08:23:23.162,54989.381,0x82,0x00,True,-179.23,3.13,-38.77,0,40.8
08:23:33.162,08:23:33.162,54999.381,0x82,0x00,True,-179.23,3.11,-38.77,0,40.86
08:23:43.157,08:23:43.157,55009.376,0x82,0x00,True,-179.21,3.09,-38.77,0,40.82
08:23:53.165,08:23:53.165,55019.384,0x82,0x00,True,-179.22,3.14,-38.77,0,40.79
08:24:03.153,08:24:03.153,55029.372,0x82,0x00,True,-179.24,3.11,-38.77,0,40.75
08:24:13.154,08:24:13.154,55039.373,0x82,0x00,True,-179.22,3.11,-38.77,0,40.82
08:24:23.154,08:24:23.154,55049.373,0x82,0x00,True,-179.21,3.09,-38.77,0,40.68
08:24:33.147,08:24:33.147,55059.366,0x82,0x00,True,-179.23,3.1,-38.77,0,40.74
08:24:43.148,08:24:43.148,55069.367,0x82,0x00,True,-179.21,3.12,-38.77,0,40.67
08:24:53.143,08:24:53.143,55079.362,0x82,0x00,True,-179.24,3.11,-38.77,0,40.63
08:25:03.143,08:25:03.143,55089.362,0x82,0x00,True,-179.21,3.12,-38.77,0,40.73
08:25:13.150,08:25:13.150,55099.369,0x82,0x00,True,-179.25,3.13,-38.77,0,40.62
08:25:23.142,08:25:23.142,55109.361,0x82,0x00,True,-179.21,3.12,-38.77,0,40.7
08:25:33.142,08:25:33.142,55119.361,0x82,0x00,True,-179.24,3.12,-38.77,0,40.65
08:25:43.123,08:25:43.123,55129.342,0x82,0x00,True,-179.22,3.09,-38.77,0,40.66
08:25:53.122,08:25:53.122,55139.341,0x82,0x00,True,-179.22,3.13,-38.77,0,40.67
08:26:03.120,08:26:03.120,55149.339,0x82,0x00,True,-179.23,3.12,-38.77,0,40.69
08:26:13.116,08:26:13.116,55159.335,0x82,0x00,True,-179.24,3.1,-38.77,0,40.54
08:26:23.111,08:26:23.111,55169.33,0x82,0x00,True,-179.23,3.12,-38.77,0,40.57
08:26:33.112,08:26:33.112,55179.331,0x82,0x00,True,-179.24,3.11,-38.77,0,40.68
08:26:43.114,08:26:43.114,55189.333,0x82,0x00,True,-179.23,3.12,-38.77,0,40.66
08:26:53.106,08:26:53.106,55199.325,0x82,0x00,True,-179.22,3.11,-38.77,0,40.58
08:27:03.102,08:27:03.102,55209.321,0x82,0x00,True,-179.24,3.14,-38.77,0,40.59
08:27:13.141,08:27:13.141,55219.36,0x82,0x00,True,-179.23,3.12,-38.77,0,40.6
08:27:23.142,08:27:23.142,55229.361,0x82,0x00,True,-179.23,3.11,-38.77,0,40.57
08:27:33.141,08:27:33.141,55239.36,0x82,0x00,True,-179.24,3.13,-38.77,0,40.7
08:27:43.121,08:27:43.121,55249.34,0x82,0x00,True,-179.21,3.12,-38.77,0,40.54
08:27:53.116,08:27:53.116,55259.335,0x82,0x00,True,-179.23,3.13,-38.77,0,40.7
08:28:03.116,08:28:03.116,55269.335,0x82,0x00,True,-179.24,3.14,-38.77,0,40.74
08:28:13.112,08:28:13.112,55279.331,0x82,0x00,True,-179.22,3.11,-38.77,0,40.57
08:28:23.112,08:28:23.112,55289.331,0x82,0x00,True,-179.23,3.1,-38.77,0,40.58
08:28:33.106,08:28:33.106,55299.325,0x82,0x00,True,-179.23,3.13,-38.77,0,40.69
08:28:43.106,08:28:43.106,55309.325,0x82,0x00,True,-179.22,3.14,-38.77,0,40.72
08:28:53.101,08:28:53.101,55319.32,0x82,0x00,True,-179.23,3.12,-38.77,0,40.63
08:29:03.142,08:29:03.142,55329.361,0x82,0x00,True,-179.23,3.13,-38.76,0,40.67
08:29:13.141,08:29:13.141,55339.36,0x82,0x00,True,-179.23,3.1,-38.76,0,40.65
08:29:23.141,08:29:23.141,55349.36,0x82,0x00,True,-179.25,3.11,-38.76,0,40.7
08:29:33.141,08:29:33.141,55359.36,0x82,0x00,True,-179.24,3.12,-38.76,0,40.62
08:29:43.156,08:29:43.156,55369.375,0x82,0x00,True,-179.23,3.12,-38.76,0,40.59
08:29:53.153,08:29:53.153,55379.372,0x82,0x00,True,-179.25,3.1,-38.76,0,40.57
08:30:03.181,08:30:03.181,55389.4,0x82,0x00,True,-179.22,3.13,-38.76,0,40.6
08:30:13.176,08:30:13.176,55399.395,0x82,0x00,True,-179.22,3.15,-38.74,0,40.56
08:30:23.176,08:30:23.176,55409.395,0x82,0x00,True,-179.23,3.12,-38.74,0,40.45
08:30:33.179,08:30:33.179,55419.398,0x82,0x00,True,-179.25,3.12,-38.74,0,40.56
08:30:43.171,08:30:43.171,55429.39,0x82,0x00,True,-179.23,3.11,-38.74,0,40.49
08:30:53.171,08:30:53.171,55439.39,0x82,0x00,True,-179.23,3.12,-38.74,0,40.51
08:31:03.166,08:31:03.166,55449.385,0x82,0x00,True,-179.23,3.1,-38.74,0,40.59
08:31:13.166,08:31:13.166,55459.385,0x82,0x00,True,-179.24,3.13,-38.74,0,40.55
08:31:23.166,08:31:23.166,55469.385,0x82,0x00,True,-179.23,3.14,-38.74,0,40.64
08:31:33.161,08:31:33.161,55479.38,0x82,0x00,True,-179.24,3.1,-38.74,0,40.58
08:31:43.161,08:31:43.161,55489.38,0x82,0x00,True,-179.22,3.13,-38.74,0,40.63
08:31:53.178,08:31:53.178,55499.397,0x82,0x00,True,-179.22,3.12,-38.74,0,40.59
08:32:03.156,08:32:03.156,55509.375,0x82,0x00,True,-179.22,3.13,-38.74,0,40.57
08:32:13.142,08:32:13.142,55519.361,0x82,0x00,True,-179.23,3.1,-38.74,0,40.6
08:32:23.157,08:32:23.157,55529.376,0x82,0x00,True,-179.23,3.14,-38.74,0,40.55
08:32:33.152,08:32:33.152,55539.371,0x82,0x00,True,-179.22,3.12,-38.74,0,40.51
08:32:43.181,08:32:43.181,55549.4,0x82,0x00,True,-179.23,3.13,-38.73,0,40.64
08:32:53.189,08:32:53.189,55559.408,0x82,0x00,True,-179.25,3.11,-38.73,0,40.64
08:33:03.176,08:33:03.176,55569.395,0x82,0x00,True,-179.24,3.11,-38.73,0,40.61
08:33:13.176,08:33:13.176,55579.395,0x82,0x00,True,-179.24,3.12,-38.73,0,40.57
08:33:23.171,08:33:23.171,55589.39,0x82,0x00,True,-179.23,3.12,-38.73,0,40.57
08:33:33.201,08:33:33.201,55599.42,0x82,0x00,True,-179.24,3.11,-38.73,0,40.6
08:33:43.196,08:33:43.196,55609.415,0x82,0x00,True,-179.24,3.13,-38.73,0,40.6
08:33:53.196,08:33:53.196,55619.415,0x82,0x00,True,-179.23,3.12,-38.73,0,40.59
08:34:03.196,08:34:03.196,55629.415,0x82,0x00,True,-179.23,3.11,-38.73,0,40.62
08:34:13.195,08:34:13.195,55639.414,0x82,0x00,True,-179.24,3.1,-38.73,0,40.71
08:34:23.193,08:34:23.193,55649.412,0x82,0x00,True,-179.24,3.12,-38.73,0,40.73
08:34:33.192,08:34:33.192,55659.411,0x82,0x00,True,-179.24,3.13,-38.73,0,40.62
08:34:43.187,08:34:43.187,55669.406,0x82,0x00,True,-179.23,3.1,-38.73,0,40.64
08:34:53.187,08:34:53.187,55679.406,0x82,0x00,True,-179.22,3.11,-38.73,0,40.66
08:35:03.186,08:35:03.186,55689.405,0x82,0x00,True,-179.23,3.12,-38.73,0,40.65
08:35:13.181,08:35:13.181,55699.4,0x82,0x00,True,-179.24,3.12,-38.73,0,40.64
08:35:23.181,08:35:23.181,55709.4,0x82,0x00,True,-179.24,3.1,-38.73,0,40.64
08:35:33.181,08:35:33.181,55719.4,0x82,0x00,True,-179.23,3.11,-38.73,0,40.58
08:35:43.181,08:35:43.181,55729.4,0x82,0x00,True,-179.24,3.13,-38.73,0,40.62
08:35:53.177,08:35:53.177,55739.396,0x82,0x00,True,-179.24,3.1,-38.73,0,40.79
08:36:03.177,08:36:03.177,55749.396,0x82,0x00,True,-179.23,3.12,-38.73,0,40.66
08:36:13.171,08:36:13.171,55759.39,0x82,0x00,True,-179.24,3.1,-38.73,0,40.75
08:36:23.168,08:36:23.168,55769.387,0x82,0x00,True,-179.24,3.13,-38.73,0,40.67
08:36:33.221,08:36:33.221,55779.44,0x82,0x00,True,-179.23,3.11,-38.72,0,40.65
08:36:43.221,08:36:43.221,55789.44,0x82,0x00,True,-179.23,3.14,-38.72,0,40.63
08:36:53.221,08:36:53.221,55799.44,0x82,0x00,True,-179.23,3.13,-38.72,0,40.59
08:37:03.230,08:37:03.230,55809.449,0x82,0x00,True,-179.21,3.11,-38.72,0,40.7
08:37:13.189,08:37:13.189,55819.408,0x82,0x00,True,-179.23,3.12,-38.71,0,40.56
08:37:23.189,08:37:23.189,55829.408,0x82,0x00,True,-179.23,3.1,-38.71,0,40.58
08:37:33.196,08:37:33.196,55839.415,0x82,0x00,True,-179.24,3.1,-38.71,0,40.69
08:37:43.188,08:37:43.188,55849.407,0x82,0x00,True,-179.23,3.02,-38.71,0,40.55
08:37:53.189,08:37:53.189,55859.408,0x82,0x00,True,-179.24,3.13,-38.71,0,40.56
08:38:03.189,08:38:03.189,55869.408,0x82,0x00,True,-179.23,3.11,-38.71,0,40.54
08:38:13.188,08:38:13.188,55879.407,0x82,0x00,True,-179.23,3.13,-38.71,0,40.48
08:38:23.188,08:38:23.188,55889.407,0x82,0x00,True,-179.23,3.12,-38.71,0,40.5
08:38:33.188,08:38:33.188,55899.407,0x82,0x00,True,-179.25,3.12,-38.71,0,40.51
08:38:43.188,08:38:43.188,55909.407,0x82,0x00,True,-179.21,3.12,-38.71,0,40.47
08:38:53.188,08:38:53.188,55919.407,0x82,0x00,True,-179.24,3.13,-38.71,0,40.45
08:39:03.189,08:39:03.189,55929.408,0x82,0x00,True,-179.23,3.09,-38.71,0,40.42
08:39:13.168,08:39:13.168,55939.387,0x82,0x00,True,-179.24,3.11,-38.71,0,40.41
08:39:23.168,08:39:23.168,55949.387,0x82,0x00,True,-179.23,3.11,-38.71,0,40.48
08:39:33.168,08:39:33.168,55959.387,0x82,0x00,True,-179.23,3.14,-38.71,0,40.39
08:39:43.168,08:39:43.168,55969.387,0x82,0x00,True,-179.23,3.11,-38.71,0,40.35
08:39:53.168,08:39:53.168,55979.387,0x82,0x00,True,-179.22,3.12,-38.71,0,40.42
08:40:03.168,08:40:03.168,55989.387,0x82,0x00,True,-179.23,3.12,-38.71,0,40.42
08:40:13.168,08:40:13.168,55999.387,0x82,0x00,True,-179.25,3.12,-38.71,0,40.39
08:40:23.168,08:40:23.168,56009.387,0x82,0x00,True,-179.22,3.08,-38.71,0,40.46
08:40:33.169,08:40:33.169,56019.388,0x82,0x00,True,-179.23,3.11,-38.71,0,40.37
08:40:43.168,08:40:43.168,56029.387,0x82,0x00,True,-179.23,3.15,-38.71,0,40.41
08:40:53.168,08:40:53.168,56039.387,0x82,0x00,True,-179.24,3.12,-38.71,0,40.42
08:41:03.168,08:41:03.168,56049.387,0x82,0x00,True,-179.24,3.12,-38.71,0,40.42
08:41:13.168,08:41:13.168,56059.387,0x82,0x00,True,-179.25,3.12,-38.71,0,40.41
08:41:23.148,08:41:23.148,56069.367,0x82,0x00,True,-179.24,3.13,-38.71,0,40.38
08:41:33.149,08:41:33.149,56079.368,0x82,0x00,True,-179.22,3.11,-38.71,0,40.39
08:41:43.141,08:41:43.141,56089.36,0x82,0x00,True,-179.23,3.1,-38.71,0,40.39
08:41:53.149,08:41:53.149,56099.368,0x82,0x00,True,-179.23,3.11,-38.71,0,40.32
08:42:03.149,08:42:03.149,56109.368,0x82,0x00,True,-179.24,3.11,-38.71,0,40.38
08:42:13.149,08:42:13.149,56119.368,0x82,0x00,True,-179.23,3.12,-38.71,0,40.38
08:42:23.148,08:42:23.148,56129.367,0x82,0x00,True,-179.22,3.08,-38.7,0,40.36
08:42:33.141,08:42:33.141,56139.36,0x82,0x00,True,-179.25,3.13,-38.7,0,40.33
08:42:43.141,08:42:43.141,56149.36,0x82,0x00,True,-179.24,3.13,-38.7,0,40.37
08:42:53.142,08:42:53.142,56159.361,0x82,0x00,True,-179.23,3.11,-38.72,0,40.27
08:43:03.142,08:43:03.142,56169.361,0x82,0x00,True,-179.24,3.1,-38.72,0,40.39
08:43:13.141,08:43:13.141,56179.36,0x82,0x00,True,-179.23,3.13,-38.72,0,40.39
08:43:23.142,08:43:23.142,56189.361,0x82,0x00,True,-179.23,3.13,-38.72,0,40.39
08:43:33.142,08:43:33.142,56199.361,0x82,0x00,True,-179.24,3.09,-38.72,0,40.4
08:43:43.141,08:43:43.141,56209.36,0x82,0x00,True,-179.23,3.11,-38.72,0,40.42
08:43:53.141,08:43:53.141,56219.36,0x82,0x00,True,-179.23,3.1,-38.71,0,40.45
08:44:03.109,08:44:03.109,56229.328,0x82,0x00,True,-179.22,3.12,-38.71,0,40.42
08:44:13.108,08:44:13.108,56239.327,0x82,0x00,True,-179.24,3.12,-38.71,0,40.4
08:44:23.108,08:44:23.108,56249.327,0x82,0x00,True,-179.24,3.13,-38.71,0,40.46
08:44:33.088,08:44:33.088,56259.307,0x82,0x00,True,-179.25,3.12,-38.71,0,40.49
08:44:43.109,08:44:43.109,56269.328,0x82,0x00,True,-179.24,3.11,-38.71,0,40.57
08:44:53.109,08:44:53.109,56279.328,0x82,0x00,True,-179.22,3.12,-38.71,0,40.53
08:45:03.108,08:45:03.108,56289.327,0x82,0x00,True,-179.23,3.12,-38.71,0,40.5
08:45:13.149,08:45:13.149,56299.368,0x82,0x00,True,-179.24,3.09,-38.71,0,40.49
08:45:23.128,08:45:23.128,56309.347,0x82,0x00,True,-179.25,3.09,-38.71,0,40.51
08:45:33.127,08:45:33.127,56319.346,0x82,0x00,True,-179.23,3.11,-38.71,0,40.56
08:45:43.129,08:45:43.129,56329.348,0x82,0x00,True,-179.23,3.12,-38.69,0,40.48
08:45:53.128,08:45:53.128,56339.347,0x82,0x00,True,-179.23,3.15,-38.69,0,40.55
08:46:03.128,08:46:03.128,56349.347,0x82,0x00,True,-179.23,3.12,-38.69,0,40.51
08:46:13.109,08:46:13.109,56359.328,0x82,0x00,True,-179.24,3.12,-38.69,0,40.54
08:46:23.109,08:46:23.109,56369.328,0x82,0x00,True,-179.22,3.13,-38.69,0,40.48
08:46:33.108,08:46:33.108,56379.327,0x82,0x00,True,-179.24,3.13,-38.69,0,40.54
08:46:43.109,08:46:43.109,56389.328,0x82,0x00,True,-179.25,3.12,-38.69,0,40.5
08:46:53.108,08:46:53.108,56399.327,0x82,0x00,True,-179.23,3.12,-38.69,0,40.51
08:47:03.108,08:47:03.108,56409.327,0x82,0x00,True,-179.24,3.12,-38.69,0,40.51
08:47:13.108,08:47:13.108,56419.327,0x82,0x00,True,-179.24,3.14,-38.69,0,40.6
08:47:23.108,08:47:23.108,56429.327,0x82,0x00,True,-179.25,3.14,-38.69,0,40.57
08:47:33.108,08:47:33.108,56439.327,0x82,0x00,True,-179.24,3.14,-38.69,0,40.53
08:47:43.089,08:47:43.089,56449.308,0x82,0x00,True,-179.24,3.14,-38.69,0,40.64
08:47:53.088,08:47:53.088,56459.307,0x82,0x00,True,-179.24,3.11,-38.69,0,40.66
08:48:03.088,08:48:03.088,56469.307,0x82,0x00,True,-179.24,3.1,-38.66,0,40.6
08:48:13.088,08:48:13.088,56479.307,0x82,0x00,True,-179.26,3.14,-38.66,0,40.79
08:48:23.088,08:48:23.088,56489.307,0x82,0x00,True,-179.23,3.13,-38.66,0,40.6
08:48:33.088,08:48:33.088,56499.307,0x82,0x00,True,-179.24,3.11,-38.66,0,40.64
08:48:43.088,08:48:43.088,56509.307,0x82,0x00,True,-179.25,3.11,-38.66,0,40.59
08:48:53.088,08:48:53.088,56519.307,0x82,0x00,True,-179.25,3.12,-38.66,0,40.63
08:49:03.088,08:49:03.088,56529.307,0x82,0x00,True,-179.25,3.13,-38.66,0,40.71
08:49:13.089,08:49:13.089,56539.308,0x82,0x00,True,-179.24,3.12,-38.66,0,40.76
08:49:23.069,08:49:23.069,56549.288,0x82,0x00,True,-179.23,3.13,-38.66,0,40.85
08:49:33.068,08:49:33.068,56559.287,0x82,0x00,True,-179.24,3.12,-38.66,0,40.8
08:49:43.068,08:49:43.068,56569.287,0x82,0x00,True,-179.23,3.14,-38.66,0,40.84
08:49:53.069,08:49:53.069,56579.288,0x82,0x00,True,-179.24,3.13,-38.66,0,40.79
08:50:03.069,08:50:03.069,56589.288,0x82,0x00,True,-179.25,3.12,-38.66,0,40.91
08:50:13.068,08:50:13.068,56599.287,0x82,0x00,True,-179.25,3.12,-38.66,0,40.86
08:50:23.069,08:50:23.069,56609.288,0x82,0x00,True,-179.24,3.11,-38.66,0,40.9
08:50:33.068,08:50:33.068,56619.287,0x82,0x00,True,-179.24,3.15,-38.66,0,40.89
08:50:43.069,08:50:43.069,56629.288,0x82,0x00,True,-179.24,3.12,-38.66,0,40.88
08:50:53.068,08:50:53.068,56639.287,0x82,0x00,True,-179.24,3.12,-38.66,0,40.81
08:51:03.069,08:51:03.069,56649.288,0x82,0x00,True,-179.25,3.1,-38.66,0,40.88
08:51:13.068,08:51:13.068,56659.287,0x82,0x00,True,-179.25,3.1,-38.66,0,40.88
08:51:23.062,08:51:23.062,56669.281,0x82,0x00,True,-179.23,3.11,-38.66,0,40.9
08:51:33.061,08:51:33.061,56679.28,0x82,0x00,True,-179.22,3.12,-38.66,0,40.88
08:51:43.061,08:51:43.061,56689.28,0x82,0x00,True,-179.23,3.12,-38.66,0,40.97
08:51:53.061,08:51:53.061,56699.28,0x82,0x00,True,-179.25,3.12,-38.66,0,40.93
08:52:03.062,08:52:03.062,56709.281,0x82,0x00,True,-179.23,3.1,-38.66,0,40.97
08:52:13.043,08:52:13.043,56719.262,0x82,0x00,True,-179.24,3.12,-38.66,0,40.94
08:52:23.043,08:52:23.043,56729.262,0x82,0x00,True,-179.24,3.13,-38.66,0,40.93
08:52:33.043,08:52:33.043,56739.262,0x82,0x00,True,-179.25,3.11,-38.66,0,40.93
08:52:43.038,08:52:43.038,56749.257,0x82,0x00,True,-179.23,3.12,-38.66,0,40.92
08:52:53.069,08:52:53.069,56759.288,0x82,0x00,True,-179.24,3.12,-38.65,0,40.95
08:53:03.069,08:53:03.069,56769.288,0x82,0x00,True,-179.24,3.13,-38.65,0,40.91
08:53:13.063,08:53:13.063,56779.282,0x82,0x00,True,-179.24,3.13,-38.65,0,40.97
08:53:23.063,08:53:23.063,56789.282,0x82,0x00,True,-179.24,3.11,-38.65,0,40.97
08:53:33.069,08:53:33.069,56799.288,0x82,0x00,True,-179.24,3.1,-38.65,0,40.91
08:53:43.068,08:53:43.068,56809.287,0x82,0x00,True,-179.24,3.11,-38.65,0,40.93
08:53:53.069,08:53:53.069,56819.288,0x82,0x00,True,-179.25,3.11,-38.65,0,40.96
08:54:03.069,08:54:03.069,56829.288,0x82,0x00,True,-179.24,3.12,-38.65,0,41.0
08:54:13.060,08:54:13.060,56839.279,0x82,0x00,True,-179.25,3.12,-38.65,0,40.88
08:54:23.061,08:54:23.061,56849.28,0x82,0x00,True,-179.25,3.12,-38.65,0,40.93
08:54:33.070,08:54:33.070,56859.289,0x82,0x00,True,-179.24,3.12,-38.65,0,41.0
08:54:43.061,08:54:43.061,56869.28,0x82,0x00,True,-179.23,3.11,-38.65,0,40.96
08:54:53.048,08:54:53.048,56879.267,0x82,0x00,True,-179.22,3.11,-38.65,0,41.02
08:55:03.048,08:55:03.048,56889.267,0x82,0x00,True,-179.23,3.07,-38.65,0,40.97
08:55:13.048,08:55:13.048,56899.267,0x82,0x00,True,-179.23,3.12,-38.65,0,41.0
08:55:23.048,08:55:23.048,56909.267,0x82,0x00,True,-179.23,3.12,-38.65,0,41.07
08:55:33.048,08:55:33.048,56919.267,0x82,0x00,True,-179.24,3.14,-38.65,0,40.99
08:55:43.048,08:55:43.048,56929.267,0x82,0x00,True,-179.24,3.12,-38.65,0,40.95
08:55:53.043,08:55:53.043,56939.262,0x82,0x00,True,-179.24,3.14,-38.65,0,40.96
08:56:03.043,08:56:03.043,56949.262,0x82,0x00,True,-179.25,3.13,-38.65,0,40.97
08:56:13.062,08:56:13.062,56959.281,0x82,0x00,True,-179.26,3.12,-38.65,0,40.91
08:56:23.061,08:56:23.061,56969.28,0x82,0x00,True,-179.24,3.13,-38.65,0,40.92
08:56:33.038,08:56:33.038,56979.257,0x82,0x00,True,-179.24,3.12,-38.64,0,40.91
08:56:43.073,08:56:43.073,56989.292,0x82,0x00,True,-179.23,3.1,-38.64,0,40.96
08:56:53.069,08:56:53.069,56999.288,0x82,0x00,True,-179.24,3.16,-38.64,0,40.95
08:57:03.069,08:57:03.069,57009.288,0x82,0x00,True,-179.24,3.14,-38.64,0,40.96
08:57:13.069,08:57:13.069,57019.288,0x82,0x00,True,-179.24,3.12,-38.64,0,40.97
08:57:23.068,08:57:23.068,57029.287,0x82,0x00,True,-179.25,3.13,-38.64,0,40.93
08:57:33.068,08:57:33.068,57039.287,0x82,0x00,True,-179.24,3.11,-38.64,0,40.85
08:57:43.068,08:57:43.068,57049.287,0x82,0x00,True,-179.24,3.13,-38.64,0,40.82
08:57:53.069,08:57:53.069,57059.288,0x82,0x00,True,-179.26,3.12,-38.64,0,40.85
08:58:03.068,08:58:03.068,57069.287,0x82,0x00,True,-179.24,3.12,-38.64,0,40.89
08:58:13.069,08:58:13.069,57079.288,0x82,0x00,True,-179.25,3.15,-38.64,0,40.96
08:58:23.076,08:58:23.076,57089.295,0x82,0x00,True,-179.23,3.12,-38.64,0,40.96
08:58:33.062,08:58:33.062,57099.281,0x82,0x00,True,-179.24,3.14,-38.64,0,40.97
08:58:43.061,08:58:43.061,57109.28,0x82,0x00,True,-179.24,3.12,-38.64,0,40.92
08:58:53.061,08:58:53.061,57119.28,0x82,0x00,True,-179.24,3.11,-38.64,0,41.01
08:59:03.053,08:59:03.053,57129.272,0x82,0x00,True,-179.23,3.12,-38.64,0,40.92
08:59:13.124,08:59:13.124,57139.343,0x82,0x00,True,-179.23,3.12,-38.65,0,40.94
08:59:23.109,08:59:23.109,57149.328,0x82,0x00,True,-179.24,3.13,-38.64,0,40.93
08:59:33.108,08:59:33.108,57159.327,0x82,0x00,True,-179.22,3.14,-38.64,0,40.91
08:59:43.116,08:59:43.116,57169.335,0x82,0x00,True,-179.25,3.1,-38.64,0,40.97
08:59:53.108,08:59:53.108,57179.327,0x82,0x00,True,-179.24,3.11,-38.64,0,40.93
09:00:03.109,09:00:03.109,57189.328,0x82,0x00,True,-179.24,3.12,-38.64,0,40.94
09:00:13.103,09:00:13.103,57199.322,0x82,0x00,True,-179.25,3.14,-38.64,0,40.91
09:00:23.103,09:00:23.103,57209.322,0x82,0x00,True,-179.24,3.14,-38.64,0,40.93
09:00:33.103,09:00:33.103,57219.322,0x82,0x00,True,-179.25,3.13,-38.64,0,40.88
09:00:43.098,09:00:43.098,57229.317,0x82,0x00,True,-179.25,3.12,-38.64,0,40.95
09:00:53.098,09:00:53.098,57239.317,0x82,0x00,True,-179.24,3.15,-38.64,0,40.82
09:01:03.098,09:01:03.098,57249.317,0x82,0x00,True,-179.24,3.13,-38.64,0,40.82
09:01:13.098,09:01:13.098,57259.317,0x82,0x00,True,-179.24,3.09,-38.64,0,40.88
09:01:23.093,09:01:23.093,57269.312,0x82,0x00,True,-179.24,3.13,-38.64,0,40.88
09:01:33.093,09:01:33.093,57279.312,0x82,0x00,True,-179.23,3.12,-38.64,0,40.76
09:01:43.084,09:01:43.084,57289.303,0x82,0x00,True,-179.23,3.14,-38.64,0,40.82
09:01:53.126,09:01:53.126,57299.345,0x82,0x00,True,-179.23,3.14,-38.65,0,40.79
09:02:03.144,09:02:03.144,57309.363,0x82,0x00,True,-179.24,3.15,-38.65,0,40.81
09:02:13.144,09:02:13.144,57319.363,0x82,0x00,True,-179.22,3.12,-38.64,0,40.7
09:02:23.145,09:02:23.145,57329.364,0x82,0x00,True,-179.23,3.13,-38.64,0,40.75
09:02:33.108,09:02:33.108,57339.327,0x82,0x00,True,-179.24,3.12,-38.63,0,40.7
09:02:43.108,09:02:43.108,57349.327,0x82,0x00,True,-179.24,3.09,-38.63,0,40.63
09:02:53.108,09:02:53.108,57359.327,0x82,0x00,True,-179.24,3.1,-38.63,0,40.57
09:03:03.108,09:03:03.108,57369.327,0x82,0x00,True,-179.25,3.09,-38.63,0,40.59
09:03:13.108,09:03:13.108,57379.327,0x82,0x00,True,-179.23,3.13,-38.63,0,40.56
09:03:23.108,09:03:23.108,57389.327,0x82,0x00,True,-179.23,3.13,-38.61,0,40.65
09:03:33.108,09:03:33.108,57399.327,0x82,0x00,True,-179.24,3.13,-38.61,0,40.54
09:03:43.116,09:03:43.116,57409.335,0x82,0x00,True,-179.24,3.12,-38.61,0,40.58
09:03:53.108,09:03:53.108,57419.327,0x82,0x00,True,-179.24,3.11,-38.61,0,40.61
09:04:03.108,09:04:03.108,57429.327,0x82,0x00,True,-179.25,3.12,-38.61,0,40.55
09:04:13.108,09:04:13.108,57439.327,0x82,0x00,True,-179.24,3.13,-38.61,0,40.54
09:04:23.109,09:04:23.109,57449.328,0x82,0x00,True,-179.23,3.15,-38.61,0,40.47
09:04:33.109,09:04:33.109,57459.328,0x82,0x00,True,-179.25,3.14,-38.61,0,40.5
09:04:43.109,09:04:43.109,57469.328,0x82,0x00,True,-179.25,3.14,-38.61,0,40.5
09:04:53.088,09:04:53.088,57479.307,0x82,0x00,True,-179.24,3.14,-38.61,0,40.47
09:05:03.089,09:05:03.089,57489.308,0x82,0x00,True,-179.22,3.11,-38.61,0,40.42
09:05:13.088,09:05:13.088,57499.307,0x82,0x00,True,-179.25,3.12,-38.61,0,40.39
09:05:23.089,09:05:23.089,57509.308,0x82,0x00,True,-179.24,3.14,-38.61,0,40.33
09:05:33.143,09:05:33.143,57519.362,0x82,0x00,True,-179.24,3.13,-38.61,0,40.39
09:05:43.143,09:05:43.143,57529.362,0x82,0x00,True,-179.24,3.13,-38.61,0,40.41
09:05:53.108,09:05:53.108,57539.327,0x82,0x00,True,-179.24,3.11,-38.61,0,40.39
09:06:03.149,09:06:03.149,57549.368,0x82,0x00,True,-179.26,3.15,-38.6,0,40.37
09:06:13.148,09:06:13.148,57559.367,0x82,0x00,True,-179.24,3.12,-38.6,0,40.41
09:06:23.148,09:06:23.148,57569.367,0x82,0x00,True,-179.25,3.13,-38.6,0,40.33
09:06:33.128,09:06:33.128,57579.347,0x82,0x00,True,-179.24,3.14,-38.6,0,40.36
09:06:43.128,09:06:43.128,57589.347,0x82,0x00,True,-179.23,3.14,-38.6,0,40.28
09:06:53.167,09:06:53.167,57599.386,0x82,0x00,True,-179.25,3.13,-38.62,0,40.34
09:07:03.169,09:07:03.169,57609.388,0x82,0x00,True,-179.23,3.14,-38.62,0,40.24
09:07:13.228,09:07:13.228,57619.447,0x82,0x00,True,-179.24,3.15,-38.62,0,40.14
09:07:42.790,09:07:42.790,57649.009,0x82,0x00,True,-179.23,3.14,-38.63,0,40.25
09:07:42.790,09:07:42.790,57649.009,0x82,0x00,True,-179.23,3.11,-38.63,0,40.17
09:07:42.790,09:07:42.790,57649.009,0x82,0x00,True,-179.24,3.15,-38.63,0,40.11
09:07:53.329,09:07:53.329,57659.548,0x82,0x00,True,-179.25,3.13,-38.63,0,40.21
09:08:03.250,09:08:03.250,57669.469,0x82,0x00,True,-179.24,3.1,-38.63,0,40.11
09:08:13.234,09:08:13.234,57679.453,0x82,0x00,True,-179.23,3.15,-38.63,0,40.07
